customer_id,Recency,Frequency,Monetary,R,F,M,RFM_Segment,RFM_Score,Cluster
12346.0,325,3,77347.01000000001,2,3,5,235,10,1
12347.0,2,8,5633.32,5,4,5,545,14,2
12348.0,75,5,1658.4,3,4,4,344,11,1
12349.0,18,3,3678.69,5,3,5,535,13,0
12350.0,310,1,294.4,2,1,2,212,5,3
12351.0,375,1,270.33,2,1,1,211,4,3
12352.0,36,9,1709.74,4,5,4,454,13,1
12353.0,204,2,406.76,2,2,2,222,6,3
12354.0,232,1,1079.4,2,1,3,213,6,3
12355.0,214,2,947.61,2,2,3,223,7,1
12356.0,22,6,5611.73,4,4,5,445,13,2
12357.0,33,2,17267.71,4,2,5,425,11,1
12358.0,1,5,2864.4700000000003,5,4,4,544,13,2
12359.0,57,10,8858.54,4,5,5,455,14,2
12360.0,52,6,3612.89,4,4,5,445,13,1
12361.0,287,4,451.25,2,3,2,232,7,1
12362.0,3,10,4648.58,5,5,5,555,15,2
12363.0,109,2,552.0,3,2,2,322,7,3
12364.0,7,4,1208.1,5,3,3,533,11,0
12365.0,291,1,320.69,2,1,2,212,5,3
12366.0,633,1,500.24,1,1,2,112,4,3
12367.0,4,1,150.9,5,1,1,511,7,0
12368.0,628,1,917.7,1,1,3,113,5,3
12369.0,413,3,1511.15,1,3,4,134,8,1
12370.0,51,7,3936.76,4,4,5,445,13,1
12371.0,59,4,3347.38,3,3,5,335,11,1
12372.0,71,3,1196.04,3,3,3,333,9,1
12373.0,311,3,915.05,2,3,3,233,8,1
12374.0,25,3,2669.22,4,3,4,434,11,0
12375.0,10,2,377.5,5,2,2,522,9,0
12376.0,389,2,383.15,2,2,2,222,6,3
12377.0,315,4,3082.7200000000003,2,3,5,235,10,1
12378.0,129,2,5401.02,3,2,5,325,10,1
12379.0,81,4,1404.52,3,3,4,334,10,1
12380.0,21,8,7171.05,4,4,5,445,13,2
12381.0,4,3,1416.31,5,3,4,534,12,0
12383.0,184,5,1628.56,3,4,4,344,11,1
12384.0,28,2,407.42,4,2,2,422,8,0
12385.0,379,1,1603.6,2,1,4,214,7,3
12386.0,337,2,660.8,2,2,3,223,7,3
12387.0,415,1,143.94,1,1,1,111,3,3
12388.0,15,8,3861.51,5,4,5,545,14,2
12389.0,402,3,1433.33,2,3,4,234,9,1
12390.0,79,1,504.84,3,1,2,312,6,3
12391.0,21,6,2724.84,4,4,4,444,12,2
12392.0,591,1,234.75000000000003,1,1,1,111,3,3
12393.0,72,6,2399.4500000000003,3,4,4,344,11,1
12394.0,63,2,1080.48,3,2,3,323,8,0
12395.0,19,15,4551.27,5,5,5,555,15,2
12396.0,674,1,931.43,1,1,3,113,5,3
12397.0,35,2,2175.3,4,2,4,424,10,0
12398.0,45,1,1415.86,4,1,4,414,9,0
12399.0,119,7,1842.3,3,4,4,344,11,1
12400.0,414,1,205.25,1,1,1,111,3,3
12401.0,303,1,51.45,2,1,1,211,4,3
12402.0,323,6,1136.9,2,4,3,243,9,1
12403.0,49,2,947.36,4,2,3,423,9,0
12405.0,148,1,1360.63,3,1,4,314,8,1
12406.0,22,5,6390.36,4,4,5,445,13,2
12407.0,49,5,1507.12,4,4,4,444,12,1
12408.0,32,8,3859.87,4,4,5,445,13,2
12409.0,78,7,23419.29,3,4,5,345,12,2
12410.0,308,3,773.71,2,3,3,233,8,1
12411.0,409,1,346.9,1,1,2,112,4,3
12412.0,74,6,2404.93,3,4,4,344,11,1
12413.0,66,4,851.65,3,3,3,333,9,1
12414.0,217,4,532.41,2,3,2,232,7,1
12415.0,24,24,141726.22,4,5,5,455,14,2
12416.0,656,1,202.56,1,1,1,111,3,3
12417.0,3,20,5948.01,5,5,5,555,15,2
12418.0,112,4,2005.9,3,3,4,334,10,1
12419.0,385,2,391.01,2,2,2,222,6,3
12420.0,63,1,600.39,3,1,2,312,6,0
12421.0,15,6,874.6,5,4,3,543,12,0
12422.0,95,12,3629.39,3,5,5,355,13,1
12423.0,0,10,2255.49,5,5,4,554,14,2
12424.0,162,4,3340.03,3,3,5,335,11,1
12425.0,78,2,1741.41,3,2,4,324,9,1
12426.0,194,2,1145.41,2,2,3,223,7,1
12427.0,21,3,888.1,4,3,3,433,10,0
12428.0,25,8,6218.18,4,4,5,445,13,2
12429.0,9,8,6886.31,5,4,5,545,14,2
12430.0,43,1,216.4,4,1,1,411,6,0
12431.0,35,25,10360.12,4,5,5,455,14,2
12432.0,42,4,4359.32,4,3,5,435,12,1
12433.0,0,10,20033.91,5,5,5,555,15,2
12434.0,84,3,1103.43,3,3,3,333,9,1
12435.0,79,6,13925.93,3,4,5,345,12,2
12436.0,99,1,389.41,3,1,2,312,6,3
12437.0,1,38,11282.4,5,5,5,555,15,2
12438.0,14,2,2466.85,5,2,4,524,11,0
12439.0,682,2,1142.88,1,2,3,123,6,1
12440.0,462,2,739.2,1,2,3,123,6,3
12441.0,366,1,311.1,2,1,2,212,5,3
12442.0,3,1,144.06,5,1,1,511,7,0
12443.0,732,1,365.31,1,1,2,112,4,3
12444.0,21,5,3986.4,4,4,5,445,13,2
12445.0,22,2,378.98,4,2,2,422,8,0
12446.0,57,1,1002.31,4,1,3,413,8,0
12447.0,243,1,400.89,2,1,2,212,5,3
12448.0,44,1,365.45,4,1,2,412,7,0
12449.0,22,5,4215.49,4,4,5,445,13,2
12450.0,156,5,618.0,3,4,3,343,10,1
12451.0,10,8,12568.68,5,4,5,545,14,2
12452.0,16,1,348.57,5,1,2,512,8,0
12453.0,134,1,707.09,3,1,3,313,7,3
12454.0,56,4,16459.78,4,3,5,435,12,2
12455.0,73,9,5722.95,3,5,5,355,13,2
12456.0,44,3,2581.04,4,3,4,434,11,1
12457.0,66,7,2555.91,3,4,4,344,11,1
12458.0,71,4,1502.49,3,3,4,334,10,1
12459.0,605,1,398.36,1,1,2,112,4,3
12460.0,456,1,296.65,1,1,2,112,4,3
12461.0,154,1,626.88,3,1,3,313,7,3
12462.0,18,2,937.59,5,2,3,523,10,0
12463.0,53,4,1170.18,4,3,3,433,10,1
12464.0,10,8,957.05,5,4,3,543,12,0
12465.0,17,2,682.1899999999999,5,2,3,523,10,0
12467.0,423,1,132.8,1,1,1,111,3,3
12468.0,187,5,3218.94,2,4,5,245,11,1
12469.0,522,2,3027.19,1,2,5,125,8,1
12470.0,689,1,211.95,1,1,1,111,3,3
12471.0,2,71,34977.5,5,5,5,555,15,2
12472.0,32,19,16326.29,4,5,5,455,14,2
12473.0,53,3,2585.73,4,3,4,434,11,1
12474.0,17,29,11214.45,5,5,5,555,15,2
12475.0,53,2,1065.64,4,2,3,423,9,0
12476.0,15,18,12114.38,5,5,5,555,15,2
12477.0,22,9,19549.95,4,5,5,455,14,2
12478.0,3,1,545.99,5,1,2,512,8,0
12479.0,11,1,433.6,5,1,2,512,8,0
12480.0,28,7,4753.85,4,4,5,445,13,2
12481.0,22,14,11156.17,4,5,5,455,14,2
12482.0,576,27,21387.32,1,5,5,155,11,2
12483.0,17,19,4069.18,5,5,5,555,15,2
12484.0,35,9,5539.55,4,5,5,455,14,2
12485.0,529,1,708.1,1,1,3,113,5,3
12486.0,431,1,917.28,1,1,3,113,5,3
12487.0,730,1,285.29999999999995,1,1,2,112,4,3
12488.0,9,3,1244.66,5,3,4,534,12,0
12489.0,336,1,298.93,2,1,2,212,5,3
12490.0,5,20,8443.34,5,5,5,555,15,2
12491.0,38,1,424.4,4,1,2,412,7,0
12492.0,63,3,607.21,3,3,3,333,9,0
12493.0,165,2,379.74,3,2,2,322,7,3
12494.0,15,9,1602.87,5,5,4,554,14,2
12495.0,640,1,277.4,1,1,1,111,3,3
12496.0,620,2,44.09,1,2,1,121,4,3
12497.0,81,3,5920.18,3,3,5,335,11,1
12498.0,21,3,349.70000000000005,4,3,2,432,9,0
12499.0,560,1,357.72,1,1,2,112,4,3
12500.0,23,18,5554.11,4,5,5,455,14,2
12501.0,336,1,1987.74,2,1,4,214,7,1
12502.0,95,5,2995.87,3,4,5,345,12,1
12503.0,584,1,896.0,1,1,3,113,5,3
12504.0,18,4,689.05,5,3,3,533,11,0
12505.0,408,1,741.3,2,1,3,213,6,3
12506.0,232,1,73.5,2,1,1,211,4,3
12507.0,134,4,1508.06,3,3,4,334,10,1
12508.0,26,2,382.58,4,2,2,422,8,0
12509.0,284,1,158.5,2,1,1,211,4,3
12510.0,142,7,2979.03,3,4,5,345,12,1
12511.0,428,1,3069.02,1,1,5,115,7,1
12512.0,66,2,132.18,3,2,1,321,6,3
12513.0,112,1,558.29,3,1,2,312,6,3
12514.0,267,2,1476.26,2,2,4,224,8,1
12515.0,353,1,278.7,2,1,1,211,4,3
12516.0,77,4,2288.62,3,3,4,334,10,1
12517.0,28,4,2281.8,4,3,4,434,11,0
12518.0,0,5,1779.69,5,4,4,544,13,0
12519.0,63,2,626.54,3,2,3,323,8,0
12520.0,79,5,2326.46,3,4,4,344,11,1
12521.0,142,1,545.68,3,1,2,312,6,3
12522.0,39,2,156.72,4,2,1,421,7,0
12523.0,19,23,4010.35,5,5,5,555,15,2
12524.0,9,17,9660.01,5,5,5,555,15,2
12525.0,498,3,883.73,1,3,3,133,7,1
12526.0,0,3,1172.66,5,3,3,533,11,0
12527.0,81,5,717.51,3,4,3,343,10,1
12528.0,9,6,1645.48,5,4,4,544,13,0
12529.0,528,1,316.48,1,1,2,112,4,3
12530.0,59,9,3381.26,3,5,5,355,13,1
12531.0,14,2,1771.2,5,2,4,524,11,0
12532.0,30,1,313.83000000000004,4,1,2,412,7,0
12533.0,627,2,1176.29,1,2,3,123,6,1
12534.0,130,1,971.22,3,1,3,313,7,3
12535.0,91,2,716.35,3,2,3,323,8,0
12536.0,59,1,4249.11,3,1,5,315,9,1
12537.0,408,1,612.94,2,1,3,213,6,3
12538.0,29,2,640.45,4,2,3,423,9,0
12539.0,22,7,11146.25,4,4,5,445,13,2
12540.0,19,32,19220.73,5,5,5,555,15,2
12541.0,29,3,841.18,4,3,3,433,10,0
12542.0,484,2,481.88,1,2,2,122,5,3
12543.0,448,1,840.25,1,1,3,113,5,3
12544.0,36,1,316.7,4,1,2,412,7,0
12545.0,75,2,832.39,3,2,3,323,8,0
12546.0,46,2,1021.5,4,2,3,423,9,0
12547.0,197,3,299.58,2,3,2,232,7,3
12548.0,166,1,67.19999999999999,3,1,1,311,5,3
12549.0,575,5,1570.68,1,4,4,144,9,1
12550.0,79,1,805.03,3,1,3,313,7,0
12551.0,357,1,168.0,2,1,1,211,4,3
12552.0,39,1,298.02,4,1,2,412,7,0
12553.0,8,12,4033.35,5,5,5,555,15,2
12554.0,448,1,384.5,1,1,2,112,4,3
12556.0,50,2,594.46,4,2,2,422,8,0
12557.0,16,8,18716.14,5,4,5,545,14,2
12558.0,7,1,269.96,5,1,1,511,7,0
12559.0,310,2,449.21,2,2,2,222,6,3
12560.0,5,2,1867.61,5,2,4,524,11,0
12561.0,302,1,238.85,2,1,1,211,4,3
12562.0,8,9,4342.77,5,5,5,555,15,2
12563.0,408,1,221.24,2,1,1,211,4,3
12564.0,261,1,402.9,2,1,2,212,5,3
12565.0,288,1,145.92,2,1,1,211,4,3
12566.0,86,1,297.65,3,1,2,312,6,3
12567.0,22,15,12243.46,4,5,5,455,14,2
12568.0,644,1,52.0,1,1,1,111,3,3
12569.0,2,32,3113.09,5,5,5,555,15,2
12571.0,39,2,519.61,4,2,2,422,8,0
12572.0,8,2,912.42,5,2,3,523,10,0
12573.0,227,5,717.41,2,4,3,243,9,1
12574.0,315,1,182.45,2,1,1,211,4,3
12575.0,457,2,538.22,1,2,2,122,5,3
12576.0,35,8,1957.66,4,4,4,444,12,1
12577.0,35,8,1607.2,4,4,4,444,12,1
12578.0,21,4,3965.25,4,3,5,435,12,0
12579.0,78,1,386.42,3,1,2,312,6,3
12580.0,246,2,962.9,2,2,3,223,7,1
12581.0,39,1,179.71,4,1,1,411,6,0
12582.0,238,4,1788.0,2,3,4,234,9,1
12583.0,2,27,13295.44,5,5,5,555,15,2
12584.0,3,9,2095.63,5,5,4,554,14,2
12585.0,234,2,1824.1,2,2,4,224,8,1
12586.0,17,4,2047.67,5,3,4,534,12,0
12587.0,7,1,104.0,5,1,1,511,7,0
12588.0,39,3,718.78,4,3,3,433,10,0
12589.0,28,6,3294.91,4,4,5,445,13,2
12590.0,211,1,8842.66,2,1,5,215,8,1
12591.0,317,3,1114.95,2,3,3,233,8,1
12592.0,92,4,1723.64,3,3,4,334,10,1
12593.0,108,3,382.1,3,3,2,332,8,3
12594.0,37,14,4890.110000000001,4,5,5,455,14,2
12595.0,504,1,281.02,1,1,1,111,3,3
12596.0,51,2,450.27,4,2,2,422,8,0
12597.0,19,4,3161.32,5,3,5,535,13,0
12598.0,9,10,4115.59,5,5,5,555,15,2
12599.0,29,13,2026.72,4,5,4,454,13,2
12600.0,28,20,3926.7,4,5,5,455,14,2
12601.0,189,6,573.26,2,4,2,242,8,1
12602.0,58,1,153.12,4,1,1,411,6,3
12603.0,21,1,613.1999999999999,4,1,3,413,8,0
12604.0,79,2,236.18,3,2,1,321,6,3
12605.0,376,3,1124.95,2,3,3,233,8,1
12607.0,60,1,1579.51,3,1,4,314,8,0
12608.0,404,1,415.79,2,1,2,212,5,3
12609.0,78,9,2825.6,3,5,4,354,12,1
12610.0,22,4,1727.74,4,3,4,434,11,0
12611.0,52,1,1193.32,4,1,3,413,8,0
12612.0,74,1,668.0400000000001,3,1,3,313,7,0
12613.0,57,9,6153.17,4,5,5,455,14,2
12614.0,277,1,315.6,2,1,2,212,5,3
12615.0,2,8,5345.13,5,4,5,545,14,2
12616.0,95,3,1023.1,3,3,3,333,9,1
12617.0,29,1,352.98,4,1,2,412,7,0
12618.0,21,1,137.31,4,1,1,411,6,0
12619.0,16,9,3070.4,5,5,5,555,15,2
12620.0,14,3,1234.95,5,3,4,534,12,0
12621.0,1,35,22174.81,5,5,5,555,15,2
12622.0,232,1,162.1,2,1,1,211,4,3
12623.0,276,7,3269.94,2,4,5,245,11,1
12624.0,106,2,569.13,3,2,2,322,7,3
12625.0,211,4,4678.88,2,3,5,235,10,1
12626.0,23,9,5772.68,4,5,5,455,14,2
12627.0,10,6,4064.68,5,4,5,545,14,2
12628.0,4,3,732.46,5,3,3,533,11,0
12629.0,385,2,1198.22,2,2,3,223,7,1
12630.0,9,2,1011.08,5,2,3,523,10,0
12631.0,57,6,3301.77,4,4,5,445,13,1
12632.0,520,2,714.88,1,2,3,123,6,3
12633.0,58,7,5023.86,4,4,5,445,13,1
12634.0,548,1,360.0,1,1,2,112,4,3
12635.0,89,4,2553.25,3,3,4,334,10,1
12637.0,67,12,7969.26,3,5,5,355,13,2
12638.0,33,2,681.49,4,2,3,423,9,0
12639.0,238,3,1072.37,2,3,3,233,8,1
12640.0,23,3,994.58,4,3,3,433,10,0
12641.0,115,1,130.6,3,1,1,311,5,3
12642.0,25,3,905.26,4,3,3,433,10,0
12643.0,128,11,7803.82,3,5,5,355,13,2
12644.0,129,4,1900.49,3,3,4,334,10,1
12645.0,33,8,3215.3,4,4,5,445,13,2
12646.0,4,2,1346.97,5,2,4,524,11,0
12647.0,22,34,14825.45,4,5,5,455,14,2
12648.0,154,4,1039.0,3,3,3,333,9,1
12649.0,107,8,2081.35,3,4,4,344,11,1
12650.0,3,1,242.44000000000003,5,1,1,511,7,0
12651.0,334,4,347.3,2,3,2,232,7,3
12652.0,331,2,875.73,2,2,3,223,7,3
12653.0,148,3,4160.83,3,3,5,335,11,1
12654.0,10,5,529.98,5,4,2,542,11,0
12655.0,423,1,243.35,1,1,1,111,3,3
12656.0,17,8,5704.03,5,4,5,545,14,2
12657.0,11,4,1351.58,5,3,4,534,12,0
12658.0,18,1,596.35,5,1,2,512,8,0
12659.0,29,1,73.68,4,1,1,411,6,3
12660.0,11,1,227.1,5,1,1,511,7,0
12661.0,436,1,162.0,1,1,1,111,3,3
12662.0,0,20,6374.02,5,5,5,555,15,2
12663.0,624,2,185.4,1,2,1,121,4,3
12664.0,8,11,5420.04,5,5,5,555,15,2
12665.0,324,3,259.6,2,3,1,231,6,3
12666.0,394,1,1248.42,2,1,4,214,7,3
12667.0,58,1,460.13,4,1,2,412,7,0
12668.0,11,9,9758.43,5,5,5,555,15,2
12669.0,150,2,1316.97,3,2,4,324,9,1
12670.0,10,7,3252.69,5,4,5,545,14,2
12671.0,606,1,2622.48,1,1,4,114,6,1
12672.0,329,2,407.05,2,2,2,222,6,3
12673.0,5,3,1140.02,5,3,3,533,11,0
12674.0,38,4,1844.6,4,3,4,434,11,0
12675.0,553,2,865.75,1,2,3,123,6,3
12676.0,24,10,2333.09,4,5,4,454,13,2
12677.0,555,2,359.1,1,2,2,122,5,3
12678.0,42,15,32595.18,4,5,5,455,14,2
12679.0,58,4,951.02,4,3,3,433,10,1
12680.0,0,4,790.81,5,3,3,533,11,0
12681.0,14,44,26936.18,5,5,5,555,15,2
12682.0,3,51,20392.66,5,5,5,555,15,2
12683.0,4,20,11114.58,5,5,5,555,15,2
12684.0,7,6,2073.63,5,4,4,544,13,0
12685.0,28,6,2575.08,4,4,4,444,12,1
12686.0,371,1,142.28,2,1,1,211,4,3
12687.0,480,1,1858.91,1,1,4,114,6,1
12688.0,113,1,4854.01,3,1,5,315,9,1
12689.0,25,2,1139.61,4,2,3,423,9,0
12690.0,205,1,335.01,2,1,2,212,5,3
12691.0,28,6,1044.4,4,4,3,443,11,0
12692.0,637,1,110.95,1,1,1,111,3,3
12693.0,127,7,1392.46,3,4,4,344,11,1
12694.0,70,3,1663.35,3,3,4,334,10,1
12695.0,7,7,1371.12,5,4,4,544,13,0
12696.0,434,2,731.91,1,2,3,123,6,3
12697.0,28,3,737.79,4,3,3,433,10,0
12698.0,590,1,265.95,1,1,1,111,3,3
12699.0,417,1,566.11,1,1,2,112,4,3
12700.0,7,4,4464.79,5,3,5,535,13,2
12701.0,79,6,2248.41,3,4,4,344,11,1
12702.0,19,1,201.0,5,1,1,511,7,0
12703.0,71,4,852.63,3,3,3,333,9,1
12704.0,7,8,1722.99,5,4,4,544,13,2
12705.0,15,13,10996.8,5,5,5,555,15,2
12707.0,291,1,557.82,2,1,2,212,5,3
12708.0,29,18,4639.1,4,5,5,455,14,2
12709.0,15,32,29722.48,5,5,5,555,15,2
12710.0,96,3,1023.02,3,3,3,333,9,1
12711.0,611,2,1213.05,1,2,4,124,7,1
12712.0,28,21,5991.110000000001,4,5,5,455,14,2
12713.0,0,1,794.55,5,1,3,513,9,0
12714.0,9,12,12651.16,5,5,5,555,15,2
12715.0,106,1,263.36,3,1,1,311,5,3
12716.0,3,2,886.99,5,2,3,523,10,0
12717.0,151,3,1039.11,3,3,3,333,9,1
12718.0,71,1,202.25,3,1,1,311,5,3
12719.0,5,2,542.35,5,2,2,522,9,0
12720.0,2,29,7229.51,5,5,5,555,15,2
12721.0,31,8,3617.23,4,4,5,445,13,2
12722.0,85,4,979.63,3,3,3,333,9,1
12723.0,3,5,584.67,5,4,2,542,11,0
12724.0,5,7,2083.52,5,4,4,544,13,2
12725.0,371,3,2278.56,2,3,4,234,9,1
12726.0,28,11,3690.6,4,5,5,455,14,2
12727.0,10,10,4905.53,5,5,5,555,15,2
12728.0,71,5,926.17,3,4,3,343,10,1
12729.0,113,1,417.01,3,1,2,312,6,3
12730.0,521,1,647.5,1,1,3,113,5,3
12731.0,23,17,25539.91,4,5,5,455,14,2
12732.0,179,1,218.26,3,1,1,311,5,3
12733.0,234,4,2362.82,2,3,4,234,9,1
12734.0,352,3,603.65,2,3,2,232,7,1
12735.0,315,2,689.5699999999999,2,2,3,223,7,3
12736.0,332,1,144.0,2,1,1,211,4,3
12738.0,372,1,274.7,2,1,1,211,4,3
12739.0,99,2,2421.23,3,2,4,324,9,1
12740.0,63,1,427.6,3,1,2,312,6,0
12741.0,533,1,236.07,1,1,1,111,3,3
12742.0,625,1,1201.52,1,1,3,113,5,3
12743.0,134,2,540.13,3,2,2,322,7,3
12744.0,56,8,13158.16,4,4,5,445,13,2
12745.0,486,2,723.85,1,2,3,123,6,3
12746.0,540,1,254.55,1,1,1,111,3,3
12747.0,2,26,9257.04,5,5,5,555,15,2
12748.0,0,322,50460.65,5,5,5,555,15,2
12749.0,3,9,6711.46,5,5,5,555,15,2
12750.0,128,1,275.88,3,1,1,311,5,3
12751.0,444,1,268.27,1,1,1,111,3,3
12752.0,81,1,4366.78,3,1,5,315,9,1
12753.0,22,6,20817.39,4,4,5,445,13,2
12754.0,235,3,3010.74,2,3,5,235,10,1
12755.0,280,11,9030.66,2,5,5,255,12,1
12756.0,86,1,112.07999999999998,3,1,1,311,5,3
12757.0,15,9,4169.1,5,5,5,555,15,2
12758.0,116,7,9878.04,3,4,5,345,12,1
12759.0,52,8,4618.74,4,4,5,445,13,2
12760.0,455,1,317.8,1,1,2,112,4,3
12761.0,464,1,712.95,1,1,3,113,5,3
12762.0,7,2,1702.52,5,2,4,524,11,0
12763.0,138,2,814.16,3,2,3,323,8,1
12764.0,316,1,1681.28,2,1,4,214,7,1
12765.0,472,6,1299.58,1,4,4,144,9,1
12766.0,3,9,9050.58,5,5,5,555,15,2
12767.0,375,1,949.82,2,1,3,213,6,3
12768.0,450,1,168.69000000000003,1,1,1,111,3,3
12769.0,238,1,1125.75,2,1,3,213,6,3
12770.0,210,2,3246.45,2,2,5,225,9,1
12771.0,485,1,226.3,1,1,1,111,3,3
12772.0,59,1,732.67,3,1,3,313,7,0
12773.0,564,1,124.25,1,1,1,111,3,3
12774.0,535,1,83.7,1,1,1,111,3,3
12775.0,17,7,1551.12,5,4,4,544,13,0
12776.0,667,1,27.5,1,1,1,111,3,3
12777.0,457,1,519.45,1,1,2,112,4,3
12778.0,19,9,1541.68,5,5,4,554,14,2
12779.0,37,14,6682.07,4,5,5,455,14,2
12780.0,598,1,322.4,1,1,2,112,4,3
12781.0,63,2,786.74,3,2,3,323,8,0
12782.0,4,11,3810.04,5,5,5,555,15,2
12783.0,2,4,1295.87,5,3,4,534,12,0
12784.0,15,2,1511.15,5,2,4,524,11,0
12785.0,364,3,843.2,2,3,3,233,8,1
12786.0,609,1,668.5,1,1,3,113,5,3
12787.0,9,4,799.18,5,3,3,533,11,0
12788.0,463,4,384.9,1,3,2,132,6,3
12789.0,65,3,225.35,3,3,1,331,7,0
12790.0,192,2,546.85,2,2,2,222,6,3
12791.0,373,5,819.13,2,4,3,243,9,1
12792.0,256,2,715.01,2,2,3,223,7,3
12793.0,334,3,849.33,2,3,3,233,8,1
12794.0,53,2,860.41,4,2,3,423,9,0
12795.0,18,1,318.48,5,1,2,512,8,0
12796.0,628,1,351.0,1,1,2,112,4,3
12797.0,365,2,676.26,2,2,3,223,7,3
12798.0,10,4,8510.93,5,3,5,535,13,2
12799.0,529,1,219.35,1,1,1,111,3,3
12800.0,470,2,500.25,1,2,2,122,5,3
12801.0,500,1,871.82,1,1,3,113,5,3
12802.0,186,5,2186.42,3,4,4,344,11,1
12803.0,393,1,1017.81,2,1,3,213,6,3
12804.0,465,2,325.37,1,2,2,122,5,3
12805.0,381,4,1211.15,2,3,3,233,8,1
12806.0,572,2,2558.96,1,2,4,124,7,1
12807.0,383,1,250.35,2,1,1,211,4,3
12808.0,36,5,850.1,4,4,3,443,11,0
12809.0,177,3,1344.74,3,3,4,334,10,1
12810.0,534,2,534.99,1,2,2,122,5,3
12811.0,261,4,893.9,2,3,3,233,8,1
12812.0,44,1,229.64,4,1,1,411,6,0
12813.0,501,3,1621.8,1,3,4,134,8,1
12814.0,101,1,85.92,3,1,1,311,5,3
12815.0,147,2,770.3100000000001,3,2,3,323,8,1
12816.0,95,2,414.55,3,2,2,322,7,3
12817.0,281,3,570.98,2,3,2,232,7,1
12818.0,261,1,1182.0800000000002,2,1,3,213,6,3
12819.0,458,1,540.52,1,1,2,112,4,3
12820.0,3,11,2689.52,5,5,4,554,14,2
12821.0,214,2,220.8,2,2,1,221,5,3
12822.0,70,2,948.88,3,2,3,323,8,0
12823.0,74,18,6501.5,3,5,5,355,13,2
12824.0,59,1,397.12,3,1,2,312,6,0
12825.0,521,2,518.63,1,2,2,122,5,3
12826.0,2,12,2955.75,5,5,5,555,15,2
12827.0,5,3,410.35,5,3,2,532,10,0
12828.0,2,6,1018.71,5,4,3,543,12,0
12829.0,336,3,385.3,2,3,2,232,7,3
12830.0,37,6,6814.64,4,4,5,445,13,2
12831.0,262,3,451.11,2,3,2,232,7,3
12832.0,32,2,383.03,4,2,2,422,8,0
12833.0,145,1,404.08,3,1,2,312,6,3
12834.0,282,1,312.38,2,1,2,212,5,3
12835.0,427,41,5896.83,1,5,5,155,11,2
12836.0,59,15,6559.7300000000005,3,5,5,355,13,2
12837.0,173,2,662.66,3,2,3,323,8,3
12838.0,33,10,3366.7,4,5,5,455,14,2
12839.0,2,26,10071.73,5,5,5,555,15,2
12840.0,143,7,4023.01,3,4,5,345,12,1
12841.0,4,40,7431.04,5,5,5,555,15,2
12842.0,70,4,1917.99,3,3,4,334,10,1
12843.0,65,28,6459.32,3,5,5,355,13,2
12844.0,29,4,648.6,4,3,3,433,10,0
12845.0,267,4,349.14,2,3,2,232,7,3
12847.0,22,2,1608.05,4,2,4,424,10,0
12848.0,675,1,206.1,1,1,1,111,3,3
12849.0,31,6,3015.98,4,4,5,445,13,1
12850.0,445,1,330.0,1,1,2,112,4,3
12851.0,96,2,275.66,3,2,1,321,6,3
12852.0,294,1,311.55,2,1,2,212,5,3
12853.0,134,11,3907.5,3,5,5,355,13,1
12854.0,78,7,2970.9700000000003,3,4,5,345,12,1
12855.0,372,4,650.9399999999999,2,3,3,233,8,1
12856.0,7,6,2127.43,5,4,4,544,13,0
12857.0,210,6,3688.0,2,4,5,245,11,1
12858.0,383,1,147.27,2,1,1,211,4,3
12859.0,458,1,575.1,1,1,2,112,4,3
12860.0,693,1,54.22,1,1,1,111,3,3
12861.0,619,1,68.25,1,1,1,111,3,3
12862.0,425,2,984.62,1,2,3,123,6,1
12863.0,52,6,2792.55,4,4,4,444,12,1
12864.0,138,2,299.57,3,2,2,322,7,3
12865.0,26,4,3303.67,4,3,5,435,12,0
12866.0,283,3,1092.35,2,3,3,233,8,1
12867.0,26,13,7829.26,4,5,5,455,14,2
12868.0,185,8,2247.06,3,4,4,344,11,1
12869.0,681,1,337.67,1,1,2,112,4,3
12870.0,375,3,1665.15,2,3,4,234,9,1
12871.0,84,3,744.02,3,3,3,333,9,1
12872.0,326,12,3621.69,2,5,5,255,12,1
12873.0,282,3,2027.3,2,3,4,234,9,1
12874.0,385,2,873.42,2,2,3,223,7,3
12875.0,143,5,1356.99,3,4,4,344,11,1
12876.0,57,4,3539.39,4,3,5,435,12,1
12877.0,3,20,2927.29,5,5,5,555,15,2
12878.0,236,2,854.99,2,2,3,223,7,1
12879.0,44,3,573.22,4,3,2,432,9,0
12880.0,381,2,640.13,2,2,3,223,7,3
12881.0,275,1,298.0,2,1,2,212,5,3
12882.0,9,2,1463.04,5,2,4,524,11,0
12883.0,24,4,683.6700000000001,4,3,3,433,10,0
12884.0,88,1,309.05,3,1,2,312,6,3
12885.0,63,3,1114.02,3,3,3,333,9,1
12886.0,67,2,1378.4,3,2,4,324,9,0
12887.0,383,1,222.4,2,1,1,211,4,3
12888.0,214,2,354.12,2,2,2,222,6,3
12889.0,381,4,367.61,2,3,2,232,7,3
12890.0,24,2,706.02,4,2,3,423,9,0
12891.0,185,11,840.5,3,5,3,353,11,1
12892.0,396,1,263.38,2,1,1,211,4,3
12893.0,30,1,176.55,4,1,1,411,6,0
12894.0,575,1,157.35,1,1,1,111,3,3
12895.0,42,2,372.8,4,2,2,422,8,0
12897.0,204,4,514.25,2,3,2,232,7,1
12898.0,463,2,296.21000000000004,1,2,2,122,5,3
12899.0,413,1,366.4,1,1,2,112,4,3
12900.0,422,1,340.33,1,1,2,112,4,3
12901.0,8,27,14630.54,5,5,5,555,15,2
12902.0,264,1,138.68,2,1,1,211,4,3
12903.0,428,1,833.53,1,1,3,113,5,3
12904.0,18,2,496.06,5,2,2,522,9,0
12905.0,576,2,1018.42,1,2,3,123,6,3
12906.0,11,5,2768.61,5,4,4,544,13,0
12907.0,395,2,508.91,2,2,2,222,6,3
12908.0,176,5,1776.0,3,4,4,344,11,1
12909.0,39,8,2999.09,4,4,5,445,13,2
12910.0,23,13,5569.72,4,5,5,455,14,2
12911.0,551,1,1593.07,1,1,4,114,6,3
12912.0,2,5,1662.3,5,4,4,544,13,0
12913.0,4,13,6670.860000000001,5,5,5,555,15,2
12914.0,400,1,223.98,2,1,1,211,4,3
12915.0,148,4,1174.75,3,3,3,333,9,1
12916.0,138,7,4479.73,3,4,5,345,12,1
12917.0,128,6,4062.2,3,4,5,345,12,1
12919.0,8,6,1335.19,5,4,4,544,13,0
12920.0,17,4,486.64,5,3,2,532,10,0
12921.0,9,74,35741.64,5,5,5,555,15,2
12922.0,161,1,405.38,3,1,2,312,6,3
12923.0,64,3,688.87,3,3,3,333,9,0
12924.0,88,12,2461.45,3,5,4,354,12,1
12925.0,4,3,699.48,5,3,3,533,11,0
12926.0,411,4,1492.99,1,3,4,134,8,1
12927.0,394,1,197.31,2,1,1,211,4,3
12928.0,35,12,4304.89,4,5,5,455,14,2
12929.0,311,1,117.85,2,1,1,211,4,3
12930.0,78,2,415.8,3,2,2,322,7,0
12931.0,21,57,92347.34,4,5,5,455,14,2
12932.0,539,8,1698.56,1,4,4,144,9,1
12933.0,24,8,1623.88,4,4,4,444,12,2
12934.0,736,1,181.65,1,1,1,111,3,3
12935.0,2,15,4197.96,5,5,5,555,15,2
12936.0,17,4,1063.9,5,3,3,533,11,0
12937.0,15,9,3082.31,5,5,5,555,15,2
12938.0,25,1,114.14,4,1,1,411,6,0
12939.0,64,20,25264.8,3,5,5,355,13,2
12940.0,54,2,899.69,4,2,3,423,9,0
12941.0,724,1,377.49,1,1,2,112,4,3
12942.0,131,3,921.05,3,3,3,333,9,1
12943.0,558,2,496.5,1,2,2,122,5,3
12944.0,35,2,604.51,4,2,2,422,8,0
12945.0,288,2,900.11,2,2,3,223,7,1
12946.0,436,1,324.45,1,1,2,112,4,3
12947.0,143,6,1908.03,3,4,4,344,11,1
12948.0,16,9,2317.43,5,5,4,554,14,2
12949.0,30,22,15287.9,4,5,5,455,14,2
12950.0,2,3,1843.0,5,3,4,534,12,0
12951.0,8,15,3193.92,5,5,5,555,15,2
12952.0,5,4,1348.19,5,3,4,534,12,0
12953.0,9,2,828.8100000000001,5,2,3,523,10,0
12954.0,638,1,162.45,1,1,1,111,3,3
12955.0,1,11,4726.56,5,5,5,555,15,2
12956.0,306,4,521.89,2,3,2,232,7,1
12957.0,9,13,8540.37,5,5,5,555,15,2
12958.0,400,2,467.34,2,2,2,222,6,3
12959.0,484,1,150.95,1,1,1,111,3,3
12960.0,413,4,1322.07,1,3,4,134,8,1
12961.0,379,1,211.99,2,1,1,211,4,3
12962.0,7,2,266.39,5,2,1,521,8,0
12963.0,8,12,3601.59,5,5,5,555,15,2
12964.0,437,1,132.24,1,1,1,111,3,3
12965.0,89,1,769.8100000000001,3,1,3,313,7,3
12966.0,9,1,160.18,5,1,1,511,7,0
12967.0,358,3,4306.92,2,3,5,235,10,1
12968.0,112,1,135.95,3,1,1,311,5,3
12969.0,602,1,122.45,1,1,1,111,3,3
12970.0,7,10,1422.39,5,5,4,554,14,2
12971.0,3,116,15972.79,5,5,5,555,15,2
12972.0,413,4,1161.2,1,3,3,133,7,1
12973.0,413,1,385.55,1,1,2,112,4,3
12974.0,197,2,379.2,2,2,2,222,6,3
12975.0,436,6,2085.09,1,4,4,144,9,1
12976.0,211,8,3156.38,2,4,5,245,11,1
12977.0,156,4,513.88,3,3,2,332,8,1
12978.0,385,5,2367.82,2,4,4,244,10,1
12979.0,729,1,517.7,1,1,2,112,4,3
12980.0,157,21,16245.78,3,5,5,355,13,2
12981.0,29,2,372.22,4,2,2,422,8,0
12982.0,242,8,2698.01,2,4,4,244,10,1
12983.0,598,1,490.08,1,1,2,112,4,3
12984.0,18,1,97.5,5,1,1,511,7,0
12985.0,0,2,1208.78,5,2,3,523,10,0
12986.0,428,10,2729.84,1,5,4,154,10,1
12987.0,73,5,1312.21,3,4,4,344,11,1
12988.0,292,1,505.82,2,1,2,212,5,3
12989.0,3,33,12669.75,5,5,5,555,15,2
12990.0,31,7,955.5,4,4,3,443,11,0
12991.0,23,3,764.82,4,3,3,433,10,0
12992.0,725,1,93.35,1,1,1,111,3,3
12993.0,23,8,1259.63,4,4,4,444,12,0
12994.0,4,3,974.42,5,3,3,533,11,0
12995.0,85,1,211.32,3,1,1,311,5,3
12996.0,375,1,355.5,2,1,2,212,5,3
12997.0,22,8,2110.91,4,4,4,444,12,2
12998.0,492,3,905.08,1,3,3,133,7,1
12999.0,196,3,455.88,2,3,2,232,7,3
13000.0,106,4,1017.5,3,3,3,333,9,1
13001.0,4,33,24042.65,5,5,5,555,15,2
13002.0,318,3,414.13,2,3,2,232,7,3
13003.0,105,3,149.05,3,3,1,331,7,3
13004.0,11,36,11601.29,5,5,5,555,15,2
13005.0,173,4,999.68,3,3,3,333,9,1
13006.0,56,1,81.57,4,1,1,411,6,3
13007.0,579,1,175.25,1,1,1,111,3,3
13008.0,323,3,581.53,2,3,2,232,7,3
13009.0,672,1,234.0,1,1,1,111,3,3
13010.0,374,2,330.12,2,2,2,222,6,3
13011.0,372,1,101.1,2,1,1,211,4,3
13012.0,9,11,2957.83,5,5,5,555,15,2
13013.0,1,29,12419.52,5,5,5,555,15,2
13014.0,10,11,5381.08,5,5,5,555,15,2
13015.0,53,11,6564.4800000000005,4,5,5,455,14,2
13016.0,73,3,774.59,3,3,3,333,9,0
13017.0,7,1,204.0,5,1,1,511,7,0
13018.0,16,35,9688.46,5,5,5,555,15,2
13019.0,379,6,1229.95,2,4,4,244,10,1
13020.0,562,2,603.96,1,2,2,122,5,3
13021.0,4,17,4887.24,5,5,5,555,15,2
13022.0,429,1,50.3,1,1,1,111,3,3
13023.0,64,3,1251.03,3,3,4,334,10,1
13024.0,470,2,555.87,1,2,2,122,5,3
13025.0,731,1,323.39,1,1,2,112,4,3
13026.0,1,9,1733.08,5,5,4,554,14,2
13027.0,113,19,17239.2,3,5,5,355,13,2
13028.0,22,2,637.92,4,2,3,423,9,0
13029.0,30,5,1927.3,4,4,4,444,12,0
13030.0,11,2,1124.2,5,2,3,523,10,0
13031.0,407,5,3292.84,2,4,5,245,11,1
13032.0,52,9,2815.96,4,5,4,454,13,1
13033.0,357,2,220.55,2,2,1,221,5,3
13034.0,54,3,922.68,4,3,3,433,10,0
13035.0,73,3,1364.2,3,3,4,334,10,1
13036.0,684,1,307.1,1,1,2,112,4,3
13037.0,138,12,3914.95,3,5,5,355,13,1
13038.0,80,3,808.86,3,3,3,333,9,1
13039.0,584,4,990.93,1,3,3,133,7,1
13040.0,8,2,676.99,5,2,3,523,10,0
13041.0,450,4,799.13,1,3,3,133,7,1
13042.0,598,3,1407.14,1,3,4,134,8,1
13043.0,273,1,455.22,2,1,2,212,5,3
13044.0,291,11,4833.9,2,5,5,255,12,1
13045.0,99,3,808.92,3,3,3,333,9,1
13046.0,30,3,932.75,4,3,3,433,10,0
13047.0,56,23,8790.210000000001,4,5,5,455,14,2
13048.0,14,9,4049.13,5,5,5,555,15,2
13049.0,64,4,1408.24,3,3,4,334,10,1
13050.0,14,34,12106.0,5,5,5,555,15,2
13051.0,578,2,155.8,1,2,1,121,4,3
13052.0,212,7,3080.38,2,4,5,245,11,1
13053.0,621,1,127.65,1,1,1,111,3,3
13055.0,78,4,2321.11,3,3,4,334,10,1
13056.0,551,1,209.48,1,1,1,111,3,3
13057.0,530,3,709.59,1,3,3,133,7,1
13058.0,24,3,271.40000000000003,4,3,1,431,8,0
13059.0,249,10,2274.27,2,5,4,254,11,1
13060.0,253,1,307.53,2,1,2,212,5,3
13061.0,72,1,248.61,3,1,1,311,5,3
13062.0,191,1,331.98,2,1,2,212,5,3
13063.0,480,1,188.4,1,1,1,111,3,3
13064.0,12,6,1666.84,5,4,4,544,13,0
13065.0,373,5,1260.91,2,4,4,244,10,1
13066.0,24,2,470.8,4,2,2,422,8,0
13067.0,82,3,508.51,3,3,2,332,8,0
13068.0,10,2,344.0,5,2,2,522,9,0
13069.0,0,38,9588.18,5,5,5,555,15,2
13070.0,192,4,751.7,2,3,3,233,8,1
13071.0,612,1,109.42,1,1,1,111,3,3
13072.0,266,1,177.15,2,1,1,211,4,3
13073.0,411,2,418.08,1,2,2,122,5,3
13074.0,511,4,1339.14,1,3,4,134,8,1
13075.0,129,1,919.61,3,1,3,313,7,3
13076.0,457,1,135.4,1,1,1,111,3,3
13077.0,1,11,3030.17,5,5,5,555,15,2
13078.0,3,57,29532.45,5,5,5,555,15,2
13079.0,4,6,419.18,5,4,2,542,11,0
13080.0,179,4,280.73,3,3,1,331,7,3
13081.0,11,28,59021.1,5,5,5,555,15,2
13082.0,126,21,7080.75,3,5,5,355,13,2
13083.0,4,3,395.43,5,3,2,532,10,0
13084.0,491,1,122.4,1,1,1,111,3,3
13085.0,157,8,2433.28,3,4,4,344,11,1
13086.0,382,1,439.33,2,1,2,212,5,3
13087.0,726,1,273.84,1,1,1,111,3,3
13088.0,417,1,236.11,1,1,1,111,3,3
13089.0,2,203,116200.23,5,5,5,555,15,2
13090.0,8,23,14054.84,5,5,5,555,15,2
13091.0,28,2,1108.8,4,2,3,423,9,0
13092.0,70,12,2140.28,3,5,4,354,12,1
13093.0,275,55,54846.75,2,5,5,255,12,2
13094.0,21,13,2433.1200000000003,4,5,4,454,13,2
13095.0,70,1,74.39999999999999,3,1,1,311,5,3
13096.0,394,1,419.7000000000001,2,1,2,212,5,3
13097.0,32,27,12657.76,4,5,5,455,14,2
13098.0,1,28,28835.64,5,5,5,555,15,2
13099.0,99,1,207.36,3,1,1,311,5,3
13101.0,234,4,695.4,2,3,3,233,8,1
13102.0,1,37,11574.52,5,5,5,555,15,2
13103.0,39,3,709.64,4,3,3,433,10,0
13104.0,3,9,1709.1,5,5,4,554,14,2
13105.0,436,1,72.0,1,1,1,111,3,3
13106.0,133,2,603.46,3,2,2,322,7,3
13107.0,44,9,5222.47,4,5,5,455,14,2
13108.0,372,2,1098.52,2,2,3,223,7,1
13109.0,59,3,1134.03,3,3,3,333,9,0
13110.0,31,12,2957.4700000000003,4,5,5,455,14,2
13111.0,718,1,321.88000000000005,1,1,2,112,4,3
13112.0,541,1,20.6,1,1,1,111,3,3
13113.0,0,37,18603.04,5,5,5,555,15,2
13114.0,730,1,221.63,1,1,1,111,3,3
13115.0,11,10,5494.7,5,5,5,555,15,2
13116.0,138,1,501.14,3,1,2,312,6,3
13117.0,21,18,2643.81,4,5,4,454,13,2
13118.0,19,9,2400.41,5,5,4,554,14,2
13119.0,668,1,134.9,1,1,1,111,3,3
13120.0,238,1,30.6,2,1,1,211,4,3
13121.0,269,1,283.73,2,1,2,212,5,3
13122.0,94,2,922.39,3,2,3,323,8,1
13123.0,472,2,506.75,1,2,2,122,5,3
13124.0,89,4,4629.76,3,3,5,335,11,1
13125.0,523,1,148.62,1,1,1,111,3,3
13126.0,4,13,3905.04,5,5,5,555,15,2
13127.0,77,1,259.17,3,1,1,311,5,3
13128.0,631,1,263.5,1,1,1,111,3,3
13129.0,452,2,233.25,1,2,1,121,4,3
13130.0,94,1,64.0,3,1,1,311,5,3
13131.0,23,7,3267.87,4,4,5,445,13,2
13132.0,261,1,77.3,2,1,1,211,4,3
13133.0,273,3,200.45,2,3,1,231,6,3
13134.0,85,6,2475.23,3,4,4,344,11,1
13135.0,196,2,3371.45,2,2,5,225,9,1
13136.0,56,13,6274.56,4,5,5,455,14,2
13137.0,10,16,7583.19,5,5,5,555,15,2
13138.0,22,7,1467.24,4,4,4,444,12,0
13139.0,16,8,8202.98,5,4,5,545,14,2
13140.0,108,5,1213.18,3,4,4,344,11,1
13141.0,84,17,7402.88,3,5,5,355,13,2
13142.0,19,1,307.09,5,1,2,512,8,0
13143.0,584,1,405.1,1,1,2,112,4,3
13144.0,332,2,135.35,2,2,1,221,5,3
13145.0,39,7,1423.52,4,4,4,444,12,1
13146.0,26,1,228.91,4,1,1,411,6,0
13147.0,10,4,712.8000000000001,5,3,3,533,11,0
13148.0,29,26,8406.62,4,5,5,455,14,2
13149.0,14,4,1676.06,5,3,4,534,12,0
13150.0,484,3,449.97,1,3,2,132,6,3
13151.0,295,3,2454.71,2,3,4,234,9,1
13152.0,417,7,2131.38,1,4,4,144,9,1
13153.0,5,1,486.22,5,1,2,512,8,0
13154.0,399,3,1624.84,2,3,4,234,9,1
13155.0,33,6,1750.18,4,4,4,444,12,1
13156.0,385,3,1573.94,2,3,4,234,9,1
13157.0,49,9,5687.36,4,5,5,455,14,2
13158.0,94,5,1508.18,3,4,4,344,11,1
13159.0,8,4,1429.35,5,3,4,534,12,0
13160.0,22,1,91.8,4,1,1,411,6,0
13161.0,313,2,472.13,2,2,2,222,6,3
13162.0,122,16,9195.09,3,5,5,355,13,2
13163.0,610,1,17.65,1,1,1,111,3,3
13164.0,569,2,372.2,1,2,2,122,5,3
13165.0,46,3,1451.16,4,3,4,434,11,0
13166.0,283,2,875.93,2,2,3,223,7,1
13167.0,18,5,1087.65,5,4,3,543,12,0
13168.0,36,5,1838.18,4,4,4,444,12,1
13169.0,63,3,840.08,3,3,3,333,9,0
13170.0,26,1,108.81,4,1,1,411,6,0
13171.0,21,3,468.41,4,3,2,432,9,0
13172.0,400,1,69.6,2,1,1,211,4,3
13173.0,4,11,2489.46,5,5,4,554,14,2
13174.0,16,11,9283.27,5,5,5,555,15,2
13175.0,582,2,816.15,1,2,3,123,6,3
13176.0,46,1,481.49,4,1,2,412,7,0
13177.0,64,2,512.2,3,2,2,322,7,0
13178.0,26,21,14059.19,4,5,5,455,14,2
13179.0,618,1,572.3100000000001,1,1,2,112,4,3
13180.0,607,1,86.10000000000001,1,1,1,111,3,3
13181.0,381,1,359.69,2,1,2,212,5,3
13182.0,45,1,121.18,4,1,1,411,6,3
13183.0,7,15,7036.18,5,5,5,555,15,2
13184.0,14,10,1667.95,5,5,4,554,14,2
13185.0,267,1,71.4,2,1,1,211,4,3
13186.0,39,3,1536.2900000000002,4,3,4,434,11,0
13187.0,337,4,328.36,2,3,2,232,7,3
13188.0,11,1,99.6,5,1,1,511,7,0
13189.0,18,2,260.68,5,2,1,521,8,0
13190.0,544,3,570.66,1,3,2,132,6,3
13191.0,658,1,155.46,1,1,1,111,3,3
13192.0,95,6,2497.38,3,4,4,344,11,1
13193.0,61,1,112.08,3,1,1,311,5,3
13194.0,135,2,472.78,3,2,2,322,7,3
13195.0,414,1,136.73,1,1,1,111,3,3
13196.0,11,7,3068.84,5,4,5,545,14,2
13197.0,609,1,373.0100000000001,1,1,2,112,4,3
13198.0,10,8,4956.38,5,4,5,545,14,2
13199.0,3,66,16417.89,5,5,5,555,15,2
13200.0,19,4,852.24,5,3,3,533,11,0
13201.0,502,4,1233.06,1,3,4,134,8,1
13202.0,394,7,1580.3,2,4,4,244,10,1
13203.0,9,10,2648.25,5,5,4,554,14,2
13204.0,731,1,966.66,1,1,3,113,5,3
13205.0,443,1,2803.2,1,1,4,114,6,1
13206.0,400,13,8301.44,2,5,5,255,12,1
13207.0,15,4,464.46,5,3,2,532,10,0
13208.0,59,8,1938.52,3,4,4,344,11,1
13209.0,30,13,8448.55,4,5,5,455,14,2
13210.0,93,1,353.48,3,1,2,312,6,3
13211.0,10,10,2618.77,5,5,4,554,14,2
13212.0,19,3,780.88,5,3,3,533,11,0
13213.0,56,11,3851.52,4,5,5,455,14,2
13214.0,417,7,3233.63,1,4,5,145,10,1
13215.0,402,1,81.6,2,1,1,211,4,3
13216.0,267,1,333.74,2,1,2,212,5,3
13217.0,122,4,666.48,3,3,3,333,9,1
13218.0,127,1,62.63999999999999,3,1,1,311,5,3
13219.0,618,1,70.28,1,1,1,111,3,3
13220.0,78,5,1336.09,3,4,4,344,11,1
13221.0,240,2,839.88,2,2,3,223,7,1
13222.0,577,1,88.5,1,1,1,111,3,3
13223.0,200,6,969.12,2,4,3,243,9,1
13224.0,60,2,2152.95,3,2,4,324,9,1
13225.0,3,16,16260.07,5,5,5,555,15,2
13226.0,273,2,312.46,2,2,2,222,6,3
13227.0,201,1,257.7,2,1,1,211,4,3
13228.0,81,1,358.0,3,1,2,312,6,3
13229.0,225,1,160.95,2,1,1,211,4,3
13230.0,4,30,6140.36,5,5,5,555,15,2
13232.0,12,7,1277.8,5,4,4,544,13,0
13233.0,74,4,1176.46,3,3,3,333,9,1
13234.0,672,2,346.5,1,2,2,122,5,3
13235.0,212,1,975.27,2,1,3,213,6,3
13236.0,24,2,744.85,4,2,3,423,9,0
13237.0,387,1,643.0,2,1,3,213,6,3
13238.0,17,6,1006.63,5,4,3,543,12,0
13239.0,261,5,1471.09,2,4,4,244,10,1
13240.0,96,8,1633.56,3,4,4,344,11,1
13241.0,411,1,112.53,1,1,1,111,3,3
13242.0,112,7,699.4,3,4,3,343,10,1
13243.0,203,5,1217.83,2,4,4,244,10,1
13244.0,92,1,121.74,3,1,1,311,5,3
13245.0,50,2,989.22,4,2,3,423,9,0
13246.0,18,11,3351.75,5,5,5,555,15,2
13247.0,17,4,501.12,5,3,2,532,10,0
13248.0,124,2,442.28,3,2,2,322,7,3
13249.0,92,9,1608.93,3,5,4,354,12,1
13250.0,460,2,253.09,1,2,1,121,4,3
13251.0,402,1,252.68,2,1,1,211,4,3
13252.0,394,2,399.3,2,2,2,222,6,3
13253.0,156,4,2880.01,3,3,4,334,10,1
13254.0,376,1,51.41,2,1,1,211,4,3
13255.0,9,3,904.46,5,3,3,533,11,0
13257.0,436,1,149.75,1,1,1,111,3,3
13258.0,11,5,1009.43,5,4,3,543,12,0
13259.0,61,9,1341.84,3,5,4,354,12,1
13260.0,61,1,557.62,3,1,2,312,6,0
13261.0,268,2,944.1,2,2,3,223,7,1
13262.0,263,3,530.1,2,3,2,232,7,3
13263.0,1,38,8574.39,5,5,5,555,15,2
13264.0,442,1,722.5600000000001,1,1,3,113,5,3
13265.0,53,5,2092.66,4,4,4,444,12,1
13266.0,11,19,5951.26,5,5,5,555,15,2
13267.0,2,36,9731.26,5,5,5,555,15,2
13268.0,17,10,3152.71,5,5,5,555,15,2
13269.0,1,28,8819.9,5,5,5,555,15,2
13270.0,366,1,1180.0,2,1,3,213,6,3
13271.0,37,1,211.49,4,1,1,411,6,0
13272.0,31,2,276.56,4,2,1,421,7,0
13273.0,113,1,138.98,3,1,1,311,5,3
13274.0,409,1,360.85,1,1,2,112,4,3
13275.0,383,2,238.86,2,2,1,221,5,3
13276.0,63,5,1891.91,3,4,4,344,11,1
13277.0,15,7,523.3,5,4,2,542,11,0
13278.0,40,4,1399.65,4,3,4,434,11,0
13279.0,78,1,122.45,3,1,1,311,5,3
13280.0,122,7,2232.13,3,4,4,344,11,1
13281.0,439,1,333.0,1,1,2,112,4,3
13282.0,18,4,1313.19,5,3,4,534,12,0
13283.0,59,4,373.36,3,3,2,332,8,0
13284.0,330,1,201.19,2,1,1,211,4,3
13285.0,23,6,3364.59,4,4,5,445,13,2
13286.0,600,1,734.91,1,1,3,113,5,3
13287.0,603,3,781.59,1,3,3,133,7,1
13288.0,443,5,927.61,1,4,3,143,8,1
13289.0,723,1,307.95,1,1,2,112,4,3
13291.0,155,11,3221.29,3,5,5,355,13,1
13292.0,38,5,994.51,4,4,3,443,11,0
13293.0,392,6,1177.94,2,4,3,243,9,1
13294.0,189,3,1689.53,2,3,4,234,9,1
13295.0,359,4,1086.67,2,3,3,233,8,1
13296.0,137,6,792.51,3,4,3,343,10,1
13297.0,7,7,4276.82,5,4,5,545,14,2
13298.0,1,1,360.0,5,1,2,512,8,0
13299.0,268,3,1218.7,2,3,4,234,9,1
13300.0,169,3,1265.71,3,3,4,334,10,1
13301.0,103,4,600.19,3,3,2,332,8,1
13302.0,155,2,159.2,3,2,1,321,6,3
13303.0,400,1,61.72,2,1,1,211,4,3
13304.0,351,4,1217.99,2,3,4,234,9,1
13305.0,4,16,3752.61,5,5,5,555,15,2
13306.0,430,1,53.65,1,1,1,111,3,3
13307.0,120,3,273.34,3,3,1,331,7,3
13308.0,22,4,1670.37,4,3,4,434,11,0
13309.0,7,6,1706.37,5,4,4,544,13,0
13310.0,28,5,1541.2,4,4,4,444,12,0
13311.0,4,2,598.57,5,2,2,522,9,0
13312.0,451,1,124.75,1,1,1,111,3,3
13313.0,22,12,3228.57,4,5,5,455,14,2
13314.0,1,3,736.34,5,3,3,533,11,0
13315.0,689,1,310.26,1,1,2,112,4,3
13316.0,37,10,12940.82,4,5,5,455,14,2
13317.0,66,19,6405.09,3,5,5,355,13,2
13318.0,1,3,640.76,5,3,3,533,11,0
13319.0,5,58,22082.5,5,5,5,555,15,2
13320.0,78,6,2150.4,3,4,4,344,11,1
13321.0,72,2,567.36,3,2,2,322,7,0
13322.0,17,1,199.48,5,1,1,511,7,0
13323.0,3,5,787.85,5,4,3,543,12,0
13324.0,36,18,10513.47,4,5,5,455,14,2
13325.0,81,1,675.3,3,1,3,313,7,3
13326.0,432,1,281.76,1,1,1,111,3,3
13327.0,38,19,9743.87,4,5,5,455,14,2
13328.0,316,1,1186.08,2,1,3,213,6,3
13329.0,31,8,5112.97,4,4,5,445,13,2
13330.0,92,6,2796.1,3,4,4,344,11,1
13331.0,401,1,262.4,2,1,1,211,4,3
13332.0,14,1,333.05,5,1,2,512,8,0
13333.0,411,3,1015.74,1,3,3,133,7,1
13334.0,82,5,5976.8,3,4,5,345,12,1
13336.0,77,1,795.12,3,1,3,313,7,0
13337.0,546,1,1555.46,1,1,4,114,6,3
13338.0,157,4,2297.77,3,3,4,334,10,1
13339.0,200,1,840.32,2,1,3,213,6,3
13340.0,45,12,20280.76,4,5,5,455,14,2
13341.0,260,1,756.05,2,1,3,213,6,3
13343.0,177,1,303.43,3,1,2,312,6,3
13344.0,67,3,2511.69,3,3,4,334,10,1
13345.0,287,1,339.5,2,1,2,212,5,3
13346.0,462,6,299.4,1,4,2,142,7,1
13347.0,70,1,291.36,3,1,2,312,6,3
13348.0,64,1,233.76,3,1,1,311,5,3
13349.0,10,1,197.32,5,1,1,511,7,0
13350.0,16,2,879.12,5,2,3,523,10,0
13351.0,66,1,323.94,3,1,2,312,6,3
13352.0,60,1,347.98,3,1,2,312,6,3
13354.0,71,1,743.53,3,1,3,313,7,0
13355.0,122,1,674.7,3,1,3,313,7,3
13356.0,80,1,748.4399999999999,3,1,3,313,7,0
13357.0,257,5,3632.81,2,4,5,245,11,1
13358.0,268,1,371.18,2,1,2,212,5,3
13359.0,63,2,943.31,3,2,3,323,8,0
13360.0,431,4,1503.65,1,3,4,134,8,1
13361.0,472,2,1450.5,1,2,4,124,7,1
13362.0,9,7,5394.07,5,4,5,545,14,2
13363.0,17,3,1486.16,5,3,4,534,12,0
13364.0,71,1,134.95999999999998,3,1,1,311,5,3
13365.0,33,2,2225.37,4,2,4,424,10,0
13366.0,50,1,56.16,4,1,1,411,6,3
13367.0,431,1,460.2000000000001,1,1,2,112,4,3
13368.0,256,4,1021.5,2,3,3,233,8,1
13369.0,365,1,516.5600000000001,2,1,2,212,5,3
13370.0,371,1,1509.74,2,1,4,214,7,3
13371.0,505,2,2282.36,1,2,4,124,7,1
13372.0,89,1,298.04,3,1,2,312,6,3
13373.0,60,6,7569.34,3,4,5,345,12,1
13374.0,414,2,372.8,1,2,2,122,5,3
13375.0,88,2,1792.23,3,2,4,324,9,1
13376.0,99,3,869.76,3,3,3,333,9,1
13377.0,396,2,1452.88,2,2,4,224,8,1
13379.0,26,3,572.56,4,3,2,432,9,0
13380.0,432,1,62.4,1,1,1,111,3,3
13381.0,31,12,8224.37,4,5,5,455,14,2
13382.0,280,5,1387.58,2,4,4,244,10,1
13383.0,543,1,305.28000000000003,1,1,2,112,4,3
13384.0,30,11,6661.03,4,5,5,455,14,2
13385.0,329,1,534.57,2,1,2,212,5,3
13386.0,414,2,835.46,1,2,3,123,6,3
13387.0,417,1,181.84,1,1,1,111,3,3
13388.0,131,3,1185.65,3,3,3,333,9,1
13389.0,11,3,782.96,5,3,3,533,11,0
13390.0,74,1,544.08,3,1,2,312,6,3
13391.0,203,1,59.8,2,1,1,211,4,3
13392.0,677,1,91.14,1,1,1,111,3,3
13393.0,583,4,1131.45,1,3,3,133,7,1
13394.0,1,19,5436.1,5,5,5,555,15,2
13395.0,185,3,1180.23,3,3,3,333,9,1
13396.0,29,2,1360.99,4,2,4,424,10,0
13397.0,72,10,3073.07,3,5,5,355,13,1
13398.0,192,2,670.34,2,2,3,223,7,3
13399.0,464,3,262.65,1,3,1,131,5,3
13400.0,582,1,295.83,1,1,2,112,4,3
13402.0,127,4,1535.13,3,3,4,334,10,1
13403.0,17,3,229.5,5,3,1,531,9,0
13404.0,1,2,252.49,5,2,1,521,8,0
13405.0,204,5,1198.81,2,4,3,243,9,1
13406.0,427,2,568.92,1,2,2,122,5,3
13407.0,578,3,2244.7,1,3,4,134,8,1
13408.0,1,106,51279.86,5,5,5,555,15,2
13410.0,24,9,2201.96,4,5,4,454,13,2
13411.0,107,1,213.55,3,1,1,311,5,3
13412.0,620,1,487.35,1,1,2,112,4,3
13413.0,639,6,429.44,1,4,2,142,7,1
13414.0,133,6,2476.29,3,4,4,344,11,1
13415.0,472,4,784.17,1,3,3,133,7,1
13416.0,43,3,940.8,4,3,3,433,10,0
13417.0,4,6,1577.69,5,4,4,544,13,0
13418.0,11,31,12063.05,5,5,5,555,15,2
13419.0,63,1,221.06,3,1,1,311,5,3
13420.0,149,2,159.85,3,2,1,321,6,3
13421.0,40,8,4048.25,4,4,5,445,13,2
13422.0,64,1,2606.5,3,1,4,314,8,0
13423.0,428,1,217.03,1,1,1,111,3,3
13424.0,449,1,572.77,1,1,2,112,4,3
13425.0,108,5,3042.43,3,4,5,345,12,1
13426.0,0,22,8117.58,5,5,5,555,15,2
13427.0,19,6,1006.53,5,4,3,543,12,0
13428.0,10,3,478.54,5,3,2,532,10,0
13429.0,10,4,1006.8,5,3,3,533,11,0
13430.0,18,2,679.45,5,2,3,523,10,0
13431.0,67,8,3316.24,3,4,5,345,12,1
13432.0,571,2,431.6,1,2,2,122,5,3
13433.0,501,4,658.3199999999999,1,3,3,133,7,1
13434.0,74,5,1666.86,3,4,4,344,11,1
13435.0,5,9,4439.83,5,5,5,555,15,2
13436.0,1,1,196.89,5,1,1,511,7,0
13437.0,14,7,3388.26,5,4,5,545,14,2
13438.0,547,1,46.5,1,1,1,111,3,3
13439.0,255,3,986.61,2,3,3,233,8,1
13440.0,423,7,1295.25,1,4,4,144,9,1
13441.0,91,2,720.9,3,2,3,323,8,0
13442.0,667,3,419.87,1,3,2,132,6,3
13443.0,448,6,1205.47,1,4,3,143,8,1
13444.0,374,2,603.78,2,2,2,222,6,3
13445.0,626,1,241.9,1,1,1,111,3,3
13446.0,430,11,3760.57,1,5,5,155,11,1
13447.0,23,3,1129.14,4,3,3,433,10,0
13448.0,16,12,8774.08,5,5,5,555,15,2
13449.0,23,1,291.88,4,1,2,412,7,0
13450.0,26,13,4120.04,4,5,5,455,14,2
13451.0,26,11,7076.53,4,5,5,455,14,2
13452.0,259,3,729.8,2,3,3,233,8,1
13453.0,165,3,781.6899999999999,3,3,3,333,9,1
13454.0,641,1,219.87,1,1,1,111,3,3
13455.0,24,6,2905.93,4,4,4,444,12,2
13456.0,17,6,1751.72,5,4,4,544,13,0
13457.0,688,2,148.22,1,2,1,121,4,3
13458.0,7,16,11959.27,5,5,5,555,15,2
13459.0,624,2,1099.21,1,2,3,123,6,1
13460.0,29,2,183.44,4,2,1,421,7,0
13461.0,38,6,4160.0,4,4,5,445,13,1
13462.0,252,5,1047.05,2,4,3,243,9,1
13464.0,58,6,3079.79,4,4,5,445,13,1
13465.0,446,2,931.12,1,2,3,123,6,3
13466.0,184,5,906.25,3,4,3,343,10,1
13467.0,10,2,1071.91,5,2,3,523,10,0
13468.0,1,72,13279.27,5,5,5,555,15,2
13469.0,653,1,82.4,1,1,1,111,3,3
13470.0,99,2,165.0,3,2,1,321,6,3
13471.0,1,4,2501.84,5,3,4,534,12,0
13472.0,463,2,592.24,1,2,2,122,5,3
13473.0,60,8,2586.36,3,4,4,344,11,1
13474.0,236,3,641.64,2,3,3,233,8,1
13475.0,191,4,1431.78,2,3,4,234,9,1
13476.0,178,5,2041.67,3,4,4,344,11,1
13477.0,37,11,2819.17,4,5,4,454,13,2
13478.0,469,5,2161.78,1,4,4,144,9,1
13479.0,200,4,851.37,2,3,3,233,8,1
13480.0,416,2,627.82,1,2,3,123,6,3
13481.0,45,11,3703.94,4,5,5,455,14,2
13482.0,232,2,336.09,2,2,2,222,6,3
13483.0,65,1,140.34,3,1,1,311,5,3
13484.0,241,3,790.72,2,3,3,233,8,1
13485.0,233,11,3015.2200000000003,2,5,5,255,12,1
13486.0,78,3,1122.41,3,3,3,333,9,1
13487.0,57,5,846.87,4,4,3,443,11,1
13488.0,17,23,15445.68,5,5,5,555,15,2
13489.0,105,4,449.52,3,3,2,332,8,1
13490.0,654,1,154.25,1,1,1,111,3,3
13491.0,51,27,4453.64,4,5,5,455,14,2
13492.0,136,3,1269.84,3,3,4,334,10,1
13493.0,275,2,498.63,2,2,2,222,6,3
13494.0,311,1,298.41,2,1,2,212,5,3
13495.0,7,10,5374.26,5,5,5,555,15,2
13496.0,10,2,653.33,5,2,3,523,10,0
13497.0,282,6,1320.33,2,4,4,244,10,1
13498.0,730,1,314.63,1,1,2,112,4,3
13499.0,17,5,1159.11,5,4,3,543,12,0
13500.0,23,4,1466.3,4,3,4,434,11,0
13501.0,288,3,2870.11,2,3,4,234,9,1
13502.0,16,5,780.5,5,4,3,543,12,0
13503.0,71,5,1778.04,3,4,4,344,11,1
13504.0,64,1,276.13,3,1,1,311,5,3
13505.0,72,4,3633.63,3,3,5,335,11,1
13506.0,316,5,1621.35,2,4,4,244,10,1
13507.0,3,4,2459.36,5,3,4,534,12,0
13508.0,243,2,287.05,2,2,2,222,6,3
13509.0,8,7,1099.72,5,4,3,543,12,0
13510.0,1,11,4543.29,5,5,5,555,15,2
13511.0,676,1,282.76,1,1,1,111,3,3
13512.0,260,4,713.39,2,3,3,233,8,1
13513.0,126,3,824.59,3,3,3,333,9,1
13514.0,73,4,776.0,3,3,3,333,9,1
13515.0,72,6,1265.82,3,4,4,344,11,1
13516.0,21,4,1650.46,4,3,4,434,11,0
13517.0,59,3,2063.77,3,3,4,334,10,1
13518.0,85,1,627.16,3,1,3,313,7,3
13519.0,78,2,343.21,3,2,2,322,7,3
13520.0,58,11,5669.4,4,5,5,455,14,2
13521.0,1,3,1070.47,5,3,3,533,11,0
13522.0,30,1,125.8,4,1,1,411,6,0
13523.0,33,6,5101.52,4,4,5,445,13,2
13524.0,40,5,650.1800000000001,4,4,3,443,11,0
13525.0,14,2,628.78,5,2,3,523,10,0
13526.0,738,2,1182.0,1,2,3,123,6,1
13527.0,33,12,4541.29,4,5,5,455,14,2
13529.0,78,2,307.76,3,2,2,322,7,3
13530.0,634,1,402.98,1,1,2,112,4,3
13531.0,205,6,1738.52,2,4,4,244,10,1
13532.0,33,1,210.31,4,1,1,411,6,0
13533.0,182,3,269.09,3,3,1,331,7,3
13534.0,2,35,7720.9,5,5,5,555,15,2
13535.0,402,1,89.5,2,1,1,211,4,3
13536.0,1,7,3444.39,5,4,5,545,14,2
13537.0,425,2,717.85,1,2,3,123,6,3
13538.0,43,12,3103.13,4,5,5,455,14,2
13539.0,85,7,1569.36,3,4,4,344,11,1
13540.0,467,3,632.39,1,3,3,133,7,3
13541.0,427,2,785.25,1,2,3,123,6,3
13542.0,376,17,3911.89,2,5,5,255,12,1
13543.0,634,2,1439.61,1,2,4,124,7,1
13544.0,39,6,779.15,4,4,3,443,11,0
13545.0,390,2,364.93,2,2,2,222,6,3
13546.0,12,5,1086.24,5,4,3,543,12,0
13547.0,408,1,164.53,2,1,1,211,4,3
13548.0,96,3,901.44,3,3,3,333,9,1
13549.0,25,8,1005.8,4,4,3,443,11,0
13550.0,383,1,342.55,2,1,2,212,5,3
13551.0,319,2,226.35,2,2,1,221,5,3
13552.0,66,22,6918.32,3,5,5,355,13,2
13553.0,674,1,499.6,1,1,2,112,4,3
13554.0,380,7,1624.4,2,4,4,244,10,1
13555.0,73,13,8675.09,3,5,5,355,13,2
13556.0,429,2,200.82,1,2,1,121,4,3
13557.0,28,13,3032.26,4,5,5,455,14,2
13558.0,5,4,594.52,5,3,2,532,10,0
13559.0,512,2,990.0,1,2,3,123,6,3
13560.0,7,1,171.42000000000002,5,1,1,511,7,0
13561.0,215,11,1773.65,2,5,4,254,11,1
13562.0,81,8,4659.2300000000005,3,4,5,345,12,1
13563.0,84,2,777.53,3,2,3,323,8,0
13564.0,354,36,16336.27,2,5,5,255,12,2
13565.0,19,3,414.8,5,3,2,532,10,0
13566.0,40,5,1684.75,4,4,4,444,12,1
13567.0,428,4,1050.84,1,3,3,133,7,1
13568.0,173,1,187.05,3,1,1,311,5,3
13569.0,17,4,824.96,5,3,3,533,11,0
13570.0,243,1,239.49,2,1,1,211,4,3
13571.0,12,26,4525.36,5,5,5,555,15,2
13572.0,205,1,1384.25,2,1,4,214,7,3
13573.0,50,6,900.22,4,4,3,443,11,1
13574.0,411,1,399.5,1,1,2,112,4,3
13575.0,23,5,732.0699999999999,4,4,3,443,11,0
13576.0,10,28,11540.34,5,5,5,555,15,2
13577.0,25,11,3484.28,4,5,5,455,14,2
13578.0,409,1,147.66,1,1,1,111,3,3
13579.0,14,5,1508.44,5,4,4,544,13,0
13580.0,406,1,107.75,2,1,1,211,4,3
13581.0,309,2,280.53000000000003,2,2,1,221,5,3
13582.0,389,2,241.68,2,2,1,221,5,3
13583.0,155,2,1401.37,3,2,4,324,9,1
13584.0,306,3,385.7,2,3,2,232,7,3
13585.0,530,3,684.54,1,3,3,133,7,1
13586.0,541,1,127.28,1,1,1,111,3,3
13587.0,63,4,1673.5,3,3,4,334,10,1
13588.0,15,9,2478.95,5,5,4,554,14,2
13589.0,14,6,1120.74,5,4,3,543,12,0
13590.0,11,18,6336.04,5,5,5,555,15,2
13591.0,64,7,2055.69,3,4,4,344,11,1
13592.0,35,4,230.11,4,3,1,431,8,0
13593.0,108,14,5471.4400000000005,3,5,5,355,13,2
13594.0,52,2,533.32,4,2,2,422,8,0
13595.0,516,3,779.53,1,3,3,133,7,1
13596.0,5,2,664.11,5,2,3,523,10,0
13597.0,400,2,396.71,2,2,2,222,6,3
13598.0,47,5,700.76,4,4,3,443,11,0
13599.0,1,33,10151.98,5,5,5,555,15,2
13600.0,312,2,518.42,2,2,2,222,6,3
13601.0,45,4,1134.49,4,3,3,433,10,0
13602.0,64,4,1025.17,3,3,3,333,9,1
13603.0,26,1,164.34,4,1,1,411,6,0
13604.0,658,1,717.62,1,1,3,113,5,3
13605.0,387,2,522.67,2,2,2,222,6,3
13606.0,29,3,271.86,4,3,1,431,8,0
13607.0,40,2,1075.81,4,2,3,423,9,0
13608.0,540,1,232.05,1,1,1,111,3,3
13609.0,593,1,167.35,1,1,1,111,3,3
13610.0,12,14,2080.61,5,5,4,554,14,2
13611.0,89,10,3206.13,3,5,5,355,13,1
13612.0,632,1,791.29,1,1,3,113,5,3
13613.0,452,5,1039.85,1,4,3,143,8,1
13614.0,24,6,2300.19,4,4,4,444,12,0
13615.0,318,8,6112.4800000000005,2,4,5,245,11,1
13616.0,568,2,283.85,1,2,2,122,5,3
13617.0,40,8,1278.75,4,4,4,444,12,1
13618.0,173,1,177.34,3,1,1,311,5,3
13619.0,544,2,223.44,1,2,1,121,4,3
13620.0,528,1,112.34,1,1,1,111,3,3
13621.0,116,1,213.85,3,1,1,311,5,3
13622.0,696,1,597.75,1,1,2,112,4,3
13623.0,30,10,2530.96,4,5,4,454,13,2
13624.0,388,1,462.08,2,1,2,212,5,3
13625.0,596,1,301.26,1,1,2,112,4,3
13626.0,252,2,707.04,2,2,3,223,7,3
13627.0,59,7,2226.1,3,4,4,344,11,1
13628.0,676,1,310.14,1,1,2,112,4,3
13629.0,23,19,13370.86,4,5,5,455,14,2
13630.0,5,7,2031.78,5,4,4,544,13,2
13631.0,99,11,3070.42,3,5,5,355,13,1
13632.0,24,8,3645.81,4,4,5,445,13,2
13634.0,33,15,4977.58,4,5,5,455,14,2
13635.0,67,4,2999.16,3,3,5,335,11,1
13636.0,36,5,949.12,4,4,3,443,11,0
13637.0,52,3,803.05,4,3,3,433,10,0
13638.0,15,1,122.64,5,1,1,511,7,0
13639.0,74,2,1346.27,3,2,4,324,9,1
13640.0,611,1,405.0,1,1,2,112,4,3
13641.0,640,4,942.37,1,3,3,133,7,1
13642.0,215,4,472.2,2,3,2,232,7,1
13643.0,31,10,2156.77,4,5,4,454,13,2
13644.0,16,4,2624.26,5,3,4,534,12,0
13645.0,120,1,252.1,3,1,1,311,5,3
13646.0,399,2,320.3,2,2,2,222,6,3
13647.0,9,8,3011.68,5,4,5,545,14,2
13648.0,400,8,1759.07,2,4,4,244,10,1
13649.0,256,6,1595.68,2,4,4,244,10,1
13650.0,16,10,3288.0,5,5,5,555,15,2
13651.0,39,2,211.85,4,2,1,421,7,0
13652.0,45,5,2509.65,4,4,4,444,12,1
13653.0,487,1,152.2,1,1,1,111,3,3
13654.0,43,11,6308.0,4,5,5,455,14,2
13655.0,114,6,2265.21,3,4,4,344,11,1
13656.0,164,4,1078.85,3,3,3,333,9,1
13657.0,10,2,367.14,5,2,2,522,9,0
13658.0,9,9,5912.45,5,5,5,555,15,2
13659.0,205,12,4854.08,2,5,5,255,12,1
13660.0,400,1,300.69,2,1,2,212,5,3
13661.0,603,1,325.24,1,1,2,112,4,3
13662.0,85,11,2233.61,3,5,4,354,12,1
13663.0,179,5,2047.51,3,4,4,344,11,1
13665.0,386,3,1711.66,2,3,4,234,9,1
13666.0,60,5,111.75,3,4,1,341,8,0
13667.0,149,1,299.05,3,1,2,312,6,3
13668.0,2,35,12437.28,5,5,5,555,15,2
13669.0,50,3,413.55,4,3,2,432,9,0
13670.0,75,1,349.7,3,1,2,312,6,3
13671.0,394,1,172.6,2,1,1,211,4,3
13672.0,301,3,419.92,2,3,2,232,7,3
13673.0,18,2,387.44,5,2,2,522,9,0
13674.0,432,1,240.68,1,1,1,111,3,3
13675.0,151,2,486.8200000000001,3,2,2,322,7,3
13676.0,539,2,243.9,1,2,1,121,4,3
13677.0,404,2,551.24,2,2,2,222,6,3
13678.0,151,1,232.6,3,1,1,311,5,3
13679.0,493,3,281.26,1,3,1,131,5,3
13680.0,1,12,11363.32,5,5,5,555,15,2
13681.0,17,4,827.83,5,3,3,533,11,0
13682.0,187,1,59.5,2,1,1,211,4,3
13683.0,457,1,258.6,1,1,1,111,3,3
13684.0,285,4,594.88,2,3,2,232,7,1
13685.0,2,7,3119.44,5,4,5,545,14,2
13686.0,182,3,409.04,3,3,2,332,8,3
13687.0,438,1,11880.84,1,1,5,115,7,1
13688.0,635,1,375.5,1,1,2,112,4,3
13689.0,63,2,1259.5,3,2,4,324,9,0
13690.0,59,1,172.25,3,1,1,311,5,3
13691.0,396,1,210.78,2,1,1,211,4,3
13692.0,24,5,3114.4,4,4,5,445,13,0
13693.0,374,9,1957.82,2,5,4,254,11,1
13694.0,3,143,195704.37,5,5,5,555,15,2
13695.0,31,16,2710.73,4,5,4,454,13,2
13696.0,421,3,2020.4,1,3,4,134,8,1
13697.0,38,1,151.29999999999998,4,1,1,411,6,0
13698.0,596,2,451.73,1,2,2,122,5,3
13699.0,155,2,764.15,3,2,3,323,8,1
13700.0,26,13,2578.17,4,5,4,454,13,2
13701.0,446,1,161.0,1,1,1,111,3,3
13702.0,445,1,135.18,1,1,1,111,3,3
13703.0,318,2,425.56,2,2,2,222,6,3
13704.0,5,9,2308.06,5,5,4,554,14,2
13705.0,7,7,2035.33,5,4,4,544,13,2
13706.0,302,2,569.97,2,2,2,222,6,3
13707.0,267,5,3365.86,2,4,5,245,11,1
13708.0,271,1,283.33,2,1,2,212,5,3
13709.0,3,18,7551.55,5,5,5,555,15,2
13710.0,31,3,509.52,4,3,2,432,9,0
13711.0,218,9,1699.5,2,5,4,254,11,1
13712.0,246,2,751.12,2,2,3,223,7,3
13713.0,408,3,740.76,2,3,3,233,8,1
13714.0,465,1,161.35,1,1,1,111,3,3
13715.0,281,17,8413.79,2,5,5,255,12,2
13716.0,269,1,127.75,2,1,1,211,4,3
13717.0,32,8,1763.3,4,4,4,444,12,1
13718.0,246,2,306.55,2,2,2,222,6,3
13719.0,15,11,2782.1,5,5,4,554,14,2
13720.0,116,4,765.1,3,3,3,333,9,1
13721.0,36,2,741.54,4,2,3,423,9,0
13722.0,131,10,5635.41,3,5,5,355,13,1
13723.0,217,6,1194.08,2,4,3,243,9,1
13724.0,637,1,213.01,1,1,1,111,3,3
13725.0,49,8,1960.76,4,4,4,444,12,1
13726.0,38,2,1079.66,4,2,3,423,9,0
13727.0,28,8,1074.15,4,4,3,443,11,0
13728.0,36,16,2809.57,4,5,4,454,13,2
13729.0,435,3,724.73,1,3,3,133,7,1
13730.0,135,2,752.6,3,2,3,323,8,1
13731.0,219,2,610.59,2,2,3,223,7,3
13732.0,28,1,491.86,4,1,2,412,7,0
13733.0,410,2,487.03,1,2,2,122,5,3
13734.0,508,4,6695.6900000000005,1,3,5,135,9,1
13735.0,24,13,9516.62,4,5,5,455,14,2
13736.0,5,7,2683.36,5,4,4,544,13,2
13737.0,200,1,339.6,2,1,2,212,5,3
13738.0,396,1,434.78,2,1,2,212,5,3
13739.0,18,2,292.2,5,2,2,522,9,0
13740.0,240,5,1526.37,2,4,4,244,10,1
13741.0,71,3,668.4300000000001,3,3,3,333,9,0
13742.0,16,12,3088.07,5,5,5,555,15,2
13743.0,2,7,1341.6,5,4,4,544,13,0
13744.0,95,2,1080.52,3,2,3,323,8,1
13745.0,162,2,767.4,3,2,3,323,8,1
13746.0,413,1,140.99,1,1,1,111,3,3
13747.0,373,2,249.4,2,2,1,221,5,3
13748.0,95,9,2268.35,3,5,4,354,12,1
13750.0,53,11,3602.1800000000003,4,5,5,455,14,2
13751.0,288,1,296.25,2,1,2,212,5,3
13752.0,124,7,1549.8300000000002,3,4,4,344,11,1
13753.0,287,4,2094.57,2,3,4,234,9,1
13754.0,151,3,447.05,3,3,2,332,8,3
13755.0,3,9,2108.06,5,5,4,554,14,2
13756.0,2,23,9188.75,5,5,5,555,15,2
13757.0,674,1,195.55,1,1,1,111,3,3
13758.0,11,14,9314.14,5,5,5,555,15,2
13759.0,33,2,659.4100000000001,4,2,3,423,9,0
13760.0,54,5,1274.39,4,4,4,444,12,1
13761.0,50,6,1952.17,4,4,4,444,12,1
13762.0,218,5,2472.48,2,4,4,244,10,1
13763.0,63,3,5217.4400000000005,3,3,5,335,11,1
13764.0,70,6,2853.02,3,4,4,344,11,1
13765.0,653,1,352.82,1,1,2,112,4,3
13766.0,495,1,190.35,1,1,1,111,3,3
13767.0,2,73,34767.03,5,5,5,555,15,2
13768.0,726,2,875.97,1,2,3,123,6,3
13769.0,2,20,5800.42,5,5,5,555,15,2
13770.0,422,4,785.37,1,3,3,133,7,1
13771.0,64,9,5713.52,3,5,5,355,13,2
13772.0,33,8,3068.92,4,4,5,445,13,2
13773.0,396,2,301.54,2,2,2,222,6,3
13774.0,81,1,345.0,3,1,2,312,6,3
13775.0,590,1,1049.66,1,1,3,113,5,3
13777.0,0,61,54922.47,5,5,5,555,15,2
13778.0,103,4,1124.49,3,3,3,333,9,1
13779.0,515,1,155.18,1,1,1,111,3,3
13780.0,7,3,717.22,5,3,3,533,11,0
13781.0,250,3,748.23,2,3,3,233,8,1
13782.0,12,13,1786.08,5,5,4,554,14,2
13783.0,487,4,1542.09,1,3,4,134,8,1
13784.0,9,14,2910.23,5,5,5,555,15,2
13785.0,428,4,542.49,1,3,2,132,6,1
13786.0,367,6,3343.39,2,4,5,245,11,1
13787.0,75,6,1222.5,3,4,4,344,11,1
13788.0,505,1,3.75,1,1,1,111,3,3
13789.0,388,1,239.46,2,1,1,211,4,3
13790.0,4,1,348.8,5,1,2,512,8,0
13791.0,127,2,1516.0,3,2,4,324,9,1
13792.0,66,3,383.95,3,3,2,332,8,0
13793.0,646,1,96.0,1,1,1,111,3,3
13794.0,546,1,126.03,1,1,1,111,3,3
13795.0,388,4,836.3,2,3,3,233,8,1
13796.0,499,1,289.7,1,1,2,112,4,3
13797.0,436,3,1179.45,1,3,3,133,7,1
13798.0,1,110,75818.15,5,5,5,555,15,2
13799.0,116,9,2672.77,3,5,4,354,12,1
13800.0,309,3,1679.56,2,3,4,234,9,1
13801.0,66,1,324.8,3,1,2,312,6,3
13802.0,138,19,26195.51,3,5,5,355,13,2
13803.0,255,3,1338.91,2,3,4,234,9,1
13804.0,30,9,3141.32,4,5,5,455,14,2
13805.0,52,2,924.6,4,2,3,423,9,0
13806.0,63,1,256.38,3,1,1,311,5,3
13807.0,367,3,519.5,2,3,2,232,7,3
13808.0,5,5,1747.66,5,4,4,544,13,0
13809.0,305,3,679.7,2,3,3,233,8,1
13810.0,28,2,827.51,4,2,3,423,9,0
13811.0,183,2,519.75,3,2,2,322,7,3
13812.0,42,3,485.0,4,3,2,432,9,0
13813.0,39,8,2296.27,4,4,4,444,12,1
13814.0,92,3,2217.72,3,3,4,334,10,1
13815.0,22,8,6717.94,4,4,5,445,13,2
13816.0,23,2,499.67,4,2,2,422,8,0
13817.0,29,2,316.38,4,2,2,422,8,0
13818.0,429,1,61.28,1,1,1,111,3,3
13819.0,301,6,2642.35,2,4,4,244,10,1
13820.0,418,3,592.0,1,3,2,132,6,3
13821.0,144,6,1352.08,3,4,4,344,11,1
13822.0,5,2,632.0,5,2,3,523,10,0
13823.0,18,7,3403.4500000000003,5,4,5,545,14,2
13824.0,32,12,3314.76,4,5,5,455,14,2
13825.0,621,2,255.59,1,2,1,121,4,3
13826.0,176,1,189.5,3,1,1,311,5,3
13827.0,57,3,409.8,4,3,2,432,9,0
13828.0,22,1,209.49,4,1,1,411,6,0
13829.0,421,1,102.0,1,1,1,111,3,3
13830.0,581,1,156.85000000000002,1,1,1,111,3,3
13831.0,16,18,6991.639999999999,5,5,5,555,15,2
13832.0,19,2,603.9399999999999,5,2,2,522,9,0
13833.0,159,2,700.41,3,2,3,323,8,3
13834.0,576,2,324.19,1,2,2,122,5,3
13835.0,25,7,1095.27,4,4,3,443,11,0
13836.0,399,2,620.37,2,2,3,223,7,3
13837.0,211,2,266.59000000000003,2,2,1,221,5,3
13838.0,5,10,1897.93,5,5,4,554,14,2
13839.0,486,1,122.1,1,1,1,111,3,3
13840.0,416,1,651.4,1,1,3,113,5,3
13841.0,252,1,85.0,2,1,1,211,4,3
13842.0,58,18,5616.61,4,5,5,455,14,2
13843.0,381,1,319.75,2,1,2,212,5,3
13844.0,11,1,361.62,5,1,2,512,8,0
13845.0,64,1,312.98,3,1,2,312,6,3
13846.0,24,4,1307.79,4,3,4,434,11,0
13847.0,719,1,310.72,1,1,2,112,4,3
13848.0,92,8,3335.0,3,4,5,345,12,1
13849.0,51,5,3413.5,4,4,5,445,13,1
13850.0,129,1,1595.48,3,1,4,314,8,1
13851.0,95,8,4606.46,3,4,5,345,12,1
13852.0,610,1,169.5,1,1,1,111,3,3
13853.0,57,1,1090.14,4,1,3,413,8,0
13854.0,8,39,12253.96,5,5,5,555,15,2
13855.0,500,4,1290.54,1,3,4,134,8,1
13856.0,168,11,1142.03,3,5,3,353,11,1
13857.0,393,6,985.61,2,4,3,243,9,1
13858.0,57,1,216.17,4,1,1,411,6,3
13859.0,326,2,515.86,2,2,2,222,6,3
13860.0,1,5,1245.9,5,4,4,544,13,0
13861.0,429,2,273.26,1,2,1,121,4,3
13862.0,18,9,2556.09,5,5,4,554,14,2
13863.0,247,4,1168.65,2,3,3,233,8,1
13864.0,386,1,662.4000000000001,2,1,3,213,6,3
13865.0,58,4,501.56,4,3,2,432,9,0
13866.0,74,1,145.67000000000002,3,1,1,311,5,3
13867.0,31,3,1005.09,4,3,3,433,10,0
13868.0,7,2,3192.54,5,2,5,525,12,0
13869.0,123,10,7721.47,3,5,5,355,13,1
13870.0,2,15,5493.68,5,5,5,555,15,2
13871.0,22,17,7771.55,4,5,5,455,14,2
13872.0,527,3,904.57,1,3,3,133,7,1
13873.0,119,8,1019.12,3,4,3,343,10,1
13874.0,358,7,2049.15,2,4,4,244,10,1
13875.0,53,14,4799.37,4,5,5,455,14,2
13876.0,63,1,122.7,3,1,1,311,5,3
13877.0,86,3,449.68,3,3,2,332,8,0
13878.0,54,4,2363.5,4,3,4,434,11,1
13879.0,645,1,395.5,1,1,2,112,4,3
13880.0,21,17,4391.66,4,5,5,455,14,2
13881.0,3,43,45158.7,5,5,5,555,15,2
13882.0,2,5,1191.13,5,4,3,543,12,0
13883.0,10,14,6495.77,5,5,5,555,15,2
13884.0,7,10,1823.78,5,5,4,554,14,2
13885.0,189,2,506.8,2,2,2,222,6,3
13886.0,71,1,243.56,3,1,1,311,5,3
13887.0,204,1,339.59000000000003,2,1,2,212,5,3
13888.0,119,7,1981.79,3,4,4,344,11,1
13889.0,92,6,1964.23,3,4,4,344,11,1
13890.0,1,14,2927.38,5,5,5,555,15,2
13891.0,378,3,859.21,2,3,3,233,8,1
13892.0,26,6,1267.65,4,4,4,444,12,0
13893.0,297,1,821.1,2,1,3,213,6,3
13894.0,23,3,564.62,4,3,2,432,9,0
13895.0,28,6,4008.52,4,4,5,445,13,2
13896.0,625,1,388.55,1,1,2,112,4,3
13897.0,50,3,1160.72,4,3,3,433,10,0
13898.0,325,2,686.4,2,2,3,223,7,3
13899.0,16,2,388.52,5,2,2,522,9,0
13900.0,183,6,1427.47,3,4,4,344,11,1
13901.0,72,15,5638.42,3,5,5,355,13,2
13902.0,632,5,34023.26,1,4,5,145,10,1
13903.0,400,1,145.65,2,1,1,211,4,3
13904.0,37,2,332.64,4,2,2,422,8,0
13905.0,732,1,294.8,1,1,2,112,4,3
13906.0,409,1,42.0,1,1,1,111,3,3
13907.0,691,1,136.8,1,1,1,111,3,3
13908.0,79,4,2114.62,3,3,4,334,10,1
13909.0,423,2,282.85,1,2,2,122,5,3
13911.0,57,20,4051.69,4,5,5,455,14,2
13912.0,423,1,124.95,1,1,1,111,3,3
13913.0,506,1,42.22,1,1,1,111,3,3
13914.0,11,2,626.45,5,2,3,523,10,0
13915.0,394,1,70.80000000000001,2,1,1,211,4,3
13916.0,463,4,1260.51,1,3,4,134,8,1
13917.0,49,2,272.04,4,2,1,421,7,0
13918.0,49,2,1212.84,4,2,3,423,9,0
13919.0,59,4,1252.68,3,3,4,334,10,1
13920.0,431,4,1774.68,1,3,4,134,8,1
13921.0,402,4,730.7,2,3,3,233,8,1
13922.0,351,3,865.2,2,3,3,233,8,1
13923.0,53,1,351.13,4,1,2,412,7,0
13924.0,1,6,1838.85,5,4,4,544,13,0
13925.0,92,4,678.25,3,3,3,333,9,1
13926.0,23,1,223.85,4,1,1,411,6,0
13927.0,74,2,692.96,3,2,3,323,8,0
13928.0,10,4,464.57,5,3,2,532,10,0
13929.0,169,11,3494.1,3,5,5,355,13,1
13930.0,57,2,337.34,4,2,2,422,8,0
13931.0,95,11,5257.38,3,5,5,355,13,2
13932.0,294,1,307.4,2,1,2,212,5,3
13933.0,109,2,608.7900000000001,3,2,3,323,8,3
13934.0,263,1,922.1,2,1,3,213,6,3
13935.0,596,3,5935.12,1,3,5,135,9,1
13936.0,179,3,939.66,3,3,3,333,9,1
13937.0,169,2,880.13,3,2,3,323,8,1
13938.0,35,1,71.66,4,1,1,411,6,3
13939.0,23,7,1560.96,4,4,4,444,12,0
13940.0,17,4,839.14,5,3,3,533,11,0
13941.0,21,15,11122.3,4,5,5,455,14,2
13942.0,534,1,320.0,1,1,2,112,4,3
13943.0,577,1,246.54,1,1,1,111,3,3
13944.0,653,1,200.43,1,1,1,111,3,3
13945.0,394,2,834.35,2,2,3,223,7,3
13946.0,79,6,1876.23,3,4,4,344,11,1
13947.0,65,1,90.6,3,1,1,311,5,3
13948.0,360,4,548.76,2,3,2,232,7,1
13949.0,2,6,2407.52,5,4,4,544,13,2
13950.0,11,4,730.06,5,3,3,533,11,0
13951.0,176,3,674.45,3,3,3,333,9,1
13952.0,217,14,12534.56,2,5,5,255,12,2
13953.0,7,12,6640.68,5,5,5,555,15,2
13954.0,1,2,439.92,5,2,2,522,9,0
13955.0,154,3,544.0699999999999,3,3,2,332,8,1
13956.0,5,5,993.77,5,4,3,543,12,0
13957.0,417,3,458.25,1,3,2,132,6,3
13958.0,379,8,4709.2300000000005,2,4,5,245,11,1
13959.0,79,6,1064.77,3,4,3,343,10,1
13960.0,21,2,230.22,4,2,1,421,7,0
13961.0,392,1,538.4,2,1,2,212,5,3
13962.0,21,3,362.8,4,3,2,432,9,0
13963.0,308,17,2972.27,2,5,5,255,12,1
13964.0,387,2,438.9,2,2,2,222,6,3
13965.0,476,3,925.51,1,3,3,133,7,1
13966.0,435,1,384.26,1,1,2,112,4,3
13967.0,145,2,166.3,3,2,1,321,6,3
13968.0,423,1,123.66,1,1,1,111,3,3
13969.0,7,35,13286.07,5,5,5,555,15,2
13970.0,386,2,810.85,2,2,3,223,7,3
13971.0,18,14,4627.97,5,5,5,555,15,2
13972.0,70,2,190.25,3,2,1,321,6,3
13973.0,287,1,264.7,2,1,1,211,4,3
13974.0,49,2,677.72,4,2,3,423,9,0
13975.0,31,12,5233.6,4,5,5,455,14,2
13976.0,206,4,1177.06,2,3,3,233,8,1
13977.0,411,1,519.8100000000001,1,1,2,112,4,3
13978.0,14,2,196.79,5,2,1,521,8,0
13979.0,73,7,3373.63,3,4,5,345,12,1
13980.0,60,5,768.82,3,4,3,343,10,1
13981.0,415,1,331.14,1,1,2,112,4,3
13982.0,39,9,4382.89,4,5,5,455,14,2
13983.0,29,21,7052.65,4,5,5,455,14,2
13984.0,26,12,2048.6,4,5,4,454,13,2
13985.0,4,22,10020.86,5,5,5,555,15,2
13986.0,17,1,320.46,5,1,2,512,8,0
13987.0,379,2,682.54,2,2,3,223,7,3
13988.0,19,8,4610.34,5,4,5,545,14,2
13989.0,65,5,2026.06,3,4,4,344,11,1
13990.0,213,1,292.58,2,1,2,212,5,3
13991.0,12,6,851.88,5,4,3,543,12,0
13992.0,30,3,219.5,4,3,1,431,8,0
13993.0,42,19,6721.110000000001,4,5,5,455,14,2
13994.0,3,6,2254.34,5,4,4,544,13,2
13995.0,15,14,3902.01,5,5,5,555,15,2
13996.0,386,2,845.76,2,2,3,223,7,3
13997.0,519,3,370.51,1,3,2,132,6,3
13998.0,446,3,566.7,1,3,2,132,6,3
13999.0,10,29,9442.86,5,5,5,555,15,2
14000.0,211,5,2046.34,2,4,4,244,10,1
14001.0,45,9,4510.29,4,5,5,455,14,2
14002.0,134,2,529.73,3,2,2,322,7,3
14003.0,732,1,209.41,1,1,1,111,3,3
14004.0,43,11,6258.45,4,5,5,455,14,2
14005.0,9,5,2864.76,5,4,4,544,13,0
14006.0,115,7,2196.67,3,4,4,344,11,1
14007.0,512,1,79.48,1,1,1,111,3,3
14008.0,432,1,509.04,1,1,2,112,4,3
14009.0,198,3,1092.26,2,3,3,233,8,1
14010.0,565,2,445.15,1,2,2,122,5,3
14011.0,480,2,457.82,1,2,2,122,5,3
14012.0,277,1,328.8,2,1,2,212,5,3
14013.0,110,5,1084.57,3,4,3,343,10,1
14014.0,77,3,1948.21,3,3,4,334,10,1
14015.0,52,1,917.34,4,1,3,413,8,0
14016.0,161,11,11037.76,3,5,5,355,13,2
14017.0,571,1,229.75,1,1,1,111,3,3
14018.0,645,1,367.15,1,1,2,112,4,3
14019.0,46,3,1421.61,4,3,4,434,11,0
14020.0,16,4,1229.21,5,3,4,534,12,0
14021.0,155,7,1716.58,3,4,4,344,11,1
14022.0,225,2,792.15,2,2,3,223,7,3
14023.0,7,2,584.07,5,2,2,522,9,0
14024.0,121,3,625.94,3,3,3,333,9,1
14025.0,464,8,4057.9,1,4,5,145,10,1
14026.0,470,2,713.11,1,2,3,123,6,3
14027.0,60,1,104.82,3,1,1,311,5,3
14028.0,550,3,10396.5,1,3,5,135,9,1
14029.0,63,2,467.66,3,2,2,322,7,0
14030.0,18,20,8082.53,5,5,5,555,15,2
14031.0,7,44,36105.45,5,5,5,555,15,2
14032.0,2,16,4681.97,5,5,5,555,15,2
14033.0,555,1,109.44,1,1,1,111,3,3
14034.0,22,3,643.9399999999999,4,3,3,433,10,0
14035.0,28,9,2779.75,4,5,4,454,13,2
14036.0,284,1,626.65,2,1,3,213,6,3
14037.0,176,6,836.95,3,4,3,343,10,1
14038.0,78,5,3069.88,3,4,5,345,12,1
14039.0,33,2,267.28000000000003,4,2,1,421,7,0
14040.0,40,35,12435.86,4,5,5,455,14,2
14041.0,266,1,141.41,2,1,1,211,4,3
14042.0,725,1,431.98,1,1,2,112,4,3
14043.0,491,2,302.6,1,2,2,122,5,3
14044.0,26,10,2990.35,4,5,5,455,14,2
14045.0,109,16,11313.03,3,5,5,355,13,2
14046.0,284,1,151.59,2,1,1,211,4,3
14047.0,8,14,4255.03,5,5,5,555,15,2
14048.0,305,3,748.69,2,3,3,233,8,1
14049.0,16,13,12980.05,5,5,5,555,15,2
14050.0,31,2,746.36,4,2,3,423,9,0
14051.0,0,37,20463.6,5,5,5,555,15,2
14052.0,19,2,466.66,5,2,2,522,9,0
14053.0,124,4,572.3,3,3,2,332,8,1
14054.0,65,1,92.46,3,1,1,311,5,3
14055.0,106,3,1520.96,3,3,4,334,10,1
14056.0,1,23,7964.79,5,5,5,555,15,2
14057.0,23,22,8270.16,4,5,5,455,14,2
14058.0,462,2,469.19,1,2,2,122,5,3
14059.0,266,1,183.6,2,1,1,211,4,3
14060.0,4,30,9246.38,5,5,5,555,15,2
14061.0,507,3,903.93,1,3,3,133,7,1
14062.0,9,24,23389.35,5,5,5,555,15,2
14063.0,686,7,9471.5,1,4,5,145,10,1
14064.0,29,15,3260.24,4,5,5,455,14,2
14065.0,389,3,891.02,2,3,3,233,8,1
14066.0,266,1,106.65,2,1,1,211,4,3
14067.0,63,2,374.7,3,2,2,322,7,0
14068.0,320,4,1498.87,2,3,4,234,9,1
14069.0,514,2,213.91,1,2,1,121,4,3
14070.0,684,1,317.8,1,1,2,112,4,3
14071.0,3,8,1421.09,5,4,4,544,13,2
14072.0,666,1,390.85,1,1,2,112,4,3
14073.0,32,1,151.04,4,1,1,411,6,0
14074.0,623,1,219.4,1,1,1,111,3,3
14075.0,4,5,1724.87,5,4,4,544,13,0
14076.0,129,1,118.67,3,1,1,311,5,3
14077.0,40,6,615.0799999999999,4,4,3,443,11,0
14078.0,101,9,1688.06,3,5,4,354,12,1
14079.0,124,1,375.1,3,1,2,312,6,3
14080.0,32,5,1072.33,4,4,3,443,11,0
14081.0,302,10,5288.59,2,5,5,255,12,1
14082.0,364,2,413.36,2,2,2,222,6,3
14083.0,4,11,1360.9,5,5,4,554,14,2
14084.0,512,1,150.5,1,1,1,111,3,3
14085.0,2,32,9978.91,5,5,5,555,15,2
14086.0,462,1,39.95,1,1,1,111,3,3
14087.0,2,3,829.47,5,3,3,533,11,0
14088.0,10,16,63314.95,5,5,5,555,15,2
14089.0,56,1,158.75,4,1,1,411,6,3
14090.0,324,1,76.32000000000001,2,1,1,211,4,3
14091.0,654,2,7816.12,1,2,5,125,8,1
14092.0,7,24,7122.35,5,5,5,555,15,2
14093.0,12,1,433.86,5,1,2,512,8,0
14094.0,439,1,311.77,1,1,2,112,4,3
14095.0,722,1,2.95,1,1,1,111,3,3
14096.0,4,17,53126.67,5,5,5,555,15,2
14097.0,481,2,422.86,1,2,2,122,5,3
14098.0,36,1,86.15,4,1,1,411,6,3
14099.0,16,20,5608.41,5,5,5,555,15,2
14100.0,137,1,191.95,3,1,1,311,5,3
14101.0,73,13,9961.93,3,5,5,355,13,2
14102.0,5,5,1105.88,5,4,3,543,12,0
14104.0,154,5,740.53,3,4,3,343,10,1
14105.0,239,5,5840.33,2,4,5,245,11,1
14106.0,737,1,214.8,1,1,1,111,3,3
14107.0,51,11,4770.2,4,5,5,455,14,2
14108.0,30,4,1044.96,4,3,3,433,10,0
14109.0,72,1,130.9,3,1,1,311,5,3
14110.0,3,33,12914.6,5,5,5,555,15,2
14111.0,14,4,677.85,5,3,3,533,11,0
14112.0,22,13,5773.39,4,5,5,455,14,2
14113.0,3,16,6744.31,5,5,5,555,15,2
14114.0,273,7,1364.09,2,4,4,244,10,1
14115.0,501,2,622.6700000000001,1,2,3,123,6,3
14116.0,19,5,1382.74,5,4,4,544,13,0
14117.0,143,1,90.0,3,1,1,311,5,3
14118.0,428,1,458.45,1,1,2,112,4,3
14119.0,375,2,183.37,2,2,1,221,5,3
14121.0,3,4,2780.15,5,3,4,534,12,0
14122.0,406,3,362.42,2,3,2,232,7,3
14123.0,733,1,436.18,1,1,2,112,4,3
14124.0,84,1,419.58,3,1,2,312,6,3
14125.0,10,3,2720.63,5,3,4,534,12,0
14126.0,7,4,1157.46,5,3,3,533,11,0
14127.0,122,6,1900.08,3,4,4,344,11,1
14128.0,60,3,863.01,3,3,3,333,9,0
14129.0,1,9,2591.34,5,5,4,554,14,2
14130.0,319,4,1858.77,2,3,4,234,9,1
14131.0,648,1,168.22,1,1,1,111,3,3
14132.0,2,11,3586.03,5,5,5,555,15,2
14133.0,129,4,865.24,3,3,3,333,9,1
14134.0,382,15,11123.35,2,5,5,255,12,1
14135.0,1,24,9643.92,5,5,5,555,15,2
14136.0,400,5,1570.81,2,4,4,244,10,1
14137.0,695,1,332.7,1,1,2,112,4,3
14138.0,1,2,965.88,5,2,3,523,10,0
14139.0,46,4,1086.8,4,3,3,433,10,0
14140.0,3,2,873.85,5,2,3,523,10,0
14141.0,2,4,875.5300000000001,5,3,3,533,11,0
14142.0,373,2,983.15,2,2,3,223,7,1
14143.0,133,1,115.8,3,1,1,311,5,3
14144.0,486,1,30.6,1,1,1,111,3,3
14145.0,46,7,5818.05,4,4,5,445,13,2
14146.0,8,12,9432.45,5,5,5,555,15,2
14147.0,78,9,2590.2,3,5,4,354,12,1
14148.0,233,2,466.29,2,2,2,222,6,3
14149.0,220,1,446.62,2,1,2,212,5,3
14150.0,35,2,658.64,4,2,3,423,9,0
14151.0,673,2,679.45,1,2,3,123,6,3
14152.0,75,7,1997.34,3,4,4,344,11,1
14153.0,483,1,233.4,1,1,1,111,3,3
14154.0,239,8,6460.7,2,4,5,245,11,1
14155.0,266,1,100.9,2,1,1,211,4,3
14156.0,9,144,296940.73,5,5,5,555,15,2
14157.0,19,5,971.19,5,4,3,543,12,0
14158.0,40,1,507.66,4,1,2,412,7,0
14159.0,19,20,7779.55,5,5,5,555,15,2
14160.0,610,7,8421.47,1,4,5,145,10,1
14161.0,215,7,3253.73,2,4,5,245,11,1
14162.0,173,2,289.36,3,2,2,322,7,3
14163.0,87,5,2508.4700000000003,3,4,4,344,11,1
14164.0,70,2,1631.77,3,2,4,324,9,1
14165.0,275,1,117.89,2,1,1,211,4,3
14166.0,505,2,251.15,1,2,1,121,4,3
14167.0,39,8,1274.29,4,4,4,444,12,1
14168.0,420,2,370.45,1,2,2,122,5,3
14169.0,430,2,613.11,1,2,3,123,6,3
14170.0,375,3,564.23,2,3,2,232,7,3
14171.0,98,2,498.79,3,2,2,322,7,3
14172.0,605,3,369.02,1,3,2,132,6,3
14173.0,10,6,586.0,5,4,2,542,11,0
14174.0,33,1,134.46,4,1,1,411,6,0
14175.0,59,8,7663.58,3,4,5,345,12,2
14176.0,297,5,916.01,2,4,3,243,9,1
14177.0,86,13,2171.44,3,5,4,354,12,1
14178.0,8,7,1579.47,5,4,4,544,13,0
14179.0,40,2,690.67,4,2,3,423,9,0
14180.0,10,33,6129.85,5,5,5,555,15,2
14181.0,410,2,308.35,1,2,2,122,5,3
14182.0,443,4,672.82,1,3,3,133,7,1
14183.0,411,2,266.44,1,2,1,121,4,3
14184.0,66,1,452.89,3,1,2,312,6,3
14185.0,331,1,197.65,2,1,1,211,4,3
14186.0,427,5,1550.63,1,4,4,144,9,1
14187.0,473,1,123.5,1,1,1,111,3,3
14188.0,30,6,2054.36,4,4,4,444,12,1
14189.0,2,16,5783.79,5,5,5,555,15,2
14190.0,666,1,79.9,1,1,1,111,3,3
14191.0,1,15,4798.7,5,5,5,555,15,2
14192.0,388,1,293.74,2,1,2,212,5,3
14193.0,67,3,1210.19,3,3,3,333,9,1
14194.0,4,36,18511.59,5,5,5,555,15,2
14195.0,201,6,2615.6,2,4,4,244,10,1
14196.0,106,1,335.52,3,1,2,312,6,3
14197.0,410,1,390.05,1,1,2,112,4,3
14198.0,18,9,1554.73,5,5,4,554,14,2
14199.0,218,4,1091.7,2,3,3,233,8,1
14200.0,617,1,379.2,1,1,2,112,4,3
14201.0,60,10,1193.54,3,5,3,353,11,1
14202.0,381,3,847.76,2,3,3,233,8,1
14203.0,397,1,339.34,2,1,2,212,5,3
14204.0,2,4,1024.83,5,3,3,533,11,0
14205.0,16,9,2414.2,5,5,4,554,14,2
14206.0,239,3,1185.01,2,3,3,233,8,1
14207.0,687,1,157.8,1,1,1,111,3,3
14208.0,94,2,567.05,3,2,2,322,7,0
14209.0,10,15,4967.37,5,5,5,555,15,2
14210.0,105,16,5762.52,3,5,5,355,13,2
14211.0,53,18,4371.69,4,5,5,455,14,2
14212.0,89,2,2190.14,3,2,4,324,9,1
14213.0,404,1,1192.2,2,1,3,213,6,3
14214.0,30,5,1004.38,4,4,3,443,11,0
14215.0,11,9,3397.37,5,5,5,555,15,2
14216.0,3,5,2104.44,5,4,4,544,13,0
14217.0,1,23,3416.89,5,5,5,555,15,2
14218.0,42,1,169.48000000000002,4,1,1,411,6,3
14219.0,4,3,633.83,5,3,3,533,11,0
14220.0,247,4,1515.0,2,3,4,234,9,1
14221.0,42,17,6517.49,4,5,5,455,14,2
14222.0,177,1,683.17,3,1,3,313,7,3
14223.0,92,3,951.53,3,3,3,333,9,1
14224.0,110,9,1718.61,3,5,4,354,12,1
14225.0,434,4,1954.75,1,3,4,134,8,1
14226.0,28,6,2985.13,4,4,5,445,13,2
14227.0,26,15,6346.360000000001,4,5,5,455,14,2
14228.0,437,3,745.5,1,3,3,133,7,1
14229.0,51,7,2594.04,4,4,4,444,12,1
14230.0,435,3,979.8,1,3,3,133,7,1
14231.0,183,4,1235.62,3,3,4,334,10,1
14232.0,42,5,2048.07,4,4,4,444,12,1
14233.0,49,7,2805.27,4,4,4,444,12,1
14234.0,22,4,754.12,4,3,3,433,10,0
14235.0,75,9,4698.19,3,5,5,355,13,1
14236.0,80,5,1744.64,3,4,4,344,11,1
14237.0,373,2,632.14,2,2,3,223,7,3
14238.0,326,3,434.23,2,3,2,232,7,3
14239.0,43,21,4263.17,4,5,5,455,14,2
14240.0,30,3,1247.49,4,3,4,434,11,0
14241.0,183,2,333.70000000000005,3,2,2,322,7,3
14242.0,234,2,280.55,2,2,1,221,5,3
14243.0,8,17,7311.41,5,5,5,555,15,2
14244.0,660,1,366.42,1,1,2,112,4,3
14245.0,219,2,1693.45,2,2,4,224,8,1
14246.0,110,3,1458.76,3,3,4,334,10,1
14247.0,278,5,753.56,2,4,3,243,9,1
14248.0,318,3,1032.95,2,3,3,233,8,1
14249.0,410,12,5352.86,1,5,5,155,11,1
14250.0,7,3,1904.05,5,3,4,534,12,0
14251.0,1,5,2879.7000000000003,5,4,4,544,13,2
14252.0,381,1,350.99,2,1,2,212,5,3
14253.0,493,2,363.4,1,2,2,122,5,3
14254.0,432,1,601.03,1,1,2,112,4,3
14256.0,260,5,2361.94,2,4,4,244,10,1
14257.0,64,9,5954.45,3,5,5,355,13,2
14258.0,9,25,30271.74,5,5,5,555,15,2
14259.0,141,1,120.0,3,1,1,311,5,3
14260.0,471,3,824.28,1,3,3,133,7,1
14261.0,50,2,1163.45,4,2,3,423,9,0
14262.0,8,8,2618.23,5,4,4,544,13,2
14263.0,423,1,307.93,1,1,2,112,4,3
14264.0,154,6,1517.36,3,4,4,344,11,1
14265.0,109,4,1373.35,3,3,4,334,10,1
14266.0,428,1,40.56,1,1,1,111,3,3
14267.0,162,3,1476.64,3,3,4,334,10,1
14268.0,470,1,354.85,1,1,2,112,4,3
14269.0,439,1,295.73,1,1,2,112,4,3
14270.0,331,1,492.65,2,1,2,212,5,3
14271.0,225,2,214.18,2,2,1,221,5,3
14272.0,73,4,920.81,3,3,3,333,9,1
14273.0,51,4,559.97,4,3,2,432,9,0
14274.0,686,1,256.6,1,1,1,111,3,3
14275.0,395,6,1189.38,2,4,3,243,9,1
14276.0,98,7,2102.68,3,4,4,344,11,1
14277.0,15,8,16582.2,5,4,5,545,14,2
14278.0,409,1,205.83,1,1,1,111,3,3
14279.0,520,2,191.86,1,2,1,121,4,3
14280.0,196,1,134.04,2,1,1,211,4,3
14281.0,408,1,245.15,2,1,1,211,4,3
14282.0,3,25,7810.36,5,5,5,555,15,2
14283.0,463,4,628.4399999999999,1,3,3,133,7,1
14284.0,30,3,1299.65,4,3,4,434,11,0
14285.0,21,8,3278.4700000000003,4,4,5,445,13,2
14286.0,23,7,8479.76,4,4,5,445,13,2
14287.0,8,3,176.63,5,3,1,531,9,0
14288.0,213,1,426.6,2,1,2,212,5,3
14289.0,8,6,911.26,5,4,3,543,12,0
14290.0,11,8,4385.76,5,4,5,545,14,2
14291.0,1,23,7904.1,5,5,5,555,15,2
14292.0,7,16,7640.45,5,5,5,555,15,2
14293.0,3,9,3267.9300000000003,5,5,5,555,15,2
14294.0,407,1,375.34,2,1,2,212,5,3
14295.0,40,4,2352.91,4,3,4,434,11,1
14296.0,421,2,456.4,1,2,2,122,5,3
14297.0,17,4,1228.83,5,3,4,534,12,0
14298.0,8,82,90705.25,5,5,5,555,15,2
14299.0,8,27,14459.89,5,5,5,555,15,2
14300.0,18,1,43.2,5,1,1,511,7,0
14301.0,117,4,1974.33,3,3,4,334,10,1
14302.0,430,3,742.9000000000001,1,3,3,133,7,1
14303.0,407,2,277.94,2,2,1,221,5,3
14304.0,222,3,1725.01,2,3,4,234,9,1
14305.0,71,3,1843.96,3,3,4,334,10,1
14306.0,51,6,3151.4,4,4,5,445,13,1
14307.0,88,10,5040.43,3,5,5,355,13,2
14309.0,8,11,3704.31,5,5,5,555,15,2
14310.0,432,1,492.1,1,1,2,112,4,3
14311.0,242,2,516.45,2,2,2,222,6,3
14312.0,46,11,3076.99,4,5,5,455,14,2
14314.0,106,2,229.8,3,2,1,321,6,3
14315.0,44,8,2539.92,4,4,4,444,12,1
14316.0,422,5,1370.34,1,4,4,144,9,1
14317.0,64,1,508.58,3,1,2,312,6,0
14318.0,460,1,158.02,1,1,1,111,3,3
14319.0,424,1,494.85,1,1,2,112,4,3
14320.0,206,5,1346.75,2,4,4,244,10,1
14321.0,10,7,2218.06,5,4,4,544,13,2
14322.0,429,4,474.1,1,3,2,132,6,1
14323.0,114,2,605.0600000000001,3,2,2,322,7,3
14324.0,409,2,701.61,1,2,3,123,6,3
14325.0,569,1,245.48,1,1,1,111,3,3
14326.0,242,3,940.98,2,3,3,233,8,1
14327.0,163,6,1894.93,3,4,4,344,11,1
14329.0,17,15,9834.67,5,5,5,555,15,2
14330.0,623,1,200.63,1,1,1,111,3,3
14331.0,124,2,442.86,3,2,2,322,7,3
14332.0,22,5,1917.41,4,4,4,444,12,0
14333.0,67,1,415.2,3,1,2,312,6,3
14334.0,16,12,4287.88,5,5,5,555,15,2
14335.0,16,2,424.26,5,2,2,522,9,0
14336.0,16,4,1586.23,5,3,4,534,12,0
14338.0,161,3,928.1,3,3,3,333,9,1
14339.0,242,2,620.27,2,2,3,223,7,3
14340.0,218,1,134.7,2,1,1,211,4,3
14341.0,45,17,4432.22,4,5,5,455,14,2
14342.0,21,6,918.44,4,4,3,443,11,0
14343.0,421,4,1079.66,1,3,3,133,7,1
14344.0,127,20,3328.7000000000003,3,5,5,355,13,2
14345.0,38,1,108.98,4,1,1,411,6,3
14346.0,120,5,2297.9,3,4,4,344,11,1
14347.0,736,1,82.6,1,1,1,111,3,3
14348.0,260,1,378.97,2,1,2,212,5,3
14349.0,10,1,133.5,5,1,1,511,7,0
14350.0,274,3,972.03,2,3,3,233,8,1
14351.0,164,1,51.0,3,1,1,311,5,3
14352.0,157,4,1078.96,3,3,3,333,9,1
14353.0,215,3,376.5,2,3,2,232,7,3
14354.0,5,2,163.62,5,2,1,521,8,0
14355.0,365,3,1014.45,2,3,3,233,8,1
14356.0,79,2,701.23,3,2,3,323,8,0
14357.0,43,1,225.12,4,1,1,411,6,0
14358.0,389,2,400.06,2,2,2,222,6,3
14359.0,19,3,912.18,5,3,3,533,11,0
14360.0,31,4,2118.03,4,3,4,434,11,0
14361.0,578,1,214.71,1,1,1,111,3,3
14362.0,22,1,143.85,4,1,1,411,6,0
14363.0,402,2,227.47000000000003,2,2,1,221,5,3
14364.0,108,8,3717.35,3,4,5,345,12,1
14365.0,394,2,634.68,2,2,3,223,7,3
14366.0,525,1,136.0,1,1,1,111,3,3
14367.0,8,16,9208.02,5,5,5,555,15,2
14368.0,319,1,155.0,2,1,1,211,4,3
14369.0,642,2,469.13,1,2,2,122,5,3
14370.0,450,6,1099.28,1,4,3,143,8,1
14371.0,295,1,100.5,2,1,1,211,4,3
14372.0,443,2,860.08,1,2,3,123,6,3
14373.0,358,1,76.55,2,1,1,211,4,3
14374.0,541,1,108.0,1,1,1,111,3,3
14375.0,185,3,1091.52,3,3,3,333,9,1
14376.0,683,1,167.06,1,1,1,111,3,3
14377.0,191,2,617.05,2,2,3,223,7,3
14378.0,621,1,131.25,1,1,1,111,3,3
14379.0,44,4,1203.96,4,3,3,433,10,0
14381.0,52,2,610.64,4,2,3,423,9,0
14382.0,26,2,1191.08,4,2,3,423,9,0
14383.0,38,3,1247.69,4,3,4,434,11,0
14384.0,500,1,58.5,1,1,1,111,3,3
14385.0,9,3,202.11,5,3,1,531,9,0
14386.0,296,1,142.4,2,1,1,211,4,3
14387.0,32,3,1727.6,4,3,4,434,11,0
14388.0,10,16,6533.6,5,5,5,555,15,2
14389.0,65,5,1898.01,3,4,4,344,11,1
14390.0,10,13,6373.7300000000005,5,5,5,555,15,2
14391.0,576,1,135.6,1,1,1,111,3,3
14392.0,432,1,266.4,1,1,1,111,3,3
14393.0,218,1,67.95,2,1,1,211,4,3
14394.0,564,1,93.8,1,1,1,111,3,3
14395.0,2,20,8093.21,5,5,5,555,15,2
14396.0,65,7,2060.28,3,4,4,344,11,1
14397.0,2,19,2612.96,5,5,4,554,14,2
14398.0,401,2,707.79,2,2,3,223,7,3
14399.0,394,8,2108.21,2,4,4,244,10,1
14400.0,149,3,1732.47,3,3,4,334,10,1
14401.0,4,22,6795.9,5,5,5,555,15,2
14402.0,652,1,270.6,1,1,1,111,3,3
14403.0,130,6,1880.51,3,4,4,344,11,1
14404.0,33,13,2853.36,4,5,4,454,13,2
14405.0,386,1,195.0,2,1,1,211,4,3
14406.0,119,1,156.75,3,1,1,311,5,3
14407.0,107,5,2103.9700000000003,3,4,4,344,11,1
14408.0,10,11,4102.27,5,5,5,555,15,2
14409.0,71,9,3756.09,3,5,5,355,13,1
14410.0,92,11,2602.0,3,5,4,354,12,1
14411.0,310,1,1063.0,2,1,3,213,6,3
14412.0,42,3,1426.19,4,3,4,434,11,0
14413.0,362,3,421.72,2,3,2,232,7,3
14414.0,91,8,2347.01,3,4,4,344,11,1
14415.0,1,23,11567.19,5,5,5,555,15,2
14416.0,22,2,490.22,4,2,2,422,8,0
14417.0,387,1,524.65,2,1,2,212,5,3
14418.0,3,3,1921.95,5,3,4,534,12,0
14419.0,10,7,1249.69,5,4,4,544,13,0
14420.0,99,4,1639.17,3,3,4,334,10,1
14421.0,57,6,2469.37,4,4,4,444,12,1
14422.0,0,19,10229.92,5,5,5,555,15,2
14423.0,218,3,916.61,2,3,3,233,8,1
14424.0,17,1,322.08,5,1,2,512,8,0
14425.0,434,3,661.39,1,3,3,133,7,1
14426.0,23,17,11690.14,4,5,5,455,14,2
14427.0,50,4,1263.52,4,3,4,434,11,1
14428.0,7,5,1221.51,5,4,4,544,13,0
14429.0,403,1,516.28,2,1,2,212,5,3
14430.0,511,3,1220.9,1,3,4,134,8,1
14431.0,302,4,2614.2,2,3,4,234,9,1
14432.0,9,6,2228.1,5,4,4,544,13,0
14433.0,465,1,280.7,1,1,1,111,3,3
14434.0,21,6,1372.8,4,4,4,444,12,0
14435.0,501,1,90.42,1,1,1,111,3,3
14436.0,98,2,271.70000000000005,3,2,1,321,6,3
14437.0,365,5,936.34,2,4,3,243,9,1
14438.0,306,1,131.9,2,1,1,211,4,3
14439.0,319,5,9094.74,2,4,5,245,11,1
14440.0,8,13,6638.7300000000005,5,5,5,555,15,2
14441.0,0,11,4611.6900000000005,5,5,5,555,15,2
14442.0,204,7,5367.02,2,4,5,245,11,1
14443.0,53,5,2386.47,4,4,4,444,12,1
14444.0,456,1,120.44,1,1,1,111,3,3
14445.0,455,1,221.65,1,1,1,111,3,3
14446.0,0,5,1192.93,5,4,3,543,12,0
14447.0,18,6,1711.73,5,4,4,544,13,0
14448.0,9,2,375.35,5,2,2,522,9,0
14449.0,18,8,2441.2,5,4,4,544,13,2
14450.0,180,7,1128.44,3,4,3,343,10,1
14451.0,60,12,3258.68,3,5,5,355,13,2
14452.0,10,4,658.95,5,3,3,533,11,0
14453.0,190,1,119.93,2,1,1,211,4,3
14454.0,376,5,962.0,2,4,3,243,9,1
14455.0,432,4,617.72,1,3,3,133,7,1
14456.0,5,9,2999.02,5,5,5,555,15,2
14457.0,310,1,113.64,2,1,1,211,4,3
14458.0,380,1,219.27,2,1,1,211,4,3
14459.0,155,2,5259.04,3,2,5,325,10,1
14460.0,110,9,1093.5,3,5,3,353,11,1
14461.0,148,13,6650.77,3,5,5,355,13,2
14462.0,66,12,2227.91,3,5,4,354,12,1
14463.0,98,4,771.5699999999999,3,3,3,333,9,1
14464.0,568,2,111.0,1,2,1,121,4,3
14465.0,246,11,3913.1,2,5,5,255,12,1
14466.0,29,13,4646.9,4,5,5,455,14,2
14467.0,17,12,2203.24,5,5,4,554,14,2
14468.0,733,1,204.24,1,1,1,111,3,3
14469.0,416,4,2093.46,1,3,4,134,8,1
14470.0,11,3,712.04,5,3,3,533,11,0
14471.0,591,2,400.95,1,2,2,122,5,3
14472.0,103,9,2118.72,3,5,4,354,12,1
14473.0,74,2,234.34000000000003,3,2,1,321,6,3
14474.0,46,2,1258.89,4,2,4,424,10,0
14475.0,71,4,1151.15,3,3,3,333,9,1
14476.0,257,1,193.0,2,1,1,211,4,3
14477.0,19,7,1969.6,5,4,4,544,13,2
14478.0,382,4,1276.66,2,3,4,234,9,1
14479.0,253,4,1299.11,2,3,4,234,9,1
14480.0,11,4,1299.52,5,3,4,534,12,0
14481.0,164,5,2284.69,3,4,4,344,11,1
14482.0,18,12,4291.42,5,5,5,555,15,2
14483.0,281,2,257.1,2,2,1,221,5,3
14484.0,50,4,1070.98,4,3,3,433,10,0
14485.0,38,1,162.8,4,1,1,411,6,0
14486.0,511,2,175.5,1,2,1,121,4,3
14487.0,26,7,1391.37,4,4,4,444,12,0
14488.0,67,1,1064.28,3,1,3,313,7,0
14489.0,207,4,1574.93,2,3,4,234,9,1
14490.0,406,2,1273.47,2,2,4,224,8,1
14491.0,175,2,437.53,3,2,2,322,7,3
14492.0,430,7,1921.91,1,4,4,144,9,1
14493.0,7,10,5087.86,5,5,5,555,15,2
14494.0,25,3,401.46,4,3,2,432,9,0
14495.0,50,3,174.8,4,3,1,431,8,0
14496.0,311,7,2641.23,2,4,4,244,10,1
14497.0,309,2,697.0600000000001,2,2,3,223,7,3
14498.0,42,10,3870.23,4,5,5,455,14,2
14499.0,26,7,2101.79,4,4,4,444,12,2
14500.0,88,3,356.85,3,3,2,332,8,0
14501.0,183,2,251.21,3,2,1,321,6,3
14502.0,19,11,2414.79,5,5,4,554,14,2
14503.0,3,6,3543.26,5,4,5,545,14,2
14504.0,47,4,673.26,4,3,3,433,10,0
14505.0,17,19,11804.28,5,5,5,555,15,2
14506.0,17,7,3211.3,5,4,5,545,14,2
14507.0,23,11,3050.24,4,5,5,455,14,2
14508.0,22,5,814.52,4,4,3,443,11,0
14509.0,534,1,110.95,1,1,1,111,3,3
14510.0,375,2,842.15,2,2,3,223,7,3
14511.0,11,5,1314.81,5,4,4,544,13,0
14512.0,187,7,1215.97,2,4,4,244,10,1
14513.0,100,6,788.01,3,4,3,343,10,1
14514.0,61,9,4300.59,3,5,5,355,13,2
14515.0,17,12,3724.06,5,5,5,555,15,2
14516.0,516,1,151.17,1,1,1,111,3,3
14517.0,33,2,330.45,4,2,2,422,8,0
14518.0,64,1,174.37,3,1,1,311,5,3
14519.0,683,2,203.14,1,2,1,121,4,3
14520.0,1,2,270.6,5,2,1,521,8,0
14521.0,491,1,199.45,1,1,1,111,3,3
14522.0,24,8,1748.42,4,4,4,444,12,2
14523.0,108,1,241.09,3,1,1,311,5,3
14524.0,31,13,2863.96,4,5,4,454,13,2
14525.0,19,17,8018.59,5,5,5,555,15,2
14526.0,389,1,258.65,2,1,1,211,4,3
14527.0,2,121,27605.73,5,5,5,555,15,2
14528.0,37,1,364.22,4,1,2,412,7,0
14529.0,60,3,507.21,3,3,2,332,8,0
14530.0,25,16,6042.52,4,5,5,455,14,2
14531.0,479,1,376.34,1,1,2,112,4,3
14532.0,236,11,3845.78,2,5,5,255,12,1
14533.0,24,11,3466.37,4,5,5,455,14,2
14534.0,2,26,6167.76,5,5,5,555,15,2
14535.0,60,9,5819.64,3,5,5,355,13,2
14536.0,259,1,170.95,2,1,1,211,4,3
14537.0,57,2,641.4,4,2,3,423,9,0
14538.0,64,5,1340.84,3,4,4,344,11,1
14539.0,15,2,537.48,5,2,2,522,9,0
14540.0,9,11,3689.39,5,5,5,555,15,2
14541.0,58,14,2491.38,4,5,4,454,13,2
14542.0,185,1,103.25,3,1,1,311,5,3
14543.0,28,39,14490.77,4,5,5,455,14,2
14544.0,24,3,2938.53,4,3,5,435,12,0
14545.0,674,1,349.25,1,1,2,112,4,3
14546.0,5,11,5184.84,5,5,5,555,15,2
14547.0,3,8,3938.41,5,4,5,545,14,2
14548.0,150,9,2541.29,3,5,4,354,12,1
14549.0,311,4,913.6,2,3,3,233,8,1
14550.0,10,4,1345.06,5,3,4,534,12,0
14551.0,18,7,878.09,5,4,3,543,12,0
14552.0,151,3,507.93,3,3,2,332,8,1
14553.0,19,9,1818.6,5,5,4,554,14,2
14554.0,10,4,2264.64,5,3,4,534,12,0
14555.0,57,6,2304.03,4,4,4,444,12,1
14556.0,596,3,789.14,1,3,3,133,7,1
14557.0,85,1,788.38,3,1,3,313,7,0
14558.0,654,3,655.5,1,3,3,133,7,3
14559.0,390,1,75.6,2,1,1,211,4,3
14560.0,7,44,6114.03,5,5,5,555,15,2
14561.0,75,3,1067.46,3,3,3,333,9,1
14562.0,3,26,6593.6,5,5,5,555,15,2
14563.0,509,2,625.42,1,2,3,123,6,3
14564.0,434,2,2605.62,1,2,4,124,7,1
14565.0,95,5,3670.97,3,4,5,345,12,1
14566.0,110,4,4092.0,3,3,5,335,11,1
14567.0,56,2,1451.16,4,2,4,424,10,0
14568.0,435,1,889.1,1,1,3,113,5,3
14569.0,1,4,597.3299999999999,5,3,2,532,10,0
14570.0,280,3,506.45,2,3,2,232,7,3
14571.0,425,1,160.0,1,1,1,111,3,3
14572.0,3,11,5411.33,5,5,5,555,15,2
14573.0,179,13,2565.12,3,5,4,354,12,1
14574.0,732,1,143.70000000000002,1,1,1,111,3,3
14575.0,488,1,414.32,1,1,2,112,4,3
14576.0,372,1,70.80000000000001,2,1,1,211,4,3
14577.0,12,7,1364.15,5,4,4,544,13,0
14578.0,3,1,168.63,5,1,1,511,7,0
14579.0,432,1,105.56,1,1,1,111,3,3
14580.0,518,1,14.85,1,1,1,111,3,3
14581.0,16,2,404.7,5,2,2,522,9,0
14582.0,40,1,114.11,4,1,1,411,6,3
14583.0,5,8,1649.56,5,4,4,544,13,2
14584.0,169,8,1735.31,3,4,4,344,11,1
14585.0,50,5,1143.27,4,4,3,443,11,1
14586.0,276,1,237.36,2,1,1,211,4,3
14587.0,18,9,1580.29,5,5,4,554,14,2
14588.0,578,1,135.39,1,1,1,111,3,3
14589.0,371,1,79.5,2,1,1,211,4,3
14590.0,424,20,2832.42,1,5,4,154,10,1
14591.0,15,4,1320.21,5,3,4,534,12,0
14592.0,35,3,557.94,4,3,2,432,9,0
14593.0,21,12,3641.78,4,5,5,455,14,2
14594.0,7,2,618.33,5,2,3,523,10,0
14595.0,19,8,2145.45,5,4,4,544,13,2
14596.0,626,1,222.22000000000003,1,1,1,111,3,3
14597.0,11,6,2184.63,5,4,4,544,13,0
14598.0,44,2,363.64,4,2,2,422,8,0
14599.0,390,2,457.89,2,2,2,222,6,3
14600.0,305,2,839.97,2,2,3,223,7,3
14601.0,10,1,202.56,5,1,1,511,7,0
14602.0,656,1,205.36,1,1,1,111,3,3
14603.0,274,1,660.0,2,1,3,213,6,3
14604.0,633,1,136.36,1,1,1,111,3,3
14605.0,374,4,913.21,2,3,3,233,8,1
14606.0,1,184,29877.03,5,5,5,555,15,2
14607.0,15,20,21867.73,5,5,5,555,15,2
14608.0,4,10,3342.94,5,5,5,555,15,2
14609.0,72,10,1486.2,3,5,4,354,12,1
14610.0,395,2,24.35,2,2,1,221,5,3
14611.0,443,2,604.3299999999999,1,2,2,122,5,3
14612.0,415,1,877.7,1,1,3,113,5,3
14613.0,680,1,76.32000000000001,1,1,1,111,3,3
14614.0,386,1,295.13,2,1,2,212,5,3
14615.0,394,5,951.76,2,4,3,243,9,1
14616.0,242,5,527.78,2,4,2,242,8,1
14617.0,402,2,190.47000000000003,2,2,1,221,5,3
14618.0,9,7,1312.32,5,4,4,544,13,0
14619.0,245,2,1291.24,2,2,4,224,8,1
14620.0,205,2,397.78,2,2,2,222,6,3
14621.0,1,9,3000.57,5,5,5,555,15,2
14622.0,184,1,320.58000000000004,3,1,2,312,6,3
14623.0,32,10,1838.05,4,5,4,454,13,2
14624.0,57,6,796.22,4,4,3,443,11,1
14625.0,196,11,4482.58,2,5,5,255,12,1
14626.0,23,11,5410.92,4,5,5,455,14,2
14627.0,379,1,462.75,2,1,2,212,5,3
14628.0,91,5,1998.0,3,4,4,344,11,1
14629.0,4,2,925.56,5,2,3,523,10,0
14630.0,484,1,338.65,1,1,2,112,4,3
14631.0,50,6,2025.69,4,4,4,444,12,1
14632.0,262,1,114.56,2,1,1,211,4,3
14633.0,266,1,344.90000000000003,2,1,2,212,5,3
14634.0,437,4,2124.46,1,3,4,134,8,1
14635.0,453,1,215.22,1,1,1,111,3,3
14636.0,36,2,609.85,4,2,3,423,9,0
14637.0,677,1,106.68,1,1,1,111,3,3
14638.0,50,1,443.6,4,1,2,412,7,0
14639.0,52,9,4961.11,4,5,5,455,14,2
14640.0,24,10,3619.36,4,5,5,455,14,2
14641.0,21,1,110.46,4,1,1,411,6,0
14642.0,58,1,96.12,4,1,1,411,6,3
14643.0,170,5,1640.29,3,4,4,344,11,1
14644.0,67,7,2247.72,3,4,4,344,11,1
14645.0,156,3,876.89,3,3,3,333,9,1
14646.0,1,145,524718.57,5,5,5,555,15,2
14647.0,201,2,506.04,2,2,2,222,6,3
14648.0,416,15,4451.19,1,5,5,155,11,1
14649.0,4,9,3638.49,5,5,5,555,15,2
14650.0,589,1,62.5,1,1,1,111,3,3
14651.0,67,9,2022.67,3,5,4,354,12,1
14652.0,77,1,114.18,3,1,1,311,5,3
14653.0,1,11,3388.3,5,5,5,555,15,2
14654.0,738,1,246.86,1,1,1,111,3,3
14655.0,8,7,3865.21,5,4,5,545,14,2
14656.0,169,5,790.0,3,4,3,343,10,1
14657.0,17,6,1450.19,5,4,4,544,13,0
14658.0,5,2,247.15,5,2,1,521,8,0
14659.0,8,9,2529.93,5,5,4,554,14,2
14660.0,86,2,285.74,3,2,2,322,7,3
14661.0,26,1,107.95,4,1,1,411,6,0
14662.0,28,7,1361.13,4,4,4,444,12,0
14663.0,430,2,471.6,1,2,2,122,5,3
14664.0,19,2,636.24,5,2,3,523,10,0
14665.0,60,7,2734.35,3,4,4,344,11,1
14666.0,24,1,179.95,4,1,1,411,6,0
14667.0,10,54,21410.15,5,5,5,555,15,2
14668.0,445,1,111.63,1,1,1,111,3,3
14669.0,241,7,3216.78,2,4,5,245,11,1
14670.0,280,3,574.03,2,3,2,232,7,1
14671.0,549,2,1127.45,1,2,3,123,6,1
14672.0,234,4,1110.29,2,3,3,233,8,1
14673.0,3,7,3410.81,5,4,5,545,14,2
14674.0,509,1,173.66,1,1,1,111,3,3
14675.0,16,2,1015.58,5,2,3,523,10,0
14676.0,31,12,8356.79,4,5,5,455,14,2
14677.0,592,1,184.91,1,1,1,111,3,3
14678.0,579,1,388.09,1,1,2,112,4,3
14679.0,381,3,1289.44,2,3,4,234,9,1
14680.0,25,58,57116.78,4,5,5,455,14,2
14681.0,71,6,875.1500000000001,3,4,3,343,10,1
14682.0,187,6,1502.06,2,4,4,244,10,1
14683.0,588,1,146.56,1,1,1,111,3,3
14684.0,25,6,1428.78,4,4,4,444,12,0
14685.0,576,8,4530.9400000000005,1,4,5,145,10,1
14686.0,414,5,851.28,1,4,3,143,8,1
14687.0,106,3,1402.06,3,3,4,334,10,1
14688.0,7,28,7615.6,5,5,5,555,15,2
14689.0,208,1,112.8,2,1,1,211,4,3
14690.0,44,4,762.38,4,3,3,433,10,0
14691.0,30,5,2114.33,4,4,4,444,12,0
14692.0,137,12,1715.14,3,5,4,354,12,1
14693.0,264,7,1165.36,2,4,3,243,9,1
14694.0,617,1,244.31,1,1,1,111,3,3
14695.0,519,3,1534.22,1,3,4,134,8,1
14696.0,4,8,2713.9,5,4,4,544,13,2
14697.0,218,2,188.61,2,2,1,221,5,3
14698.0,1,5,1217.27,5,4,4,544,13,0
14699.0,214,4,702.6,2,3,3,233,8,1
14700.0,32,5,3073.51,4,4,5,445,13,1
14701.0,10,15,4288.51,5,5,5,555,15,2
14702.0,1,29,6618.43,5,5,5,555,15,2
14703.0,14,1,318.17,5,1,2,512,8,0
14704.0,19,9,1703.33,5,5,4,554,14,2
14705.0,198,1,179.0,2,1,1,211,4,3
14706.0,618,1,367.54,1,1,2,112,4,3
14707.0,435,2,139.2,1,2,1,121,4,3
14708.0,2,5,2212.28,5,4,4,544,13,0
14709.0,15,25,8886.33,5,5,5,555,15,2
14710.0,14,13,1876.84,5,5,4,554,14,2
14711.0,10,11,2778.63,5,5,4,554,14,2
14712.0,29,4,1328.0700000000002,4,3,4,434,11,0
14713.0,9,21,5360.31,5,5,5,555,15,2
14714.0,24,4,906.24,4,3,3,433,10,0
14715.0,24,8,1778.95,4,4,4,444,12,2
14716.0,43,3,527.98,4,3,2,432,9,0
14717.0,733,1,81.3,1,1,1,111,3,3
14718.0,410,1,211.12,1,1,1,111,3,3
14719.0,1,5,1572.54,5,4,4,544,13,0
14720.0,5,3,663.81,5,3,3,533,11,0
14721.0,379,1,109.07,2,1,1,211,4,3
14722.0,147,3,489.52,3,3,2,332,8,1
14723.0,10,11,2038.6,5,5,4,554,14,2
14724.0,590,1,341.9,1,1,2,112,4,3
14725.0,24,4,1244.31,4,3,4,434,11,0
14726.0,654,1,116.5,1,1,1,111,3,3
14727.0,274,3,461.03,2,3,2,232,7,3
14728.0,413,1,190.58,1,1,1,111,3,3
14729.0,373,3,897.23,2,3,3,233,8,1
14730.0,1,8,1897.57,5,4,4,544,13,2
14731.0,47,3,380.02,4,3,2,432,9,0
14732.0,8,19,5436.01,5,5,5,555,15,2
14733.0,16,15,16145.37,5,5,5,555,15,2
14734.0,425,4,1056.42,1,3,3,133,7,1
14735.0,3,55,12198.16,5,5,5,555,15,2
14736.0,485,2,374.05,1,2,2,122,5,3
14737.0,3,4,3554.17,5,3,5,535,13,0
14738.0,42,9,1821.9,4,5,4,454,13,1
14739.0,4,25,12287.5,5,5,5,555,15,2
14740.0,197,11,4161.06,2,5,5,255,12,1
14741.0,11,7,1897.59,5,4,4,544,13,2
14742.0,435,1,564.55,1,1,2,112,4,3
14743.0,592,1,50.48,1,1,1,111,3,3
14744.0,16,14,3862.58,5,5,5,555,15,2
14745.0,112,12,2551.41,3,5,4,354,12,1
14746.0,406,4,593.5,2,3,2,232,7,1
14747.0,249,1,328.2,2,1,2,212,5,3
14748.0,29,10,3091.12,4,5,5,455,14,2
14749.0,479,1,310.15,1,1,2,112,4,3
14750.0,736,1,112.03,1,1,1,111,3,3
14751.0,684,2,126.45,1,2,1,121,4,3
14752.0,43,1,389.64,4,1,2,412,7,0
14753.0,87,2,869.51,3,2,3,323,8,0
14754.0,44,6,1461.23,4,4,4,444,12,1
14755.0,9,25,9952.75,5,5,5,555,15,2
14756.0,15,3,2603.76,5,3,4,534,12,0
14757.0,75,1,420.5,3,1,2,312,6,3
14758.0,144,7,2387.25,3,4,4,344,11,1
14759.0,4,3,1599.37,5,3,4,534,12,0
14760.0,297,1,89.2,2,1,1,211,4,3
14761.0,58,3,447.92,4,3,2,432,9,0
14762.0,263,2,417.57,2,2,2,222,6,3
14764.0,46,1,278.3,4,1,1,411,6,0
14765.0,29,3,254.11,4,3,1,431,8,0
14766.0,8,11,6502.58,5,5,5,555,15,2
14767.0,474,1,382.81,1,1,2,112,4,3
14768.0,17,2,192.6,5,2,1,521,8,0
14769.0,2,17,15428.31,5,5,5,555,15,2
14770.0,232,8,3637.64,2,4,5,245,11,1
14771.0,621,2,594.62,1,2,2,122,5,3
14772.0,112,1,139.26,3,1,1,311,5,3
14773.0,592,1,140.55,1,1,1,111,3,3
14774.0,528,1,241.45,1,1,1,111,3,3
14775.0,58,3,1388.46,4,3,4,434,11,1
14776.0,51,15,3708.3,4,5,5,455,14,2
14777.0,403,1,307.56,2,1,2,212,5,3
14778.0,127,2,715.5600000000001,3,2,3,323,8,1
14779.0,280,3,383.3,2,3,2,232,7,3
14780.0,54,2,447.68,4,2,2,422,8,0
14782.0,319,1,200.1,2,1,1,211,4,3
14783.0,659,1,277.3,1,1,1,111,3,3
14784.0,26,3,449.93,4,3,2,432,9,0
14785.0,10,2,77.4,5,2,1,521,8,0
14786.0,550,1,90.96,1,1,1,111,3,3
14787.0,471,1,110.65,1,1,1,111,3,3
14788.0,7,3,1156.32,5,3,3,533,11,0
14789.0,28,1,197.64,4,1,1,411,6,0
14790.0,16,10,2526.62,5,5,4,554,14,2
14791.0,606,1,288.63,1,1,2,112,4,3
14792.0,63,1,6.2,3,1,1,311,5,3
14793.0,21,2,606.1,4,2,3,423,9,0
14794.0,2,10,1793.35,5,5,4,554,14,2
14795.0,166,1,131.45000000000002,3,1,1,311,5,3
14796.0,1,27,10351.28,5,5,5,555,15,2
14797.0,507,1,300.31,1,1,2,112,4,3
14798.0,52,8,724.31,4,4,3,443,11,1
14799.0,51,2,338.15,4,2,2,422,8,0
14800.0,47,17,7697.82,4,5,5,455,14,2
14801.0,61,1,189.34,3,1,1,311,5,3
14803.0,162,3,845.55,3,3,3,333,9,1
14804.0,8,1,353.27,5,1,2,512,8,0
14805.0,15,7,1075.8,5,4,3,543,12,0
14806.0,75,2,303.43,3,2,2,322,7,3
14807.0,390,2,504.14,2,2,2,222,6,3
14808.0,39,8,2718.6,4,4,4,444,12,2
14809.0,621,2,668.9100000000001,1,2,3,123,6,3
14810.0,40,13,2519.53,4,5,4,454,13,2
14811.0,387,1,170.5,2,1,1,211,4,3
14812.0,598,1,178.85,1,1,1,111,3,3
14813.0,369,4,1041.79,2,3,3,233,8,1
14814.0,581,1,147.01,1,1,1,111,3,3
14815.0,36,2,778.5,4,2,3,423,9,0
14816.0,197,1,271.85,2,1,1,211,4,3
14817.0,200,7,3609.86,2,4,5,245,11,1
14818.0,73,6,1153.56,3,4,3,343,10,1
14819.0,64,4,438.56,3,3,2,332,8,0
14820.0,21,9,1274.76,4,5,4,454,13,2
14821.0,366,7,1278.95,2,4,4,244,10,1
14822.0,485,1,157.70000000000002,1,1,1,111,3,3
14823.0,180,3,307.28,3,3,2,332,8,3
14824.0,10,10,4022.91,5,5,5,555,15,2
14825.0,3,24,4919.18,5,5,5,555,15,2
14826.0,581,2,385.2,1,2,2,122,5,3
14828.0,196,13,9839.46,2,5,5,255,12,2
14829.0,29,7,1692.84,4,4,4,444,12,1
14830.0,53,1,188.03,4,1,1,411,6,3
14831.0,680,3,1611.77,1,3,4,134,8,1
14833.0,498,1,94.8,1,1,1,111,3,3
14834.0,17,7,2206.16,5,4,4,544,13,2
14835.0,528,2,297.0,1,2,2,122,5,3
14836.0,10,3,102.45,5,3,1,531,9,0
14837.0,89,9,3460.32,3,5,5,355,13,1
14838.0,423,2,769.9200000000001,1,2,3,123,6,3
14839.0,418,3,895.13,1,3,3,133,7,1
14840.0,267,2,362.71,2,2,2,222,6,3
14841.0,53,14,7123.400000000001,4,5,5,455,14,2
14842.0,43,4,2804.89,4,3,4,434,11,1
14843.0,436,1,211.8,1,1,1,111,3,3
14844.0,63,10,6682.63,3,5,5,355,13,2
14845.0,599,1,150.0,1,1,1,111,3,3
14846.0,427,1,437.4,1,1,2,112,4,3
14847.0,148,3,1348.95,3,3,4,334,10,1
14848.0,404,1,285.36,2,1,2,212,5,3
14849.0,21,43,15763.45,4,5,5,455,14,2
14850.0,311,7,1759.56,2,4,4,244,10,1
14851.0,23,3,829.4100000000001,4,3,3,433,10,0
14852.0,58,18,6132.43,4,5,5,455,14,2
14853.0,24,5,1376.87,4,4,4,444,12,0
14854.0,78,11,4303.06,3,5,5,355,13,2
14855.0,119,7,6500.5,3,4,5,345,12,1
14856.0,36,3,1290.53,4,3,4,434,11,0
14857.0,59,7,3651.85,3,4,5,345,12,1
14858.0,505,1,180.75,1,1,1,111,3,3
14859.0,12,5,1705.64,5,4,4,544,13,0
14860.0,19,1,170.32,5,1,1,511,7,0
14861.0,52,10,1380.73,4,5,4,454,13,1
14862.0,25,2,841.1999999999999,4,2,3,423,9,0
14863.0,29,1,266.76,4,1,1,411,6,0
14865.0,7,4,129.72,5,3,1,531,9,0
14866.0,10,17,20101.57,5,5,5,555,15,2
14867.0,185,16,2952.06,3,5,5,355,13,1
14868.0,3,12,4153.41,5,5,5,555,15,2
14869.0,8,6,2778.14,5,4,4,544,13,2
14870.0,261,6,1804.15,2,4,4,244,10,1
14871.0,3,9,1228.17,5,5,4,554,14,2
14872.0,483,3,816.6,1,3,3,133,7,1
14873.0,210,2,786.48,2,2,3,223,7,3
14874.0,535,1,116.18,1,1,1,111,3,3
14875.0,107,3,2842.6,3,3,4,334,10,1
14876.0,521,2,256.7,1,2,1,121,4,3
14877.0,418,2,419.9,1,2,2,122,5,3
14878.0,12,25,4076.5,5,5,5,555,15,2
14879.0,684,1,185.06,1,1,1,111,3,3
14880.0,77,3,660.59,3,3,3,333,9,0
14881.0,19,1,255.4,5,1,1,511,7,0
14882.0,26,14,3546.65,4,5,5,455,14,2
14883.0,18,6,761.59,5,4,3,543,12,0
14884.0,669,1,120.6,1,1,1,111,3,3
14885.0,131,3,1598.12,3,3,4,334,10,1
14886.0,252,1,364.8,2,1,2,212,5,3
14887.0,79,1,1862.0,3,1,4,314,8,0
14888.0,207,1,369.2,2,1,2,212,5,3
14889.0,336,1,135.9,2,1,1,211,4,3
14890.0,253,3,817.25,2,3,3,233,8,1
14891.0,148,4,1106.73,3,3,3,333,9,1
14892.0,690,1,202.35,1,1,1,111,3,3
14893.0,9,3,1809.61,5,3,4,534,12,0
14894.0,85,3,1362.01,3,3,4,334,10,1
14895.0,7,38,24627.39,5,5,5,555,15,2
14896.0,204,8,2051.27,2,4,4,244,10,1
14897.0,7,8,3117.74,5,4,5,545,14,2
14898.0,23,14,3464.45,4,5,5,455,14,2
14899.0,395,1,1331.38,2,1,4,214,7,3
14900.0,522,1,13.919999999999998,1,1,1,111,3,3
14901.0,11,12,2235.5,5,5,4,554,14,2
14902.0,25,3,1035.62,4,3,3,433,10,0
14903.0,21,5,2795.33,4,4,4,444,12,0
14904.0,2,4,1630.49,5,3,4,534,12,0
14905.0,157,8,1971.39,3,4,4,344,11,1
14907.0,3,16,6165.79,5,5,5,555,15,2
14908.0,74,2,381.9,3,2,2,322,7,0
14909.0,437,3,1404.68,1,3,4,134,8,1
14910.0,2,4,434.35,5,3,2,532,10,0
14911.0,1,373,273943.43,5,5,5,555,15,2
14912.0,16,5,1849.58,5,4,4,544,13,0
14913.0,35,8,4073.13,4,4,5,445,13,2
14915.0,91,11,1811.25,3,5,4,354,12,1
14916.0,70,8,3042.95,3,4,5,345,12,1
14917.0,596,2,1123.75,1,2,3,123,6,1
14918.0,115,9,5955.81,3,5,5,355,13,1
14919.0,539,1,347.55,1,1,2,112,4,3
14920.0,212,3,1607.17,2,3,4,234,9,1
14921.0,30,2,1316.07,4,2,4,424,10,0
14922.0,393,2,843.74,2,2,3,223,7,3
14923.0,50,1,749.1,4,1,3,413,8,0
14924.0,245,3,931.01,2,3,3,233,8,1
14926.0,381,2,359.4,2,2,2,222,6,3
14927.0,396,1,308.2,2,1,2,212,5,3
14928.0,627,1,208.91000000000005,1,1,1,111,3,3
14929.0,32,2,836.69,4,2,3,423,9,0
14930.0,108,6,5152.13,3,4,5,345,12,1
14931.0,4,4,864.6800000000001,5,3,3,533,11,0
14932.0,365,2,879.66,2,2,3,223,7,3
14933.0,443,4,1770.0,1,3,4,134,8,1
14934.0,81,5,3403.5,3,4,5,345,12,1
14935.0,297,2,2849.83,2,2,4,224,8,1
14936.0,33,12,12410.81,4,5,5,455,14,2
14937.0,56,3,1553.88,4,3,4,434,11,1
14938.0,562,2,2322.43,1,2,4,124,7,1
14940.0,417,2,531.49,1,2,2,122,5,3
14941.0,578,1,182.1,1,1,1,111,3,3
14942.0,401,4,746.56,2,3,3,233,8,1
14943.0,663,1,107.62,1,1,1,111,3,3
14944.0,29,19,9531.67,4,5,5,455,14,2
14945.0,413,1,179.4,1,1,1,111,3,3
14946.0,14,1,100.9,5,1,1,511,7,0
14947.0,72,6,1034.79,3,4,3,343,10,1
14948.0,23,6,1086.67,4,4,3,443,11,0
14949.0,469,4,515.0,1,3,2,132,6,1
14950.0,19,1,371.2,5,1,2,512,8,0
14951.0,79,1,311.69,3,1,2,312,6,3
14952.0,59,32,17466.15,3,5,5,355,13,2
14953.0,25,4,962.87,4,3,3,433,10,0
14954.0,12,2,446.82,5,2,2,522,9,0
14955.0,732,1,163.77,1,1,1,111,3,3
14956.0,421,1,1325.0,1,1,4,114,6,3
14957.0,253,2,246.39,2,2,1,221,5,3
14958.0,147,6,941.99,3,4,3,343,10,1
14959.0,64,4,695.42,3,3,3,333,9,0
14960.0,8,2,221.27,5,2,1,521,8,0
14961.0,10,22,16317.6,5,5,5,555,15,2
14962.0,270,4,366.91,2,3,2,232,7,3
14963.0,9,12,3123.57,5,5,5,555,15,2
14964.0,247,1,206.21,2,1,1,211,4,3
14965.0,96,2,596.09,3,2,2,322,7,0
14966.0,14,6,1064.26,5,4,3,543,12,0
14967.0,49,6,1982.61,4,4,4,444,12,1
14968.0,30,2,497.49,4,2,2,422,8,0
14969.0,703,1,906.23,1,1,3,113,5,3
14970.0,68,12,4907.45,3,5,5,355,13,2
14971.0,35,3,1082.68,4,3,3,433,10,0
14972.0,128,2,145.07,3,2,1,321,6,3
14973.0,107,3,1314.45,3,3,4,334,10,1
14974.0,37,1,89.94,4,1,1,411,6,3
14975.0,57,2,472.39,4,2,2,422,8,0
14976.0,57,6,758.36,4,4,3,443,11,1
14977.0,725,1,31.93,1,1,1,111,3,3
14978.0,72,10,3112.19,3,5,5,355,13,1
14979.0,735,1,429.66,1,1,2,112,4,3
14980.0,737,1,150.68,1,1,1,111,3,3
14981.0,246,2,372.92,2,2,2,222,6,3
14982.0,572,1,234.88,1,1,1,111,3,3
14983.0,689,1,183.2,1,1,1,111,3,3
14984.0,19,6,1252.26,5,4,4,544,13,0
14985.0,198,2,292.01,2,2,2,222,6,3
14986.0,376,2,563.1,2,2,2,222,6,3
14987.0,15,8,1713.85,5,4,4,544,13,2
14988.0,211,7,2038.65,2,4,4,244,10,1
14989.0,661,1,342.4,1,1,2,112,4,3
14990.0,612,2,304.17,1,2,2,122,5,3
14991.0,430,1,314.67,1,1,2,112,4,3
14992.0,442,1,210.5,1,1,1,111,3,3
14993.0,563,1,36.13,1,1,1,111,3,3
14994.0,382,5,942.77,2,4,3,243,9,1
14995.0,38,2,231.98,4,2,1,421,7,0
14996.0,481,2,442.29,1,2,2,122,5,3
14997.0,46,4,776.5999999999999,4,3,3,433,10,0
14998.0,170,4,647.78,3,3,3,333,9,1
14999.0,592,1,129.48000000000002,1,1,1,111,3,3
15000.0,47,1,490.52,4,1,2,412,7,0
15001.0,394,2,197.11,2,2,1,221,5,3
15002.0,115,9,4769.7300000000005,3,5,5,355,13,1
15003.0,473,6,1023.28,1,4,3,143,8,1
15004.0,147,1,1208.48,3,1,3,313,7,3
15005.0,15,56,13914.95,5,5,5,555,15,2
15006.0,51,2,752.83,4,2,3,423,9,0
15007.0,159,1,156.91,3,1,1,311,5,3
15008.0,480,2,360.0,1,2,2,122,5,3
15009.0,12,3,1259.43,5,3,4,534,12,0
15010.0,35,1,308.94,4,1,2,412,7,0
15011.0,395,2,416.6,2,2,2,222,6,3
15012.0,53,3,827.27,4,3,3,433,10,0
15013.0,487,10,1610.82,1,5,4,154,10,1
15014.0,43,2,257.67,4,2,1,421,7,0
15015.0,501,13,2344.47,1,5,4,154,10,1
15016.0,172,5,620.89,3,4,3,343,10,1
15017.0,33,1,125.58,4,1,1,411,6,0
15018.0,38,3,607.46,4,3,3,433,10,0
15019.0,266,1,250.47,2,1,1,211,4,3
15020.0,379,1,198.47,2,1,1,211,4,3
15021.0,8,12,2664.09,5,5,4,554,14,2
15022.0,11,5,1122.19,5,4,3,543,12,0
15023.0,3,20,11843.1,5,5,5,555,15,2
15024.0,9,16,4050.61,5,5,5,555,15,2
15025.0,33,2,895.34,4,2,3,423,9,0
15026.0,80,5,1044.09,3,4,3,343,10,1
15027.0,30,10,3180.3,4,5,5,455,14,2
15028.0,8,6,1148.91,5,4,3,543,12,0
15029.0,619,1,365.1,1,1,2,112,4,3
15030.0,71,8,1979.91,3,4,4,344,11,1
15031.0,4,14,3085.54,5,5,5,555,15,2
15032.0,256,8,13780.65,2,4,5,245,11,1
15033.0,4,10,2523.28,5,5,4,554,14,2
15034.0,15,14,8112.8,5,5,5,555,15,2
15035.0,89,1,252.73,3,1,1,311,5,3
15036.0,72,3,388.76,3,3,2,332,8,0
15037.0,376,2,397.76,2,2,2,222,6,3
15038.0,58,9,1265.41,4,5,4,454,13,1
15039.0,9,93,39389.79,5,5,5,555,15,2
15040.0,541,1,7.49,1,1,1,111,3,3
15041.0,170,2,283.88,3,2,2,322,7,3
15042.0,199,2,315.45,2,2,2,222,6,3
15043.0,31,6,2837.47,4,4,4,444,12,1
15044.0,19,32,15623.41,5,5,5,555,15,2
15045.0,151,2,735.66,3,2,3,323,8,1
15046.0,9,25,7604.84,5,5,5,555,15,2
15047.0,269,1,343.62,2,1,2,212,5,3
15048.0,65,4,479.7,3,3,2,332,8,0
15049.0,273,1,121.17000000000002,2,1,1,211,4,3
15050.0,25,5,4009.29,4,4,5,445,13,2
15051.0,23,9,3926.91,4,5,5,455,14,2
15052.0,319,1,207.73,2,1,1,211,4,3
15053.0,4,3,693.95,5,3,3,533,11,0
15054.0,12,2,302.1,5,2,2,522,9,0
15055.0,474,3,539.17,1,3,2,132,6,3
15056.0,520,1,113.65,1,1,1,111,3,3
15057.0,275,5,3194.76,2,4,5,245,11,1
15058.0,25,16,3352.73,4,5,5,455,14,2
15059.0,40,19,3490.4,4,5,5,455,14,2
15060.0,8,4,292.17,5,3,2,532,10,0
15061.0,3,127,137804.32,5,5,5,555,15,2
15062.0,71,8,2585.62,3,4,4,344,11,1
15063.0,213,1,370.8,2,1,2,212,5,3
15064.0,410,4,1154.41,1,3,3,133,7,1
15065.0,37,5,3280.96,4,4,5,445,13,1
15066.0,53,1,893.59,4,1,3,413,8,0
15067.0,78,5,3862.88,3,4,5,345,12,1
15068.0,46,4,1174.9,4,3,3,433,10,0
15069.0,179,1,1109.53,3,1,3,313,7,3
15070.0,372,3,843.25,2,3,3,233,8,1
15071.0,93,4,1455.56,3,3,4,334,10,1
15072.0,479,1,187.52,1,1,1,111,3,3
15073.0,9,8,2734.82,5,4,4,544,13,2
15074.0,105,3,1476.63,3,3,4,334,10,1
15075.0,77,1,773.03,3,1,3,313,7,0
15076.0,172,3,1447.74,3,3,4,334,10,1
15077.0,494,2,2131.08,1,2,4,124,7,1
15078.0,7,52,17751.88,5,5,5,555,15,2
15079.0,212,11,3716.95,2,5,5,255,12,1
15080.0,427,2,528.4,1,2,2,122,5,3
15081.0,22,12,1965.72,4,5,4,454,13,2
15082.0,668,1,93.35,1,1,1,111,3,3
15083.0,256,1,88.2,2,1,1,211,4,3
15084.0,379,2,965.2,2,2,3,223,7,1
15085.0,729,1,347.54,1,1,2,112,4,3
15086.0,564,2,218.53,1,2,1,121,4,3
15087.0,281,1,306.94,2,1,2,212,5,3
15088.0,21,2,1160.07,4,2,3,423,9,0
15089.0,10,6,2376.23,5,4,4,544,13,2
15090.0,308,1,361.52,2,1,2,212,5,3
15091.0,67,3,1046.61,3,3,3,333,9,1
15092.0,215,3,776.46,2,3,3,233,8,1
15093.0,18,23,14326.11,5,5,5,555,15,2
15094.0,463,2,83.0,1,2,1,121,4,3
15095.0,103,10,3126.64,3,5,5,355,13,1
15096.0,42,1,219.39,4,1,1,411,6,0
15097.0,4,3,908.35,5,3,3,533,11,0
15098.0,182,3,39916.5,3,3,5,335,11,1
15099.0,84,1,410.48,3,1,2,312,6,3
15100.0,333,7,2864.1,2,4,4,244,10,1
15101.0,8,6,1462.94,5,4,4,544,13,0
15102.0,530,2,554.67,1,2,2,122,5,3
15103.0,31,2,683.5600000000001,4,2,3,423,9,0
15104.0,196,2,993.54,2,2,3,223,7,1
15105.0,18,9,3077.06,5,5,5,555,15,2
15106.0,17,5,1422.52,5,4,4,544,13,0
15107.0,311,9,940.35,2,5,3,253,10,1
15108.0,141,3,1139.45,3,3,3,333,9,1
15109.0,245,3,983.1,2,3,3,233,8,1
15110.0,23,6,1505.85,4,4,4,444,12,0
15111.0,29,5,2715.57,4,4,4,444,12,1
15112.0,611,1,209.4,1,1,1,111,3,3
15113.0,9,3,3509.04,5,3,5,535,13,0
15114.0,30,12,3400.12,4,5,5,455,14,2
15115.0,18,2,531.85,5,2,2,522,9,0
15116.0,17,4,1332.95,5,3,4,534,12,0
15117.0,14,8,2485.9700000000003,5,4,4,544,13,2
15118.0,134,1,244.8,3,1,1,311,5,3
15119.0,245,1,266.4,2,1,1,211,4,3
15120.0,133,1,358.82,3,1,2,312,6,3
15121.0,50,2,457.72,4,2,2,422,8,0
15122.0,114,11,4475.37,3,5,5,355,13,1
15123.0,7,5,4380.77,5,4,5,545,14,2
15124.0,22,4,423.82,4,3,2,432,9,0
15125.0,25,24,16385.27,4,5,5,455,14,2
15126.0,536,2,449.49,1,2,2,122,5,3
15127.0,65,2,711.5,3,2,3,323,8,0
15128.0,60,5,1778.7,3,4,4,344,11,1
15129.0,50,23,6830.48,4,5,5,455,14,2
15130.0,169,1,330.11,3,1,2,312,6,3
15131.0,394,1,80.28,2,1,1,211,4,3
15132.0,18,5,977.93,5,4,3,543,12,0
15133.0,127,5,1806.9,3,4,4,344,11,1
15134.0,14,10,1596.29,5,5,4,554,14,2
15135.0,239,2,305.68,2,2,2,222,6,3
15136.0,2,4,1286.7,5,3,4,534,12,0
15137.0,520,2,823.4,1,2,3,123,6,3
15138.0,393,1,482.72,2,1,2,212,5,3
15139.0,239,2,178.96,2,2,1,221,5,3
15140.0,52,8,3223.89,4,4,5,445,13,1
15141.0,457,7,1204.87,1,4,3,143,8,1
15142.0,46,6,2619.92,4,4,4,444,12,1
15143.0,225,2,563.63,2,2,2,222,6,3
15144.0,8,29,11182.01,5,5,5,555,15,2
15145.0,4,4,1164.73,5,3,3,533,11,0
15146.0,164,2,1307.36,3,2,4,324,9,1
15147.0,240,1,623.5,2,1,3,213,6,3
15148.0,10,1,301.29,5,1,2,512,8,0
15149.0,133,4,1504.81,3,3,4,334,10,1
15150.0,17,13,8887.39,5,5,5,555,15,2
15151.0,423,2,2085.61,1,2,4,124,7,1
15152.0,9,14,5184.63,5,5,5,555,15,2
15153.0,31,1,329.25,4,1,2,412,7,0
15154.0,75,3,1343.72,3,3,4,334,10,1
15155.0,383,1,383.97,2,1,2,212,5,3
15156.0,1,3,961.49,5,3,3,533,11,0
15157.0,3,5,2633.71,5,4,4,544,13,0
15158.0,45,2,606.02,4,2,3,423,9,0
15159.0,1,34,22050.97,5,5,5,555,15,2
15160.0,357,4,535.72,2,3,2,232,7,1
15161.0,388,1,119.92,2,1,1,211,4,3
15162.0,731,1,293.1,1,1,2,112,4,3
15163.0,18,2,304.47,5,2,2,522,9,0
15164.0,68,9,2022.76,3,5,4,354,12,1
15165.0,373,1,975.5,2,1,3,213,6,3
15166.0,467,1,167.16,1,1,1,111,3,3
15167.0,320,5,1627.62,2,4,4,244,10,1
15168.0,25,1,106.56,4,1,1,411,6,0
15169.0,382,2,569.22,2,2,2,222,6,3
15170.0,406,1,81.15,2,1,1,211,4,3
15171.0,331,1,1289.5,2,1,4,214,7,3
15172.0,8,5,1609.05,5,4,4,544,13,0
15173.0,380,7,1474.8,2,4,4,244,10,1
15174.0,322,2,481.46,2,2,2,222,6,3
15175.0,71,1,224.14,3,1,1,311,5,3
15176.0,667,1,968.24,1,1,3,113,5,3
15177.0,425,1,948.93,1,1,3,113,5,3
15178.0,260,1,40.5,2,1,1,211,4,3
15179.0,18,13,7338.92,5,5,5,555,15,2
15180.0,367,3,904.43,2,3,3,233,8,1
15181.0,66,5,1200.2,3,4,3,343,10,1
15182.0,154,11,2979.15,3,5,5,355,13,1
15183.0,547,3,639.93,1,3,3,133,7,3
15184.0,29,4,617.39,4,3,3,433,10,0
15185.0,70,1,310.62,3,1,2,312,6,3
15186.0,14,5,1403.2,5,4,4,544,13,0
15187.0,1,15,4702.18,5,5,5,555,15,2
15188.0,725,1,310.43,1,1,2,112,4,3
15189.0,1,46,17524.38,5,5,5,555,15,2
15190.0,434,1,834.4399999999999,1,1,3,113,5,3
15191.0,463,3,588.05,1,3,2,132,6,3
15192.0,119,5,1981.39,3,4,4,344,11,1
15193.0,60,1,499.32,3,1,2,312,6,0
15194.0,3,28,12245.29,5,5,5,555,15,2
15195.0,2,1,3861.0,5,1,5,515,11,0
15196.0,432,2,313.7,1,2,2,122,5,3
15197.0,10,6,1846.91,5,4,4,544,13,0
15198.0,92,5,571.35,3,4,2,342,9,1
15199.0,59,10,3122.4,3,5,5,355,13,2
15200.0,494,1,549.05,1,1,2,112,4,3
15201.0,87,7,1842.95,3,4,4,344,11,1
15203.0,25,15,4400.18,4,5,5,455,14,2
15204.0,357,1,316.58,2,1,2,212,5,3
15205.0,85,2,653.24,3,2,3,323,8,0
15206.0,10,4,420.3,5,3,2,532,10,0
15207.0,416,3,683.9200000000001,1,3,3,133,7,1
15208.0,1,6,970.52,5,4,3,543,12,0
15209.0,730,1,178.98000000000002,1,1,1,111,3,3
15210.0,225,3,1176.19,2,3,3,233,8,1
15211.0,60,2,1264.18,3,2,4,324,9,0
15212.0,241,2,177.68,2,2,1,221,5,3
15213.0,318,2,328.35,2,2,2,222,6,3
15214.0,1,8,1661.44,5,4,4,544,13,2
15215.0,46,7,2402.63,4,4,4,444,12,1
15216.0,87,2,455.49,3,2,2,322,7,3
15217.0,563,1,426.24,1,1,2,112,4,3
15218.0,10,22,11446.33,5,5,5,555,15,2
15219.0,176,2,685.45,3,2,3,323,8,3
15220.0,51,6,1778.96,4,4,4,444,12,1
15221.0,366,4,2465.4500000000003,2,3,4,234,9,1
15222.0,318,11,3550.91,2,5,5,255,12,1
15223.0,225,5,1417.95,2,4,4,244,10,1
15224.0,358,5,871.36,2,4,3,243,9,1
15225.0,234,1,409.4,2,1,2,212,5,3
15226.0,310,1,154.41,2,1,1,211,4,3
15227.0,36,9,2470.64,4,5,4,454,13,2
15228.0,66,6,5560.47,3,4,5,345,12,1
15229.0,586,1,160.5,1,1,1,111,3,3
15230.0,239,2,399.0,2,2,2,222,6,3
15231.0,621,1,250.26,1,1,1,111,3,3
15232.0,113,2,612.06,3,2,3,323,8,3
15233.0,401,1,59.400000000000006,2,1,1,211,4,3
15234.0,276,1,197.0,2,1,1,211,4,3
15235.0,217,16,2806.41,2,5,4,254,11,1
15236.0,298,1,321.05,2,1,2,212,5,3
15237.0,1,4,1397.32,5,3,4,534,12,0
15238.0,29,3,1052.19,4,3,3,433,10,0
15239.0,10,2,780.59,5,2,3,523,10,0
15240.0,44,12,4420.38,4,5,5,455,14,2
15241.0,66,11,2940.96,3,5,5,355,13,2
15242.0,422,1,302.04,1,1,2,112,4,3
15243.0,74,2,927.28,3,2,3,323,8,0
15244.0,65,3,912.08,3,3,3,333,9,0
15245.0,134,8,4610.84,3,4,5,345,12,1
15246.0,238,3,749.8000000000001,2,3,3,233,8,1
15247.0,122,3,976.06,3,3,3,333,9,1
15248.0,411,3,1893.93,1,3,4,134,8,1
15249.0,31,18,8946.2,4,5,5,455,14,2
15250.0,640,1,60.0,1,1,1,111,3,3
15251.0,9,21,20324.54,5,5,5,555,15,2
15252.0,36,5,2027.81,4,4,4,444,12,1
15253.0,16,8,2055.09,5,4,4,544,13,2
15254.0,127,3,1088.35,3,3,3,333,9,1
15255.0,66,9,3686.22,3,5,5,355,13,1
15256.0,148,2,170.4,3,2,1,321,6,3
15257.0,283,2,685.9,2,2,3,223,7,3
15258.0,168,2,583.5600000000001,3,2,2,322,7,3
15259.0,512,4,1121.18,1,3,3,133,7,1
15260.0,100,25,9188.23,3,5,5,355,13,2
15261.0,135,4,1490.15,3,3,4,334,10,1
15262.0,323,3,418.82,2,3,2,232,7,3
15263.0,106,1,156.51,3,1,1,311,5,3
15264.0,64,2,848.4,3,2,3,323,8,0
15265.0,151,4,3325.84,3,3,5,335,11,1
15266.0,338,5,852.21,2,4,3,243,9,1
15267.0,22,5,1717.36,4,4,4,444,12,0
15268.0,478,3,961.9,1,3,3,133,7,1
15269.0,23,3,1225.36,4,3,4,434,11,0
15270.0,15,21,8051.46,5,5,5,555,15,2
15271.0,7,24,4635.19,5,5,5,555,15,2
15272.0,57,6,2007.9,4,4,4,444,12,1
15273.0,599,1,228.96,1,1,1,111,3,3
15274.0,4,2,716.57,5,2,3,523,10,0
15275.0,37,1,595.34,4,1,2,412,7,0
15276.0,66,4,611.55,3,3,3,333,9,0
15277.0,46,2,476.34,4,2,2,422,8,0
15278.0,561,4,496.16,1,3,2,132,6,1
15279.0,354,5,1580.54,2,4,4,244,10,1
15280.0,172,3,397.52,3,3,2,332,8,3
15281.0,58,16,8475.32,4,5,5,455,14,2
15282.0,570,1,348.59,1,1,2,112,4,3
15283.0,390,3,148.33,2,3,1,231,6,3
15284.0,500,1,24.75,1,1,1,111,3,3
15285.0,407,1,94.92,2,1,1,211,4,3
15286.0,49,1,240.55,4,1,1,411,6,3
15287.0,22,5,856.03,4,4,3,443,11,0
15288.0,43,10,3872.18,4,5,5,455,14,2
15289.0,29,5,1593.09,4,4,4,444,12,0
15290.0,4,26,9915.48,5,5,5,555,15,2
15291.0,25,39,13801.56,4,5,5,455,14,2
15292.0,201,1,178.39,2,1,1,211,4,3
15293.0,665,1,247.5,1,1,1,111,3,3
15294.0,410,1,233.35,1,1,1,111,3,3
15295.0,654,1,207.04,1,1,1,111,3,3
15296.0,50,12,10252.83,4,5,5,455,14,2
15297.0,10,3,641.94,5,3,3,533,11,0
15298.0,2,23,9459.37,5,5,5,555,15,2
15299.0,67,9,7391.54,3,5,5,355,13,2
15300.0,64,1,496.44,3,1,2,312,6,0
15301.0,50,17,7503.84,4,5,5,455,14,2
15302.0,730,1,308.0,1,1,2,112,4,3
15303.0,290,3,1208.88,2,3,3,233,8,1
15304.0,60,9,919.55,3,5,3,353,11,1
15305.0,555,1,93.6,1,1,1,111,3,3
15306.0,64,9,3484.73,3,5,5,355,13,1
15307.0,95,1,205.3,3,1,1,311,5,3
15308.0,274,1,310.47,2,1,2,212,5,3
15309.0,610,4,797.96,1,3,3,133,7,1
15310.0,478,1,1634.64,1,1,4,114,6,3
15311.0,0,207,115104.39,5,5,5,555,15,2
15312.0,75,12,2930.19,3,5,5,355,13,2
15313.0,110,1,52.0,3,1,1,311,5,3
15314.0,199,3,801.49,2,3,3,233,8,1
15315.0,64,2,570.5,3,2,2,322,7,0
15316.0,326,1,165.0,2,1,1,211,4,3
15317.0,677,1,129.75,1,1,1,111,3,3
15318.0,3,1,312.62,5,1,2,512,8,0
15319.0,283,1,204.5,2,1,1,211,4,3
15320.0,44,1,267.13,4,1,1,411,6,0
15321.0,70,12,6709.7300000000005,3,5,5,355,13,2
15322.0,85,2,1390.86,3,2,4,324,9,1
15323.0,562,3,434.6,1,3,2,132,6,3
15324.0,701,1,140.22000000000003,1,1,1,111,3,3
15325.0,103,8,1586.46,3,4,4,344,11,1
15326.0,333,5,1685.52,2,4,4,244,10,1
15327.0,52,1,208.75,4,1,1,411,6,3
15328.0,407,1,107.24,2,1,1,211,4,3
15329.0,39,10,2882.33,4,5,4,454,13,2
15330.0,32,2,714.96,4,2,3,423,9,0
15331.0,499,3,767.91,1,3,3,133,7,1
15332.0,366,6,6076.89,2,4,5,245,11,1
15333.0,208,1,1028.56,2,1,3,213,6,3
15334.0,156,3,347.87,3,3,2,332,8,3
15335.0,53,1,170.22,4,1,1,411,6,3
15336.0,401,1,240.5,2,1,1,211,4,3
15337.0,411,1,373.02,1,1,2,112,4,3
15338.0,677,1,274.13,1,1,1,111,3,3
15339.0,66,7,1775.12,3,4,4,344,11,1
15340.0,561,1,105.5,1,1,1,111,3,3
15341.0,80,2,2402.7200000000003,3,2,4,324,9,1
15342.0,129,1,390.79,3,1,2,312,6,3
15343.0,87,1,364.5,3,1,2,312,6,3
15344.0,0,3,544.14,5,3,2,532,10,0
15345.0,45,1,393.54,4,1,2,412,7,0
15346.0,332,3,596.12,2,3,2,232,7,1
15347.0,366,4,1363.6,2,3,4,234,9,1
15348.0,72,1,158.04,3,1,1,311,5,3
15349.0,158,2,462.96,3,2,2,322,7,3
15350.0,373,2,663.25,2,2,3,223,7,3
15351.0,12,10,3689.59,5,5,5,555,15,2
15352.0,548,1,111.15,1,1,1,111,3,3
15353.0,254,7,3020.27,2,4,5,245,11,1
15355.0,29,2,235.4,4,2,1,421,7,0
15356.0,31,13,3380.35,4,5,5,455,14,2
15358.0,4,42,16989.21,5,5,5,555,15,2
15359.0,662,8,181.35,1,4,1,141,6,3
15360.0,39,1,427.93,4,1,2,412,7,0
15361.0,361,4,689.07,2,3,3,233,8,1
15362.0,448,2,598.08,1,2,2,122,5,3
15363.0,372,2,1004.11,2,2,3,223,7,1
15364.0,95,2,897.8900000000001,3,2,3,323,8,1
15365.0,25,13,4312.33,4,5,5,455,14,2
15366.0,75,7,2389.08,3,4,4,344,11,1
15367.0,57,11,4987.88,4,5,5,455,14,2
15368.0,21,2,571.54,4,2,2,422,8,0
15369.0,492,11,5894.86,1,5,5,155,11,1
15370.0,40,8,3617.39,4,4,5,445,13,2
15371.0,662,1,59.400000000000006,1,1,1,111,3,3
15372.0,137,8,6017.06,3,4,5,345,12,1
15373.0,8,17,3130.99,5,5,5,555,15,2
15374.0,128,2,307.32,3,2,2,322,7,3
15375.0,690,1,60.96,1,1,1,111,3,3
15376.0,40,3,1213.76,4,3,4,434,11,0
15377.0,382,4,942.05,2,3,3,233,8,1
15378.0,462,2,246.5,1,2,1,121,4,3
15379.0,169,8,4877.84,3,4,5,345,12,1
15380.0,8,11,3479.0600000000004,5,5,5,555,15,2
15381.0,213,5,1890.57,2,4,4,244,10,1
15382.0,14,12,13590.75,5,5,5,555,15,2
15384.0,169,4,2012.49,3,3,4,334,10,1
15385.0,40,3,942.08,4,3,3,433,10,0
15386.0,186,1,394.14,3,1,2,312,6,3
15387.0,492,1,468.65,1,1,2,112,4,3
15388.0,270,1,140.54,2,1,1,211,4,3
15389.0,172,5,2733.8,3,4,4,344,11,1
15390.0,396,2,1216.66,2,2,4,224,8,1
15391.0,584,1,289.87,1,1,2,112,4,3
15392.0,4,7,2835.12,5,4,4,544,13,2
15393.0,16,5,891.34,5,4,3,543,12,0
15394.0,9,11,5232.14,5,5,5,555,15,2
15395.0,325,1,107.45,2,1,1,211,4,3
15396.0,112,2,783.08,3,2,3,323,8,1
15397.0,289,1,94.0,2,1,1,211,4,3
15398.0,16,2,1345.53,5,2,4,524,11,0
15399.0,1,3,815.77,5,3,3,533,11,0
15400.0,92,8,1302.3,3,4,4,344,11,1
15401.0,452,2,216.95,1,2,1,121,4,3
15402.0,148,6,1830.12,3,4,4,344,11,1
15403.0,491,2,170.88,1,2,1,121,4,3
15404.0,375,1,257.06,2,1,1,211,4,3
15405.0,189,2,659.84,2,2,3,223,7,3
15406.0,31,4,975.87,4,3,3,433,10,0
15407.0,33,4,1046.74,4,3,3,433,10,0
15408.0,264,1,267.18,2,1,1,211,4,3
15409.0,721,1,131.25,1,1,1,111,3,3
15410.0,84,10,4665.92,3,5,5,355,13,2
15411.0,26,4,1317.28,4,3,4,434,11,0
15412.0,171,1,190.53,3,1,1,311,5,3
15413.0,691,5,6798.72,1,4,5,145,10,1
15414.0,9,3,744.6,5,3,3,533,11,0
15415.0,313,1,559.61,2,1,2,212,5,3
15416.0,64,7,4572.82,3,4,5,345,12,1
15417.0,85,1,508.8,3,1,2,312,6,3
15418.0,425,2,449.42,1,2,2,122,5,3
15419.0,24,1,135.86,4,1,1,411,6,0
15420.0,434,6,743.0,1,4,3,143,8,1
15421.0,58,10,3728.84,4,5,5,455,14,2
15422.0,323,7,1572.42,2,4,4,244,10,1
15423.0,38,3,266.89,4,3,1,431,8,0
15424.0,254,3,597.78,2,3,2,232,7,1
15425.0,400,4,1911.32,2,3,4,234,9,1
15426.0,19,9,2538.92,5,5,4,554,14,2
15427.0,33,3,1420.64,4,3,4,434,11,0
15428.0,15,4,762.75,5,3,3,533,11,0
15429.0,26,2,397.35,4,2,2,422,8,0
15430.0,467,2,954.75,1,2,3,123,6,3
15431.0,502,1,153.24,1,1,1,111,3,3
15432.0,23,2,320.76,4,2,2,422,8,0
15433.0,213,2,533.3,2,2,2,222,6,3
15434.0,8,11,2567.06,5,5,4,554,14,2
15435.0,22,1,144.34,4,1,1,411,6,0
15436.0,12,3,1062.99,5,3,3,533,11,0
15437.0,262,2,393.45,2,2,2,222,6,3
15438.0,131,1,156.57999999999998,3,1,1,311,5,3
15439.0,404,4,1238.45,2,3,4,234,9,1
15440.0,54,3,383.68,4,3,2,432,9,0
15441.0,396,3,1254.21,2,3,4,234,9,1
15442.0,248,1,594.0,2,1,2,212,5,3
15443.0,1,14,5098.93,5,5,5,555,15,2
15444.0,9,2,1394.36,5,2,4,524,11,0
15445.0,264,2,284.5,2,2,2,222,6,3
15446.0,376,3,393.9,2,3,2,232,7,3
15447.0,330,5,492.88,2,4,2,242,8,1
15448.0,312,2,742.91,2,2,3,223,7,3
15449.0,26,3,974.52,4,3,3,433,10,0
15450.0,30,1,429.84,4,1,2,412,7,0
15451.0,434,2,221.76,1,2,1,121,4,3
15452.0,29,6,1785.11,4,4,4,444,12,0
15453.0,1,7,1371.77,5,4,4,544,13,0
15454.0,362,2,303.89,2,2,2,222,6,3
15455.0,597,1,38.25,1,1,1,111,3,3
15456.0,283,10,2078.02,2,5,4,254,11,1
15457.0,262,1,237.07,2,1,1,211,4,3
15458.0,25,2,370.44,4,2,2,422,8,0
15459.0,417,2,202.83,1,2,1,121,4,3
15460.0,354,1,203.01,2,1,1,211,4,3
15461.0,460,2,429.7,1,2,2,122,5,3
15462.0,94,4,737.05,3,3,3,333,9,1
15463.0,29,1,126.14,4,1,1,411,6,0
15464.0,338,1,1039.7,2,1,3,213,6,3
15465.0,19,32,12636.15,5,5,5,555,15,2
15466.0,85,4,1559.21,3,3,4,334,10,1
15467.0,9,3,524.88,5,3,2,532,10,0
15468.0,51,3,1413.98,4,3,4,434,11,0
15469.0,50,3,874.25,4,3,3,433,10,0
15470.0,575,1,63.42,1,1,1,111,3,3
15471.0,2,3,1279.66,5,3,4,534,12,0
15472.0,113,1,371.56,3,1,2,312,6,3
15473.0,14,8,2046.0,5,4,4,544,13,2
15474.0,595,1,150.35,1,1,1,111,3,3
15475.0,77,1,454.11,3,1,2,312,6,3
15476.0,380,4,2209.98,2,3,4,234,9,1
15477.0,649,1,368.4,1,1,2,112,4,3
15478.0,40,3,1940.98,4,3,4,434,11,0
15479.0,733,1,129.55,1,1,1,111,3,3
15480.0,116,3,3377.85,3,3,5,335,11,1
15481.0,401,1,1993.34,2,1,4,214,7,1
15482.0,15,18,14341.66,5,5,5,555,15,2
15483.0,161,10,803.03,3,5,3,353,11,1
15484.0,1,6,4392.0,5,4,5,545,14,2
15485.0,30,7,5189.81,4,4,5,445,13,2
15486.0,527,1,102.0,1,1,1,111,3,3
15487.0,679,1,186.32,1,1,1,111,3,3
15488.0,92,5,416.92,3,4,2,342,9,1
15489.0,22,8,2389.16,4,4,4,444,12,2
15490.0,430,1,210.85,1,1,1,111,3,3
15491.0,95,6,3055.33,3,4,5,345,12,1
15492.0,28,2,659.4599999999999,4,2,3,423,9,0
15493.0,32,9,4103.59,4,5,5,455,14,2
15494.0,21,5,3572.35,4,4,5,445,13,2
15495.0,379,1,246.5,2,1,1,211,4,3
15496.0,631,1,146.14,1,1,1,111,3,3
15497.0,17,9,8657.39,5,5,5,555,15,2
15498.0,2,44,25536.28,5,5,5,555,15,2
15499.0,723,1,158.65,1,1,1,111,3,3
15500.0,8,4,1113.71,5,3,3,533,11,0
15501.0,404,2,399.95,2,2,2,222,6,3
15502.0,15,12,10472.32,5,5,5,555,15,2
15503.0,362,2,256.05,2,2,1,221,5,3
15504.0,81,4,383.95,3,3,2,332,8,0
15505.0,52,5,3307.36,4,4,5,445,13,1
15506.0,22,6,2030.33,4,4,4,444,12,0
15507.0,171,1,475.86,3,1,2,312,6,3
15508.0,189,6,997.11,2,4,3,243,9,1
15509.0,380,1,150.51,2,1,1,211,4,3
15510.0,330,1,250.0,2,1,1,211,4,3
15511.0,11,5,885.68,5,4,3,543,12,0
15512.0,155,4,331.58,3,3,2,332,8,3
15513.0,33,35,27416.65,4,5,5,455,14,2
15514.0,12,18,5745.68,5,5,5,555,15,2
15515.0,387,1,171.81,2,1,1,211,4,3
15516.0,44,3,62.43,4,3,1,431,8,3
15517.0,233,1,267.03,2,1,1,211,4,3
15518.0,64,15,4159.39,3,5,5,355,13,2
15519.0,383,2,344.61,2,2,2,222,6,3
15520.0,1,1,343.5,5,1,2,512,8,0
15521.0,40,16,7087.64,4,5,5,455,14,2
15522.0,32,2,367.39,4,2,2,422,8,0
15523.0,84,16,17259.19,3,5,5,355,13,2
15524.0,24,2,591.4,4,2,2,422,8,0
15525.0,2,4,1162.65,5,3,3,533,11,0
15526.0,33,2,148.44,4,2,1,421,7,0
15527.0,18,23,5397.24,5,5,5,555,15,2
15528.0,254,1,229.33,2,1,1,211,4,3
15529.0,22,12,5013.02,4,5,5,455,14,2
15530.0,21,5,1762.78,4,4,4,444,12,0
15531.0,8,2,1938.94,5,2,4,524,11,0
15532.0,25,10,3664.95,4,5,5,455,14,2
15533.0,19,3,797.67,5,3,3,533,11,0
15534.0,725,1,162.25,1,1,1,111,3,3
15535.0,173,6,1019.42,3,4,3,343,10,1
15536.0,409,1,259.09,1,1,1,111,3,3
15537.0,163,1,110.92,3,1,1,311,5,3
15538.0,537,6,3358.4,1,4,5,145,10,1
15539.0,7,1,538.46,5,1,2,512,8,0
15540.0,11,2,460.68,5,2,2,522,9,0
15541.0,114,1,79.18,3,1,1,311,5,3
15542.0,512,3,817.46,1,3,3,133,7,1
15543.0,288,2,242.26,2,2,1,221,5,3
15544.0,9,20,8162.43,5,5,5,555,15,2
15545.0,54,2,421.75,4,2,2,422,8,0
15546.0,606,2,730.3000000000001,1,2,3,123,6,3
15547.0,7,26,9960.55,5,5,5,555,15,2
15548.0,595,1,158.09,1,1,1,111,3,3
15549.0,77,8,2294.71,3,4,4,344,11,1
15550.0,4,12,2192.45,5,5,4,554,14,2
15551.0,36,7,1664.51,4,4,4,444,12,1
15552.0,217,2,252.52,2,2,1,221,5,3
15553.0,60,1,428.93,3,1,2,312,6,0
15554.0,277,1,217.2,2,1,1,211,4,3
15555.0,12,36,11946.76,5,5,5,555,15,2
15556.0,24,1,279.77,4,1,1,411,6,0
15557.0,28,1,468.91,4,1,2,412,7,0
15558.0,639,1,202.68,1,1,1,111,3,3
15559.0,568,1,1109.4,1,1,3,113,5,3
15560.0,397,2,153.52,2,2,1,221,5,3
15561.0,11,8,1934.39,5,4,4,544,13,2
15562.0,351,3,671.4300000000001,2,3,3,233,8,1
15563.0,22,6,2730.46,4,4,4,444,12,2
15564.0,463,2,70.74000000000001,1,2,1,121,4,3
15565.0,50,2,173.16,4,2,1,421,7,0
15566.0,392,2,227.87,2,2,1,221,5,3
15567.0,18,1,186.01,5,1,1,511,7,0
15568.0,2,3,712.39,5,3,3,533,11,0
15569.0,103,10,3577.5,3,5,5,355,13,1
15570.0,7,25,9203.84,5,5,5,555,15,2
15571.0,11,14,3846.45,5,5,5,555,15,2
15572.0,4,10,3934.6,5,5,5,555,15,2
15573.0,31,5,1129.62,4,4,3,443,11,0
15574.0,177,6,1426.03,3,4,4,344,11,1
15575.0,619,1,30.1,1,1,1,111,3,3
15576.0,37,1,921.37,4,1,3,413,8,0
15577.0,151,5,396.03,3,4,2,342,9,1
15578.0,162,1,127.1,3,1,1,311,5,3
15579.0,68,5,1250.63,3,4,4,344,11,1
15580.0,376,8,1375.39,2,4,4,244,10,1
15581.0,156,34,4694.7,3,5,5,355,13,2
15582.0,24,3,682.9100000000001,4,3,3,433,10,0
15583.0,376,1,95.96,2,1,1,211,4,3
15584.0,23,6,1252.9,4,4,4,444,12,0
15585.0,176,1,455.3,3,1,2,312,6,3
15586.0,592,3,1077.9,1,3,3,133,7,1
15587.0,50,7,1522.0800000000002,4,4,4,444,12,1
15588.0,677,1,579.6,1,1,2,112,4,3
15589.0,255,3,478.53,2,3,2,232,7,3
15590.0,382,5,1496.6,2,4,4,244,10,1
15591.0,582,3,217.9,1,3,1,131,5,3
15592.0,46,1,388.58,4,1,2,412,7,0
15593.0,70,1,199.8,3,1,1,311,5,3
15594.0,15,5,1736.08,5,4,4,544,13,0
15595.0,487,1,357.6,1,1,2,112,4,3
15596.0,100,9,3045.34,3,5,5,355,13,1
15597.0,35,2,563.37,4,2,2,422,8,0
15598.0,53,2,548.02,4,2,2,422,8,0
15599.0,26,3,1205.3,4,3,3,433,10,0
15600.0,428,4,1199.31,1,3,3,133,7,1
15601.0,11,30,14904.02,5,5,5,555,15,2
15602.0,8,16,3230.51,5,5,5,555,15,2
15603.0,78,2,88.48,3,2,1,321,6,3
15604.0,52,1,216.39,4,1,1,411,6,3
15605.0,36,9,1936.8,4,5,4,454,13,2
15606.0,61,17,5097.19,3,5,5,355,13,2
15607.0,336,9,1674.17,2,5,4,254,11,1
15608.0,28,5,1785.98,4,4,4,444,12,0
15609.0,184,1,298.48,3,1,2,312,6,3
15610.0,51,1,112.46,4,1,1,411,6,3
15611.0,9,24,2976.28,5,5,5,555,15,2
15612.0,36,2,180.15,4,2,1,421,7,0
15613.0,610,1,418.72,1,1,2,112,4,3
15614.0,437,4,2996.1600000000003,1,3,5,135,9,1
15615.0,10,47,21373.97,5,5,5,555,15,2
15616.0,438,1,317.11,1,1,2,112,4,3
15617.0,396,3,828.5500000000001,2,3,3,233,8,1
15618.0,32,4,776.85,4,3,3,433,10,0
15619.0,10,1,236.8,5,1,1,511,7,0
15620.0,56,4,1942.36,4,3,4,434,11,1
15621.0,4,4,1293.03,5,3,4,534,12,0
15622.0,43,17,7748.51,4,5,5,455,14,2
15623.0,141,8,2302.05,3,4,4,344,11,1
15624.0,116,4,588.13,3,3,2,332,8,1
15625.0,103,9,3236.4,3,5,5,355,13,1
15626.0,74,3,1052.52,3,3,3,333,9,1
15627.0,457,2,541.7,1,2,2,122,5,3
15628.0,4,17,5652.26,5,5,5,555,15,2
15629.0,450,4,2240.9,1,3,4,134,8,1
15630.0,45,3,1481.4,4,3,4,434,11,0
15631.0,642,1,596.67,1,1,2,112,4,3
15632.0,15,8,3265.51,5,4,5,545,14,2
15633.0,509,13,4335.96,1,5,5,155,11,1
15634.0,17,2,554.65,5,2,2,522,9,0
15635.0,395,1,100.35,2,1,1,211,4,3
15636.0,89,4,1444.58,3,3,4,334,10,1
15637.0,52,5,797.59,4,4,3,443,11,0
15638.0,378,6,2265.2,2,4,4,244,10,1
15639.0,134,3,1065.08,3,3,3,333,9,1
15640.0,4,29,23701.73,5,5,5,555,15,2
15641.0,105,12,5326.83,3,5,5,355,13,2
15642.0,729,1,105.78000000000002,1,1,1,111,3,3
15643.0,191,3,664.0,2,3,3,233,8,1
15644.0,166,4,803.54,3,3,3,333,9,1
15645.0,18,3,1054.75,5,3,3,533,11,0
15646.0,157,5,974.61,3,4,3,343,10,1
15647.0,415,1,169.0,1,1,1,111,3,3
15648.0,204,2,639.5,2,2,3,223,7,3
15649.0,336,4,2170.35,2,3,4,234,9,1
15650.0,521,2,534.08,1,2,2,122,5,3
15651.0,36,5,1197.86,4,4,3,443,11,0
15652.0,91,5,1386.04,3,4,4,344,11,1
15653.0,92,2,877.4399999999999,3,2,3,323,8,1
15654.0,9,2,907.53,5,2,3,523,10,0
15655.0,243,1,560.67,2,1,2,212,5,3
15656.0,45,4,748.5,4,3,3,433,10,0
15657.0,22,1,30.0,4,1,1,411,6,3
15658.0,190,8,2423.4700000000003,2,4,4,244,10,1
15659.0,43,3,532.49,4,3,2,432,9,0
15660.0,25,15,2812.99,4,5,4,454,13,2
15661.0,317,8,1215.95,2,4,4,244,10,1
15662.0,661,2,283.73,1,2,2,122,5,3
15663.0,106,1,138.14,3,1,1,311,5,3
15664.0,50,4,1231.53,4,3,4,434,11,1
15665.0,168,5,3987.07,3,4,5,345,12,1
15666.0,472,2,625.4399999999999,1,2,3,123,6,3
15667.0,39,1,301.32,4,1,2,412,7,0
15668.0,217,1,76.32000000000001,2,1,1,211,4,3
15669.0,40,4,684.34,4,3,3,433,10,0
15670.0,296,2,325.2,2,2,2,222,6,3
15671.0,18,7,2627.13,5,4,4,544,13,2
15672.0,725,1,45.3,1,1,1,111,3,3
15673.0,88,9,6127.82,3,5,5,355,13,2
15674.0,73,12,6598.52,3,5,5,355,13,2
15675.0,81,4,512.04,3,3,2,332,8,1
15676.0,18,3,3420.76,5,3,5,535,13,0
15677.0,49,3,1305.63,4,3,4,434,11,0
15678.0,52,3,1825.94,4,3,4,434,11,1
15679.0,24,4,781.28,4,3,3,433,10,0
15680.0,9,10,4487.68,5,5,5,555,15,2
15681.0,25,14,2989.7,4,5,5,455,14,2
15682.0,599,2,318.24,1,2,2,122,5,3
15683.0,117,2,524.54,3,2,2,322,7,3
15684.0,547,3,143.35,1,3,1,131,5,3
15685.0,450,1,55.98,1,1,1,111,3,3
15686.0,420,1,90.0,1,1,1,111,3,3
15687.0,8,9,2993.1,5,5,5,555,15,2
15688.0,418,1,190.57,1,1,1,111,3,3
15689.0,119,3,506.03,3,3,2,332,8,1
15690.0,4,2,239.76,5,2,1,521,8,0
15691.0,252,4,571.3,2,3,2,232,7,1
15692.0,28,1,191.04,4,1,1,411,6,0
15693.0,659,1,37.5,1,1,1,111,3,3
15694.0,0,23,10795.81,5,5,5,555,15,2
15695.0,266,4,1100.44,2,3,3,233,8,1
15696.0,33,13,3861.42,4,5,5,455,14,2
15697.0,689,1,246.75,1,1,1,111,3,3
15698.0,624,1,46.2,1,1,1,111,3,3
15699.0,17,1,309.65,5,1,2,512,8,0
15700.0,172,2,696.68,3,2,3,323,8,3
15701.0,2,4,1512.5,5,3,4,534,12,0
15702.0,476,1,112.57,1,1,1,111,3,3
15703.0,264,1,211.5,2,1,1,211,4,3
15704.0,140,6,3714.86,3,4,5,345,12,1
15705.0,201,1,143.1,2,1,1,211,4,3
15706.0,63,4,1047.26,3,3,3,333,9,1
15707.0,35,4,906.78,4,3,3,433,10,0
15708.0,40,9,3922.39,4,5,5,455,14,2
15709.0,283,2,327.85,2,2,2,222,6,3
15710.0,417,1,898.87,1,1,3,113,5,3
15711.0,556,2,420.25,1,2,2,122,5,3
15712.0,9,12,3472.4100000000003,5,5,5,555,15,2
15713.0,143,4,1010.79,3,3,3,333,9,1
15714.0,11,5,783.96,5,4,3,543,12,0
15715.0,555,5,658.02,1,4,3,143,8,1
15716.0,145,11,3005.39,3,5,5,355,13,1
15717.0,234,5,607.0,2,4,3,243,9,1
15718.0,540,1,263.79,1,1,1,111,3,3
15719.0,32,31,10162.07,4,5,5,455,14,2
15720.0,24,2,739.22,4,2,3,423,9,0
15721.0,11,1,471.4,5,1,2,512,8,0
15722.0,35,11,5234.0,4,5,5,455,14,2
15723.0,364,4,930.7,2,3,3,233,8,1
15724.0,201,3,310.85,2,3,2,232,7,3
15725.0,15,1,384.65,5,1,2,512,8,0
15726.0,390,1,321.91,2,1,2,212,5,3
15727.0,16,15,9361.81,5,5,5,555,15,2
15728.0,379,2,544.6,2,2,2,222,6,3
15729.0,212,3,192.55,2,3,1,231,6,3
15730.0,65,5,1726.58,3,4,4,344,11,1
15731.0,553,1,125.3,1,1,1,111,3,3
15732.0,212,10,1682.07,2,5,4,254,11,1
15733.0,282,1,162.3,2,1,1,211,4,3
15734.0,114,4,2243.5,3,3,4,334,10,1
15735.0,421,1,327.68,1,1,2,112,4,3
15736.0,435,2,1755.72,1,2,4,124,7,1
15737.0,14,8,1173.12,5,4,3,543,12,0
15738.0,18,41,13372.97,5,5,5,555,15,2
15739.0,66,1,449.12,3,1,2,312,6,3
15740.0,49,1,154.88,4,1,1,411,6,3
15741.0,458,2,208.62,1,2,1,121,4,3
15742.0,619,1,156.87,1,1,1,111,3,3
15743.0,16,4,775.96,5,3,3,533,11,0
15744.0,77,1,34.8,3,1,1,311,5,3
15745.0,19,4,1079.74,5,3,3,533,11,0
15746.0,134,1,196.88,3,1,1,311,5,3
15747.0,12,9,2499.81,5,5,4,554,14,2
15748.0,40,3,609.8100000000001,4,3,3,433,10,0
15749.0,235,3,44534.3,2,3,5,235,10,1
15750.0,2,18,6793.51,5,5,5,555,15,2
15751.0,460,11,1380.44,1,5,4,154,10,1
15752.0,39,9,4169.26,4,5,5,455,14,2
15753.0,304,1,79.2,2,1,1,211,4,3
15754.0,51,9,2943.56,4,5,5,455,14,2
15755.0,10,17,5978.12,5,5,5,555,15,2
15756.0,61,4,528.01,3,3,2,332,8,0
15757.0,65,6,2940.36,3,4,5,345,12,1
15758.0,24,1,205.25,4,1,1,411,6,0
15759.0,218,7,830.9300000000001,2,4,3,243,9,1
15761.0,442,1,143.05,1,1,1,111,3,3
15762.0,65,2,563.95,3,2,2,322,7,0
15763.0,31,2,1067.12,4,2,3,423,9,0
15764.0,88,8,4391.4800000000005,3,4,5,345,12,1
15765.0,666,1,370.63,1,1,2,112,4,3
15766.0,64,3,831.06,3,3,3,333,9,0
15768.0,115,34,14989.44,3,5,5,355,13,2
15769.0,7,46,88704.32,5,5,5,555,15,2
15770.0,612,1,303.6,1,1,2,112,4,3
15771.0,604,3,1006.54,1,3,3,133,7,1
15772.0,418,1,280.88,1,1,1,111,3,3
15773.0,5,2,774.52,5,2,3,523,10,0
15774.0,68,6,1257.34,3,4,4,344,11,1
15775.0,245,2,150.5,2,2,1,221,5,3
15776.0,133,1,241.62,3,1,1,311,5,3
15777.0,241,7,1762.61,2,4,4,244,10,1
15778.0,431,1,290.1,1,1,2,112,4,3
15779.0,463,2,124.08,1,2,1,121,4,3
15780.0,183,3,475.28,3,3,2,332,8,3
15781.0,25,3,345.46,4,3,2,432,9,0
15782.0,9,4,4014.1,5,3,5,535,13,0
15783.0,10,1,246.3,5,1,1,511,7,0
15784.0,467,2,848.3299999999999,1,2,3,123,6,3
15785.0,32,15,5950.13,4,5,5,455,14,2
15786.0,46,5,8444.17,4,4,5,445,13,2
15787.0,26,3,928.31,4,3,3,433,10,0
15788.0,508,1,221.83,1,1,1,111,3,3
15789.0,358,6,1911.61,2,4,4,244,10,1
15790.0,10,1,218.75,5,1,1,511,7,0
15791.0,43,5,3595.74,4,4,5,445,13,1
15792.0,399,2,933.84,2,2,3,223,7,3
15793.0,14,8,2399.57,5,4,4,544,13,2
15794.0,736,2,777.0,1,2,3,123,6,3
15795.0,149,8,1908.47,3,4,4,344,11,1
15796.0,1,17,5145.13,5,5,5,555,15,2
15797.0,113,5,2806.08,3,4,4,344,11,1
15798.0,492,3,1520.37,1,3,4,134,8,1
15799.0,75,4,1421.34,3,3,4,334,10,1
15800.0,107,7,1207.17,3,4,3,343,10,1
15801.0,46,3,1005.9,4,3,3,433,10,0
15803.0,51,4,1929.66,4,4,4,444,12,1
15804.0,0,13,4188.54,5,5,5,555,15,2
15805.0,23,30,9911.18,4,5,5,455,14,2
15806.0,46,3,784.58,4,3,3,433,10,0
15807.0,50,5,1817.52,4,4,4,444,12,1
15808.0,306,21,17919.1,2,5,5,255,12,2
15809.0,36,7,1235.92,4,4,4,444,12,1
15810.0,78,8,2999.04,3,4,5,345,12,1
15811.0,22,7,3664.55,4,4,5,445,13,2
15812.0,107,12,5201.47,3,5,5,355,13,2
15813.0,207,2,1303.91,2,2,4,224,8,1
15814.0,16,6,2634.44,5,4,4,544,13,2
15815.0,63,5,2100.6,3,4,4,344,11,1
15816.0,542,2,144.14999999999998,1,2,1,121,4,3
15817.0,420,3,2766.4,1,3,4,134,8,1
15818.0,588,1,340.5,1,1,2,112,4,3
15819.0,49,10,3934.79,4,5,5,455,14,2
15820.0,319,1,206.98,2,1,1,211,4,3
15821.0,44,2,554.46,4,2,2,422,8,0
15822.0,3,6,1840.06,5,4,4,544,13,0
15823.0,729,2,3775.37,1,2,5,125,8,1
15824.0,453,2,890.94,1,2,3,123,6,3
15825.0,172,1,532.94,3,1,2,312,6,3
15826.0,56,4,2598.28,4,4,4,444,12,1
15827.0,73,28,3774.27,3,5,5,355,13,2
15828.0,375,1,1103.12,2,1,3,213,6,3
15829.0,99,2,612.74,3,2,3,323,8,0
15830.0,37,1,576.0,4,1,2,412,7,0
15831.0,58,3,794.64,4,3,3,433,10,0
15832.0,254,1,821.49,2,1,3,213,6,3
15833.0,737,1,62.55,1,1,1,111,3,3
15834.0,70,7,3719.39,3,4,5,345,12,1
15835.0,44,4,954.09,4,4,3,443,11,0
15836.0,50,1,137.37,4,1,1,411,6,3
15837.0,64,2,777.01,3,2,3,323,8,0
15838.0,11,34,74163.0,5,5,5,555,15,2
15839.0,33,3,1048.49,4,3,3,433,10,0
15840.0,58,2,355.56,4,2,2,422,8,0
15841.0,72,9,2732.45,3,5,4,354,12,1
15842.0,393,2,548.8,2,2,2,222,6,3
15843.0,303,1,101.1,2,1,1,211,4,3
15844.0,46,1,130.73999999999998,4,1,1,411,6,3
15845.0,17,11,4426.28,5,5,5,555,15,2
15846.0,385,1,107.01,2,1,1,211,4,3
15847.0,38,5,822.57,4,4,3,443,11,0
15848.0,621,1,137.99,1,1,1,111,3,3
15850.0,19,6,1006.75,5,4,3,543,12,0
15851.0,526,1,109.73,1,1,1,111,3,3
15852.0,186,3,257.26,3,3,1,331,7,3
15853.0,51,1,110.8,4,1,1,411,6,3
15854.0,4,21,3761.37,5,5,5,555,15,2
15855.0,136,6,1052.72,3,4,3,343,10,1
15856.0,4,52,33641.0,5,5,5,555,15,2
15857.0,18,2,570.48,5,2,2,522,9,0
15858.0,15,13,3933.79,5,5,5,555,15,2
15859.0,432,1,438.46,1,1,2,112,4,3
15860.0,40,17,2387.29,4,5,4,454,13,2
15861.0,12,12,4335.7,5,5,5,555,15,2
15862.0,8,13,2840.97,5,5,4,554,14,2
15863.0,25,5,355.1,4,4,2,442,10,0
15864.0,22,7,2180.76,4,4,4,444,12,2
15865.0,40,5,2241.42,4,4,4,444,12,1
15866.0,101,1,211.89,3,1,1,311,5,3
15867.0,5,31,8892.87,5,5,5,555,15,2
15868.0,583,1,94.53,1,1,1,111,3,3
15869.0,277,3,321.11,2,3,2,232,7,3
15870.0,32,4,845.66,4,4,3,443,11,0
15871.0,437,1,33.099999999999994,1,1,1,111,3,3
15872.0,14,4,708.85,5,4,3,543,12,0
15873.0,499,4,313.92,1,4,2,142,7,3
15874.0,63,21,11135.36,3,5,5,355,13,2
15875.0,646,1,108.52,1,1,1,111,3,3
15876.0,409,2,1449.14,1,2,4,124,7,1
15877.0,1,2,490.33,5,2,2,522,9,0
15878.0,561,2,330.77,1,2,2,122,5,3
15879.0,404,4,1058.75,2,4,3,243,9,1
15880.0,369,1,658.0600000000001,2,1,3,213,6,3
15881.0,312,5,501.39,2,4,2,242,8,1
15882.0,198,8,1415.8200000000002,2,4,4,244,10,1
15883.0,2,2,335.28,5,2,2,522,9,0
15884.0,432,2,244.6,1,2,1,121,4,3
15885.0,93,13,1921.82,3,5,4,354,12,1
15886.0,60,4,1052.87,3,4,3,343,10,1
15887.0,406,3,1027.15,2,3,3,233,8,1
15888.0,80,3,413.29,3,3,2,332,8,0
15889.0,156,8,1675.72,3,4,4,344,11,1
15890.0,394,5,535.65,2,4,2,242,8,1
15891.0,226,1,509.13,2,1,2,212,5,3
15892.0,669,1,123.25,1,1,1,111,3,3
15893.0,481,1,305.28000000000003,1,1,2,112,4,3
15894.0,253,2,408.39,2,2,2,222,6,3
15895.0,149,1,179.17,3,1,1,311,5,3
15897.0,194,2,208.59,2,2,1,221,5,3
15898.0,1,25,5472.09,5,5,5,555,15,2
15899.0,368,1,112.5,2,1,1,211,4,3
15900.0,23,4,764.17,4,4,3,443,11,0
15901.0,16,6,667.89,5,4,3,543,12,0
15902.0,380,1,145.01,2,1,1,211,4,3
15903.0,9,12,8939.84,5,5,5,555,15,2
15904.0,8,1,164.68,5,1,1,511,7,0
15905.0,543,1,114.69,1,1,1,111,3,3
15906.0,19,10,2466.44,5,5,4,554,14,2
15907.0,3,3,881.87,5,3,3,533,11,0
15908.0,490,2,752.6700000000001,1,2,3,123,6,3
15909.0,173,1,191.94,3,1,1,311,5,3
15910.0,0,15,2652.27,5,5,4,554,14,2
15911.0,623,8,1662.84,1,4,4,144,9,1
15912.0,178,9,1059.4,3,5,3,353,11,1
15913.0,534,1,6.300000000000001,1,1,1,111,3,3
15914.0,378,2,205.99,2,2,1,221,5,3
15915.0,401,1,364.24,2,1,2,212,5,3
15916.0,16,13,3316.74,5,5,5,555,15,2
15917.0,247,5,530.17,2,4,2,242,8,1
15918.0,190,3,582.88,2,3,2,232,7,1
15919.0,19,2,734.82,5,2,3,523,10,0
15920.0,154,8,557.59,3,4,2,342,9,1
15921.0,172,4,753.71,3,4,3,343,10,1
15922.0,373,1,739.0,2,1,3,213,6,3
15923.0,372,1,254.16,2,1,1,211,4,3
15924.0,731,1,102.82,1,1,1,111,3,3
15925.0,194,1,207.15,2,1,1,211,4,3
15926.0,542,1,134.44,1,1,1,111,3,3
15927.0,647,1,106.54,1,1,1,111,3,3
15928.0,656,1,293.53,1,1,2,112,4,3
15929.0,644,1,594.0,1,1,2,112,4,3
15930.0,67,1,426.63,3,1,2,312,6,3
15931.0,428,1,209.3,1,1,1,111,3,3
15932.0,4,8,2295.83,5,4,4,544,13,2
15933.0,21,3,1107.46,4,3,3,433,10,0
15934.0,417,2,2190.66,1,2,4,124,7,1
15935.0,239,1,108.04,2,1,1,211,4,3
15936.0,379,2,282.79,2,2,2,222,6,3
15937.0,64,1,145.35,3,1,1,311,5,3
15938.0,112,9,734.81,3,5,3,353,11,1
15939.0,89,15,8683.09,3,5,5,355,13,2
15940.0,311,1,35.8,2,1,1,211,4,3
15941.0,637,1,405.0,1,1,2,112,4,3
15942.0,133,1,276.24,3,1,1,311,5,3
15943.0,649,2,271.29,1,2,1,121,4,3
15944.0,276,4,2164.24,2,4,4,244,10,1
15945.0,365,4,827.27,2,4,3,243,9,1
15946.0,502,3,2228.58,1,3,4,134,8,1
15947.0,82,1,1668.64,3,1,4,314,8,0
15948.0,8,3,1509.09,5,3,4,534,12,0
15949.0,16,2,364.72,5,2,2,522,9,0
15950.0,31,10,7073.81,4,5,5,455,14,2
15951.0,8,3,1013.17,5,3,3,533,11,0
15952.0,33,4,781.91,4,4,3,443,11,0
15953.0,15,18,3648.08,5,5,5,555,15,2
15954.0,589,1,187.8,1,1,1,111,3,3
15955.0,24,22,8631.36,4,5,5,455,14,2
15956.0,551,2,617.6,1,2,3,123,6,3
15957.0,31,3,921.25,4,3,3,433,10,0
15958.0,74,4,462.12,3,4,2,342,9,0
15959.0,682,3,542.89,1,3,2,132,6,3
15960.0,374,4,410.95,2,4,2,242,8,3
15961.0,379,1,451.29,2,1,2,212,5,3
15962.0,449,1,289.48,1,1,2,112,4,3
15963.0,19,2,454.26,5,2,2,522,9,0
15964.0,663,1,269.21000000000004,1,1,1,111,3,3
15965.0,17,13,2928.13,5,5,5,555,15,2
15966.0,450,1,426.53,1,1,2,112,4,3
15967.0,23,12,2955.05,4,5,5,455,14,2
15968.0,388,1,401.8,2,1,2,212,5,3
15969.0,2,5,1127.05,5,4,3,543,12,0
15970.0,303,2,1017.32,2,2,3,223,7,1
15971.0,17,18,5897.88,5,5,5,555,15,2
15972.0,456,5,1769.33,1,4,4,144,9,1
15973.0,366,2,973.44,2,2,3,223,7,1
15974.0,39,7,3442.15,4,4,5,445,13,2
15975.0,84,1,371.01,3,1,2,312,6,3
15976.0,165,6,1680.31,3,4,4,344,11,1
15977.0,17,2,1054.73,5,2,3,523,10,0
15978.0,77,3,3279.42,3,3,5,335,11,1
15979.0,602,1,329.22,1,1,2,112,4,3
15980.0,88,7,6543.68,3,4,5,345,12,1
15981.0,24,21,9211.57,4,5,5,455,14,2
15982.0,605,1,324.51,1,1,2,112,4,3
15983.0,22,8,3924.02,4,5,5,455,14,2
15984.0,2,30,8475.77,5,5,5,555,15,2
15985.0,123,7,2715.28,3,4,4,344,11,1
15986.0,30,2,354.42,4,2,2,422,8,0
15987.0,12,8,1649.47,5,5,4,554,14,2
15988.0,19,3,736.39,5,3,3,533,11,0
15989.0,375,2,368.31,2,2,2,222,6,3
15990.0,44,7,1997.75,4,4,4,444,12,1
15991.0,534,1,150.55,1,1,1,111,3,3
15992.0,3,3,896.6,5,3,3,533,11,0
15993.0,8,7,2755.67,5,4,4,544,13,2
15994.0,54,3,1175.68,4,3,3,433,10,0
15995.0,414,1,694.54,1,1,3,113,5,3
15996.0,88,7,1588.45,3,4,4,344,11,1
15998.0,36,16,7944.14,4,5,5,455,14,2
15999.0,735,1,20.4,1,1,1,111,3,3
16000.0,2,3,12393.7,5,3,5,535,13,2
16001.0,381,1,583.39,2,1,2,212,5,3
16002.0,625,1,169.21,1,1,1,111,3,3
16003.0,29,10,5583.23,4,5,5,455,14,2
16004.0,474,5,2146.39,1,4,4,144,9,1
16005.0,12,10,2345.28,5,5,4,554,14,2
16006.0,211,2,332.82,2,2,2,222,6,3
16007.0,47,7,3053.06,4,4,5,445,13,1
16008.0,23,15,5339.13,4,5,5,455,14,2
16009.0,22,4,972.11,4,4,3,443,11,0
16010.0,245,11,1694.86,2,5,4,254,11,1
16011.0,8,29,5393.56,5,5,5,555,15,2
16012.0,35,5,2932.99,4,4,5,445,13,1
16013.0,3,84,57140.44,5,5,5,555,15,2
16014.0,37,5,1085.28,4,4,3,443,11,0
16015.0,3,3,704.26,5,3,3,533,11,0
16016.0,3,11,2446.42,5,5,4,554,14,2
16017.0,47,5,1484.68,4,4,4,444,12,1
16018.0,39,4,698.13,4,4,3,443,11,0
16019.0,46,27,17126.96,4,5,5,455,14,2
16020.0,16,3,851.01,5,3,3,533,11,0
16021.0,395,2,487.03,2,2,2,222,6,3
16022.0,260,1,602.63,2,1,2,212,5,3
16023.0,46,3,719.81,4,3,3,433,10,0
16024.0,12,3,476.16,5,3,2,532,10,0
16025.0,29,1,439.66,4,1,2,412,7,0
16026.0,43,1,236.09,4,1,1,411,6,0
16027.0,91,15,2048.36,3,5,4,354,12,1
16028.0,595,1,82.2,1,1,1,111,3,3
16029.0,38,106,113489.19,4,5,5,455,14,2
16030.0,309,1,331.24,2,1,2,212,5,3
16031.0,92,2,547.9,3,2,2,322,7,0
16032.0,456,6,1884.12,1,4,4,144,9,1
16033.0,5,27,10682.3,5,5,5,555,15,2
16034.0,196,6,908.77,2,4,3,243,9,1
16035.0,560,1,217.73,1,1,1,111,3,3
16036.0,87,4,2553.04,3,4,4,344,11,1
16037.0,269,5,1509.34,2,4,4,244,10,1
16038.0,7,3,471.78,5,3,2,532,10,0
16039.0,423,2,456.4,1,2,2,122,5,3
16040.0,65,7,2416.9,3,4,4,344,11,1
16041.0,30,3,3166.4,4,3,5,435,12,0
16042.0,22,8,2214.72,4,5,4,454,13,2
16043.0,37,8,1856.59,4,5,4,454,13,1
16044.0,435,1,340.84000000000003,1,1,2,112,4,3
16045.0,119,8,3369.83,3,5,5,355,13,1
16046.0,562,1,235.78,1,1,1,111,3,3
16048.0,373,4,1075.23,2,4,3,243,9,1
16049.0,40,6,1842.4,4,4,4,444,12,1
16050.0,173,3,300.7,3,3,2,332,8,3
16051.0,681,1,188.44,1,1,1,111,3,3
16052.0,54,1,362.06,4,1,2,412,7,0
16053.0,32,6,3604.24,4,4,5,445,13,2
16054.0,145,4,2101.98,3,4,4,344,11,1
16055.0,220,1,134.8,2,1,1,211,4,3
16056.0,45,1,650.75,4,1,3,413,8,0
16057.0,16,10,3815.25,5,5,5,555,15,2
16058.0,406,1,62.7,2,1,1,211,4,3
16059.0,65,12,3156.9700000000003,3,5,5,355,13,2
16060.0,400,3,541.95,2,3,2,232,7,3
16061.0,431,1,89.65,1,1,1,111,3,3
16062.0,9,8,2863.45,5,5,4,554,14,2
16063.0,260,1,335.32,2,1,2,212,5,3
16064.0,725,1,109.31,1,1,1,111,3,3
16065.0,365,8,2351.77,2,5,4,254,11,1
16066.0,16,5,1521.04,5,4,4,544,13,0
16067.0,562,3,3046.81,1,3,5,135,9,1
16068.0,593,1,115.73,1,1,1,111,3,3
16069.0,417,1,442.4,1,1,2,112,4,3
16070.0,22,2,852.15,4,2,3,423,9,0
16071.0,44,4,1076.8,4,4,3,443,11,0
16072.0,288,4,4119.39,2,4,5,245,11,1
16073.0,297,1,122.4,2,1,1,211,4,3
16074.0,390,1,252.5,2,1,1,211,4,3
16075.0,502,2,736.9300000000001,1,2,3,123,6,3
16076.0,3,10,2234.73,5,5,4,554,14,2
16077.0,625,1,2300.4,1,1,4,114,6,1
16078.0,283,2,353.09000000000003,2,2,2,222,6,3
16079.0,16,3,1336.7,5,3,4,534,12,0
16080.0,81,4,602.5600000000001,3,4,2,342,9,1
16081.0,56,8,4367.71,4,5,5,455,14,2
16082.0,670,1,106.75,1,1,1,111,3,3
16083.0,100,4,2351.42,3,4,4,344,11,1
16084.0,299,1,436.18,2,1,2,212,5,3
16085.0,23,12,2324.71,4,5,4,454,13,2
16086.0,59,10,2864.99,3,5,4,354,12,2
16087.0,389,5,1739.92,2,4,4,244,10,1
16088.0,575,2,1437.43,1,2,4,124,7,1
16089.0,386,2,263.49,2,2,1,221,5,3
16090.0,624,1,180.56,1,1,1,111,3,3
16091.0,154,2,315.06,3,2,2,322,7,3
16092.0,114,6,1587.94,3,4,4,344,11,1
16093.0,106,1,17.0,3,1,1,311,5,3
16094.0,11,11,3695.56,5,5,5,555,15,2
16095.0,456,1,447.05,1,1,2,112,4,3
16096.0,264,4,1567.12,2,4,4,244,10,1
16097.0,240,1,185.05,2,1,1,211,4,3
16098.0,87,14,4441.3,3,5,5,355,13,2
16099.0,50,7,1573.2,4,4,4,444,12,1
16100.0,462,1,582.64,1,1,2,112,4,3
16101.0,70,4,3229.16,3,4,5,345,12,1
16102.0,42,3,1842.14,4,3,4,434,11,0
16103.0,7,22,6191.71,5,5,5,555,15,2
16104.0,61,9,2611.36,3,5,4,354,12,1
16105.0,248,5,2351.39,2,4,4,244,10,1
16106.0,65,1,108.38,3,1,1,311,5,3
16107.0,17,7,3204.1600000000003,5,4,5,545,14,2
16108.0,84,4,2235.92,3,4,4,344,11,1
16109.0,218,3,929.52,2,3,3,233,8,1
16110.0,45,4,1764.19,4,4,4,444,12,1
16111.0,428,1,498.33,1,1,2,112,4,3
16112.0,143,4,175.34,3,4,1,341,8,3
16113.0,183,1,161.38,3,1,1,311,5,3
16114.0,170,1,115.95000000000002,3,1,1,311,5,3
16115.0,9,12,2481.95,5,5,4,554,14,2
16116.0,211,1,612.78,2,1,3,213,6,3
16117.0,189,3,654.4,2,3,3,233,8,1
16118.0,652,1,4376.25,1,1,5,115,7,1
16119.0,8,8,1720.81,5,5,4,554,14,2
16120.0,59,6,2967.51,3,4,5,345,12,1
16121.0,57,5,1450.04,4,4,4,444,12,1
16122.0,73,6,1001.34,3,4,3,343,10,1
16123.0,51,1,307.78,4,1,2,412,7,0
16124.0,317,4,1772.49,2,4,4,244,10,1
16125.0,367,14,4548.85,2,5,5,255,12,1
16126.0,29,15,14644.6,4,5,5,455,14,2
16127.0,39,2,801.31,4,2,3,423,9,0
16128.0,17,11,3801.05,5,5,5,555,15,2
16129.0,407,3,1396.05,2,3,4,234,9,1
16130.0,422,4,974.78,1,4,3,143,8,1
16131.0,51,12,9873.42,4,5,5,455,14,2
16132.0,544,2,664.1999999999999,1,2,3,123,6,3
16133.0,3,56,22992.26,5,5,5,555,15,2
16134.0,21,5,2095.54,4,4,4,444,12,0
16135.0,262,2,819.45,2,2,3,223,7,3
16136.0,59,4,946.8,3,4,3,343,10,1
16137.0,680,1,422.7,1,1,2,112,4,3
16138.0,378,3,910.35,2,3,3,233,8,1
16139.0,18,5,1111.15,5,4,3,543,12,0
16140.0,65,3,1557.6,3,3,4,334,10,1
16141.0,88,2,940.64,3,2,3,323,8,1
16142.0,249,1,520.34,2,1,2,212,5,3
16143.0,3,12,4851.43,5,5,5,555,15,2
16144.0,246,1,175.2,2,1,1,211,4,3
16145.0,8,19,6762.09,5,5,5,555,15,2
16146.0,157,4,946.38,3,4,3,343,10,1
16147.0,133,5,2398.91,3,4,4,344,11,1
16148.0,296,2,386.62,2,2,2,222,6,3
16149.0,4,3,422.22,5,3,2,532,10,0
16150.0,42,10,4352.39,4,5,5,455,14,2
16152.0,268,1,1752.72,2,1,4,214,7,1
16153.0,49,11,5093.89,4,5,5,455,14,2
16155.0,381,5,796.9,2,4,3,243,9,1
16156.0,8,20,6188.18,5,5,5,555,15,2
16157.0,15,3,656.69,5,3,3,533,11,0
16158.0,522,9,628.32,1,5,3,153,9,1
16159.0,281,4,1232.79,2,4,4,244,10,1
16160.0,65,2,1025.44,3,2,3,323,8,0
16161.0,1,43,12687.36,5,5,5,555,15,2
16162.0,252,1,37.4,2,1,1,211,4,3
16163.0,232,6,2849.58,2,4,4,244,10,1
16164.0,17,3,822.48,5,3,3,533,11,0
16165.0,505,1,79.9,1,1,1,111,3,3
16166.0,428,2,408.83,1,2,2,122,5,3
16167.0,414,5,1359.12,1,4,4,144,9,1
16168.0,10,66,10621.47,5,5,5,555,15,2
16169.0,8,4,1822.97,5,4,4,544,13,0
16170.0,50,20,6447.599999999999,4,5,5,455,14,2
16171.0,59,1,73.2,3,1,1,311,5,3
16172.0,95,8,1884.55,3,5,4,354,12,1
16173.0,15,6,1398.52,5,4,4,544,13,0
16174.0,126,7,2246.75,3,4,4,344,11,1
16175.0,94,7,1836.44,3,4,4,344,11,1
16176.0,421,4,2052.69,1,4,4,144,9,1
16177.0,50,8,2247.31,4,5,4,454,13,1
16178.0,138,2,612.6,3,2,3,323,8,3
16179.0,60,1,215.83,3,1,1,311,5,3
16180.0,100,13,16249.87,3,5,5,355,13,2
16181.0,73,1,305.54,3,1,2,312,6,3
16182.0,72,9,9971.65,3,5,5,355,13,2
16183.0,67,4,1077.81,3,4,3,343,10,1
16184.0,64,6,1158.79,3,4,3,343,10,1
16185.0,16,3,644.72,5,3,3,533,11,0
16186.0,22,26,8903.710000000001,4,5,5,455,14,2
16187.0,31,15,6911.4400000000005,4,5,5,455,14,2
16188.0,44,5,1087.66,4,4,3,443,11,0
16189.0,15,2,215.48,5,2,1,521,8,0
16190.0,40,8,2723.55,4,5,4,454,13,2
16191.0,2,24,15405.12,5,5,5,555,15,2
16192.0,735,1,351.3,1,1,2,112,4,3
16193.0,236,2,630.43,2,2,3,223,7,3
16194.0,375,1,308.6,2,1,2,212,5,3
16195.0,723,1,323.25,1,1,2,112,4,3
16196.0,488,1,93.3,1,1,1,111,3,3
16197.0,469,9,2016.71,1,5,4,154,10,1
16198.0,75,2,1030.04,3,2,3,323,8,0
16199.0,392,7,942.75,2,4,3,243,9,1
16200.0,4,12,5565.15,5,5,5,555,15,2
16201.0,3,5,2112.12,5,4,4,544,13,0
16202.0,360,9,2501.99,2,5,4,254,11,1
16203.0,58,6,1114.54,4,4,3,443,11,1
16204.0,23,3,888.11,4,3,3,433,10,0
16205.0,30,7,1813.51,4,4,4,444,12,1
16206.0,54,13,2577.12,4,5,4,454,13,2
16207.0,25,1,394.38,4,1,2,412,7,0
16208.0,44,10,3440.45,4,5,5,455,14,2
16209.0,88,9,4131.78,3,5,5,355,13,1
16210.0,1,33,38469.51,5,5,5,555,15,2
16211.0,88,3,1050.99,3,3,3,333,9,1
16212.0,19,4,1293.71,5,4,4,544,13,0
16213.0,78,1,159.0,3,1,1,311,5,3
16214.0,170,4,2038.25,3,4,4,344,11,1
16215.0,80,1,242.35,3,1,1,311,5,3
16216.0,267,1,914.93,2,1,3,213,6,3
16217.0,235,2,304.25,2,2,2,222,6,3
16218.0,29,13,4439.97,4,5,5,455,14,2
16219.0,500,1,40.8,1,1,1,111,3,3
16221.0,36,9,2173.31,4,5,4,454,13,2
16222.0,318,2,1272.05,2,2,4,224,8,1
16223.0,374,2,1087.05,2,2,3,223,7,1
16224.0,57,5,1606.58,4,4,4,444,12,1
16225.0,44,15,2834.4100000000003,4,5,4,454,13,2
16226.0,203,5,672.1700000000001,2,4,3,243,9,1
16227.0,225,3,1012.22,2,3,3,233,8,1
16228.0,385,3,860.21,2,3,3,233,8,1
16229.0,87,6,2867.86,3,4,4,344,11,1
16230.0,189,2,542.03,2,2,2,222,6,3
16231.0,379,4,1074.47,2,4,3,243,9,1
16232.0,43,7,2712.97,4,4,4,444,12,1
16233.0,71,9,1965.71,3,5,4,354,12,1
16234.0,476,3,333.18,1,3,2,132,6,3
16235.0,40,8,2043.71,4,5,4,454,13,1
16236.0,78,1,432.2,3,1,2,312,6,3
16237.0,437,1,136.65,1,1,1,111,3,3
16238.0,422,1,63.66,1,1,1,111,3,3
16239.0,56,6,1492.2,4,4,4,444,12,1
16240.0,24,2,3699.0,4,2,5,425,11,0
16241.0,9,16,4260.56,5,5,5,555,15,2
16242.0,8,14,7394.75,5,5,5,555,15,2
16243.0,33,2,409.1,4,2,2,422,8,0
16244.0,211,2,2539.78,2,2,4,224,8,1
16245.0,23,3,1413.66,4,3,4,434,11,0
16246.0,459,2,821.35,1,2,3,123,6,3
16247.0,170,1,114.56,3,1,1,311,5,3
16248.0,61,1,152.94,3,1,1,311,5,3
16249.0,52,5,1800.07,4,4,4,444,12,1
16250.0,261,3,791.38,2,3,3,233,8,1
16251.0,512,1,128.31,1,1,1,111,3,3
16252.0,382,1,280.09000000000003,2,1,1,211,4,3
16253.0,66,7,7222.2,3,4,5,345,12,2
16254.0,378,3,967.44,2,3,3,233,8,1
16255.0,16,15,4859.85,5,5,5,555,15,2
16256.0,266,3,1579.37,2,3,4,234,9,1
16257.0,176,1,21.95,3,1,1,311,5,3
16258.0,45,15,11942.52,4,5,5,455,14,2
16259.0,410,3,340.94,1,3,2,132,6,3
16260.0,50,1,1035.45,4,1,3,413,8,0
16261.0,17,6,909.28,5,4,3,543,12,0
16262.0,378,1,724.55,2,1,3,213,6,3
16263.0,423,1,348.16,1,1,2,112,4,3
16264.0,438,2,762.33,1,2,3,123,6,3
16265.0,9,12,6667.32,5,5,5,555,15,2
16266.0,73,14,1757.95,3,5,4,354,12,1
16267.0,591,1,186.66,1,1,1,111,3,3
16268.0,71,2,617.65,3,2,3,323,8,0
16269.0,437,1,717.57,1,1,3,113,5,3
16270.0,353,1,1141.24,2,1,3,213,6,3
16271.0,15,8,3355.92,5,5,5,555,15,2
16272.0,116,1,411.7,3,1,2,312,6,3
16273.0,648,2,318.34000000000003,1,2,2,122,5,3
16274.0,373,1,663.1,2,1,3,213,6,3
16275.0,196,3,2151.11,2,3,4,234,9,1
16276.0,176,3,2629.3900000000003,3,3,4,334,10,1
16277.0,733,1,188.69,1,1,1,111,3,3
16278.0,100,3,1087.24,3,3,3,333,9,1
16279.0,21,9,5637.68,4,5,5,455,14,2
16280.0,725,1,223.05,1,1,1,111,3,3
16281.0,72,3,3424.02,3,3,5,335,11,1
16282.0,339,3,1246.38,2,3,4,234,9,1
16283.0,5,8,4335.92,5,5,5,555,15,2
16284.0,31,3,1018.48,4,3,3,433,10,0
16285.0,646,1,176.9,1,1,1,111,3,3
16286.0,477,2,328.95,1,2,2,122,5,3
16287.0,169,5,1006.98,3,4,3,343,10,1
16288.0,470,1,129.85,1,1,1,111,3,3
16289.0,462,1,134.41,1,1,1,111,3,3
16290.0,464,4,1935.2,1,4,4,144,9,1
16292.0,121,5,1253.76,3,4,4,344,11,1
16293.0,21,15,4657.95,4,5,5,455,14,2
16294.0,476,1,126.05,1,1,1,111,3,3
16295.0,9,4,1328.55,5,4,4,544,13,0
16296.0,626,4,1293.87,1,4,4,144,9,1
16297.0,268,1,301.9,2,1,2,212,5,3
16298.0,22,7,1085.7,4,4,3,443,11,0
16299.0,477,1,193.65,1,1,1,111,3,3
16300.0,430,3,1364.82,1,3,4,134,8,1
16301.0,736,1,107.33,1,1,1,111,3,3
16302.0,126,1,233.22,3,1,1,311,5,3
16303.0,25,7,7913.27,4,4,5,445,13,2
16304.0,694,1,381.66,1,1,2,112,4,3
16305.0,138,1,361.22,3,1,2,312,6,3
16306.0,213,7,1192.82,2,4,3,243,9,1
16307.0,429,3,1164.32,1,3,3,133,7,1
16308.0,37,7,5120.0,4,4,5,445,13,2
16309.0,106,2,706.57,3,2,3,323,8,1
16310.0,414,2,434.58,1,2,2,122,5,3
16311.0,17,2,616.26,5,2,3,523,10,0
16312.0,432,1,171.15,1,1,1,111,3,3
16313.0,3,2,274.15000000000003,5,2,1,521,8,0
16314.0,389,3,1476.1,2,3,4,234,9,1
16315.0,330,2,402.71,2,2,2,222,6,3
16316.0,64,13,5725.11,3,5,5,355,13,2
16317.0,119,5,2172.71,3,4,4,344,11,1
16318.0,35,1,328.15,4,1,2,412,7,0
16319.0,217,1,404.4,2,1,2,212,5,3
16320.0,172,6,5628.99,3,4,5,345,12,1
16321.0,72,7,604.5500000000001,3,4,2,342,9,1
16322.0,1,2,326.75,5,2,2,522,9,0
16323.0,196,2,353.66,2,2,2,222,6,3
16324.0,128,3,408.59,3,3,2,332,8,3
16325.0,46,12,3597.5,4,5,5,455,14,2
16326.0,5,24,4599.65,5,5,5,555,15,2
16327.0,14,16,10570.29,5,5,5,555,15,2
16328.0,563,1,310.83,1,1,2,112,4,3
16329.0,427,4,1664.92,1,4,4,144,9,1
16330.0,17,7,622.48,5,4,3,543,12,0
16331.0,432,6,2037.7,1,4,4,144,9,1
16332.0,28,11,1997.49,4,5,4,454,13,2
16333.0,7,22,26626.8,5,5,5,555,15,2
16334.0,492,1,263.73,1,1,1,111,3,3
16335.0,551,7,2753.52,1,4,4,144,9,1
16336.0,420,4,3517.69,1,4,5,145,10,1
16337.0,36,1,151.05,4,1,1,411,6,0
16338.0,157,1,214.8,3,1,1,311,5,3
16339.0,284,1,94.05,2,1,1,211,4,3
16340.0,107,3,1496.24,3,3,4,334,10,1
16341.0,24,7,3758.99,4,4,5,445,13,2
16342.0,75,4,322.41,3,4,2,342,9,0
16343.0,16,3,555.47,5,3,2,532,10,0
16344.0,158,4,842.42,3,4,3,343,10,1
16345.0,44,2,1178.79,4,2,3,423,9,0
16346.0,385,1,224.51,2,1,1,211,4,3
16347.0,11,11,3381.76,5,5,5,555,15,2
16348.0,32,8,1736.58,4,5,4,454,13,1
16349.0,290,1,53.5,2,1,1,211,4,3
16350.0,21,9,2253.89,4,5,4,454,13,2
16351.0,332,13,3330.03,2,5,5,255,12,1
16352.0,17,2,494.44,5,2,2,522,9,0
16353.0,3,38,9900.46,5,5,5,555,15,2
16354.0,63,5,1119.46,3,4,3,343,10,1
16355.0,375,1,416.35,2,1,2,212,5,3
16356.0,197,6,415.87,2,4,2,242,8,1
16357.0,33,4,868.37,4,4,3,443,11,0
16358.0,1,5,2919.65,5,4,5,545,14,2
16359.0,7,16,2697.75,5,5,4,554,14,2
16360.0,4,6,3450.41,5,4,5,545,14,2
16361.0,9,4,891.21,5,4,3,543,12,0
16362.0,32,6,922.16,4,4,3,443,11,0
16363.0,53,1,109.36,4,1,1,411,6,3
16364.0,11,2,705.79,5,2,3,523,10,0
16365.0,17,15,3304.65,5,5,5,555,15,2
16366.0,18,4,1548.13,5,4,4,544,13,0
16367.0,37,3,1342.98,4,3,4,434,11,0
16368.0,2,3,621.44,5,3,3,533,11,0
16369.0,18,7,2654.48,5,4,4,544,13,2
16370.0,82,4,1301.91,3,4,4,344,11,1
16371.0,448,1,157.2,1,1,1,111,3,3
16372.0,33,5,1290.31,4,4,4,444,12,0
16373.0,382,2,309.49,2,2,2,222,6,3
16374.0,66,5,1681.65,3,4,4,344,11,1
16375.0,470,2,104.0,1,2,1,121,4,3
16376.0,8,2,974.96,5,2,3,523,10,0
16377.0,267,2,1308.48,2,2,4,224,8,1
16378.0,247,3,362.95,2,3,2,232,7,3
16379.0,4,4,2137.6,5,4,4,544,13,0
16380.0,61,1,1743.15,3,1,4,314,8,0
16381.0,395,2,247.85,2,2,1,221,5,3
16382.0,408,2,353.1,2,2,2,222,6,3
16383.0,74,7,2887.99,3,4,4,344,11,1
16384.0,89,4,1358.95,3,4,4,344,11,1
16385.0,60,5,1028.55,3,4,3,343,10,1
16386.0,28,3,1068.16,4,3,3,433,10,0
16387.0,322,5,882.46,2,4,3,243,9,1
16388.0,653,1,186.05,1,1,1,111,3,3
16389.0,53,4,1367.07,4,4,4,444,12,1
16390.0,536,3,467.5,1,3,2,132,6,3
16391.0,400,4,1047.61,2,4,3,243,9,1
16392.0,269,3,755.45,2,3,3,233,8,1
16393.0,2,23,5482.57,5,5,5,555,15,2
16394.0,56,5,1555.34,4,4,4,444,12,1
16395.0,60,14,3517.56,3,5,5,355,13,2
16396.0,476,1,137.8,1,1,1,111,3,3
16397.0,628,1,123.13,1,1,1,111,3,3
16398.0,154,2,1705.8,3,2,4,324,9,1
16399.0,19,3,597.82,5,3,2,532,10,0
16400.0,94,9,3059.85,3,5,5,355,13,1
16401.0,1,23,6847.45,5,5,5,555,15,2
16402.0,264,2,473.6,2,2,2,222,6,3
16403.0,312,1,177.5,2,1,1,211,4,3
16404.0,70,1,443.05,3,1,2,312,6,3
16405.0,302,2,167.25,2,2,1,221,5,3
16406.0,18,3,528.36,5,3,2,532,10,0
16407.0,12,14,2761.65,5,5,4,554,14,2
16408.0,591,1,231.93,1,1,1,111,3,3
16409.0,36,12,5643.99,4,5,5,455,14,2
16410.0,734,1,130.32,1,1,1,111,3,3
16411.0,19,4,869.64,5,4,3,543,12,0
16412.0,53,5,593.19,4,4,2,442,10,0
16413.0,56,2,522.03,4,2,2,422,8,0
16414.0,21,5,551.21,4,4,2,442,10,0
16415.0,44,3,696.76,4,3,3,433,10,0
16416.0,26,9,2957.88,4,5,5,455,14,2
16417.0,492,1,35.7,1,1,1,111,3,3
16418.0,44,5,1013.44,4,4,3,443,11,0
16419.0,112,8,1451.8,3,5,4,354,12,1
16420.0,396,1,75.0,2,1,1,211,4,3
16421.0,376,3,526.27,2,3,2,232,7,3
16422.0,17,107,63324.62,5,5,5,555,15,2
16423.0,24,1,346.12,4,1,2,412,7,0
16424.0,191,2,443.06,2,2,2,222,6,3
16425.0,302,1,302.7,2,1,2,212,5,3
16426.0,2,10,1857.81,5,5,4,554,14,2
16427.0,263,2,241.06,2,2,1,221,5,3
16428.0,413,3,638.49,1,3,3,133,7,1
16429.0,106,1,284.55,3,1,2,312,6,3
16430.0,57,6,1085.09,4,4,3,443,11,1
16431.0,213,3,623.28,2,3,3,233,8,1
16432.0,64,1,287.4,3,1,2,312,6,3
16433.0,28,2,384.52,4,2,2,422,8,0
16434.0,29,12,2628.24,4,5,4,454,13,2
16435.0,512,3,990.47,1,3,3,133,7,1
16436.0,668,2,265.59,1,2,1,121,4,3
16437.0,381,2,301.25,2,2,2,222,6,3
16438.0,5,5,791.7,5,4,3,543,12,0
16439.0,722,1,280.1,1,1,1,111,3,3
16440.0,7,6,3856.97,5,4,5,545,14,2
16441.0,67,5,890.78,3,4,3,343,10,1
16442.0,1,5,886.88,5,4,3,543,12,0
16443.0,520,1,162.24,1,1,1,111,3,3
16444.0,46,17,3625.88,4,5,5,455,14,2
16445.0,33,4,583.16,4,4,2,442,10,0
16446.0,0,2,168472.5,5,2,5,525,12,2
16447.0,135,3,727.1,3,3,3,333,9,1
16448.0,198,2,361.12,2,2,2,222,6,3
16449.0,197,2,707.69,2,2,3,223,7,3
16450.0,149,3,1505.73,3,3,4,334,10,1
16451.0,87,3,1013.15,3,3,3,333,9,1
16452.0,630,2,332.17,1,2,2,122,5,3
16453.0,530,2,251.71,1,2,1,121,4,3
16454.0,64,2,7.45,3,2,1,321,6,3
16455.0,63,11,4371.77,3,5,5,355,13,2
16456.0,99,13,6780.44,3,5,5,355,13,2
16457.0,218,1,208.36,2,1,1,211,4,3
16458.0,2,30,5690.89,5,5,5,555,15,2
16459.0,729,1,71.78999999999999,1,1,1,111,3,3
16460.0,28,3,811.23,4,3,3,433,10,0
16461.0,177,3,1532.33,3,3,4,334,10,1
16462.0,73,3,136.0,3,3,1,331,7,3
16463.0,21,4,1422.4,4,4,4,444,12,0
16464.0,19,3,1292.71,5,3,4,534,12,0
16465.0,420,2,746.24,1,2,3,123,6,3
16466.0,33,15,3714.89,4,5,5,455,14,2
16467.0,508,7,2869.16,1,4,4,144,9,1
16468.0,74,3,787.52,3,3,3,333,9,1
16469.0,23,5,803.9,4,4,3,443,11,0
16470.0,51,11,2410.55,4,5,4,454,13,2
16471.0,274,4,1189.98,2,4,3,243,9,1
16472.0,434,2,789.6,1,2,3,123,6,3
16473.0,164,4,470.83,3,4,2,342,9,1
16474.0,7,7,1802.24,5,4,4,544,13,2
16475.0,88,4,544.3,3,4,2,342,9,1
16476.0,431,1,350.35,1,1,2,112,4,3
16477.0,63,11,4320.02,3,5,5,355,13,2
16478.0,25,3,331.0,4,3,2,432,9,0
16479.0,10,2,300.83,5,2,2,522,9,0
16480.0,75,1,738.69,3,1,3,313,7,0
16481.0,682,1,453.38,1,1,2,112,4,3
16482.0,15,1,220.62,5,1,1,511,7,0
16483.0,192,1,139.35,2,1,1,211,4,3
16484.0,173,2,389.3,3,2,2,322,7,3
16485.0,77,5,2253.44,3,4,4,344,11,1
16486.0,537,1,134.36,1,1,1,111,3,3
16487.0,577,2,201.9,1,2,1,121,4,3
16488.0,33,3,498.8,4,3,2,432,9,0
16489.0,380,2,303.7,2,2,2,222,6,3
16490.0,436,1,205.41000000000005,1,1,1,111,3,3
16491.0,46,2,1533.16,4,2,4,424,10,0
16492.0,540,1,385.56,1,1,2,112,4,3
16493.0,79,7,2132.09,3,4,4,344,11,1
16494.0,296,1,826.53,2,1,3,213,6,3
16495.0,3,3,617.66,5,3,3,533,11,0
16496.0,8,6,2330.77,5,4,4,544,13,2
16497.0,49,23,6524.43,4,5,5,455,14,2
16498.0,161,2,100.97,3,2,1,321,6,3
16499.0,360,8,2547.74,2,5,4,254,11,1
16500.0,4,9,843.9100000000001,5,5,3,553,13,0
16501.0,383,1,1191.23,2,1,3,213,6,3
16502.0,620,2,258.55,1,2,1,121,4,3
16503.0,106,11,3614.34,3,5,5,355,13,1
16504.0,25,1,450.58,4,1,2,412,7,0
16505.0,31,1,777.6,4,1,3,413,8,0
16506.0,19,2,90.3,5,2,1,521,8,0
16507.0,572,1,142.71,1,1,1,111,3,3
16508.0,630,1,240.95,1,1,1,111,3,3
16509.0,296,1,363.7,2,1,2,212,5,3
16510.0,372,6,2005.35,2,4,4,244,10,1
16511.0,21,6,1737.34,4,4,4,444,12,0
16513.0,4,4,874.59,5,4,3,543,12,0
16515.0,52,10,3179.06,4,5,5,455,14,2
16516.0,30,1,101.7,4,1,1,411,6,0
16517.0,277,1,162.7,2,1,1,211,4,3
16518.0,61,4,944.37,3,4,3,343,10,1
16519.0,25,4,510.06,4,4,2,442,10,0
16520.0,186,6,2474.14,3,4,4,344,11,1
16521.0,415,3,1132.16,1,3,3,133,7,1
16522.0,435,2,433.36,1,2,2,122,5,3
16523.0,1,28,11916.33,5,5,5,555,15,2
16524.0,446,2,300.24,1,2,2,122,5,3
16525.0,2,48,24463.14,5,5,5,555,15,2
16526.0,171,2,717.21,3,2,3,323,8,3
16527.0,81,2,1232.94,3,2,4,324,9,1
16528.0,3,1,244.41,5,1,1,511,7,0
16529.0,190,4,1986.8,2,4,4,244,10,1
16530.0,668,1,48.35,1,1,1,111,3,3
16531.0,22,11,2298.33,4,5,4,454,13,2
16532.0,17,5,8756.64,5,4,5,545,14,2
16533.0,19,3,1072.91,5,3,3,533,11,0
16534.0,642,1,635.9,1,1,3,113,5,3
16535.0,5,2,952.04,5,2,3,523,10,0
16536.0,110,1,548.12,3,1,2,312,6,3
16537.0,641,1,10.55,1,1,1,111,3,3
16538.0,541,3,395.07,1,3,2,132,6,3
16539.0,2,10,3732.01,5,5,5,555,15,2
16540.0,414,1,205.75,1,1,1,111,3,3
16541.0,735,1,424.03,1,1,2,112,4,3
16542.0,53,2,257.32,4,2,1,421,7,0
16543.0,591,1,292.21,1,1,2,112,4,3
16544.0,519,4,376.7000000000001,1,4,2,142,7,3
16545.0,164,2,689.82,3,2,3,323,8,3
16546.0,290,5,5606.47,2,4,5,245,11,1
16547.0,546,1,98.31,1,1,1,111,3,3
16548.0,599,1,30.15,1,1,1,111,3,3
16549.0,10,34,12746.65,5,5,5,555,15,2
16550.0,108,18,9362.34,3,5,5,355,13,2
16551.0,95,7,2237.12,3,4,4,344,11,1
16552.0,242,2,475.02,2,2,2,222,6,3
16553.0,163,33,16584.01,3,5,5,355,13,2
16554.0,42,8,2841.72,4,5,4,454,13,2
16555.0,35,6,1915.68,4,4,4,444,12,1
16556.0,66,17,7976.88,3,5,5,355,13,2
16557.0,24,2,281.85,4,2,1,421,7,0
16558.0,0,38,13646.98,5,5,5,555,15,2
16559.0,397,1,175.0,2,1,1,211,4,3
16560.0,26,8,3048.38,4,5,5,455,14,2
16561.0,5,2,511.12,5,2,2,522,9,0
16562.0,476,1,177.96,1,1,1,111,3,3
16563.0,53,6,4381.96,4,4,5,445,13,1
16564.0,569,1,87.8,1,1,1,111,3,3
16565.0,364,4,713.55,2,4,3,243,9,1
16566.0,15,5,614.66,5,4,3,543,12,0
16567.0,194,2,847.75,2,2,3,223,7,1
16568.0,427,2,1020.9,1,2,3,123,6,1
16569.0,3,5,1455.23,5,4,4,544,13,0
16570.0,15,20,7359.51,5,5,5,555,15,2
16571.0,26,10,4248.74,4,5,5,455,14,2
16572.0,127,3,970.0,3,3,3,333,9,1
16573.0,84,2,663.61,3,2,3,323,8,0
16574.0,71,3,1301.78,3,3,4,334,10,1
16576.0,420,2,525.87,1,2,2,122,5,3
16577.0,666,1,365.0,1,1,2,112,4,3
16578.0,626,1,156.6,1,1,1,111,3,3
16579.0,425,1,295.05,1,1,2,112,4,3
16581.0,182,1,105.84,3,1,1,311,5,3
16582.0,113,1,313.62,3,1,2,312,6,3
16583.0,373,2,531.4,2,2,2,222,6,3
16584.0,80,5,3136.37,3,4,5,345,12,1
16585.0,593,2,341.59,1,2,2,122,5,3
16586.0,248,3,1462.78,2,3,4,234,9,1
16587.0,232,1,225.15,2,1,1,211,4,3
16588.0,386,4,1361.28,2,4,4,244,10,1
16589.0,71,4,612.36,3,4,3,343,10,1
16590.0,400,2,605.9,2,2,3,223,7,3
16591.0,68,1,213.5,3,1,1,311,5,3
16592.0,4,28,7654.91,5,5,5,555,15,2
16593.0,50,8,1035.44,4,5,3,453,12,1
16594.0,75,1,181.09,3,1,1,311,5,3
16595.0,61,5,1757.75,3,4,4,344,11,1
16596.0,15,4,579.63,5,4,2,542,11,0
16597.0,4,1,90.04,5,1,1,511,7,0
16598.0,285,1,145.04999999999998,2,1,1,211,4,3
16599.0,385,1,172.8,2,1,1,211,4,3
16600.0,4,13,2103.19,5,5,4,554,14,2
16601.0,40,3,645.23,4,3,3,433,10,0
16602.0,36,2,763.33,4,2,3,423,9,0
16603.0,74,2,482.47,3,2,2,322,7,0
16604.0,562,2,432.45,1,2,2,122,5,3
16605.0,724,1,60.48,1,1,1,111,3,3
16606.0,404,2,357.66,2,2,2,222,6,3
16607.0,17,25,5706.87,5,5,5,555,15,2
16608.0,453,2,1286.62,1,2,4,124,7,1
16609.0,15,7,5466.86,5,4,5,545,14,2
16610.0,219,1,75.66,2,1,1,211,4,3
16611.0,186,6,1785.13,3,4,4,344,11,1
16612.0,32,9,3245.43,4,5,5,455,14,2
16613.0,70,1,618.59,3,1,3,313,7,0
16614.0,182,3,1179.79,3,3,3,333,9,1
16615.0,626,1,264.5,1,1,1,111,3,3
16616.0,15,2,500.42,5,2,2,522,9,0
16617.0,235,1,151.85,2,1,1,211,4,3
16618.0,31,5,2647.59,4,4,4,444,12,1
16619.0,263,4,1938.33,2,4,4,244,10,1
16620.0,3,6,1698.33,5,4,4,544,13,0
16621.0,51,4,813.48,4,4,3,443,11,0
16622.0,543,1,225.4,1,1,1,111,3,3
16623.0,245,4,1015.24,2,4,3,243,9,1
16624.0,80,2,810.5699999999999,3,2,3,323,8,0
16625.0,274,5,1654.03,2,4,4,244,10,1
16626.0,0,17,4413.1,5,5,5,555,15,2
16627.0,79,1,322.8,3,1,2,312,6,3
16628.0,29,7,2318.1,4,4,4,444,12,2
16629.0,73,2,406.98,3,2,2,322,7,0
16630.0,407,1,106.8,2,1,1,211,4,3
16631.0,481,7,1892.52,1,4,4,144,9,1
16632.0,485,2,406.4,1,2,2,122,5,3
16633.0,17,6,2851.6,5,4,4,544,13,2
16634.0,222,6,1814.61,2,4,4,244,10,1
16635.0,406,1,473.0,2,1,2,212,5,3
16636.0,438,4,3802.04,1,4,5,145,10,1
16637.0,32,4,1154.47,4,4,3,443,11,0
16638.0,22,15,2430.53,4,5,4,454,13,2
16639.0,31,4,1747.98,4,4,4,444,12,0
16640.0,397,1,179.4,2,1,1,211,4,3
16641.0,105,2,554.5,3,2,2,322,7,3
16642.0,4,3,1077.45,5,3,3,533,11,0
16643.0,245,2,923.11,2,2,3,223,7,1
16644.0,177,2,833.78,3,2,3,323,8,1
16645.0,735,1,160.39,1,1,1,111,3,3
16646.0,449,1,678.8,1,1,3,113,5,3
16647.0,169,4,541.9,3,4,2,342,9,1
16648.0,42,3,672.8,4,3,3,433,10,0
16649.0,520,1,306.58000000000004,1,1,2,112,4,3
16650.0,71,7,1916.11,3,4,4,344,11,1
16651.0,586,1,136.2,1,1,1,111,3,3
16652.0,58,15,16873.59,4,5,5,455,14,2
16653.0,16,2,1212.66,5,2,3,523,10,0
16654.0,141,8,1605.27,3,5,4,354,12,1
16655.0,17,13,6413.36,5,5,5,555,15,2
16656.0,22,30,16702.37,4,5,5,455,14,2
16657.0,9,4,868.48,5,4,3,543,12,0
16658.0,368,5,804.07,2,4,3,243,9,1
16659.0,189,1,39.12,2,1,1,211,4,3
16660.0,16,7,1843.85,5,4,4,544,13,2
16661.0,540,4,932.76,1,4,3,143,8,1
16662.0,394,1,151.05,2,2,1,221,5,3
16663.0,729,1,165.0,1,2,1,121,4,3
16664.0,569,1,109.2,1,2,1,121,4,3
16665.0,362,1,135.39999999999998,2,2,1,221,5,3
16666.0,19,2,217.71,5,2,1,521,8,0
16667.0,68,2,547.38,3,2,2,322,7,0
16668.0,15,13,862.42,5,5,3,553,13,2
16669.0,23,2,1344.48,4,2,4,424,10,0
16670.0,16,20,7907.3,5,5,5,555,15,2
16671.0,28,3,1692.27,4,3,4,434,11,0
16672.0,2,20,8134.94,5,5,5,555,15,2
16673.0,679,1,171.13,1,2,1,121,4,3
16674.0,54,2,289.79,4,2,2,422,8,0
16675.0,441,2,608.86,1,2,3,123,6,3
16676.0,33,6,2293.05,4,4,4,444,12,1
16677.0,411,2,880.62,1,2,3,123,6,3
16678.0,2,12,3109.99,5,5,5,555,15,2
16679.0,366,3,793.06,2,3,3,233,8,1
16680.0,43,3,821.45,4,3,3,433,10,0
16681.0,72,7,1357.54,3,4,4,344,11,1
16682.0,4,5,1028.0,5,4,3,543,12,0
16683.0,533,1,320.25,1,2,2,122,5,3
16684.0,4,55,139900.17,5,5,5,555,15,2
16685.0,61,2,324.24,3,2,2,322,7,0
16686.0,47,16,4848.67,4,5,5,455,14,2
16687.0,390,1,157.63,2,2,1,221,5,3
16688.0,1,4,1260.86,5,4,4,544,13,0
16689.0,75,2,422.6,3,2,2,322,7,0
16690.0,72,4,353.03,3,4,2,342,9,0
16691.0,418,2,178.83,1,2,1,121,4,3
16692.0,256,4,1764.6999999999998,2,4,4,244,10,1
16693.0,68,5,1179.48,3,4,3,343,10,1
16694.0,723,1,98.3,1,2,1,121,4,3
16695.0,561,2,176.6,1,2,1,121,4,3
16696.0,135,4,657.9000000000001,3,4,3,343,10,1
16697.0,241,1,112.75,2,2,1,221,5,3
16698.0,226,2,1998.0,2,2,4,224,8,1
16699.0,380,7,994.6,2,4,3,243,9,1
16700.0,8,25,9091.21,5,5,5,555,15,2
16701.0,8,26,9687.77,5,5,5,555,15,2
16702.0,415,4,1109.53,1,4,3,143,8,1
16704.0,618,2,641.66,1,2,3,123,6,3
16705.0,0,42,42718.25,5,5,5,555,15,2
16706.0,37,3,501.6,4,3,2,432,9,0
16707.0,400,4,503.11,2,4,2,242,8,1
16708.0,45,1,656.63,4,2,3,423,9,0
16709.0,84,14,8952.21,3,5,5,355,13,2
16710.0,19,22,6252.72,5,5,5,555,15,2
16711.0,3,8,2600.73,5,5,4,554,14,2
16712.0,9,13,4209.92,5,5,5,555,15,2
16713.0,18,32,14488.34,5,5,5,555,15,2
16714.0,317,3,1451.73,2,3,4,234,9,1
16715.0,78,2,625.52,3,2,3,323,8,0
16716.0,266,3,2149.6800000000003,2,3,4,234,9,1
16717.0,23,14,6935.2300000000005,4,5,5,455,14,2
16718.0,369,5,3489.73,2,4,5,245,11,1
16719.0,14,14,3841.8,5,5,5,555,15,2
16720.0,26,3,566.74,4,3,2,432,9,0
16721.0,262,1,292.47,2,2,2,222,6,3
16722.0,17,22,8989.08,5,5,5,555,15,2
16723.0,91,4,1231.36,3,4,4,344,11,1
16724.0,404,1,147.35,2,2,1,221,5,3
16725.0,302,13,1703.51,2,5,4,254,11,1
16726.0,26,7,2063.88,4,4,4,444,12,2
16727.0,364,4,1364.27,2,4,4,244,10,1
16728.0,46,4,1033.84,4,4,3,443,11,0
16729.0,38,21,7139.61,4,5,5,455,14,2
16730.0,52,3,743.11,4,3,3,433,10,0
16731.0,648,1,166.55,1,2,1,121,4,3
16732.0,31,4,4387.64,4,4,5,445,13,1
16733.0,529,1,241.83,1,2,1,121,4,3
16734.0,52,3,646.76,4,3,3,433,10,0
16735.0,78,14,6064.41,3,5,5,355,13,2
16736.0,505,5,2938.71,1,4,5,145,10,1
16737.0,53,2,835.1999999999999,4,2,3,423,9,0
16738.0,297,1,3.75,2,2,1,221,5,3
16739.0,176,2,766.63,3,2,3,323,8,1
16740.0,395,1,226.91,2,2,1,221,5,3
16741.0,625,1,173.06,1,2,1,121,4,3
16742.0,492,13,2334.97,1,5,4,154,10,1
16743.0,29,14,4212.15,4,5,5,455,14,2
16744.0,11,7,1257.26,5,4,4,544,13,0
16745.0,86,17,6787.2,3,5,5,355,13,2
16746.0,4,42,17985.55,5,5,5,555,15,2
16747.0,37,2,836.06,4,2,3,423,9,0
16748.0,17,14,3637.33,5,5,5,555,15,2
16749.0,591,2,3860.88,1,2,5,125,8,1
16750.0,44,5,623.93,4,4,3,443,11,0
16751.0,30,1,1764.72,4,2,4,424,10,0
16752.0,372,1,415.0,2,2,2,222,6,3
16753.0,58,1,223.92,4,2,1,421,7,3
16754.0,372,29,67502.47,2,5,5,255,12,2
16755.0,114,7,2864.68,3,4,4,344,11,1
16756.0,214,7,1312.37,2,4,4,244,10,1
16757.0,318,2,270.48,2,2,1,221,5,3
16758.0,65,1,369.34,3,2,2,322,7,3
16759.0,7,3,789.79,5,3,3,533,11,0
16760.0,430,1,228.0,1,2,1,121,4,3
16761.0,96,1,316.62,3,2,2,322,7,3
16762.0,19,3,1207.24,5,3,3,533,11,0
16763.0,198,2,964.7,2,2,3,223,7,1
16764.0,3,13,2776.1,5,5,4,554,14,2
16765.0,294,2,454.75,2,2,2,222,6,3
16766.0,273,2,1145.6,2,2,3,223,7,1
16767.0,30,15,7946.21,4,5,5,455,14,2
16768.0,47,9,1698.57,4,5,4,454,13,1
16769.0,260,4,1117.05,2,4,3,243,9,1
16770.0,57,9,1909.73,4,5,4,454,13,1
16771.0,33,10,3861.0,4,5,5,455,14,2
16772.0,423,3,3698.05,1,3,5,135,9,1
16773.0,57,3,412.69,4,3,2,432,9,0
16774.0,67,8,1521.58,3,5,4,354,12,1
16775.0,10,16,3052.74,5,5,5,555,15,2
16776.0,60,2,592.51,3,2,2,322,7,0
16777.0,80,5,1292.18,3,4,4,344,11,1
16778.0,74,2,245.94,3,2,1,321,6,3
16779.0,2,53,32120.74,5,5,5,555,15,2
16780.0,100,3,596.4,3,3,2,332,8,1
16781.0,372,2,914.45,2,2,3,223,7,3
16782.0,10,38,9990.37,5,5,5,555,15,2
16783.0,436,1,391.95,1,2,2,122,5,3
16784.0,19,5,892.33,5,4,3,543,12,0
16785.0,409,1,533.78,1,2,2,122,5,3
16786.0,393,1,51.84,2,2,1,221,5,3
16787.0,397,4,1017.53,2,4,3,243,9,1
16788.0,123,5,1887.83,3,4,4,344,11,1
16789.0,8,1,80.8,5,2,1,521,8,0
16790.0,3,6,1545.62,5,4,4,544,13,0
16791.0,29,15,3927.08,4,5,5,455,14,2
16792.0,282,5,609.71,2,4,3,243,9,1
16793.0,57,1,243.84,4,2,1,421,7,3
16794.0,1,15,1996.23,5,5,4,554,14,2
16795.0,365,3,2473.54,2,3,4,234,9,1
16796.0,89,1,305.62,3,2,2,322,7,3
16797.0,393,5,1795.27,2,4,4,244,10,1
16798.0,554,3,827.46,1,3,3,133,7,1
16799.0,432,2,452.78,1,2,2,122,5,3
16800.0,11,1,1162.65,5,2,3,523,10,0
16801.0,163,4,1594.23,3,4,4,344,11,1
16802.0,679,2,582.61,1,2,2,122,5,3
16803.0,65,1,332.3,3,2,2,322,7,3
16804.0,23,3,513.19,4,3,2,432,9,0
16805.0,173,4,1076.34,3,4,3,343,10,1
16806.0,103,4,705.61,3,4,3,343,10,1
16807.0,142,6,2108.88,3,4,4,344,11,1
16808.0,99,2,285.87,3,2,2,322,7,3
16809.0,23,9,1727.43,4,5,4,454,13,2
16810.0,192,2,842.0400000000001,2,3,3,233,8,1
16811.0,4,2,547.07,5,3,2,532,10,0
16812.0,360,4,2392.0,2,4,4,244,10,1
16813.0,8,10,1652.18,5,5,4,554,14,2
16814.0,14,36,11874.94,5,5,5,555,15,2
16815.0,453,2,406.02,1,3,2,132,6,3
16816.0,103,4,417.06,3,4,2,342,9,1
16817.0,2,13,2785.1,5,5,4,554,14,2
16818.0,10,11,3338.17,5,5,5,555,15,2
16819.0,465,2,182.59,1,3,1,131,5,3
16820.0,95,1,497.61,3,2,2,322,7,3
16821.0,381,1,113.35,2,2,1,221,5,3
16822.0,686,1,181.39,1,2,1,121,4,3
16823.0,227,7,2127.49,2,4,4,244,10,1
16824.0,15,3,669.74,5,3,3,533,11,0
16825.0,38,5,1826.89,4,4,4,444,12,1
16826.0,51,1,341.7,4,2,2,422,8,0
16827.0,393,5,387.18,2,4,2,242,8,1
16828.0,112,1,113.5,3,2,1,321,6,3
16829.0,156,2,513.32,3,3,2,332,8,3
16830.0,38,4,1207.5,4,4,3,443,11,0
16831.0,564,1,91.8,1,2,1,121,4,3
16832.0,184,5,417.61,3,4,2,342,9,1
16833.0,1,6,2409.04,5,4,4,544,13,2
16834.0,227,2,898.96,2,3,3,233,8,1
16835.0,128,6,1538.41,3,4,4,344,11,1
16836.0,39,4,782.37,4,4,3,443,11,0
16837.0,31,11,3137.17,4,5,5,455,14,2
16838.0,197,4,1132.61,2,4,3,243,9,1
16839.0,8,44,21763.29,5,5,5,555,15,2
16840.0,603,2,139.85,1,3,1,131,5,3
16841.0,36,12,3904.0,4,5,5,455,14,2
16842.0,100,3,1264.19,3,3,4,334,10,1
16843.0,42,35,18817.23,4,5,5,455,14,2
16844.0,562,2,614.34,1,3,3,133,7,3
16845.0,618,1,253.88,1,2,1,121,4,3
16846.0,50,3,817.21,4,3,3,433,10,0
16847.0,43,2,614.89,4,3,3,433,10,0
16848.0,52,4,1381.02,4,4,4,444,12,1
16849.0,186,1,124.57,3,2,1,321,6,3
16850.0,333,1,332.41,2,2,2,222,6,3
16851.0,4,3,342.45,5,3,2,532,10,0
16852.0,10,2,144.91000000000005,5,3,1,531,9,0
16854.0,417,2,1408.96,1,3,4,134,8,1
16855.0,23,2,328.4,4,3,2,432,9,0
16856.0,14,3,358.49,5,3,2,532,10,0
16857.0,442,1,352.8,1,2,2,122,5,3
16858.0,368,10,4569.28,2,5,5,255,12,1
16859.0,144,7,1917.41,3,4,4,344,11,1
16860.0,452,3,1610.62,1,3,4,134,8,1
16861.0,59,5,915.99,3,4,3,343,10,1
16862.0,547,4,662.33,1,4,3,143,8,1
16863.0,31,3,998.52,4,3,3,433,10,0
16864.0,434,2,409.25,1,3,2,132,6,3
16865.0,401,1,115.65,2,2,1,221,5,3
16866.0,140,3,207.74,3,3,1,331,7,3
16867.0,689,1,76.74000000000001,1,2,1,121,4,3
16868.0,394,3,384.56,2,3,2,232,7,3
16869.0,22,4,787.42,4,4,3,443,11,0
16870.0,469,1,450.16,1,2,2,122,5,3
16871.0,22,6,2797.04,4,4,4,444,12,2
16872.0,77,6,1213.13,3,4,4,344,11,1
16873.0,4,12,14449.39,5,5,5,555,15,2
16874.0,379,1,209.89,2,2,1,221,5,3
16875.0,67,11,4234.53,3,5,5,355,13,2
16876.0,403,1,136.01,2,2,1,221,5,3
16877.0,12,6,826.82,5,4,3,543,12,0
16878.0,84,1,13.3,3,2,1,321,6,3
16880.0,30,8,1785.16,4,5,4,454,13,2
16881.0,66,1,432.0,3,2,2,322,7,3
16882.0,66,3,705.12,3,3,3,333,9,0
16883.0,187,19,2374.09,2,5,4,254,11,1
16884.0,37,4,1059.07,4,4,3,443,11,0
16885.0,15,4,677.4,5,4,3,543,12,0
16886.0,456,1,134.0,1,2,1,121,4,3
16887.0,35,3,653.22,4,3,3,433,10,0
16888.0,400,3,431.35,2,3,2,232,7,3
16889.0,194,6,2526.65,2,4,4,244,10,1
16890.0,476,3,277.91,1,3,1,131,5,3
16891.0,1,11,1918.55,5,5,4,554,14,2
16892.0,1,7,754.75,5,4,3,543,12,0
16893.0,366,2,395.4,2,3,2,232,7,3
16894.0,502,3,1275.96,1,3,4,134,8,1
16895.0,64,5,1102.9,3,4,3,343,10,1
16896.0,555,1,98.0,1,2,1,121,4,3
16897.0,299,2,289.78,2,3,2,232,7,3
16898.0,26,5,995.39,4,4,3,443,11,0
16899.0,7,8,1695.77,5,5,4,554,14,2
16900.0,16,3,882.16,5,3,3,533,11,0
16901.0,729,1,204.26,1,2,1,121,4,3
16902.0,116,1,1694.98,3,2,4,324,9,1
16903.0,29,3,1022.7,4,3,3,433,10,0
16904.0,4,20,4989.31,5,5,5,555,15,2
16905.0,5,17,4893.22,5,5,5,555,15,2
16906.0,81,7,1399.02,3,4,4,344,11,1
16907.0,29,9,1650.81,4,5,4,454,13,2
16908.0,722,1,252.59,1,2,1,121,4,3
16909.0,72,1,379.14,3,2,2,322,7,3
16910.0,4,8,1508.96,5,5,4,554,14,2
16911.0,635,2,255.25,1,3,1,131,5,3
16912.0,28,15,4460.51,4,5,5,455,14,2
16913.0,290,3,423.91,2,3,2,232,7,3
16914.0,36,1,183.76,4,2,1,421,7,0
16915.0,9,11,1543.18,5,5,4,554,14,2
16916.0,23,4,1061.95,4,4,3,443,11,0
16917.0,276,2,1817.48,2,3,4,234,9,1
16918.0,49,16,3206.54,4,5,5,455,14,2
16919.0,156,24,5093.16,3,5,5,355,13,2
16920.0,411,1,304.45,1,2,2,122,5,3
16921.0,61,3,409.21,3,3,2,332,8,0
16922.0,572,1,605.13,1,2,2,122,5,3
16923.0,12,32,13137.33,5,5,5,555,15,2
16924.0,21,3,829.89,4,3,3,433,10,0
16925.0,540,1,125.65,1,2,1,121,4,3
16926.0,371,5,1399.86,2,4,4,244,10,1
16927.0,115,3,543.05,3,3,2,332,8,1
16928.0,80,26,3912.43,3,5,5,355,13,2
16929.0,3,7,1295.39,5,4,4,544,13,0
16930.0,26,3,378.89,4,3,2,432,9,0
16931.0,5,23,5153.67,5,5,5,555,15,2
16932.0,53,3,412.55,4,3,2,432,9,0
16933.0,1,9,3084.0,5,5,5,555,15,2
16934.0,54,6,2076.39,4,4,4,444,12,1
16935.0,381,3,530.86,2,3,2,232,7,3
16936.0,25,2,543.19,4,3,2,432,9,0
16937.0,499,1,178.4,1,2,1,121,4,3
16938.0,8,9,6882.31,5,5,5,555,15,2
16939.0,488,3,433.85,1,3,2,132,6,3
16940.0,52,8,6333.16,4,5,5,455,14,2
16941.0,611,1,33.0,1,2,1,121,4,3
16942.0,12,9,1874.39,5,5,4,554,14,2
16943.0,211,3,786.13,2,3,3,233,8,1
16944.0,609,1,101.36,1,2,1,121,4,3
16945.0,21,33,8548.16,4,5,5,455,14,2
16946.0,383,5,1222.04,2,4,4,244,10,1
16947.0,235,4,946.71,2,4,3,243,9,1
16948.0,138,7,868.77,3,4,3,343,10,1
16949.0,3,6,1286.27,5,4,4,544,13,0
16950.0,56,10,3705.77,4,5,5,455,14,2
16951.0,134,3,1277.75,3,3,4,334,10,1
16952.0,109,5,767.78,3,4,3,343,10,1
16953.0,30,1,20.8,4,2,1,421,7,3
16954.0,0,20,6081.88,5,5,5,555,15,2
16955.0,184,6,1309.41,3,4,4,344,11,1
16956.0,17,1,308.74,5,2,2,522,9,0
16957.0,239,2,416.64,2,3,2,232,7,3
16958.0,435,1,730.04,1,2,3,123,6,3
16959.0,87,1,117.35,3,2,1,321,6,3
16960.0,38,8,1988.93,4,5,4,454,13,1
16961.0,116,3,779.26,3,3,3,333,9,1
16962.0,409,1,251.04,1,2,1,121,4,3
16963.0,187,1,110.55,2,2,1,221,5,3
16964.0,733,2,207.85,1,3,1,131,5,3
16965.0,226,1,192.07,2,2,1,221,5,3
16966.0,8,7,2154.97,5,4,4,544,13,2
16967.0,189,1,319.02,2,2,2,222,6,3
16968.0,4,2,439.43,5,3,2,532,10,0
16969.0,39,3,635.41,4,3,3,433,10,0
16970.0,626,1,71.4,1,2,1,121,4,3
16971.0,38,1,357.21,4,2,2,422,8,0
16972.0,382,2,749.0,2,3,3,233,8,3
16973.0,386,1,127.0,2,2,1,221,5,3
16974.0,522,2,258.40000000000003,1,3,1,131,5,3
16975.0,423,3,926.12,1,3,3,133,7,1
16976.0,267,1,251.52,2,2,1,221,5,3
16977.0,395,4,496.0,2,4,2,242,8,1
16978.0,77,3,768.88,3,3,3,333,9,1
16979.0,3,9,2859.74,5,5,4,554,14,2
16980.0,255,3,1422.8300000000002,2,3,4,234,9,1
16982.0,60,1,384.06,3,2,2,322,7,0
16983.0,12,11,3654.02,5,5,5,555,15,2
16984.0,88,9,10278.73,3,5,5,355,13,2
16985.0,17,23,10834.36,5,5,5,555,15,2
16986.0,29,11,4888.75,4,5,5,455,14,2
16987.0,3,11,2498.2,5,5,4,554,14,2
16988.0,5,2,382.67,5,3,2,532,10,0
16989.0,7,6,1133.25,5,4,3,543,12,0
16990.0,218,2,344.0,2,3,2,232,7,3
16991.0,421,1,1041.21,1,2,3,123,6,3
16992.0,10,13,5445.900000000001,5,5,5,555,15,2
16993.0,463,2,1950.95,1,3,4,134,8,1
16996.0,30,9,2123.61,4,5,4,454,13,2
16997.0,288,3,702.0,2,3,3,233,8,1
16998.0,149,5,402.0,3,4,2,342,9,1
16999.0,23,2,484.82,4,3,2,432,9,0
17000.0,396,2,406.3,2,3,2,232,7,3
17001.0,0,19,6640.8,5,5,5,555,15,2
17002.0,85,7,2540.95,3,4,4,344,11,1
17003.0,402,4,828.21,2,4,3,243,9,1
17004.0,46,4,2324.36,4,4,4,444,12,1
17005.0,470,2,622.36,1,3,3,133,7,3
17006.0,4,8,1620.27,5,5,4,554,14,2
17007.0,50,7,1120.1,4,4,3,443,11,1
17008.0,429,1,81.36,1,2,1,121,4,3
17009.0,551,1,242.06,1,2,1,121,4,3
17010.0,18,1,195.36,5,2,1,521,8,0
17011.0,30,3,671.7,4,3,3,433,10,0
17012.0,725,1,360.61,1,2,2,122,5,3
17014.0,8,3,583.4300000000001,5,3,2,532,10,0
17015.0,28,3,1838.61,4,3,4,434,11,0
17016.0,576,1,552.4,1,2,2,122,5,3
17017.0,2,29,14064.71,5,5,5,555,15,2
17018.0,40,6,2287.7,4,4,4,444,12,1
17019.0,11,11,3879.51,5,5,5,555,15,2
17020.0,542,2,935.62,1,3,3,133,7,3
17021.0,442,6,1179.37,1,4,3,143,8,1
17022.0,31,2,260.0,4,3,1,431,8,0
17023.0,417,3,800.18,1,3,3,133,7,1
17024.0,45,3,95.85,4,3,1,431,8,0
17025.0,60,5,1510.64,3,4,4,344,11,1
17026.0,185,3,208.98,3,3,1,331,7,3
17027.0,78,9,1305.68,3,5,4,354,12,1
17028.0,581,3,1593.83,1,3,4,134,8,1
17029.0,110,7,2137.3,3,4,4,344,11,1
17030.0,63,1,146.87,3,2,1,321,6,3
17031.0,11,6,2773.85,5,4,4,544,13,2
17032.0,603,5,2889.94,1,4,4,144,9,1
17033.0,86,4,1332.79,3,4,4,344,11,1
17034.0,16,5,1261.42,5,4,4,544,13,0
17035.0,245,4,613.59,2,4,3,243,9,1
17036.0,383,1,176.9,2,2,1,221,5,3
17037.0,87,1,1247.52,3,2,4,324,9,0
17038.0,30,2,743.17,4,3,3,433,10,0
17039.0,604,1,1954.99,1,2,4,124,7,1
17040.0,137,2,463.25,3,3,2,332,8,3
17041.0,26,6,1655.2,4,4,4,444,12,0
17042.0,2,5,1036.58,5,4,3,543,12,0
17043.0,32,8,2483.39,4,5,4,454,13,2
17044.0,25,12,11659.9,4,5,5,455,14,2
17045.0,113,5,827.6800000000001,3,4,3,343,10,1
17046.0,157,5,1906.07,3,4,4,344,11,1
17047.0,85,6,2289.23,3,4,4,344,11,1
17048.0,117,7,2071.68,3,4,4,344,11,1
17049.0,2,19,9870.68,5,5,5,555,15,2
17050.0,96,10,4318.76,3,5,5,355,13,1
17051.0,194,4,704.91,2,4,3,243,9,1
17052.0,28,1,399.09,4,2,2,422,8,0
17053.0,130,1,447.48,3,2,2,322,7,3
17054.0,28,5,1356.33,4,4,4,444,12,0
17055.0,445,1,232.85,1,2,1,121,4,3
17056.0,738,1,128.60000000000002,1,2,1,121,4,3
17057.0,596,1,288.79,1,2,2,122,5,3
17058.0,81,3,1179.89,3,3,3,333,9,1
17059.0,29,9,5575.03,4,5,5,455,14,2
17060.0,266,1,234.24,2,2,1,221,5,3
17061.0,73,11,5232.2300000000005,3,5,5,355,13,2
17062.0,313,6,1169.06,2,4,3,243,9,1
17063.0,21,13,3607.93,4,5,5,455,14,2
17064.0,58,3,855.45,4,3,3,433,10,0
17065.0,637,2,174.89999999999998,1,3,1,131,5,3
17066.0,726,1,228.34,1,2,1,121,4,3
17067.0,724,3,454.54,1,3,2,132,6,3
17068.0,12,47,9140.08,5,5,5,555,15,2
17069.0,28,14,5691.08,4,5,5,455,14,2
17070.0,114,2,437.42,3,3,2,332,8,3
17071.0,28,13,3738.21,4,5,5,455,14,2
17072.0,625,1,273.35,1,2,1,121,4,3
17073.0,17,4,1444.84,5,4,4,544,13,0
17074.0,562,1,203.05,1,2,1,121,4,3
17075.0,17,10,2206.03,5,5,4,554,14,2
17076.0,36,6,1215.75,4,4,4,444,12,0
17077.0,578,1,306.0,1,2,2,122,5,3
17078.0,36,2,375.86,4,3,2,432,9,0
17079.0,78,1,118.8,3,2,1,321,6,3
17080.0,22,7,957.53,4,4,3,443,11,0
17081.0,25,6,939.44,4,4,3,443,11,0
17082.0,33,6,4727.08,4,4,5,445,13,2
17083.0,109,9,4049.79,3,5,5,355,13,1
17084.0,35,3,4986.36,4,3,5,435,12,1
17085.0,123,28,7829.52,3,5,5,355,13,2
17086.0,7,6,2035.08,5,4,4,544,13,0
17087.0,737,1,221.53,1,2,1,121,4,3
17088.0,28,4,1971.21,4,4,4,444,12,0
17089.0,386,1,128.45,2,2,1,221,5,3
17090.0,4,11,2370.98,5,5,4,554,14,2
17091.0,2,19,7773.900000000001,5,5,5,555,15,2
17092.0,50,11,5491.16,4,5,5,455,14,2
17093.0,592,1,235.88,1,2,1,121,4,3
17094.0,322,2,402.2000000000001,2,3,2,232,7,3
17095.0,22,7,2540.55,4,4,4,444,12,2
17096.0,15,11,3678.13,5,5,5,555,15,2
17097.0,2,9,1303.23,5,5,4,554,14,2
17098.0,381,3,540.0699999999999,2,3,2,232,7,3
17099.0,533,1,582.17,1,2,2,122,5,3
17100.0,18,2,971.74,5,3,3,533,11,0
17101.0,10,7,2507.05,5,4,4,544,13,2
17102.0,261,1,25.5,2,2,1,221,5,3
17103.0,722,1,424.3,1,2,2,122,5,3
17104.0,423,1,474.03,1,2,2,122,5,3
17105.0,159,2,665.78,3,3,3,333,9,3
17106.0,389,1,481.58,2,2,2,222,6,3
17107.0,33,10,16018.07,4,5,5,455,14,2
17108.0,663,1,174.95,1,2,1,121,4,3
17109.0,29,8,1284.81,4,5,4,454,13,0
17110.0,165,3,499.9,3,3,2,332,8,1
17111.0,47,2,459.58,4,3,2,432,9,0
17112.0,502,1,197.57,1,2,1,121,4,3
17113.0,574,6,2262.84,1,4,4,144,9,1
17114.0,5,8,801.12,5,5,3,553,13,0
17115.0,8,7,2690.89,5,4,4,544,13,2
17116.0,648,1,382.28,1,2,2,122,5,3
17117.0,288,1,116.2,2,2,1,221,5,3
17118.0,317,1,157.02,2,2,1,221,5,3
17119.0,3,2,572.11,5,3,2,532,10,0
17120.0,233,1,307.46,2,2,2,222,6,3
17121.0,402,1,314.74,2,2,2,222,6,3
17122.0,119,4,570.5,3,4,2,342,9,1
17123.0,161,3,966.67,3,3,3,333,9,1
17124.0,185,1,294.24,3,2,2,322,7,3
17125.0,50,1,230.5,4,2,1,421,7,3
17126.0,152,9,2003.83,3,5,4,354,12,1
17127.0,428,5,1155.0300000000002,1,4,3,143,8,1
17128.0,334,1,157.09,2,2,1,221,5,3
17129.0,520,1,31.85,1,2,1,121,4,3
17131.0,5,5,2463.17,5,4,4,544,13,0
17132.0,452,2,1220.91,1,3,4,134,8,1
17133.0,15,12,14546.01,5,5,5,555,15,2
17134.0,106,3,625.3,3,3,3,333,9,1
17135.0,16,10,1931.96,5,5,4,554,14,2
17136.0,662,1,213.83,1,2,1,121,4,3
17137.0,416,6,1081.96,1,4,3,143,8,1
17138.0,275,7,4390.27,2,4,5,245,11,1
17139.0,15,25,19430.86,5,5,5,555,15,2
17140.0,247,1,454.12,2,2,2,222,6,3
17141.0,418,4,727.58,1,4,3,143,8,1
17142.0,239,4,1275.25,2,4,4,244,10,1
17143.0,417,2,880.97,1,3,3,133,7,3
17144.0,1,2,984.57,5,3,3,533,11,0
17145.0,512,4,3120.91,1,4,5,145,10,1
17146.0,105,13,5834.79,3,5,5,355,13,2
17147.0,22,9,3199.95,4,5,5,455,14,2
17148.0,51,1,124.88,4,2,1,421,7,3
17149.0,451,1,143.10000000000002,1,2,1,121,4,3
17150.0,376,6,1341.1,2,4,4,244,10,1
17151.0,735,1,231.90000000000003,1,2,1,121,4,3
17152.0,194,4,2016.5,2,4,4,244,10,1
17153.0,24,1,213.78,4,2,1,421,7,0
17154.0,75,1,329.34,3,2,2,322,7,3
17155.0,17,7,892.46,5,4,3,543,12,0
17156.0,491,1,591.87,1,2,2,122,5,3
17157.0,7,19,5121.9,5,5,5,555,15,2
17158.0,32,5,1980.0,4,4,4,444,12,0
17159.0,21,5,2099.59,4,4,4,444,12,0
17160.0,31,17,10179.16,4,5,5,455,14,2
17161.0,444,1,856.01,1,2,3,123,6,3
17162.0,28,10,1715.46,4,5,4,454,13,2
17163.0,21,4,699.78,4,4,3,443,11,0
17164.0,32,7,2406.15,4,4,4,444,12,1
17165.0,284,6,1776.47,2,4,4,244,10,1
17166.0,38,2,206.34,4,3,1,431,8,0
17167.0,379,3,861.16,2,3,3,233,8,1
17168.0,498,1,400.2,1,2,2,122,5,3
17169.0,57,3,1156.73,4,3,3,433,10,0
17170.0,374,2,178.68,2,3,1,231,6,3
17171.0,289,2,384.59,2,3,2,232,7,3
17172.0,78,3,956.57,3,3,3,333,9,1
17173.0,5,8,3664.6,5,5,5,555,15,2
17174.0,217,1,59.9,2,2,1,221,5,3
17175.0,44,4,1443.69,4,4,4,444,12,0
17176.0,201,3,856.42,2,3,3,233,8,1
17177.0,505,1,119.5,1,2,1,121,4,3
17178.0,731,1,425.46,1,2,2,122,5,3
17179.0,178,6,1466.46,3,4,4,344,11,1
17180.0,56,11,2236.77,4,5,4,454,13,2
17181.0,57,3,465.37,4,3,2,432,9,0
17182.0,422,2,178.5,1,3,1,131,5,3
17183.0,7,6,3347.31,5,4,5,545,14,2
17184.0,569,2,198.41000000000005,1,3,1,131,5,3
17185.0,591,3,229.46,1,3,1,131,5,3
17186.0,46,2,144.0,4,3,1,431,8,0
17187.0,226,2,467.71,2,3,2,232,7,3
17188.0,11,13,4470.53,5,5,5,555,15,2
17189.0,106,5,945.98,3,4,3,343,10,1
17190.0,58,7,1724.73,4,4,4,444,12,1
17191.0,28,15,4810.55,4,5,5,455,14,2
17192.0,536,1,75.28,1,2,1,121,4,3
17193.0,35,9,2310.04,4,5,4,454,13,2
17194.0,360,2,776.66,2,3,3,233,8,3
17195.0,655,1,562.98,1,2,2,122,5,3
17196.0,427,1,327.75,1,2,2,122,5,3
17197.0,29,1,1013.01,4,2,3,423,9,0
17198.0,23,3,1208.78,4,3,3,433,10,0
17199.0,582,1,135.04000000000002,1,2,1,121,4,3
17200.0,387,4,356.71,2,4,2,242,8,3
17201.0,53,4,1091.85,4,4,3,443,11,1
17202.0,420,1,160.65,1,2,1,121,4,3
17203.0,35,10,5469.74,4,5,5,455,14,2
17204.0,175,9,5504.6900000000005,3,5,5,355,13,1
17205.0,53,3,999.35,4,3,3,433,10,0
17206.0,53,1,204.24,4,2,1,421,7,3
17207.0,652,1,280.52,1,2,1,121,4,3
17208.0,395,1,111.15,2,2,1,221,5,3
17209.0,649,3,582.95,1,3,2,132,6,3
17210.0,392,1,251.72,2,2,1,221,5,3
17211.0,26,13,4007.95,4,5,5,455,14,2
17212.0,253,3,748.81,2,3,3,233,8,1
17213.0,40,13,5182.3,4,5,5,455,14,2
17214.0,60,6,1059.12,3,4,3,343,10,1
17215.0,464,1,186.15,1,2,1,121,4,3
17216.0,554,1,63.6,1,2,1,121,4,3
17217.0,234,2,206.35,2,3,1,231,6,3
17218.0,4,18,4107.78,5,5,5,555,15,2
17219.0,31,2,254.03,4,3,1,431,8,0
17220.0,24,21,4331.56,4,5,5,455,14,2
17221.0,7,5,976.62,5,4,3,543,12,0
17222.0,65,6,1563.61,3,4,4,344,11,1
17223.0,310,3,780.88,2,3,3,233,8,1
17224.0,501,1,100.86,1,2,1,121,4,3
17225.0,581,1,131.15,1,2,1,121,4,3
17226.0,308,3,888.72,2,3,3,233,8,1
17227.0,18,12,2021.18,5,5,4,554,14,2
17228.0,15,13,3130.08,5,5,5,555,15,2
17229.0,96,2,318.76,3,3,2,332,8,3
17230.0,264,18,9296.69,2,5,5,255,12,2
17231.0,12,25,7064.8,5,5,5,555,15,2
17232.0,2,2,417.77,5,3,2,532,10,0
17233.0,35,3,560.86,4,3,2,432,9,0
17234.0,182,1,149.89,3,2,1,321,6,3
17235.0,25,8,1904.88,4,5,4,454,13,2
17236.0,12,12,1929.26,5,5,4,554,14,2
17237.0,11,4,994.13,5,4,3,543,12,0
17238.0,2,32,7623.71,5,5,5,555,15,2
17239.0,312,4,1189.45,2,4,3,243,9,1
17240.0,596,1,130.6,1,2,1,121,4,3
17241.0,385,12,2638.59,2,5,4,254,11,1
17242.0,108,5,2889.28,3,4,4,344,11,1
17243.0,1,69,20364.48,5,5,5,555,15,2
17244.0,53,5,1826.04,4,4,4,444,12,1
17245.0,204,2,371.63,2,3,2,232,7,3
17246.0,546,2,38.92,1,3,1,131,5,3
17247.0,15,1,280.09000000000003,5,2,1,521,8,0
17248.0,120,2,500.54,3,3,2,332,8,3
17249.0,428,1,68.03,1,2,1,121,4,3
17250.0,3,2,381.97,5,3,2,532,10,0
17251.0,362,3,763.28,2,3,3,233,8,1
17252.0,116,2,348.91,3,3,2,332,8,3
17253.0,18,1,178.26,5,2,1,521,8,0
17254.0,4,3,469.48,5,3,2,532,10,0
17255.0,40,4,781.7,4,4,3,443,11,0
17256.0,107,5,498.93,3,4,2,342,9,1
17257.0,436,2,189.78,1,3,1,131,5,3
17258.0,396,2,417.3,2,3,2,232,7,3
17259.0,148,6,1776.24,3,4,4,344,11,1
17260.0,411,1,120.95,1,2,1,121,4,3
17261.0,509,1,221.59,1,2,1,121,4,3
17262.0,52,11,2757.62,4,5,4,454,13,2
17263.0,208,1,63.440000000000005,2,2,1,221,5,3
17264.0,424,1,268.28,1,2,1,121,4,3
17265.0,138,2,540.11,3,3,2,332,8,3
17266.0,2,5,501.72,5,4,2,542,11,0
17267.0,127,2,317.2,3,3,2,332,8,3
17268.0,107,11,1733.89,3,5,4,354,12,1
17269.0,385,1,491.81,2,2,2,222,6,3
17270.0,469,2,601.4499999999999,1,3,2,132,6,3
17271.0,736,1,204.3,1,2,1,121,4,3
17272.0,42,4,2148.63,4,4,4,444,12,1
17273.0,424,1,141.12,1,2,1,121,4,3
17274.0,35,2,573.22,4,3,2,432,9,0
17275.0,383,1,114.1,2,2,1,221,5,3
17276.0,402,1,501.24,2,2,2,222,6,3
17277.0,227,2,1034.75,2,3,3,233,8,1
17278.0,241,2,253.39,2,3,1,231,6,3
17279.0,57,1,187.83,4,2,1,421,7,3
17280.0,438,1,118.86,1,2,1,121,4,3
17281.0,374,6,797.8499999999999,2,4,3,243,9,1
17282.0,130,5,2308.54,3,4,4,344,11,1
17283.0,378,1,188.46,2,2,1,221,5,3
17284.0,60,7,2464.25,3,4,4,344,11,1
17285.0,628,2,400.44,1,3,2,132,6,3
17286.0,21,3,389.18,4,3,2,432,9,0
17287.0,26,21,4036.81,4,5,5,455,14,2
17288.0,9,11,2468.43,5,5,4,554,14,2
17289.0,31,9,2034.15,4,5,4,454,13,2
17290.0,3,8,1421.53,5,5,4,554,14,2
17291.0,308,1,550.8000000000001,2,2,2,222,6,3
17292.0,472,2,271.75,1,3,1,131,5,3
17293.0,8,17,3750.63,5,5,5,555,15,2
17294.0,669,2,467.79,1,3,2,132,6,3
17295.0,28,3,547.0,4,3,2,432,9,0
17296.0,730,1,287.13,1,2,2,122,5,3
17297.0,17,1,128.18,5,2,1,521,8,0
17298.0,101,5,938.36,3,4,3,343,10,1
17299.0,11,6,993.23,5,4,3,543,12,0
17300.0,390,2,393.64,2,3,2,232,7,3
17301.0,21,2,294.39,4,3,2,432,9,0
17302.0,14,5,1120.33,5,4,3,543,12,0
17303.0,361,1,250.04,2,2,1,221,5,3
17304.0,534,1,111.5,1,2,1,121,4,3
17305.0,648,1,2135.46,1,2,4,124,7,1
17306.0,10,21,8648.35,5,5,5,555,15,2
17307.0,395,11,3999.89,2,5,5,255,12,1
17308.0,393,2,4511.76,2,3,5,235,10,1
17309.0,95,3,282.14,3,3,1,331,7,3
17310.0,387,2,1025.1,2,3,3,233,8,1
17311.0,78,6,3566.56,3,4,5,345,12,1
17312.0,138,3,644.3,3,3,3,333,9,1
17313.0,31,1,2328.84,4,2,4,424,10,0
17314.0,24,17,4871.28,4,5,5,455,14,2
17315.0,1,41,9544.62,5,5,5,555,15,2
17316.0,420,1,124.45,1,2,1,121,4,3
17317.0,46,3,2600.34,4,3,4,434,11,1
17318.0,725,1,152.57999999999998,1,2,1,121,4,3
17319.0,669,1,29.1,1,2,1,121,4,3
17320.0,100,6,2849.87,3,4,4,344,11,1
17321.0,8,6,1665.21,5,4,4,544,13,0
17322.0,376,5,922.59,2,4,3,243,9,1
17323.0,15,12,1547.64,5,5,4,554,14,2
17324.0,17,12,2298.12,5,5,4,554,14,2
17325.0,280,3,609.5699999999999,2,3,3,233,8,1
17326.0,408,2,310.25,2,3,2,232,7,3
17327.0,409,2,152.35,1,3,1,131,5,3
17328.0,673,1,97.2,1,2,1,121,4,3
17329.0,14,5,998.53,5,4,3,543,12,0
17330.0,22,4,423.8,4,4,2,442,10,0
17331.0,123,1,175.2,3,2,1,321,6,3
17332.0,528,5,815.87,1,4,3,143,8,1
17333.0,85,1,494.25,3,2,2,322,7,3
17334.0,302,3,635.15,2,3,3,233,8,1
17335.0,383,2,497.04,2,3,2,232,7,3
17336.0,472,1,81.12,1,2,1,121,4,3
17337.0,151,4,1947.43,3,4,4,344,11,1
17338.0,17,17,11484.14,5,5,5,555,15,2
17339.0,94,3,362.36,3,3,2,332,8,0
17340.0,29,18,22286.67,4,5,5,455,14,2
17341.0,156,5,1612.32,3,4,4,344,11,1
17342.0,379,4,1196.94,2,4,3,243,9,1
17343.0,355,6,1259.94,2,4,4,244,10,1
17344.0,46,2,450.61,4,3,2,432,9,0
17345.0,15,10,1586.63,5,5,4,554,14,2
17346.0,3,26,5118.99,5,5,5,555,15,2
17347.0,86,1,228.96,3,2,1,321,6,3
17348.0,14,9,2395.29,5,5,4,554,14,2
17349.0,179,5,772.41,3,4,3,343,10,1
17350.0,8,7,1893.7,5,4,4,544,13,2
17351.0,36,12,1964.38,4,5,4,454,13,2
17352.0,696,1,36.25,1,2,1,121,4,3
17353.0,129,4,3242.0,3,4,5,345,12,1
17354.0,50,4,3133.96,4,4,5,445,13,1
17355.0,386,1,273.31,2,2,1,221,5,3
17356.0,311,5,946.47,2,4,3,243,9,1
17357.0,24,2,384.39,4,3,2,432,9,0
17358.0,303,5,836.36,2,4,3,243,9,1
17359.0,11,2,284.46,5,3,2,532,10,0
17360.0,17,6,1187.91,5,4,3,543,12,0
17361.0,49,5,871.79,4,4,3,443,11,0
17362.0,239,7,886.39,2,4,3,243,9,1
17363.0,395,3,920.46,2,3,3,233,8,1
17364.0,0,27,11601.7,5,5,5,555,15,2
17365.0,12,15,8140.0,5,5,5,555,15,2
17366.0,432,2,1077.24,1,3,3,133,7,1
17367.0,238,1,151.75,2,2,1,221,5,3
17368.0,23,14,2752.34,4,5,4,454,13,2
17369.0,455,1,979.2,1,2,3,123,6,3
17370.0,72,4,446.18,3,4,2,342,9,0
17371.0,17,6,613.87,5,4,3,543,12,0
17372.0,40,27,4301.31,4,5,5,455,14,2
17373.0,40,7,1167.5,4,4,3,443,11,1
17374.0,218,3,727.11,2,3,3,233,8,1
17375.0,199,4,660.55,2,4,3,243,9,1
17376.0,70,4,453.64,3,4,2,342,9,0
17377.0,23,78,18223.33,4,5,5,455,14,2
17378.0,374,1,10.95,2,2,1,221,5,3
17379.0,11,1,389.72,5,2,2,522,9,0
17380.0,434,3,645.0,1,3,3,133,7,1
17381.0,8,38,40002.37,5,5,5,555,15,2
17382.0,65,8,887.28,3,5,3,353,11,1
17383.0,4,2,304.09,5,3,2,532,10,0
17384.0,19,3,507.55,5,3,2,532,10,0
17385.0,14,1,252.31,5,2,1,521,8,0
17386.0,7,7,2812.77,5,4,4,544,13,2
17387.0,19,2,746.81,5,3,3,533,11,0
17388.0,77,11,2660.07,3,5,4,354,12,1
17389.0,0,61,57215.33,5,5,5,555,15,2
17390.0,420,1,149.3,1,2,1,121,4,3
17391.0,163,2,508.8,3,3,2,332,8,3
17392.0,306,3,579.92,2,3,2,232,7,1
17393.0,410,2,381.15,1,3,2,132,6,3
17394.0,219,1,203.87,2,2,1,221,5,3
17395.0,508,1,97.5,1,2,1,121,4,3
17396.0,39,13,8789.1,4,5,5,455,14,2
17397.0,22,3,1182.98,4,3,3,433,10,0
17398.0,114,3,653.38,3,3,3,333,9,1
17400.0,126,8,4480.9800000000005,3,5,5,355,13,1
17401.0,541,1,114.85,1,2,1,121,4,3
17402.0,4,22,5060.53,5,5,5,555,15,2
17403.0,36,2,382.87,4,3,2,432,9,0
17404.0,4,21,46806.52,5,5,5,555,15,2
17405.0,1,3,1000.81,5,3,3,533,11,0
17406.0,333,13,4855.9,2,5,5,255,12,1
17407.0,411,1,552.9,1,2,2,122,5,3
17408.0,163,3,316.09000000000003,3,3,2,332,8,3
17409.0,184,10,7773.71,3,5,5,355,13,1
17410.0,16,5,1214.72,5,4,4,544,13,0
17411.0,12,5,1425.38,5,4,4,544,13,0
17412.0,2,16,4325.72,5,5,5,555,15,2
17413.0,404,2,560.14,2,3,2,232,7,3
17414.0,43,6,2249.52,4,4,4,444,12,1
17415.0,79,1,507.84,3,2,2,322,7,3
17416.0,29,22,17267.85,4,5,5,455,14,2
17417.0,548,1,164.18,1,2,1,121,4,3
17418.0,42,3,670.0600000000001,4,3,3,433,10,0
17419.0,11,18,6500.52,5,5,5,555,15,2
17420.0,50,6,1084.43,4,4,3,443,11,1
17421.0,386,3,1059.41,2,3,3,233,8,1
17422.0,16,11,3594.76,5,5,5,555,15,2
17423.0,46,3,1118.95,4,3,3,433,10,0
17425.0,19,2,759.17,5,3,3,533,11,0
17426.0,8,13,8050.77,5,5,5,555,15,2
17427.0,71,1,100.8,3,2,1,321,6,3
17428.0,0,45,31326.23,5,5,5,555,15,2
17429.0,128,5,1357.46,3,4,4,344,11,1
17430.0,32,4,735.17,4,4,3,443,11,0
17431.0,313,1,388.0,2,2,2,222,6,3
17432.0,18,9,1728.99,5,5,4,554,14,2
17433.0,88,2,569.96,3,3,2,332,8,0
17434.0,2,7,2373.82,5,4,4,544,13,2
17435.0,411,1,296.25,1,2,2,122,5,3
17436.0,1,3,166.86,5,3,1,531,9,0
17437.0,529,1,354.38,1,2,2,122,5,3
17438.0,253,5,1422.77,2,4,4,244,10,1
17439.0,655,1,325.74,1,2,2,122,5,3
17440.0,156,4,323.58,3,4,2,342,9,3
17441.0,732,1,293.35,1,2,2,122,5,3
17442.0,36,15,4508.7,4,5,5,455,14,2
17444.0,151,2,2322.4,3,3,4,334,10,1
17446.0,176,2,120.9,3,3,1,331,7,3
17447.0,40,2,541.53,4,3,2,432,9,0
17448.0,529,41,14392.66,1,5,5,155,11,2
17449.0,2,13,4865.15,5,5,5,555,15,2
17450.0,8,51,236246.36,5,5,5,555,15,2
17451.0,1,7,1701.6,5,4,4,544,13,2
17453.0,17,2,486.72,5,3,2,532,10,0
17454.0,192,10,1547.94,2,5,4,254,11,1
17455.0,203,1,131.7,2,2,1,221,5,3
17456.0,365,2,1225.42,2,3,4,234,9,1
17457.0,126,14,5908.49,3,5,5,355,13,2
17458.0,15,2,521.33,5,3,2,532,10,0
17459.0,43,2,657.3,4,3,3,433,10,0
17460.0,94,16,2228.27,3,5,4,354,12,2
17461.0,22,3,735.82,4,3,3,433,10,0
17462.0,60,2,655.89,3,3,3,333,9,0
17463.0,16,7,2535.26,5,4,4,544,13,2
17464.0,158,3,859.54,3,3,3,333,9,1
17465.0,425,7,2450.99,1,4,4,144,9,1
17466.0,10,2,743.48,5,3,3,533,11,0
17467.0,395,1,102.6,2,2,1,221,5,3
17468.0,10,3,194.8,5,3,1,531,9,0
17469.0,16,17,5035.95,5,5,5,555,15,2
17470.0,44,11,2738.75,4,5,4,454,13,2
17471.0,474,1,321.65000000000003,1,2,2,122,5,3
17472.0,191,4,909.95,2,4,3,243,9,1
17473.0,408,2,607.0,2,3,3,233,8,3
17474.0,599,1,1047.0,1,2,3,123,6,3
17475.0,79,1,194.37,3,2,1,321,6,3
17476.0,395,2,489.86,2,3,2,232,7,3
17477.0,612,2,1144.3,1,3,3,133,7,1
17478.0,408,2,1272.8,2,3,4,234,9,1
17479.0,632,1,389.2600000000001,1,2,2,122,5,3
17480.0,77,2,882.23,3,3,3,333,9,0
17481.0,3,4,1255.59,5,4,4,544,13,0
17482.0,487,2,775.64,1,3,3,133,7,3
17483.0,65,4,591.73,3,4,2,342,9,0
17484.0,576,2,209.57,1,3,1,131,5,3
17486.0,261,1,396.87,2,2,2,222,6,3
17487.0,728,1,160.55,1,2,1,121,4,3
17488.0,641,1,336.5,1,2,2,122,5,3
17489.0,58,2,376.64,4,3,2,432,9,0
17490.0,0,9,2700.7,5,5,4,554,14,2
17491.0,1,17,5981.07,5,5,5,555,15,2
17492.0,248,3,1122.42,2,3,3,233,8,1
17493.0,385,1,100.91,2,2,1,221,5,3
17494.0,501,1,54.7,1,2,1,121,4,3
17495.0,7,3,699.62,5,3,3,533,11,0
17496.0,358,4,1385.89,2,4,4,244,10,1
17497.0,390,2,287.25,2,3,2,232,7,3
17498.0,75,1,272.22,3,2,1,321,6,3
17499.0,289,2,1341.39,2,3,4,234,9,1
17500.0,17,3,1121.5,5,3,3,533,11,0
17501.0,220,2,288.6,2,3,2,232,7,3
17502.0,9,4,689.1,5,4,3,543,12,0
17503.0,2,2,558.96,5,3,2,532,10,0
17504.0,206,18,9490.17,2,5,5,255,12,2
17505.0,161,5,2404.88,3,4,4,344,11,1
17506.0,75,1,302.2,3,2,2,322,7,3
17507.0,261,2,605.58,2,3,3,233,8,3
17508.0,280,8,4564.23,2,5,5,255,12,1
17509.0,57,8,6083.64,4,5,5,455,14,2
17510.0,24,2,514.56,4,3,2,432,9,0
17511.0,2,60,174610.91,5,5,5,555,15,2
17512.0,28,18,5451.320000000001,4,5,5,455,14,2
17513.0,72,3,1158.8,3,3,3,333,9,1
17514.0,128,2,522.0,3,3,2,332,8,3
17515.0,31,9,1602.51,4,5,4,454,13,2
17516.0,15,6,937.3,5,4,3,543,12,0
17517.0,308,1,153.94,2,2,1,221,5,3
17518.0,425,2,328.17,1,3,2,132,6,3
17519.0,17,15,5096.17,5,5,5,555,15,2
17520.0,53,1,546.81,4,2,2,422,8,0
17521.0,29,5,1278.06,4,4,4,444,12,0
17522.0,1,5,1066.15,5,4,3,543,12,0
17523.0,11,4,652.74,5,4,3,543,12,0
17524.0,361,3,539.14,2,3,2,232,7,3
17525.0,359,3,1161.9,2,3,3,233,8,1
17526.0,4,12,4150.74,5,5,5,555,15,2
17527.0,53,4,939.37,4,4,3,443,11,0
17528.0,1,8,3628.5,5,5,5,555,15,2
17529.0,610,2,1240.25,1,3,4,134,8,1
17530.0,1,12,2995.94,5,5,5,555,15,2
17531.0,190,3,1266.82,2,3,4,234,9,1
17532.0,385,1,65.34,2,2,1,221,5,3
17533.0,434,1,34.8,1,2,1,121,4,3
17534.0,53,5,1622.93,4,4,4,444,12,1
17535.0,280,1,164.4,2,2,1,221,5,3
17536.0,177,3,364.83,3,3,2,332,8,3
17537.0,29,2,887.67,4,3,3,433,10,0
17538.0,25,1,98.42,4,2,1,421,7,0
17539.0,628,3,1146.54,1,3,3,133,7,1
17540.0,24,6,1590.6,4,4,4,444,12,0
17541.0,509,1,119.86,1,2,1,121,4,3
17542.0,269,3,340.85,2,3,2,232,7,3
17543.0,549,1,120.05,1,2,1,121,4,3
17544.0,390,3,932.92,2,3,3,233,8,1
17545.0,43,6,1409.86,4,4,4,444,12,1
17547.0,375,2,727.85,2,3,3,233,8,3
17548.0,233,4,731.26,2,4,3,243,9,1
17549.0,23,2,148.86,4,3,1,431,8,0
17550.0,197,9,2506.64,2,5,4,254,11,1
17551.0,359,1,290.34,2,2,2,222,6,3
17552.0,60,12,3085.29,3,5,5,355,13,2
17553.0,129,4,3757.6,3,4,5,345,12,1
17554.0,1,5,1754.45,5,4,4,544,13,0
17555.0,19,5,1015.14,5,4,3,543,12,0
17556.0,205,2,300.67,2,3,2,232,7,3
17557.0,14,4,575.46,5,4,2,542,11,0
17558.0,393,1,259.17,2,2,1,221,5,3
17559.0,512,1,167.62,1,2,1,121,4,3
17560.0,94,8,1895.8,3,5,4,354,12,1
17561.0,19,4,703.02,5,4,3,543,12,0
17562.0,14,7,1122.38,5,4,3,543,12,0
17563.0,578,2,392.38,1,3,2,132,6,3
17564.0,24,3,454.01,4,3,2,432,9,0
17565.0,586,1,131.83,1,2,1,121,4,3
17566.0,8,2,869.77,5,3,3,533,11,0
17567.0,7,9,5356.03,5,5,5,555,15,2
17568.0,633,1,374.45,1,2,2,122,5,3
17569.0,332,1,344.14,2,2,2,222,6,3
17571.0,50,5,1629.66,4,4,4,444,12,1
17572.0,71,10,723.01,3,5,3,353,11,1
17573.0,29,3,380.6,4,3,2,432,9,0
17574.0,242,1,185.65,2,2,1,221,5,3
17575.0,667,1,171.7,1,2,1,121,4,3
17576.0,8,41,8800.5,5,5,5,555,15,2
17577.0,645,2,348.75,1,3,2,132,6,3
17578.0,218,7,1028.61,2,4,3,243,9,1
17579.0,4,4,740.53,5,4,3,543,12,0
17580.0,252,5,538.07,2,4,2,242,8,1
17581.0,0,43,18656.95,5,5,5,555,15,2
17582.0,236,5,1446.95,2,4,4,244,10,1
17583.0,560,1,135.95,1,2,1,121,4,3
17584.0,7,6,5309.42,5,4,5,545,14,2
17585.0,109,7,2029.76,3,4,4,344,11,1
17586.0,619,1,167.4,1,2,1,121,4,3
17587.0,628,1,173.76,1,2,1,121,4,3
17588.0,100,7,2939.55,3,4,5,345,12,1
17589.0,60,18,13806.27,3,5,5,355,13,2
17590.0,2,3,1436.47,5,3,4,534,12,0
17591.0,73,8,2722.37,3,5,4,354,12,1
17592.0,738,1,148.3,1,2,1,121,4,3
17593.0,3,11,7962.57,5,5,5,555,15,2
17594.0,85,4,2497.88,3,4,4,344,11,1
17595.0,12,2,386.69,5,3,2,532,10,0
17596.0,23,13,4870.53,4,5,5,455,14,2
17597.0,213,5,3422.89,2,4,5,245,11,1
17598.0,381,1,379.38,2,2,2,222,6,3
17599.0,477,1,52.05,1,2,1,121,4,3
17600.0,17,1,161.67000000000002,5,2,1,521,8,0
17601.0,239,2,412.66,2,3,2,232,7,3
17602.0,2,14,7258.88,5,5,5,555,15,2
17603.0,78,4,1773.38,3,4,4,344,11,1
17604.0,217,6,911.78,2,4,3,243,9,1
17605.0,590,1,160.75,1,2,1,121,4,3
17606.0,737,1,87.30000000000001,1,2,1,121,4,3
17607.0,376,1,333.81,2,2,2,222,6,3
17608.0,33,4,481.71,4,4,2,442,10,0
17609.0,40,11,1875.36,4,5,4,454,13,2
17610.0,540,5,1498.44,1,4,4,144,9,1
17611.0,7,28,8172.18,5,5,5,555,15,2
17612.0,53,18,5287.76,4,5,5,455,14,2
17613.0,22,14,4542.6,4,5,5,455,14,2
17614.0,57,1,386.32,4,2,2,422,8,0
17615.0,130,6,711.85,3,4,3,343,10,1
17616.0,173,4,1060.8,3,4,3,343,10,1
17617.0,558,1,385.19,1,2,2,122,5,3
17618.0,5,11,3926.09,5,5,5,555,15,2
17619.0,312,1,199.07,2,2,1,221,5,3
17620.0,59,1,81.44,3,2,1,321,6,3
17621.0,21,6,3175.12,4,4,5,445,13,2
17622.0,597,2,1130.21,1,3,3,133,7,1
17623.0,32,7,2365.77,4,4,4,444,12,1
17624.0,14,4,1550.78,5,4,4,544,13,0
17625.0,18,8,5973.95,5,5,5,555,15,2
17626.0,602,1,254.0,1,2,1,121,4,3
17627.0,478,1,296.36,1,2,2,122,5,3
17628.0,81,1,75.75,3,2,1,321,6,3
17629.0,5,10,2438.18,5,5,4,554,14,2
17630.0,169,2,503.6,3,3,2,332,8,3
17631.0,1,7,978.69,5,4,3,543,12,0
17633.0,31,7,2017.79,4,4,4,444,12,1
17634.0,36,9,2358.59,4,5,4,454,13,2
17635.0,424,3,1265.58,1,3,4,134,8,1
17636.0,19,1,285.56,5,2,2,522,9,0
17637.0,31,2,547.0600000000001,4,3,2,432,9,0
17638.0,647,2,842.4,1,3,3,133,7,3
17639.0,276,6,615.17,2,4,3,243,9,1
17640.0,86,6,3168.94,3,4,5,345,12,1
17642.0,119,5,1824.49,3,4,4,344,11,1
17643.0,373,2,541.25,2,3,2,232,7,3
17644.0,1,20,6028.6,5,5,5,555,15,2
17646.0,219,12,4046.29,2,5,5,255,12,1
17647.0,65,3,316.81,3,3,2,332,8,0
17648.0,60,5,2216.37,3,4,4,344,11,1
17649.0,138,3,1559.09,3,3,4,334,10,1
17650.0,21,1,166.08,4,2,1,421,7,0
17651.0,11,16,5683.72,5,5,5,555,15,2
17652.0,25,12,4763.32,4,5,5,455,14,2
17653.0,36,4,1192.56,4,4,3,443,11,0
17654.0,277,1,117.55,2,2,1,221,5,3
17655.0,10,9,3652.48,5,5,5,555,15,2
17656.0,73,5,1674.69,3,4,4,344,11,1
17657.0,430,1,126.0,1,2,1,121,4,3
17658.0,25,2,595.42,4,3,2,432,9,0
17659.0,17,14,3818.29,5,5,5,555,15,2
17660.0,141,2,342.22,3,3,2,332,8,3
17662.0,661,2,412.92,1,3,2,132,6,3
17663.0,25,17,5138.18,4,5,5,455,14,2
17664.0,18,4,1166.23,5,4,3,543,12,0
17665.0,493,1,563.1,1,2,2,122,5,3
17666.0,3,5,2047.8,5,4,4,544,13,0
17667.0,66,9,3903.9,3,5,5,355,13,1
17668.0,1,2,347.75,5,3,2,532,10,0
17669.0,42,10,6127.05,4,5,5,455,14,2
17670.0,227,1,205.7,2,2,1,221,5,3
17671.0,15,5,2403.34,5,4,4,544,13,0
17672.0,50,6,5663.74,4,4,5,445,13,1
17673.0,1,13,4122.28,5,5,5,555,15,2
17674.0,74,2,851.7,3,3,3,333,9,0
17675.0,1,70,38125.8,5,5,5,555,15,2
17676.0,4,10,2749.34,5,5,4,554,14,2
17677.0,1,54,36224.01,5,5,5,555,15,2
17678.0,263,2,599.76,2,3,2,232,7,3
17679.0,52,5,2784.41,4,4,4,444,12,1
17680.0,23,3,497.45,4,3,2,432,9,0
17681.0,597,5,731.2,1,4,3,143,8,1
17682.0,10,11,4426.78,5,5,5,555,15,2
17683.0,385,3,819.01,2,3,3,233,8,1
17684.0,43,1,239.41,4,2,1,421,7,0
17685.0,16,12,5907.47,5,5,5,555,15,2
17686.0,7,9,8206.09,5,5,5,555,15,2
17687.0,420,1,432.68,1,2,2,122,5,3
17688.0,393,1,304.2,2,2,2,222,6,3
17689.0,388,2,317.08,2,3,2,232,7,3
17690.0,30,20,7352.95,4,5,5,455,14,2
17691.0,358,4,780.0500000000001,2,4,3,243,9,1
17692.0,127,11,2930.74,3,5,5,355,13,1
17693.0,137,1,200.47,3,2,1,321,6,3
17694.0,141,3,1695.97,3,3,4,334,10,1
17695.0,131,5,1689.16,3,4,4,344,11,1
17696.0,38,27,7659.79,4,5,5,455,14,2
17697.0,236,1,299.35,2,2,2,222,6,3
17698.0,260,1,154.95,2,2,1,221,5,3
17699.0,476,2,442.0,1,3,2,132,6,3
17700.0,16,14,6649.37,5,5,5,555,15,2
17701.0,252,1,417.95,2,2,2,222,6,3
17702.0,30,6,3144.04,4,4,5,445,13,1
17703.0,35,4,1094.84,4,4,3,443,11,0
17704.0,168,2,885.19,3,3,3,333,9,1
17705.0,3,11,2083.9,5,5,4,554,14,2
17706.0,4,31,20391.36,5,5,5,555,15,2
17707.0,185,8,596.7,3,5,2,352,10,1
17708.0,187,4,882.9300000000001,2,4,3,243,9,1
17709.0,169,5,671.01,3,4,3,343,10,1
17710.0,423,1,293.5,1,2,2,122,5,3
17711.0,10,2,385.1,5,3,2,532,10,0
17712.0,44,1,522.91,4,2,2,422,8,0
17713.0,382,4,1198.09,2,4,3,243,9,1
17714.0,320,5,1395.18,2,4,4,244,10,1
17715.0,200,2,489.6,2,3,2,232,7,3
17716.0,22,24,15956.97,4,5,5,455,14,2
17717.0,421,1,376.92,1,2,2,122,5,3
17718.0,232,2,439.18,2,3,2,232,7,3
17719.0,37,15,5226.99,4,5,5,455,14,2
17720.0,26,10,2753.61,4,5,4,454,13,2
17721.0,659,1,307.21000000000004,1,2,2,122,5,3
17722.0,96,5,4410.56,3,4,5,345,12,1
17723.0,127,7,3378.4000000000005,3,4,5,345,12,1
17724.0,71,3,1033.0,3,3,3,333,9,1
17725.0,16,11,3298.68,5,5,5,555,15,2
17726.0,395,7,1079.46,2,4,3,243,9,1
17727.0,15,1,1040.45,5,2,3,523,10,0
17728.0,3,5,4238.76,5,4,5,545,14,2
17729.0,596,1,438.65,1,2,2,122,5,3
17730.0,3,20,7652.0,5,5,5,555,15,2
17731.0,79,6,1708.99,3,4,4,344,11,1
17732.0,372,8,2455.39,2,5,4,254,11,1
17733.0,38,2,692.19,4,3,3,433,10,0
17734.0,53,6,1442.32,4,4,4,444,12,1
17735.0,2,26,17123.49,5,5,5,555,15,2
17736.0,9,3,377.44,5,3,2,532,10,0
17737.0,9,2,168.24,5,3,1,531,9,0
17738.0,19,13,4122.36,5,5,5,555,15,2
17739.0,11,18,7715.59,5,5,5,555,15,2
17740.0,389,6,426.9,2,4,2,242,8,1
17741.0,406,2,101.1,2,3,1,231,6,3
17742.0,113,11,2098.48,3,5,4,354,12,1
17743.0,448,1,229.2,1,2,1,121,4,3
17744.0,3,7,2649.14,5,4,4,544,13,2
17745.0,477,2,600.34,1,3,2,132,6,3
17746.0,240,4,904.18,2,4,3,243,9,1
17747.0,112,1,71.4,3,2,1,321,6,3
17748.0,527,1,358.15,1,2,2,122,5,3
17749.0,178,3,1026.18,3,3,3,333,9,1
17750.0,5,9,1676.61,5,5,4,554,14,2
17751.0,421,1,157.86,1,2,1,121,4,3
17752.0,359,1,80.64,2,2,1,221,5,3
17753.0,464,4,382.06,1,4,2,142,7,3
17754.0,0,13,4451.22,5,5,5,555,15,2
17756.0,375,3,728.75,2,3,3,233,8,1
17757.0,1,56,9327.75,5,5,5,555,15,2
17758.0,19,12,4964.03,5,5,5,555,15,2
17759.0,17,5,1260.63,5,4,4,544,13,0
17760.0,21,6,911.43,4,4,3,443,11,0
17761.0,32,1,712.78,4,2,3,423,9,0
17762.0,456,1,129.75,1,2,1,121,4,3
17763.0,263,4,86.15,2,4,1,241,7,3
17764.0,50,5,1428.17,4,4,4,444,12,1
17765.0,158,4,504.05,3,4,2,342,9,1
17766.0,381,2,299.61,2,3,2,232,7,3
17767.0,15,2,413.05,5,3,2,532,10,0
17768.0,8,7,3292.73,5,4,5,545,14,2
17769.0,12,17,6939.83,5,5,5,555,15,2
17770.0,198,5,1143.27,2,4,3,243,9,1
17771.0,56,4,386.93,4,4,2,442,10,0
17772.0,10,3,348.0,5,3,2,532,10,0
17773.0,514,2,575.37,1,3,2,132,6,3
17774.0,96,9,3117.43,3,5,5,355,13,1
17775.0,254,1,56.4,2,2,1,221,5,3
17776.0,386,2,326.45,2,3,2,232,7,3
17777.0,24,3,647.56,4,3,3,433,10,0
17778.0,661,1,197.7,1,2,1,121,4,3
17779.0,21,3,650.32,4,3,3,433,10,0
17780.0,667,3,346.56,1,3,2,132,6,3
17781.0,159,2,188.02,3,3,1,331,7,3
17782.0,382,2,679.02,2,3,3,233,8,3
17783.0,72,3,371.01,3,3,2,332,8,0
17784.0,550,1,112.86,1,2,1,121,4,3
17785.0,53,3,403.38,4,3,2,432,9,0
17786.0,85,2,266.85,3,3,1,331,7,3
17787.0,152,4,2546.32,3,4,4,344,11,1
17788.0,73,2,1112.95,3,3,3,333,9,0
17789.0,281,2,397.15,2,3,2,232,7,3
17790.0,26,20,2763.26,4,5,4,454,13,2
17791.0,29,1,106.1,4,2,1,421,7,0
17792.0,467,2,368.35,1,3,2,132,6,3
17793.0,25,1,287.59,4,2,2,422,8,0
17794.0,686,2,147.3,1,3,1,131,5,3
17795.0,179,2,342.83,3,3,2,332,8,3
17796.0,40,7,1286.69,4,4,4,444,12,1
17797.0,22,8,1965.12,4,5,4,454,13,2
17798.0,581,1,172.17,1,2,1,121,4,3
17799.0,22,20,6217.18,4,5,5,455,14,2
17800.0,37,9,1186.21,4,5,3,453,12,1
17801.0,451,3,762.43,1,3,3,133,7,1
17802.0,82,10,4997.97,3,5,5,355,13,2
17803.0,392,1,184.66,2,2,1,221,5,3
17804.0,376,3,381.28,2,3,2,232,7,3
17805.0,73,2,927.03,3,3,3,333,9,0
17806.0,11,1,546.04,5,2,2,522,9,0
17807.0,395,3,437.87,2,3,2,232,7,3
17808.0,548,4,262.64,1,4,1,141,6,3
17809.0,16,20,11206.59,5,5,5,555,15,2
17810.0,668,2,343.21,1,3,2,132,6,3
17811.0,4,47,9489.4,5,5,5,555,15,2
17812.0,12,7,1089.99,5,4,3,543,12,0
17813.0,14,5,1698.07,5,4,4,544,13,0
17814.0,375,2,1609.37,2,3,4,234,9,1
17815.0,393,1,591.96,2,2,2,222,6,3
17816.0,36,6,112.32,4,4,1,441,9,0
17817.0,4,6,775.4,5,4,3,543,12,0
17818.0,737,1,124.78,1,2,1,121,4,3
17819.0,71,12,6306.07,3,5,5,355,13,2
17820.0,374,1,180.61,2,2,1,221,5,3
17821.0,406,1,334.62,2,2,2,222,6,3
17822.0,420,5,2154.08,1,4,4,144,9,1
17823.0,421,2,428.0,1,3,2,132,6,3
17824.0,51,1,298.4,4,2,2,422,8,0
17825.0,598,4,701.96,1,4,3,143,8,1
17826.0,374,1,133.34,2,2,1,221,5,3
17827.0,5,6,2366.92,5,4,4,544,13,2
17828.0,22,4,1165.09,4,4,3,443,11,0
17829.0,298,5,4756.74,2,4,5,245,11,1
17830.0,1,3,398.7,5,3,2,532,10,0
17831.0,33,1,35.400000000000006,4,2,1,421,7,3
17832.0,49,1,155.37,4,2,1,421,7,3
17833.0,723,1,338.46000000000004,1,2,2,122,5,3
17834.0,414,2,689.6700000000001,1,3,3,133,7,3
17835.0,2,3,342.24,5,3,2,532,10,0
17836.0,47,1,109.83,4,2,1,421,7,3
17837.0,42,8,1503.78,4,5,4,454,13,1
17838.0,26,13,6462.5,4,5,5,455,14,2
17839.0,42,1,318.15,4,2,2,422,8,0
17840.0,443,1,175.9,1,2,1,121,4,3
17841.0,1,210,69654.21,5,5,5,555,15,2
17842.0,602,1,430.69,1,2,2,122,5,3
17843.0,303,2,307.9,2,3,2,232,7,3
17844.0,106,1,51.56,3,2,1,321,6,3
17845.0,555,4,596.09,1,4,2,142,7,1
17847.0,515,2,125.74,1,3,1,131,5,3
17848.0,81,30,3500.21,3,5,5,355,13,2
17849.0,218,8,923.51,2,5,3,253,10,1
17850.0,372,155,53041.58,2,5,5,255,12,2
17851.0,422,6,1552.35,1,4,4,144,9,1
17852.0,11,5,657.8100000000001,5,4,3,543,12,0
17853.0,407,3,1545.59,2,3,4,234,9,1
17854.0,185,6,1068.5,3,4,3,343,10,1
17855.0,372,1,417.94,2,2,2,222,6,3
17856.0,1,4,1403.03,5,4,4,544,13,0
17857.0,4,23,27104.74,5,5,5,555,15,2
17858.0,5,30,11866.35,5,5,5,555,15,2
17859.0,304,1,141.92000000000002,2,2,1,221,5,3
17860.0,368,4,941.94,2,4,3,243,9,1
17861.0,3,18,5001.59,5,5,5,555,15,2
17862.0,323,4,1248.94,2,4,4,244,10,1
17863.0,59,12,5714.6,3,5,5,355,13,2
17864.0,12,5,861.27,5,4,3,543,12,0
17865.0,30,46,25954.49,4,5,5,455,14,2
17866.0,142,3,1134.95,3,3,3,333,9,1
17867.0,30,14,1554.77,4,5,4,454,13,2
17868.0,386,1,227.15,2,2,1,221,5,3
17869.0,107,7,1027.96,3,4,3,343,10,1
17870.0,2,13,3079.69,5,5,5,555,15,2
17871.0,204,5,993.88,2,4,3,243,9,1
17872.0,381,1,235.87,2,2,1,221,5,3
17873.0,80,18,6340.900000000001,3,5,5,355,13,2
17874.0,185,6,637.5600000000001,3,4,3,343,10,1
17875.0,688,1,167.1,1,2,1,121,4,3
17876.0,399,3,3424.02,2,3,5,235,10,1
17877.0,170,1,237.61,3,2,1,321,6,3
17878.0,43,3,1378.93,4,3,4,434,11,0
17879.0,173,1,178.51999999999998,3,2,1,321,6,3
17880.0,364,3,824.9200000000001,2,3,3,233,8,1
17881.0,304,1,133.35000000000002,2,2,1,221,5,3
17882.0,379,2,291.56,2,3,2,232,7,3
17883.0,3,7,988.42,5,4,3,543,12,0
17884.0,3,20,2954.79,5,5,5,555,15,2
17885.0,12,1,151.24,5,2,1,521,8,0
17886.0,31,6,1541.95,4,4,4,444,12,0
17887.0,129,1,96.05,3,2,1,321,6,3
17888.0,21,25,1766.09,4,5,4,454,13,2
17889.0,212,7,732.42,2,4,3,243,9,1
17890.0,322,2,574.29,2,3,2,232,7,3
17891.0,162,1,203.86,3,2,1,321,6,3
17892.0,56,3,244.1,4,3,1,431,8,0
17893.0,225,1,107.21,2,2,1,221,5,3
17894.0,71,18,2405.83,3,5,4,354,12,2
17895.0,44,1,95.45,4,2,1,421,7,3
17896.0,23,1,256.32,4,2,1,421,7,0
17897.0,172,9,2455.66,3,5,4,354,12,1
17898.0,85,4,268.58,3,4,1,341,8,0
17899.0,159,1,154.55,3,2,1,321,6,3
17900.0,190,2,97.2,2,3,1,231,6,3
17901.0,29,3,260.08,4,3,1,431,8,0
17902.0,546,1,216.4,1,2,1,121,4,3
17903.0,394,1,355.89,2,2,2,222,6,3
17904.0,21,1,181.07,4,2,1,421,7,0
17905.0,71,13,2356.97,3,5,4,354,12,2
17906.0,247,1,72.9,2,2,1,221,5,3
17907.0,640,1,291.76,1,2,2,122,5,3
17908.0,373,5,1369.4,2,4,4,244,10,1
17909.0,737,1,90.15,1,2,1,121,4,3
17910.0,726,1,254.2,1,2,1,121,4,3
17911.0,9,1,366.23,5,2,2,522,9,0
17912.0,310,6,371.6,2,4,2,242,8,1
17913.0,58,14,3409.84,4,5,5,455,14,2
17914.0,3,1,329.36,5,2,2,522,9,0
17915.0,551,1,225.78,1,2,1,121,4,3
17916.0,628,2,43.87,1,3,1,131,5,3
17917.0,45,3,335.03,4,3,2,432,9,0
17918.0,500,3,388.44,1,3,2,132,6,3
17919.0,88,2,1840.32,3,3,4,334,10,1
17920.0,4,54,23641.54,5,5,5,555,15,2
17921.0,64,10,2384.16,3,5,4,354,12,1
17922.0,543,1,170.4,1,2,1,121,4,3
17923.0,282,3,497.0,2,3,2,232,7,3
17924.0,11,8,3536.7000000000003,5,5,5,555,15,2
17925.0,372,1,488.16,2,2,2,222,6,3
17926.0,133,5,1035.49,3,4,3,343,10,1
17927.0,721,1,294.0,1,2,2,122,5,3
17928.0,45,3,313.16,4,3,2,432,9,0
17929.0,11,12,3082.1,5,5,5,555,15,2
17930.0,35,13,4275.22,4,5,5,455,14,2
17931.0,134,14,3377.74,3,5,5,355,13,1
17932.0,29,3,1331.57,4,3,4,434,11,0
17933.0,632,1,105.99,1,2,1,121,4,3
17934.0,51,3,1049.15,4,3,3,433,10,0
17935.0,138,7,652.64,3,4,3,343,10,1
17936.0,5,1,380.13,5,2,2,522,9,0
17937.0,8,7,4039.62,5,4,5,545,14,2
17938.0,420,1,144.29,1,2,1,121,4,3
17939.0,159,1,99.14,3,2,1,321,6,3
17940.0,49,14,28389.58,4,5,5,455,14,2
17941.0,130,4,1433.28,3,4,4,344,11,1
17942.0,7,1,77.50000000000001,5,2,1,521,8,0
17944.0,423,1,74.99,1,2,1,121,4,3
17945.0,696,3,359.5,1,3,2,132,6,3
17946.0,233,2,149.57999999999998,2,3,1,231,6,3
17947.0,37,1,176.68,4,2,1,421,7,0
17948.0,147,1,358.56000000000006,3,2,2,322,7,3
17949.0,1,116,109147.48,5,5,5,555,15,2
17950.0,72,7,1429.46,3,4,4,344,11,1
17951.0,39,4,1560.48,4,4,4,444,12,0
17952.0,378,4,788.46,2,4,3,243,9,1
17953.0,540,1,133.37,1,2,1,121,4,3
17954.0,5,19,3924.56,5,5,5,555,15,2
17955.0,198,6,949.9,2,4,3,243,9,1
17956.0,249,1,12.75,2,2,1,221,5,3
17957.0,66,1,100.52,3,2,1,321,6,3
17958.0,116,2,973.88,3,3,3,333,9,1
17959.0,592,1,140.75,1,2,1,121,4,3
17960.0,171,3,135.08,3,3,1,331,7,3
17961.0,21,100,2985.79,4,5,5,455,14,2
17962.0,142,4,638.91,3,4,3,343,10,1
17963.0,471,4,643.16,1,4,3,143,8,1
17964.0,31,2,712.22,4,3,3,433,10,0
17965.0,37,29,6927.75,4,5,5,455,14,2
17966.0,37,10,1963.92,4,5,4,454,13,2
17967.0,371,2,335.69,2,3,2,232,7,3
17968.0,373,4,855.54,2,4,3,243,9,1
17969.0,166,20,2247.09,3,5,4,354,12,1
17970.0,211,1,562.79,2,2,2,222,6,3
17971.0,548,1,70.14,1,2,1,121,4,3
17972.0,241,1,135.19,2,2,1,221,5,3
17973.0,51,1,337.04,4,2,2,422,8,0
17974.0,24,6,1739.09,4,4,4,444,12,0
17975.0,15,24,7007.13,5,5,5,555,15,2
17976.0,372,1,643.58,2,2,3,223,7,3
17977.0,29,2,1511.45,4,3,4,434,11,0
17978.0,365,4,1460.91,2,4,4,244,10,1
17979.0,35,4,729.01,4,4,3,443,11,0
17980.0,165,4,1012.72,3,4,3,343,10,1
17981.0,410,1,239.12,1,2,1,121,4,3
17982.0,680,1,138.18,1,2,1,121,4,3
17983.0,395,1,171.71,2,2,1,221,5,3
17984.0,145,5,1107.89,3,4,3,343,10,1
17985.0,22,1,631.35,4,2,3,423,9,0
17986.0,56,1,20.8,4,2,1,421,7,3
17987.0,185,5,965.44,3,4,3,343,10,1
17988.0,11,13,476.49,5,5,2,552,12,0
17989.0,379,1,207.33,2,2,1,221,5,3
17990.0,236,6,1527.61,2,4,4,244,10,1
17991.0,225,3,283.35,2,3,2,232,7,3
17992.0,389,1,252.88,2,2,1,221,5,3
17993.0,617,1,223.49,1,2,1,121,4,3
17994.0,121,11,2264.03,3,5,4,354,12,1
17995.0,281,3,495.48,2,3,2,232,7,3
17996.0,379,3,448.48,2,3,2,232,7,3
17997.0,74,8,1962.46,3,5,4,354,12,1
17998.0,380,3,639.24,2,3,3,233,8,1
17999.0,37,3,701.9,4,3,3,433,10,0
18000.0,564,1,124.25,1,2,1,121,4,3
18001.0,12,6,924.14,5,4,3,543,12,0
18002.0,375,4,237.62,2,4,1,241,7,3
18003.0,376,1,353.51,2,2,2,222,6,3
18004.0,362,1,157.92,2,2,1,221,5,3
18005.0,3,2,220.52,5,3,1,531,9,0
18006.0,23,4,927.86,4,4,3,443,11,0
18007.0,392,1,215.22,2,2,1,221,5,3
18008.0,70,23,19759.08,3,5,5,355,13,2
18009.0,235,8,2052.43,2,5,4,254,11,1
18010.0,256,1,174.8,2,2,1,221,5,3
18011.0,373,2,513.58,2,3,2,232,7,3
18012.0,723,1,115.3,1,2,1,121,4,3
18013.0,155,2,187.29,3,3,1,331,7,3
18014.0,28,1,144.07,4,2,1,421,7,0
18015.0,4,1,120.03,5,2,1,521,8,0
18016.0,32,7,1954.56,4,4,4,444,12,1
18017.0,81,4,688.0,3,4,3,343,10,1
18018.0,108,4,297.99,3,4,2,342,9,3
18019.0,51,1,38.45,4,2,1,421,7,3
18020.0,543,1,113.98,1,2,1,121,4,3
18021.0,509,2,208.91,1,3,1,131,5,3
18022.0,35,5,1506.62,4,4,4,444,12,0
18024.0,152,2,389.78,3,3,2,332,8,3
18025.0,379,6,1177.72,2,4,3,243,9,1
18026.0,500,2,2074.07,1,3,4,134,8,1
18027.0,98,1,100.01,3,2,1,321,6,3
18028.0,583,1,192.05,1,2,1,121,4,3
18029.0,642,1,433.77,1,2,2,122,5,3
18030.0,4,2,230.65,5,3,1,531,9,0
18031.0,378,1,451.3,2,2,2,222,6,3
18032.0,334,1,73.5,2,2,1,221,5,3
18033.0,65,1,93.82,3,2,1,321,6,3
18034.0,21,3,747.4,4,3,3,433,10,0
18035.0,35,5,1260.23,4,4,4,444,12,0
18036.0,32,11,1545.49,4,5,4,454,13,2
18037.0,154,15,162.47,3,5,1,351,9,1
18038.0,556,1,141.48,1,2,1,121,4,3
18039.0,374,4,548.22,2,4,2,242,8,1
18040.0,19,2,357.20000000000005,5,3,2,532,10,0
18041.0,11,38,8633.66,5,5,5,555,15,2
18042.0,53,2,281.15,4,3,1,431,8,0
18043.0,24,3,817.2,4,3,3,433,10,0
18044.0,4,18,3429.11,5,5,5,555,15,2
18045.0,45,1,178.34,4,2,1,421,7,3
18046.0,649,1,189.63,1,2,1,121,4,3
18047.0,381,2,326.09,2,3,2,232,7,3
18048.0,203,3,394.93,2,3,2,232,7,3
18049.0,437,2,500.5,1,3,2,132,6,3
18050.0,359,2,412.06,2,3,2,232,7,3
18051.0,634,7,2180.28,1,4,4,144,9,1
18052.0,564,1,10877.18,1,2,5,125,8,1
18053.0,70,3,372.17,3,3,2,332,8,0
18054.0,392,1,176.5,2,2,1,221,5,3
18055.0,7,14,11092.12,5,5,5,555,15,2
18056.0,288,2,554.6,2,3,2,232,7,3
18057.0,393,3,1168.14,2,3,3,233,8,1
18058.0,9,3,774.06,5,3,3,533,11,0
18059.0,23,3,306.46,4,3,2,432,9,0
18060.0,408,2,1152.31,2,3,3,233,8,1
18061.0,21,28,6488.97,4,5,5,455,14,2
18062.0,173,6,1632.67,3,4,4,344,11,1
18063.0,390,2,186.6,2,3,1,231,6,3
18064.0,133,11,4481.83,3,5,5,355,13,1
18065.0,5,28,5742.38,5,5,5,555,15,2
18066.0,75,3,1440.4,3,3,4,334,10,1
18067.0,40,1,396.33,4,2,2,422,8,0
18068.0,289,1,101.7,2,2,1,221,5,3
18069.0,26,11,4430.77,4,5,5,455,14,2
18070.0,669,1,314.1,1,2,2,122,5,3
18071.0,257,6,1428.63,2,4,4,244,10,1
18072.0,185,1,200.64,3,2,1,321,6,3
18073.0,114,12,3799.82,3,5,5,355,13,1
18074.0,373,2,1509.04,2,3,4,234,9,1
18075.0,23,20,5768.4400000000005,4,5,5,455,14,2
18076.0,380,1,151.49,2,2,1,221,5,3
18077.0,8,18,3656.36,5,5,5,555,15,2
18078.0,217,4,725.53,2,4,3,243,9,1
18079.0,45,5,4203.93,4,4,5,445,13,1
18080.0,18,2,1231.5,5,3,4,534,12,0
18081.0,36,3,343.45,4,3,2,432,9,0
18082.0,25,1,680.84,4,2,3,423,9,0
18083.0,397,1,387.03,2,2,2,222,6,3
18084.0,16,3,795.2299999999999,5,3,3,533,11,0
18085.0,330,4,1627.9,2,4,4,244,10,1
18086.0,274,1,101.34,2,2,1,221,5,3
18087.0,290,16,13908.72,2,5,5,255,12,2
18088.0,61,1,166.03,3,2,1,321,6,3
18089.0,446,1,392.75,1,2,2,122,5,3
18090.0,421,1,321.9,1,2,2,122,5,3
18091.0,593,1,360.85,1,2,2,122,5,3
18092.0,2,18,15238.64,5,5,5,555,15,2
18093.0,93,8,3394.31,3,5,5,355,13,1
18094.0,81,13,6310.52,3,5,5,355,13,2
18095.0,312,5,2303.09,2,4,4,244,10,1
18096.0,11,6,1635.61,5,4,4,544,13,0
18097.0,7,11,4578.12,5,5,5,555,15,2
18098.0,396,1,527.94,2,2,2,222,6,3
18099.0,127,1,168.31,3,2,1,321,6,3
18100.0,550,1,451.56,1,2,2,122,5,3
18101.0,11,5,622.01,5,4,3,543,12,0
18102.0,0,145,595861.93,5,5,5,555,15,2
18103.0,549,1,105.8,1,2,1,121,4,3
18104.0,37,1,754.64,4,2,3,423,9,0
18105.0,37,1,113.48000000000002,4,2,1,421,7,3
18106.0,329,6,1441.06,2,4,4,244,10,1
18107.0,442,1,165.88,1,2,1,121,4,3
18108.0,254,3,848.8100000000001,2,3,3,233,8,1
18109.0,1,38,9793.56,5,5,5,555,15,2
18110.0,19,2,392.28,5,3,2,532,10,0
18111.0,589,1,405.85,1,2,2,122,5,3
18112.0,12,4,773.36,5,4,3,543,12,0
18113.0,368,1,152.64,2,2,1,221,5,3
18114.0,290,1,214.15,2,2,1,221,5,3
18115.0,697,1,9.7,1,2,1,121,4,3
18116.0,67,13,2105.56,3,5,4,354,12,2
18117.0,25,1,314.4,4,2,2,422,8,0
18118.0,10,29,6627.28,5,5,5,555,15,2
18119.0,367,1,361.4,2,2,2,222,6,3
18120.0,214,1,111.15,2,2,1,221,5,3
18121.0,149,2,653.3,3,3,3,333,9,3
18122.0,8,6,1791.84,5,4,4,544,13,0
18123.0,24,3,666.64,4,3,3,433,10,0
18124.0,472,1,102.65,1,2,1,121,4,3
18125.0,29,4,1131.75,4,4,3,443,11,0
18126.0,60,1,190.33,3,2,1,321,6,3
18127.0,19,4,556.13,5,4,2,542,11,0
18128.0,537,1,387.39,1,2,2,122,5,3
18129.0,243,1,112.55,2,2,1,221,5,3
18130.0,15,3,1035.99,5,3,3,533,11,0
18131.0,631,1,222.96,1,2,1,121,4,3
18132.0,504,1,220.13,1,2,1,121,4,3
18133.0,212,1,931.5,2,2,3,223,7,3
18134.0,598,2,445.0,1,3,2,132,6,3
18135.0,29,10,1249.62,4,5,4,454,13,2
18136.0,63,5,1616.36,3,4,4,344,11,1
18137.0,551,2,145.99,1,3,1,131,5,3
18138.0,295,1,152.65,2,2,1,221,5,3
18139.0,17,6,8438.34,5,4,5,545,14,2
18140.0,473,1,536.41,1,2,2,122,5,3
18141.0,401,2,882.47,2,3,3,233,8,3
18142.0,157,2,1019.52,3,3,3,333,9,1
18143.0,116,2,1000.16,3,3,3,333,9,1
18144.0,7,19,5047.8,5,5,5,555,15,2
18145.0,12,11,5563.84,5,5,5,555,15,2
18146.0,140,2,160.35000000000002,3,3,1,331,7,3
18147.0,45,2,179.33999999999995,4,3,1,431,8,0
18148.0,646,1,112.85,1,2,1,121,4,3
18149.0,50,7,1553.96,4,4,4,444,12,1
18150.0,32,3,566.58,4,3,2,432,9,0
18151.0,134,6,1755.74,3,4,4,344,11,1
18152.0,646,1,426.69,1,2,2,122,5,3
18153.0,659,1,246.22,1,2,1,121,4,3
18154.0,3,5,932.6,5,4,3,543,12,0
18155.0,75,3,371.62,3,3,2,332,8,0
18156.0,12,2,842.72,5,3,3,533,11,0
18157.0,571,1,213.9,1,2,1,121,4,3
18158.0,9,2,453.4,5,3,2,532,10,0
18159.0,301,1,530.15,2,2,2,222,6,3
18160.0,57,3,984.08,4,3,3,433,10,0
18161.0,15,6,1783.3,5,4,4,544,13,0
18162.0,732,1,371.51,1,2,2,122,5,3
18163.0,584,1,728.84,1,2,3,123,6,3
18164.0,37,1,379.85,4,2,2,422,8,0
18165.0,177,1,302.46000000000004,3,2,2,322,7,3
18166.0,623,1,175.5,1,2,1,121,4,3
18167.0,23,3,1333.86,4,3,4,434,11,0
18168.0,176,16,3698.8,3,5,5,355,13,1
18169.0,60,1,202.65,3,2,1,321,6,3
18170.0,33,9,2878.0,4,5,4,454,13,2
18171.0,58,9,2437.31,4,5,4,454,13,1
18172.0,14,52,17452.24,5,5,5,555,15,2
18173.0,86,5,2696.36,3,4,4,344,11,1
18174.0,7,2,162.5,5,3,1,531,9,0
18175.0,675,1,176.1,1,2,1,121,4,3
18176.0,358,1,476.35,2,2,2,222,6,3
18177.0,31,9,2216.32,4,5,4,454,13,2
18178.0,128,11,6088.74,3,5,5,355,13,1
18179.0,9,8,2547.55,5,5,4,554,14,2
18180.0,4,6,1843.75,5,4,4,544,13,0
18181.0,24,5,1187.39,4,4,3,443,11,0
18182.0,463,1,291.13,1,2,2,122,5,3
18183.0,227,2,632.07,2,3,3,233,8,3
18184.0,15,1,49.8,5,2,1,521,8,0
18185.0,249,1,304.25,2,2,2,222,6,3
18186.0,722,1,329.58,1,2,2,122,5,3
18187.0,631,1,707.04,1,2,3,123,6,3
18188.0,15,6,3127.59,5,4,5,545,14,2
18189.0,77,3,1388.73,3,3,4,334,10,1
18190.0,192,5,745.62,2,4,3,243,9,1
18191.0,261,2,529.4,2,3,2,232,7,3
18192.0,71,1,957.97,3,2,3,323,8,0
18193.0,165,3,1207.35,3,3,3,333,9,1
18194.0,82,6,4162.04,3,4,5,345,12,1
18195.0,387,1,101.16,2,2,1,221,5,3
18196.0,95,4,1378.77,3,4,4,344,11,1
18197.0,575,1,230.1,1,2,1,121,4,3
18198.0,4,17,5425.56,5,5,5,555,15,2
18199.0,683,1,344.75,1,2,2,122,5,3
18200.0,106,1,150.35,3,2,1,321,6,3
18201.0,722,1,447.53,1,2,2,122,5,3
18202.0,199,3,1396.99,2,3,4,234,9,1
18203.0,157,4,482.52,3,4,2,342,9,1
18204.0,71,3,1975.35,3,3,4,334,10,1
18205.0,36,2,517.36,4,3,2,432,9,0
18206.0,553,1,314.66,1,2,2,122,5,3
18207.0,499,1,544.47,1,2,2,122,5,3
18208.0,565,1,360.08,1,2,2,122,5,3
18209.0,28,1,139.10000000000002,4,2,1,421,7,0
18210.0,1,7,2768.83,5,4,4,544,13,2
18211.0,25,5,600.07,4,4,2,442,10,0
18212.0,326,2,514.37,2,3,2,232,7,3
18213.0,236,1,232.48,2,2,1,221,5,3
18214.0,530,4,1780.34,1,4,4,144,9,1
18215.0,89,5,2232.49,3,4,4,344,11,1
18216.0,31,1,481.75,4,2,2,422,8,0
18217.0,29,4,925.24,4,4,3,443,11,0
18218.0,211,4,1121.84,2,4,3,243,9,1
18219.0,2,17,3440.49,5,5,5,555,15,2
18220.0,226,6,1921.76,2,4,4,244,10,1
18221.0,22,6,1424.94,4,4,4,444,12,0
18222.0,92,1,443.0,3,2,2,322,7,3
18223.0,4,26,13875.9,5,5,5,555,15,2
18224.0,263,1,158.95000000000002,2,2,1,221,5,3
18225.0,3,26,13044.8,5,5,5,555,15,2
18226.0,44,26,11863.88,4,5,5,455,14,2
18227.0,217,2,388.75,2,3,2,232,7,3
18228.0,56,2,779.9,4,3,3,433,10,0
18229.0,11,28,10703.87,5,5,5,555,15,2
18230.0,9,9,4291.06,5,5,5,555,15,2
18231.0,192,28,6848.27,2,5,5,255,12,2
18232.0,81,4,573.1700000000001,3,4,2,342,9,1
18233.0,325,1,440.0,2,2,2,222,6,3
18234.0,551,1,169.7,1,2,1,121,4,3
18235.0,71,3,1796.48,3,3,4,334,10,1
18236.0,29,12,1795.35,4,5,4,454,13,2
18237.0,2,5,987.1,5,4,3,543,12,0
18238.0,515,1,270.92,1,2,1,121,4,3
18239.0,218,6,2150.36,2,4,4,244,10,1
18240.0,46,1,125.58,4,2,1,421,7,3
18241.0,9,21,2986.99,5,5,5,555,15,2
18242.0,72,8,3565.61,3,5,5,355,13,1
18243.0,414,1,515.78,1,2,2,122,5,3
18244.0,430,2,568.64,1,3,2,132,6,3
18245.0,7,20,6252.9800000000005,5,5,5,555,15,2
18246.0,23,3,758.8199999999999,4,3,3,433,10,0
18247.0,414,3,839.73,1,3,3,133,7,1
18248.0,122,2,804.02,3,3,3,333,9,1
18249.0,17,1,95.34,5,2,1,521,8,0
18250.0,310,1,349.27,2,2,2,222,6,3
18251.0,87,9,26278.86,3,5,5,355,13,2
18252.0,50,7,1475.19,4,4,4,444,12,1
18253.0,642,1,317.88,1,2,2,122,5,3
18254.0,581,1,267.9,1,2,1,121,4,3
18255.0,89,2,303.15,3,3,2,332,8,3
18256.0,387,1,110.7,2,2,1,221,5,3
18257.0,39,12,4585.15,4,5,5,455,14,2
18258.0,464,6,1938.35,1,4,4,144,9,1
18259.0,24,7,4318.200000000001,4,4,5,445,13,2
18260.0,172,23,9947.26,3,5,5,355,13,2
18261.0,43,2,324.24,4,3,2,432,9,0
18262.0,140,3,577.54,3,3,2,332,8,1
18263.0,25,3,1194.2,4,3,3,433,10,0
18264.0,498,1,603.25,1,2,2,122,5,3
18265.0,72,2,751.71,3,3,3,333,9,0
18266.0,434,1,251.1,1,2,1,121,4,3
18267.0,672,1,269.37,1,2,1,121,4,3
18268.0,134,6,1305.55,3,4,4,344,11,1
18269.0,366,1,337.2,2,2,2,222,6,3
18270.0,38,3,444.55,4,3,2,432,9,0
18271.0,609,2,680.85,1,3,3,133,7,3
18272.0,2,9,4310.02,5,5,5,555,15,2
18273.0,2,4,357.0,5,4,2,542,11,0
18274.0,30,1,156.12,4,2,1,421,7,0
18275.0,578,2,741.85,1,3,3,133,7,3
18276.0,43,6,1656.52,4,4,4,444,12,1
18277.0,58,5,1131.05,4,4,3,443,11,1
18278.0,73,2,414.2000000000001,3,3,2,332,8,0
18279.0,519,1,231.34,1,2,1,121,4,3
18280.0,277,2,488.15,2,3,2,232,7,3
18281.0,180,2,201.14,3,3,1,331,7,3
18282.0,7,2,178.05,5,3,1,531,9,0
18283.0,3,22,2658.95,5,5,4,554,14,2
18284.0,431,1,411.68,1,2,2,122,5,3
18285.0,660,1,377.0,1,2,2,122,5,3
18286.0,476,2,1246.43,1,3,4,134,8,1
18287.0,42,7,4132.99,4,4,5,445,13,2
