customer_id,first_purchase_date,last_purchase_date,total_orders,total_units,total_revenue,unique_products,average_order_value,customer_lifetime_days
12346.0,2010-03-02 13:08:00,2011-01-18 10:01:00,3,74238,77347.01000000001,24,25782.33666666667,321
12347.0,2010-10-31 14:20:00,2011-12-07 15:52:00,8,3286,5633.32,126,704.165,402
12348.0,2010-09-27 14:59:00,2011-09-25 13:13:00,5,2704,1658.3999999999999,24,331.67999999999995,362
12349.0,2010-04-29 13:20:00,2011-11-21 09:51:00,3,1621,3678.69,137,1226.23,570
12350.0,2011-02-02 16:01:00,2011-02-02 16:01:00,1,196,294.4,16,294.4,0
12351.0,2010-11-29 15:23:00,2010-11-29 15:23:00,1,249,270.33,19,270.33,0
12352.0,2010-11-12 10:20:00,2011-11-03 14:37:00,9,710,1709.74,67,189.9711111111111,356
12353.0,2010-10-27 12:44:00,2011-05-19 17:47:00,2,212,406.76,23,203.38,204
12354.0,2011-04-21 13:11:00,2011-04-21 13:11:00,1,530,1079.4,58,1079.4,0
12355.0,2010-05-21 11:59:00,2011-05-09 13:49:00,2,543,947.61,35,473.805,353
12356.0,2010-10-11 09:42:00,2011-11-17 08:40:00,6,3376,5611.73,103,935.2883333333333,401
12357.0,2010-11-16 10:05:00,2011-11-06 16:07:00,2,6521,17267.71,255,8633.855,355
12358.0,2009-12-08 07:59:00,2011-12-08 10:26:00,5,960,2864.4700000000003,54,572.894,730
12359.0,2009-12-05 13:32:00,2011-10-13 12:47:00,10,2736,8858.54,304,885.854,676
12360.0,2010-02-22 09:32:00,2011-10-18 15:22:00,6,2443,3612.89,159,602.1483333333333,603
12361.0,2010-01-26 14:37:00,2011-02-25 13:51:00,4,231,451.25,17,112.8125,394
12362.0,2011-02-17 10:30:00,2011-12-06 15:40:00,10,2178,4648.58,197,464.858,292
12363.0,2011-04-11 13:29:00,2011-08-22 10:18:00,2,408,552.0,23,276.0,132
12364.0,2011-08-19 15:24:00,2011-12-02 10:22:00,4,1499,1208.1,69,302.025,104
12365.0,2011-02-21 13:51:00,2011-02-21 13:51:00,1,173,320.69,21,320.69,0
12366.0,2010-03-16 10:28:00,2010-03-16 10:28:00,1,296,500.24,3,500.24,0
12367.0,2011-12-05 16:48:00,2011-12-05 16:48:00,1,172,150.9,10,150.9,0
12368.0,2010-03-21 15:56:00,2010-03-21 15:56:00,1,330,917.6999999999999,18,917.6999999999999,0
12369.0,2010-03-08 08:09:00,2010-10-22 13:13:00,3,1234,1511.15,89,503.7166666666667,228
12370.0,2010-02-09 09:41:00,2011-10-19 14:51:00,7,2591,3936.7599999999998,166,562.3942857142857,617
12371.0,2010-03-04 18:23:00,2011-10-11 10:43:00,4,1418,3347.38,133,836.845,585
12372.0,2011-02-16 12:46:00,2011-09-29 12:12:00,3,788,1196.04,33,398.68,224
12373.0,2010-02-04 12:08:00,2011-02-01 13:10:00,3,505,915.0500000000001,34,305.0166666666667,362
12374.0,2010-04-30 14:01:00,2011-11-14 15:37:00,3,1354,2669.22,78,889.7399999999999,563
12375.0,2011-09-02 14:23:00,2011-11-29 10:36:00,2,176,377.5,13,188.75,87
12376.0,2010-10-18 08:42:00,2010-11-15 12:15:00,2,237,383.15,10,191.575,28
12377.0,2010-04-29 15:34:00,2011-01-28 15:45:00,4,2029,3082.7200000000003,124,770.6800000000001,274
12378.0,2010-05-26 14:07:00,2011-08-02 10:34:00,2,3310,5401.02,280,2700.51,432
12379.0,2010-06-23 12:49:00,2011-09-19 10:09:00,4,783,1404.52,53,351.13,452
12380.0,2010-02-15 12:05:00,2011-11-18 11:27:00,8,3306,7171.05,153,896.38125,640
12381.0,2011-08-12 09:57:00,2011-12-05 12:44:00,3,775,1416.31,66,472.1033333333333,115
12383.0,2010-12-22 14:28:00,2011-06-08 08:02:00,5,1518,1628.56,83,325.712,167
12384.0,2011-08-10 11:23:00,2011-11-11 08:39:00,2,119,407.42,24,203.71,92
12385.0,2010-11-25 15:14:00,2010-11-25 15:14:00,1,554,1603.6,62,1603.6,0
12386.0,2010-12-08 09:53:00,2011-01-06 12:37:00,2,568,660.8,10,330.4,29
12387.0,2010-10-20 16:27:00,2010-10-20 16:27:00,1,134,143.94,9,143.94,0
12388.0,2010-05-06 12:54:00,2011-11-24 12:30:00,8,1993,3861.51,82,482.68875,566
12389.0,2010-02-22 10:15:00,2010-11-02 11:52:00,3,614,1433.33,41,477.77666666666664,253
12390.0,2011-09-21 09:33:00,2011-09-21 09:33:00,1,350,504.84000000000003,31,504.84000000000003,0
12391.0,2010-02-15 10:12:00,2011-11-18 12:07:00,6,1204,2724.84,241,454.14000000000004,641
12392.0,2010-04-27 14:04:00,2010-04-27 14:04:00,1,73,234.75000000000003,7,234.75000000000003,0
12393.0,2010-10-07 13:49:00,2011-09-28 15:41:00,6,1311,2399.4500000000003,63,399.90833333333336,356
12394.0,2011-05-06 14:01:00,2011-10-07 08:08:00,2,808,1080.48,25,540.24,153
12395.0,2010-04-16 10:16:00,2011-11-20 15:21:00,15,3701,4551.27,144,303.418,583
12396.0,2010-02-03 13:22:00,2010-02-03 13:22:00,1,591,931.43,65,931.43,0
12397.0,2011-07-27 14:21:00,2011-11-04 09:52:00,2,1242,2175.3,108,1087.65,99
12398.0,2011-10-25 10:27:00,2011-10-25 10:27:00,1,1385,1415.86,83,1415.86,0
12399.0,2010-03-05 08:45:00,2011-08-12 13:15:00,7,2190,1842.3,66,263.18571428571425,525
12400.0,2010-10-21 13:45:00,2010-10-21 13:45:00,1,91,205.25,11,205.25,0
12401.0,2011-02-09 13:50:00,2011-02-09 13:50:00,1,7,51.45,3,51.45,0
12402.0,2010-02-07 12:41:00,2011-01-20 13:49:00,6,576,1136.9,42,189.48333333333335,347
12403.0,2010-07-06 11:39:00,2011-10-21 10:51:00,2,256,947.36,4,473.68,471
12405.0,2011-07-14 08:52:00,2011-07-14 08:52:00,1,833,1360.63,51,1360.63,0
12406.0,2010-01-11 14:04:00,2011-11-17 19:22:00,5,3416,6390.36,114,1278.072,675
12407.0,2011-03-20 13:21:00,2011-10-21 10:11:00,5,1403,1507.1200000000001,56,301.42400000000004,214
12408.0,2010-07-29 13:27:00,2011-11-07 12:27:00,8,2182,3859.87,102,482.48375,465
12409.0,2010-05-23 15:21:00,2011-09-22 10:38:00,7,13143,23419.29,177,3345.612857142857,486
12410.0,2010-07-25 13:26:00,2011-02-04 10:39:00,3,335,773.71,35,257.90333333333336,193
12411.0,2010-10-26 09:25:00,2010-10-26 09:25:00,1,138,346.9,22,346.9,0
12412.0,2010-06-18 13:22:00,2011-09-26 10:16:00,6,1986,2404.93,81,400.82166666666666,464
12413.0,2010-11-02 13:26:00,2011-10-04 09:00:00,4,309,851.65,39,212.9125,335
12414.0,2010-09-02 12:22:00,2011-05-06 14:51:00,4,489,532.41,19,133.1025,246
12415.0,2010-06-30 08:30:00,2011-11-15 14:22:00,24,90782,141726.22,492,5905.259166666667,503
12416.0,2010-02-21 10:19:00,2010-02-21 10:19:00,1,132,202.56,11,202.56,0
12417.0,2009-12-06 10:30:00,2011-12-06 14:52:00,20,2819,5948.01,266,297.4005,730
12418.0,2010-03-19 14:47:00,2011-08-19 11:08:00,4,1082,2005.9,89,501.475,517
12419.0,2010-10-22 10:40:00,2010-11-19 10:04:00,2,227,391.01,22,195.505,27
12420.0,2011-10-07 08:55:00,2011-10-07 08:55:00,1,345,600.39,29,600.39,0
12421.0,2010-07-22 13:57:00,2011-11-24 09:07:00,6,644,874.6,43,145.76666666666668,489
12422.0,2009-12-18 12:44:00,2011-09-05 09:48:00,12,2567,3629.39,134,302.44916666666666,625
12423.0,2010-08-31 09:31:00,2011-12-09 10:10:00,10,1754,2255.4900000000002,125,225.54900000000004,465
12424.0,2010-06-09 15:15:00,2011-06-30 12:06:00,4,2025,3340.03,78,835.0075,385
12425.0,2010-09-17 14:10:00,2011-09-22 17:31:00,2,1147,1741.41,87,870.705,370
12426.0,2010-02-15 08:41:00,2011-05-29 12:26:00,2,552,1145.41,68,572.705,468
12427.0,2010-12-03 10:44:00,2011-11-18 08:56:00,3,578,888.1,23,296.03333333333336,349
12428.0,2011-03-01 09:33:00,2011-11-14 08:22:00,8,3319,6218.18,250,777.2725,257
12429.0,2010-06-11 13:28:00,2011-11-30 17:22:00,8,3269,6886.31,121,860.78875,537
12430.0,2011-10-27 15:09:00,2011-10-27 15:09:00,1,116,216.4,10,216.4,0
12431.0,2010-01-15 09:04:00,2011-11-04 11:55:00,25,4658,10360.12,237,414.4048,658
12432.0,2011-06-20 13:27:00,2011-10-28 11:43:00,4,1800,4359.32,106,1089.83,129
12433.0,2010-08-20 09:23:00,2011-12-09 10:02:00,10,16999,20033.91,282,2003.391,476
12434.0,2010-11-23 13:38:00,2011-09-16 12:38:00,3,532,1103.43,62,367.81,296
12435.0,2009-12-02 13:58:00,2011-09-21 09:06:00,6,4958,13925.93,88,2320.9883333333332,657
12436.0,2011-09-01 12:09:00,2011-09-01 12:09:00,1,201,389.41,14,389.41,0
12437.0,2009-12-02 16:24:00,2011-12-08 11:35:00,38,7922,11282.4,272,296.90526315789475,735
12438.0,2011-07-22 13:29:00,2011-11-25 13:28:00,2,1169,2466.85,83,1233.425,125
12439.0,2009-12-14 08:40:00,2010-01-26 12:11:00,2,478,1142.88,69,571.44,43
12440.0,2009-12-22 12:03:00,2010-09-03 13:11:00,2,328,739.2,20,369.6,255
12441.0,2010-12-08 10:45:00,2010-12-08 10:45:00,1,240,311.1,10,311.1,0
12442.0,2011-12-06 14:22:00,2011-12-06 14:22:00,1,181,144.06,11,144.06,0
12443.0,2009-12-07 15:42:00,2009-12-07 15:42:00,1,179,365.31,20,365.31,0
12444.0,2011-06-21 14:00:00,2011-11-18 13:23:00,5,1100,3986.4,133,797.28,149
12445.0,2010-10-15 12:28:00,2011-11-17 18:43:00,2,204,378.98,23,189.49,398
12446.0,2011-10-13 12:50:00,2011-10-13 12:50:00,1,351,1002.3100000000001,57,1002.3100000000001,0
12447.0,2011-04-10 13:25:00,2011-04-10 13:25:00,1,175,400.89,23,400.89,0
12448.0,2011-10-26 13:46:00,2011-10-26 13:46:00,1,240,365.45,21,365.45,0
12449.0,2010-09-27 09:37:00,2011-11-17 13:46:00,5,2235,4215.49,123,843.098,416
12450.0,2010-08-22 13:11:00,2011-07-06 14:41:00,5,394,618.0,29,123.6,318
12451.0,2010-06-28 12:58:00,2011-11-29 08:40:00,8,9334,12568.68,350,1571.085,518
12452.0,2011-11-23 08:05:00,2011-11-23 08:05:00,1,181,348.57,20,348.57,0
12453.0,2011-07-28 14:08:00,2011-07-28 14:08:00,1,473,707.09,43,707.09,0
12454.0,2010-10-14 17:33:00,2011-10-14 17:13:00,4,7702,16459.78,23,4114.945,364
12455.0,2009-12-18 12:33:00,2011-09-27 15:31:00,9,3295,5722.95,198,635.8833333333333,648
12456.0,2011-03-30 09:12:00,2011-10-26 14:41:00,3,1618,2581.04,104,860.3466666666667,210
12457.0,2010-09-30 17:59:00,2011-10-04 13:13:00,7,1083,2555.91,62,365.13,368
12458.0,2010-08-09 10:33:00,2011-09-29 15:25:00,4,979,1502.49,70,375.6225,416
12459.0,2010-04-13 14:53:00,2010-04-13 14:53:00,1,256,398.36,22,398.36,0
12460.0,2010-09-09 13:51:00,2010-09-09 13:51:00,1,168,296.65,17,296.65,0
12461.0,2011-07-08 10:23:00,2011-07-08 10:23:00,1,282,626.88,34,626.88,0
12462.0,2011-02-09 14:44:00,2011-11-21 09:11:00,2,527,937.59,50,468.795,284
12463.0,2011-04-12 12:47:00,2011-10-17 13:44:00,4,756,1170.18,62,292.545,188
12464.0,2011-02-03 13:30:00,2011-11-29 13:33:00,8,95,957.05,5,119.63125,299
12465.0,2011-06-23 13:37:00,2011-11-22 16:34:00,2,475,682.1899999999999,45,341.09499999999997,152
12467.0,2010-10-12 15:41:00,2010-10-12 15:41:00,1,129,132.8,9,132.8,0
12468.0,2010-01-26 10:09:00,2011-06-05 11:36:00,5,2173,3218.94,125,643.788,495
12469.0,2010-06-21 10:30:00,2010-07-05 12:40:00,2,2539,3027.19,73,1513.595,14
12470.0,2010-01-19 11:01:00,2010-01-19 11:01:00,1,95,211.95,23,211.95,0
12471.0,2009-12-07 10:41:00,2011-12-07 15:43:00,71,16564,34977.5,251,492.64084507042253,730
12472.0,2009-12-14 10:49:00,2011-11-07 14:01:00,19,11207,16326.289999999999,394,859.2784210526315,693
12473.0,2011-06-01 10:15:00,2011-10-17 11:27:00,3,2394,2585.73,138,861.91,138
12474.0,2010-02-11 09:41:00,2011-11-22 14:39:00,29,7847,11214.45,365,386.70517241379315,649
12475.0,2010-10-26 08:49:00,2011-10-17 10:10:00,2,766,1065.64,53,532.82,356
12476.0,2010-07-26 09:04:00,2011-11-24 12:40:00,18,5434,12114.38,349,673.021111111111,486
12477.0,2010-03-26 14:01:00,2011-11-17 09:51:00,9,5923,19549.95,290,2172.2166666666667,600
12478.0,2011-12-06 09:56:00,2011-12-06 09:56:00,1,233,545.99,35,545.99,0
12479.0,2011-11-28 13:26:00,2011-11-28 13:26:00,1,374,433.6,28,433.6,0
12480.0,2010-07-20 13:21:00,2011-11-11 14:52:00,7,2889,4753.85,174,679.1214285714286,479
12481.0,2010-04-11 13:10:00,2011-11-17 08:29:00,14,7146,11156.17,246,796.8692857142858,584
12482.0,2010-02-24 10:24:00,2010-05-12 16:51:00,27,26776,21387.32,39,792.1229629629629,77
12483.0,2010-01-31 13:28:00,2011-11-22 17:02:00,19,2131,4069.1800000000003,67,214.16736842105266,660
12484.0,2010-01-27 16:41:00,2011-11-04 15:18:00,9,3232,5539.55,326,615.5055555555556,645
12485.0,2010-06-28 15:22:00,2010-06-28 15:22:00,1,414,708.1,34,708.1,0
12486.0,2010-10-04 12:14:00,2010-10-04 12:14:00,1,520,917.28,48,917.28,0
12487.0,2009-12-09 11:36:00,2009-12-09 11:36:00,1,174,285.29999999999995,2,285.29999999999995,0
12488.0,2011-09-25 10:34:00,2011-11-30 08:50:00,3,526,1244.66,45,414.8866666666667,65
12489.0,2011-01-07 13:13:00,2011-01-07 13:13:00,1,103,298.93,14,298.93,0
12490.0,2009-12-01 12:52:00,2011-12-04 16:07:00,20,5723,8443.34,189,422.16700000000003,733
12491.0,2011-11-01 12:18:00,2011-11-01 12:18:00,1,258,424.40000000000003,24,424.40000000000003,0
12492.0,2010-11-01 14:58:00,2011-10-07 15:15:00,3,438,607.21,37,202.40333333333334,340
12493.0,2011-05-26 14:53:00,2011-06-27 10:17:00,2,204,379.74,18,189.87,31
12494.0,2010-05-12 13:52:00,2011-11-24 09:34:00,9,973,1602.8700000000001,82,178.0966666666667,560
12495.0,2010-03-09 10:53:00,2010-03-09 10:53:00,1,128,277.4,16,277.4,0
12496.0,2010-03-29 13:57:00,2010-03-29 14:06:00,2,29,44.09,9,22.045,0
12497.0,2010-03-05 09:39:00,2011-09-19 12:29:00,3,5599,5920.18,39,1973.3933333333334,563
12498.0,2011-10-13 09:30:00,2011-11-18 12:53:00,3,156,349.70000000000005,20,116.56666666666668,36
12499.0,2010-05-28 15:12:00,2010-05-28 15:12:00,1,300,357.72,26,357.72,0
12500.0,2010-02-04 15:05:00,2011-11-16 16:20:00,18,3353,5554.11,85,308.56166666666667,650
12501.0,2011-01-07 12:28:00,2011-01-07 12:28:00,1,1768,1987.74,146,1987.74,0
12502.0,2011-02-03 10:41:00,2011-09-05 11:52:00,5,794,2995.87,101,599.174,214
12503.0,2010-05-04 13:59:00,2010-05-04 13:59:00,1,560,896.0,1,896.0,0
12504.0,2010-04-22 10:24:00,2011-11-21 16:02:00,4,453,689.05,10,172.2625,578
12505.0,2010-10-27 09:18:00,2010-10-27 09:18:00,1,300,741.3,38,741.3,0
12506.0,2011-04-21 08:54:00,2011-04-21 08:54:00,1,23,73.5,23,73.5,0
12507.0,2010-05-04 09:23:00,2011-07-28 17:09:00,4,1244,1508.06,45,377.015,450
12508.0,2011-11-10 16:27:00,2011-11-13 15:37:00,2,265,382.58,55,191.29,2
12509.0,2011-02-28 14:45:00,2011-02-28 14:45:00,1,54,158.5,6,158.5,0
12510.0,2009-12-04 13:47:00,2011-07-20 10:15:00,7,1973,2979.03,91,425.5757142857143,592
12511.0,2010-10-07 10:39:00,2010-10-07 10:39:00,1,1741,3069.02,189,3069.02,0
12512.0,2011-10-04 14:53:00,2011-10-04 14:55:00,2,96,132.18,31,66.09,0
12513.0,2011-08-19 10:51:00,2011-08-19 10:51:00,1,459,558.29,34,558.29,0
12514.0,2010-03-08 12:18:00,2011-03-17 16:38:00,2,774,1476.26,70,738.13,374
12515.0,2010-12-21 15:43:00,2010-12-21 15:43:00,1,128,278.7,15,278.7,0
12516.0,2010-04-19 14:14:00,2011-09-23 09:13:00,4,1932,2288.62,48,572.155,521
12517.0,2011-06-02 15:13:00,2011-11-11 13:57:00,4,1347,2281.8,230,570.45,161
12518.0,2011-08-21 13:18:00,2011-12-09 10:13:00,5,1282,1779.69,81,355.938,109
12519.0,2010-08-20 08:21:00,2011-10-07 09:26:00,2,382,626.54,33,313.27,413
12520.0,2011-03-11 11:35:00,2011-09-21 15:23:00,5,1419,2326.46,119,465.29200000000003,194
12521.0,2011-07-20 10:51:00,2011-07-20 10:51:00,1,306,545.68,37,545.68,0
12522.0,2011-10-19 14:41:00,2011-10-31 15:30:00,2,192,156.72,10,78.36,12
12523.0,2009-12-07 13:46:00,2011-11-20 12:55:00,23,2244,4010.35,175,174.36304347826086,712
12524.0,2010-02-08 14:41:00,2011-11-30 15:31:00,17,7044,9660.01,153,568.2358823529412,660
12525.0,2010-03-02 14:01:00,2010-07-29 16:08:00,3,504,883.73,55,294.57666666666665,149
12526.0,2011-09-06 14:19:00,2011-12-09 12:09:00,3,624,1172.66,63,390.8866666666667,93
12527.0,2010-06-28 15:37:00,2011-09-19 11:55:00,5,525,717.51,25,143.502,447
12528.0,2011-01-31 09:05:00,2011-11-30 14:40:00,6,740,1645.48,49,274.24666666666667,303
12529.0,2010-06-29 13:10:00,2010-06-29 13:10:00,1,192,316.48,21,316.48,0
12530.0,2010-03-07 14:37:00,2011-10-11 12:34:00,9,2692,3381.26,93,375.6955555555556,582
12531.0,2010-01-22 14:17:00,2011-11-25 11:12:00,2,1110,1771.2,125,885.6,671
12532.0,2011-11-09 13:47:00,2011-11-09 13:47:00,1,151,313.83000000000004,15,313.83000000000004,0
12533.0,2009-12-01 11:50:00,2010-03-22 10:56:00,2,688,1176.29,60,588.145,110
12534.0,2011-08-01 10:26:00,2011-08-01 10:26:00,1,633,971.22,61,971.22,0
12535.0,2011-06-06 12:47:00,2011-09-09 08:48:00,2,219,716.35,28,358.175,94
12536.0,2011-10-11 14:52:00,2011-10-11 14:52:00,1,2789,4249.11,257,4249.11,0
12537.0,2010-10-27 08:36:00,2010-10-27 08:36:00,1,446,612.94,42,612.94,0
12538.0,2010-11-26 13:02:00,2011-11-10 17:16:00,2,336,640.45,33,320.225,349
12539.0,2009-12-23 13:00:00,2011-11-17 13:30:00,7,4516,11146.25,273,1592.3214285714287,694
12540.0,2009-12-07 16:56:00,2011-11-20 11:31:00,32,10895,19220.73,351,600.6478125,712
12541.0,2011-03-04 09:32:00,2011-11-10 10:40:00,3,675,841.18,45,280.3933333333333,251
12542.0,2010-03-09 16:26:00,2010-08-12 19:12:00,2,522,481.88,39,240.94,156
12543.0,2010-09-17 15:51:00,2010-09-17 15:51:00,1,683,840.25,42,840.25,0
12544.0,2011-11-03 16:15:00,2011-11-03 16:15:00,1,134,316.7,18,316.7,0
12545.0,2011-03-25 12:04:00,2011-09-25 13:39:00,2,517,832.39,41,416.195,184
12546.0,2011-09-23 09:44:00,2011-10-24 12:09:00,2,628,1021.5,58,510.75,31
12547.0,2010-07-27 13:55:00,2011-05-26 12:38:00,3,306,299.58,12,99.86,302
12548.0,2011-06-26 15:35:00,2011-06-26 15:35:00,1,48,67.19999999999999,4,67.19999999999999,0
12549.0,2010-01-11 12:29:00,2010-05-13 12:05:00,5,1365,1570.68,37,314.136,121
12550.0,2011-09-21 14:35:00,2011-09-21 14:35:00,1,560,805.03,55,805.03,0
12551.0,2010-12-17 11:23:00,2010-12-17 11:23:00,1,100,168.0,10,168.0,0
12552.0,2011-10-31 12:11:00,2011-10-31 12:11:00,1,81,298.02,18,298.02,0
12553.0,2010-10-12 13:35:00,2011-12-01 16:38:00,12,2285,4033.35,107,336.1125,415
12554.0,2010-09-17 12:29:00,2010-09-17 12:29:00,1,237,384.5,25,384.5,0
12556.0,2011-07-11 13:35:00,2011-10-20 13:06:00,2,353,594.46,99,297.23,100
12557.0,2009-12-17 10:39:00,2011-11-23 16:59:00,8,6782,18716.14,15,2339.5175,706
12558.0,2011-12-02 10:41:00,2011-12-02 10:41:00,1,196,269.96,11,269.96,0
12559.0,2011-01-24 10:12:00,2011-02-02 09:49:00,2,251,449.21000000000004,18,224.60500000000002,8
12560.0,2011-07-19 15:55:00,2011-12-04 13:54:00,2,1082,1867.61,87,933.805,137
12561.0,2011-02-10 11:39:00,2011-02-10 11:39:00,1,177,238.85,16,238.85,0
12562.0,2010-09-30 13:13:00,2011-12-01 17:20:00,9,2276,4342.77,109,482.53000000000003,427
12563.0,2010-10-27 09:52:00,2010-10-27 09:52:00,1,112,221.24,12,221.24,0
12564.0,2011-03-23 14:55:00,2011-03-23 14:55:00,1,130,402.9,20,402.9,0
12565.0,2011-02-24 10:34:00,2011-02-24 10:34:00,1,80,145.92,9,145.92,0
12566.0,2011-09-14 14:30:00,2011-09-14 14:30:00,1,262,297.65,18,297.65,0
12567.0,2010-02-11 10:30:00,2011-11-17 11:02:00,15,5945,12243.460000000001,359,816.2306666666667,644
12568.0,2010-03-05 09:15:00,2010-03-05 09:15:00,1,47,52.0,4,52.0,0
12569.0,2011-04-01 13:47:00,2011-12-07 16:24:00,32,1739,3113.09,90,97.2840625,250
12571.0,2011-08-10 12:35:00,2011-10-31 10:19:00,2,523,519.61,31,259.805,81
12572.0,2011-10-19 08:20:00,2011-12-01 09:20:00,2,446,912.42,52,456.21,43
12573.0,2010-08-31 17:25:00,2011-04-26 15:52:00,5,479,717.41,107,143.482,237
12574.0,2011-01-28 09:20:00,2011-01-28 09:20:00,1,59,182.45000000000002,10,182.45000000000002,0
12575.0,2010-07-01 09:15:00,2010-09-08 13:09:00,2,300,538.22,31,269.11,69
12576.0,2010-07-01 13:46:00,2011-11-04 10:11:00,8,1462,1957.66,109,244.7075,490
12577.0,2009-12-03 19:31:00,2011-11-04 13:24:00,8,1189,1607.2,257,200.9,700
12578.0,2010-09-22 11:19:00,2011-11-18 13:30:00,4,2334,3965.25,146,991.3125,422
12579.0,2011-09-22 17:15:00,2011-09-22 17:15:00,1,282,386.42,28,386.42,0
12580.0,2010-05-12 11:45:00,2011-04-07 10:24:00,2,564,962.9,51,481.45,329
12581.0,2011-10-31 08:56:00,2011-10-31 08:56:00,1,160,179.71,14,179.71,0
12582.0,2010-05-11 09:55:00,2011-04-15 08:45:00,4,971,1788.0,85,447.0,338
12583.0,2009-12-06 11:57:00,2011-12-07 08:07:00,27,8920,13295.44,140,492.4237037037037,730
12584.0,2011-03-04 15:15:00,2011-12-06 09:35:00,9,361,2095.63,40,232.8477777777778,276
12585.0,2010-12-23 12:58:00,2011-04-19 13:39:00,2,1267,1824.1,76,912.05,117
12586.0,2009-12-16 13:15:00,2011-11-22 16:24:00,4,675,2047.67,81,511.9175,706
12587.0,2011-12-02 12:47:00,2011-12-02 12:47:00,1,50,104.0,3,104.0,0
12588.0,2010-04-21 12:22:00,2011-10-31 15:01:00,3,432,718.78,30,239.59333333333333,558
12589.0,2010-01-19 12:26:00,2011-11-11 10:19:00,6,1741,3294.91,119,549.1516666666666,660
12590.0,2011-05-12 14:46:00,2011-05-12 14:46:00,1,4126,8842.66,65,8842.66,0
12591.0,2010-10-27 10:42:00,2011-01-26 14:35:00,3,645,1114.95,62,371.65000000000003,91
12592.0,2010-07-08 14:06:00,2011-09-08 15:04:00,4,1866,1723.6399999999999,40,430.90999999999997,427
12593.0,2011-05-05 09:29:00,2011-08-23 12:43:00,3,204,382.09999999999997,13,127.36666666666666,110
12594.0,2010-03-03 13:51:00,2011-11-02 12:20:00,14,2761,4890.110000000001,77,349.29357142857145,608
12595.0,2010-07-23 09:10:00,2010-07-23 09:10:00,1,270,281.02,18,281.02,0
12596.0,2011-04-11 13:22:00,2011-10-19 13:02:00,2,468,450.27,24,225.135,190
12597.0,2011-03-16 14:00:00,2011-11-20 13:33:00,4,2172,3161.32,181,790.33,248
12598.0,2010-03-01 09:58:00,2011-11-30 12:18:00,10,2857,4115.59,127,411.559,639
12599.0,2010-05-11 10:42:00,2011-11-10 13:34:00,13,2174,2026.72,46,155.90153846153845,548
12600.0,2009-12-07 13:37:00,2011-11-11 10:29:00,20,1292,3926.7000000000003,50,196.335,703
12601.0,2010-10-31 10:57:00,2011-06-03 10:17:00,6,284,573.26,23,95.54333333333334,214
12602.0,2011-10-12 11:22:00,2011-10-12 11:22:00,1,162,153.12,12,153.12,0
12603.0,2011-11-18 10:42:00,2011-11-18 10:42:00,1,56,613.1999999999999,1,613.1999999999999,0
12604.0,2011-03-23 12:06:00,2011-09-21 14:08:00,2,200,236.18,14,118.09,182
12605.0,2010-09-07 14:21:00,2010-11-28 14:18:00,3,921,1124.95,62,374.98333333333335,81
12607.0,2011-10-10 16:06:00,2011-10-10 16:06:00,1,1228,1579.51,101,1579.51,0
12608.0,2010-10-31 10:49:00,2010-10-31 10:49:00,1,323,415.79,16,415.79,0
12609.0,2009-12-20 13:30:00,2011-09-22 16:34:00,9,1440,2825.6,118,313.9555555555555,641
12610.0,2011-08-05 13:52:00,2011-11-17 09:34:00,4,1035,1727.74,83,431.935,103
12611.0,2011-10-18 13:12:00,2011-10-18 13:12:00,1,846,1193.32,65,1193.32,0
12612.0,2011-09-26 15:35:00,2011-09-26 15:35:00,1,260,668.0400000000001,18,668.0400000000001,0
12613.0,2009-12-14 13:10:00,2011-10-13 14:59:00,9,4095,6153.17,213,683.6855555555555,668
12614.0,2011-03-07 10:22:00,2011-03-07 10:22:00,1,76,315.6,20,315.6,0
12615.0,2010-03-18 14:09:00,2011-12-07 15:02:00,8,3293,5345.13,196,668.14125,629
12616.0,2010-11-16 11:38:00,2011-09-05 15:17:00,3,492,1023.1,31,341.03333333333336,293
12617.0,2011-11-10 14:39:00,2011-11-10 14:39:00,1,210,352.98,39,352.98,0
12618.0,2011-11-18 11:10:00,2011-11-18 11:10:00,1,95,137.31,10,137.31,0
12619.0,2010-05-28 12:52:00,2011-11-23 14:52:00,9,3494,3070.4,52,341.15555555555557,544
12620.0,2011-05-19 12:10:00,2011-11-25 10:20:00,3,1145,1234.95,84,411.65000000000003,189
12621.0,2010-02-09 12:01:00,2011-12-08 11:25:00,35,13664,22174.81,341,633.566,666
12622.0,2011-04-21 16:39:00,2011-04-21 16:39:00,1,68,162.1,10,162.1,0
12623.0,2010-01-12 11:45:00,2011-03-08 13:50:00,7,1929,3269.94,109,467.13428571428574,420
12624.0,2011-06-15 12:34:00,2011-08-25 15:04:00,2,351,569.13,35,284.565,71
12625.0,2010-04-22 11:33:00,2011-05-12 09:54:00,4,3282,4678.88,143,1169.72,384
12626.0,2011-01-17 11:01:00,2011-11-16 16:06:00,9,3332,5772.68,229,641.4088888888889,303
12627.0,2011-07-22 13:59:00,2011-11-29 12:07:00,6,2727,4064.68,160,677.4466666666666,129
12628.0,2011-10-06 09:28:00,2011-12-05 13:15:00,3,445,732.46,33,244.15333333333334,60
12629.0,2010-10-12 16:40:00,2010-11-19 09:18:00,2,713,1198.22,39,599.11,37
12630.0,2011-10-27 10:41:00,2011-11-30 10:48:00,2,538,1011.08,58,505.54,34
12631.0,2010-01-15 14:50:00,2011-10-13 13:53:00,6,1599,3301.77,129,550.295,635
12632.0,2010-05-24 09:07:00,2010-07-07 09:39:00,2,689,714.88,31,357.44,44
12633.0,2010-07-02 11:44:00,2011-10-12 11:40:00,7,3155,5023.86,215,717.6942857142857,466
12634.0,2010-06-09 15:41:00,2010-06-09 15:41:00,1,336,360.0,19,360.0,0
12635.0,2010-09-09 10:50:00,2011-09-11 11:04:00,4,1896,2553.25,155,638.3125,367
12637.0,2010-06-14 13:36:00,2011-10-03 13:46:00,12,4205,7969.26,290,664.105,476
12638.0,2010-03-10 10:30:00,2011-11-06 13:11:00,2,657,681.49,46,340.745,606
12639.0,2010-03-22 09:05:00,2011-04-15 12:48:00,3,625,1072.37,57,357.45666666666665,389
12640.0,2011-09-19 12:01:00,2011-11-16 11:52:00,3,301,994.58,46,331.5266666666667,57
12641.0,2011-08-16 13:26:00,2011-08-16 13:26:00,1,65,130.6,8,130.6,0
12642.0,2011-08-24 09:23:00,2011-11-14 15:03:00,3,546,905.26,38,301.75333333333333,82
12643.0,2010-04-07 14:16:00,2011-08-03 12:56:00,11,4642,7803.82,13,709.4381818181818,482
12644.0,2010-01-14 13:02:00,2011-08-02 10:33:00,4,1031,1900.49,105,475.1225,564
12645.0,2010-02-09 10:49:00,2011-11-06 12:38:00,8,2107,3215.3,110,401.9125,635
12646.0,2011-10-21 12:52:00,2011-12-05 10:14:00,2,897,1346.97,43,673.485,44
12647.0,2010-01-13 15:06:00,2011-11-17 12:56:00,34,6660,14825.45,235,436.04264705882355,672
12648.0,2010-01-07 18:38:00,2011-07-08 11:55:00,4,513,1039.0,37,259.75,546
12649.0,2010-01-12 17:24:00,2011-08-24 14:41:00,8,1942,2081.35,92,260.16875,588
12650.0,2011-12-06 16:34:00,2011-12-06 16:34:00,1,250,242.44000000000003,19,242.44000000000003,0
12651.0,2010-08-31 15:21:00,2011-01-09 12:46:00,4,256,347.3,28,86.825,130
12652.0,2010-10-01 15:16:00,2011-01-12 15:00:00,2,523,875.73,49,437.865,102
12653.0,2010-07-01 09:56:00,2011-07-14 10:41:00,3,1681,4160.83,76,1386.9433333333334,378
12654.0,2011-02-17 13:16:00,2011-11-29 10:10:00,5,260,529.98,30,105.99600000000001,284
12655.0,2010-10-12 09:17:00,2010-10-12 09:17:00,1,79,243.35000000000002,15,243.35000000000002,0
12656.0,2010-05-26 09:00:00,2011-11-22 13:42:00,8,2818,5704.03,172,713.00375,545
12657.0,2011-09-22 11:40:00,2011-11-28 15:47:00,4,996,1351.58,33,337.895,67
12658.0,2011-11-21 10:22:00,2011-11-21 10:22:00,1,311,596.35,34,596.35,0
12659.0,2011-11-10 11:53:00,2011-11-10 11:53:00,1,104,73.68,4,73.68,0
12660.0,2011-11-28 13:26:00,2011-11-28 13:26:00,1,126,227.1,12,227.1,0
12661.0,2010-09-29 16:46:00,2010-09-29 16:46:00,1,216,162.0,11,162.0,0
12662.0,2010-04-01 09:50:00,2011-12-09 11:59:00,20,3545,6374.02,162,318.701,617
12663.0,2010-02-09 14:28:00,2010-03-25 09:40:00,2,178,185.4,8,92.7,43
12664.0,2009-12-13 10:28:00,2011-12-01 17:07:00,11,1476,5420.04,9,492.7309090909091,718
12665.0,2010-02-08 15:11:00,2011-01-19 08:34:00,3,162,259.6,12,86.53333333333335,344
12666.0,2010-11-10 16:40:00,2010-11-10 16:40:00,1,370,1248.42,31,1248.42,0
12667.0,2011-10-12 17:00:00,2011-10-12 17:00:00,1,391,460.13,32,460.13,0
12668.0,2010-01-31 15:45:00,2011-11-28 10:56:00,9,4914,9758.43,258,1084.27,665
12669.0,2011-03-28 10:15:00,2011-07-12 09:54:00,2,1044,1316.97,90,658.485,105
12670.0,2010-02-11 10:13:00,2011-11-29 15:23:00,7,1537,3252.69,67,464.67,656
12671.0,2010-04-12 16:30:00,2010-04-12 16:30:00,1,1459,2622.48,44,2622.48,0
12672.0,2010-04-23 09:57:00,2011-01-14 09:20:00,2,136,407.05,21,203.525,265
12673.0,2010-11-03 10:46:00,2011-12-04 13:55:00,3,695,1140.02,67,380.00666666666666,396
12674.0,2011-05-16 09:10:00,2011-11-01 12:12:00,4,1126,1844.6,51,461.15,169
12675.0,2010-05-10 16:44:00,2010-06-04 09:49:00,2,327,865.75,109,432.875,24
12676.0,2010-08-13 13:29:00,2011-11-15 12:25:00,10,1854,2333.09,66,233.30900000000003,458
12677.0,2010-02-11 13:55:00,2010-06-02 14:30:00,2,174,359.1,12,179.55,111
12678.0,2010-01-07 16:46:00,2011-10-28 13:04:00,15,22346,32595.18,197,2173.012,658
12679.0,2011-03-01 12:26:00,2011-10-12 12:30:00,4,545,951.02,42,237.755,225
12680.0,2011-08-18 15:44:00,2011-12-09 12:50:00,4,439,790.81,32,197.7025,112
12681.0,2009-12-13 13:31:00,2011-11-25 11:33:00,44,17035,26936.18,449,612.1859090909091,711
12682.0,2009-12-01 09:28:00,2011-12-06 10:00:00,51,10637,20392.66,323,399.85607843137257,735
12683.0,2009-12-13 15:01:00,2011-12-05 16:28:00,20,7480,11114.58,232,555.729,722
12684.0,2011-05-10 12:55:00,2011-12-02 09:53:00,6,1973,2073.63,59,345.605,205
12685.0,2011-09-07 10:28:00,2011-11-11 13:46:00,6,1507,2575.08,116,429.18,65
12686.0,2010-12-03 09:51:00,2010-12-03 09:51:00,1,212,142.28,6,142.28,0
12687.0,2010-08-16 12:12:00,2010-08-16 12:12:00,1,1402,1858.91,125,1858.91,0
12688.0,2011-08-18 08:49:00,2011-08-18 08:49:00,1,3024,4854.01,170,4854.01,0
12689.0,2011-08-04 10:04:00,2011-11-14 08:31:00,2,622,1139.61,56,569.805,101
12690.0,2011-05-18 09:09:00,2011-05-18 09:09:00,1,103,335.01,15,335.01,0
12691.0,2010-10-15 12:00:00,2011-11-11 16:49:00,6,438,1044.4,23,174.0666666666667,392
12692.0,2010-03-12 14:02:00,2010-03-12 14:02:00,1,36,110.95,13,110.95,0
12693.0,2010-07-05 13:56:00,2011-08-04 17:51:00,7,502,1392.46,61,198.92285714285714,395
12694.0,2010-10-14 19:39:00,2011-09-30 13:06:00,3,1345,1663.35,68,554.4499999999999,350
12695.0,2010-02-12 13:22:00,2011-12-02 13:22:00,7,452,1371.1200000000001,45,195.87428571428572,658
12696.0,2010-07-19 10:02:00,2010-10-01 10:43:00,2,561,731.91,42,365.955,74
12697.0,2011-06-23 15:44:00,2011-11-11 08:47:00,3,499,737.79,35,245.92999999999998,140
12698.0,2010-04-28 15:51:00,2010-04-28 15:51:00,1,104,265.95,14,265.95,0
12699.0,2010-10-18 12:07:00,2010-10-18 12:07:00,1,369,566.11,40,566.11,0
12700.0,2011-05-08 16:10:00,2011-12-02 10:47:00,4,2920,4464.79,188,1116.1975,207
12701.0,2010-03-16 13:23:00,2011-09-21 10:47:00,6,1716,2248.41,117,374.73499999999996,553
12702.0,2011-11-20 10:36:00,2011-11-20 10:36:00,1,52,201.0,11,201.0,0
12703.0,2010-01-24 12:05:00,2011-09-29 17:52:00,4,571,852.63,53,213.1575,613
12704.0,2011-06-23 10:20:00,2011-12-02 13:15:00,8,988,1722.99,62,215.37375,162
12705.0,2010-06-24 09:51:00,2011-11-24 13:17:00,13,7104,10996.8,314,845.9076923076923,518
12707.0,2011-02-21 08:38:00,2011-02-21 08:38:00,1,232,557.82,30,557.82,0
12708.0,2009-12-18 10:25:00,2011-11-10 09:52:00,18,2469,4639.1,127,257.7277777777778,691
12709.0,2009-12-09 13:49:00,2011-11-24 15:38:00,32,13838,29722.48,185,928.8275,715
12710.0,2011-05-22 14:05:00,2011-09-04 12:00:00,3,844,1023.02,74,341.00666666666666,104
12711.0,2010-02-01 11:30:00,2010-04-07 11:59:00,2,763,1213.05,55,606.525,65
12712.0,2009-12-09 10:46:00,2011-11-11 08:19:00,21,2236,5991.110000000001,124,285.29095238095243,701
12713.0,2011-12-09 12:16:00,2011-12-09 12:16:00,1,505,794.55,37,794.55,0
12714.0,2009-12-04 10:00:00,2011-11-30 15:43:00,12,8674,12651.16,433,1054.2633333333333,726
12715.0,2011-08-25 15:22:00,2011-08-25 15:22:00,1,190,263.36,19,263.36,0
12716.0,2011-07-29 13:28:00,2011-12-06 08:55:00,2,673,886.99,56,443.495,129
12717.0,2010-04-28 14:34:00,2011-07-11 14:47:00,3,591,1039.1100000000001,58,346.37000000000006,439
12718.0,2011-09-29 16:38:00,2011-09-29 16:38:00,1,201,202.25,18,202.25,0
12719.0,2011-10-05 14:50:00,2011-12-04 13:45:00,2,358,542.35,31,271.175,59
12720.0,2010-07-21 09:46:00,2011-12-07 08:03:00,29,6140,7229.51,257,249.2934482758621,503
12721.0,2010-08-25 11:07:00,2011-11-08 12:13:00,8,2631,3617.23,181,452.15375,440
12722.0,2011-07-12 11:55:00,2011-09-15 14:50:00,4,565,979.63,49,244.9075,65
12723.0,2011-10-05 15:52:00,2011-12-06 10:19:00,5,385,584.67,50,116.934,61
12724.0,2010-06-22 14:00:00,2011-12-04 16:02:00,7,1366,2083.52,93,297.6457142857143,530
12725.0,2010-05-04 13:59:00,2010-12-03 15:45:00,3,1298,2278.56,91,759.52,213
12726.0,2010-03-25 16:25:00,2011-11-11 13:35:00,11,4600,3690.6,62,335.5090909090909,595
12727.0,2010-02-23 09:54:00,2011-11-29 11:46:00,10,2789,4905.53,131,490.553,644
12728.0,2010-11-21 11:34:00,2011-09-29 15:31:00,5,535,926.17,47,185.23399999999998,312
12729.0,2011-08-18 11:40:00,2011-08-18 11:40:00,1,231,417.01,25,417.01,0
12730.0,2010-07-06 12:19:00,2010-07-06 12:19:00,1,210,647.5,42,647.5,0
12731.0,2010-03-02 09:23:00,2011-11-16 11:59:00,17,11597,25539.91,134,1502.3476470588234,624
12732.0,2011-06-13 11:33:00,2011-06-13 11:33:00,1,110,218.26000000000002,11,218.26000000000002,0
12733.0,2010-01-19 13:23:00,2011-04-19 16:19:00,4,871,2362.82,113,590.705,455
12734.0,2010-11-12 13:26:00,2010-12-22 12:47:00,3,263,603.65,16,201.21666666666667,39
12735.0,2011-01-06 14:26:00,2011-01-28 13:37:00,2,363,689.5699999999999,37,344.78499999999997,21
12736.0,2011-01-11 07:57:00,2011-01-11 07:57:00,1,168,144.0,3,144.0,0
12738.0,2010-12-02 18:27:00,2010-12-02 18:27:00,1,294,274.7,10,274.7,0
12739.0,2010-11-10 14:27:00,2011-09-01 17:45:00,2,948,2421.23,83,1210.615,295
12740.0,2011-10-07 10:44:00,2011-10-07 10:44:00,1,342,427.6,27,427.6,0
12741.0,2010-06-24 16:24:00,2010-06-24 16:24:00,1,213,236.07,15,236.07,0
12742.0,2010-03-24 12:43:00,2010-03-24 12:43:00,1,1359,1201.52,67,1201.52,0
12743.0,2011-07-28 16:06:00,2011-07-28 16:21:00,2,315,540.13,114,270.065,0
12744.0,2010-04-27 16:19:00,2011-10-14 14:54:00,8,6987,13158.16,244,1644.77,534
12745.0,2010-05-14 16:50:00,2010-08-10 10:14:00,2,467,723.85,20,361.925,87
12746.0,2010-06-17 10:41:00,2010-06-17 10:41:00,1,97,254.55,17,254.55,0
12747.0,2009-12-07 13:23:00,2011-12-07 14:34:00,26,2748,9257.039999999999,85,356.03999999999996,730
12748.0,2009-12-04 17:31:00,2011-12-09 12:20:00,322,37925,50460.65,2259,156.71009316770187,734
12749.0,2010-07-06 15:05:00,2011-12-06 09:56:00,9,2317,6711.46,253,745.7177777777778,517
12750.0,2011-08-03 09:13:00,2011-08-03 09:13:00,1,137,275.88,15,275.88,0
12751.0,2010-09-21 12:49:00,2010-09-21 12:49:00,1,189,268.27,61,268.27,0
12752.0,2011-09-19 13:32:00,2011-09-19 13:32:00,1,2262,4366.78,53,4366.78,0
12753.0,2010-12-12 11:44:00,2011-11-17 10:52:00,6,11277,20817.39,131,3469.565,339
12754.0,2011-02-04 10:31:00,2011-04-18 09:00:00,3,6481,3010.74,49,1003.5799999999999,72
12755.0,2010-01-15 11:57:00,2011-03-04 12:42:00,11,3781,9030.66,34,820.9690909090909,413
12756.0,2011-09-14 09:31:00,2011-09-14 09:31:00,1,144,112.07999999999998,4,112.07999999999998,0
12757.0,2011-05-12 19:01:00,2011-11-24 12:30:00,9,2384,4169.1,234,463.23333333333335,195
12758.0,2009-12-01 14:40:00,2011-08-15 10:22:00,7,6143,9878.04,186,1411.1485714285716,621
12759.0,2009-12-04 10:47:00,2011-10-18 14:49:00,8,3177,4618.74,205,577.3425,683
12760.0,2010-09-10 08:50:00,2010-09-10 08:50:00,1,196,317.8,20,317.8,0
12761.0,2010-09-01 10:47:00,2010-09-01 10:47:00,1,277,712.95,25,712.95,0
12762.0,2011-11-14 14:23:00,2011-12-02 10:23:00,2,1220,1702.52,61,851.26,17
12763.0,2010-12-05 15:46:00,2011-07-24 14:12:00,2,512,814.16,16,407.08,230
12764.0,2011-01-27 10:19:00,2011-01-27 10:19:00,1,380,1681.28,44,1681.28,0
12765.0,2010-03-08 09:43:00,2010-08-24 13:51:00,6,1002,1299.58,48,216.59666666666666,169
12766.0,2010-10-28 09:29:00,2011-12-06 08:46:00,9,5390,9050.58,250,1005.62,403
12767.0,2010-11-29 09:38:00,2010-11-29 09:38:00,1,598,949.82,43,949.82,0
12768.0,2010-09-15 12:08:00,2010-09-15 12:08:00,1,102,168.69000000000003,10,168.69000000000003,0
12769.0,2011-04-15 10:25:00,2011-04-15 10:25:00,1,353,1125.75,31,1125.75,0
12770.0,2010-09-09 11:43:00,2011-05-13 09:33:00,2,1843,3246.45,19,1623.225,245
12771.0,2010-08-11 11:51:00,2010-08-11 11:51:00,1,102,226.3,14,226.3,0
12772.0,2011-10-11 09:19:00,2011-10-11 09:19:00,1,547,732.67,53,732.67,0
12773.0,2010-05-24 17:30:00,2010-05-24 17:30:00,1,109,124.25,6,124.25,0
12774.0,2010-06-22 10:38:00,2010-06-22 10:38:00,1,52,83.7,5,83.7,0
12775.0,2010-10-26 14:24:00,2011-11-22 16:33:00,7,1074,1551.12,54,221.5885714285714,392
12776.0,2010-02-10 12:11:00,2010-02-10 12:11:00,1,45,27.5,3,27.5,0
12777.0,2010-09-08 11:35:00,2010-09-08 11:35:00,1,458,519.45,26,519.45,0
12778.0,2010-04-16 09:57:00,2011-11-20 11:30:00,9,1720,1541.68,76,171.29777777777778,583
12779.0,2009-12-03 07:25:00,2011-11-02 11:43:00,14,3613,6682.07,140,477.2907142857143,699
12780.0,2010-04-20 09:40:00,2010-04-20 09:40:00,1,284,322.4,19,322.4,0
12781.0,2011-02-28 08:43:00,2011-10-07 10:37:00,2,670,786.74,24,393.37,221
12782.0,2010-07-08 13:31:00,2011-12-05 09:16:00,11,1976,3810.04,139,346.36727272727273,514
12783.0,2011-09-25 15:35:00,2011-12-07 15:56:00,4,611,1295.87,74,323.9675,73
12784.0,2010-06-28 13:06:00,2011-11-24 12:53:00,2,853,1511.15,120,755.575,513
12785.0,2009-12-08 13:56:00,2010-12-10 13:48:00,3,422,843.2,39,281.06666666666666,366
12786.0,2010-04-09 12:12:00,2010-04-09 12:12:00,1,320,668.5,17,668.5,0
12787.0,2010-10-22 14:57:00,2011-11-30 08:44:00,4,506,799.18,29,199.795,403
12788.0,2010-06-29 13:05:00,2010-09-02 14:21:00,4,190,384.9,19,96.225,65
12789.0,2010-01-15 12:06:00,2011-10-05 13:34:00,3,33,225.35,4,75.11666666666666,628
12790.0,2010-10-25 13:04:00,2011-05-31 14:14:00,2,303,546.85,35,273.425,218
12791.0,2010-03-25 17:29:00,2010-12-01 11:27:00,5,437,819.13,14,163.826,250
12792.0,2010-06-23 10:49:00,2011-03-28 11:36:00,2,390,715.01,38,357.505,278
12793.0,2010-11-03 13:05:00,2011-01-09 12:12:00,3,520,849.33,33,283.11,66
12794.0,2011-09-02 12:01:00,2011-10-17 14:54:00,2,592,860.41,43,430.205,45
12795.0,2011-11-21 10:27:00,2011-11-21 10:27:00,1,64,318.48,13,318.48,0
12796.0,2010-03-21 15:49:00,2010-03-21 15:49:00,1,180,351.0,6,351.0,0
12797.0,2010-10-11 12:53:00,2010-12-09 10:55:00,2,326,676.26,25,338.13,58
12798.0,2010-10-14 12:27:00,2011-11-29 15:52:00,4,8455,8510.93,27,2127.7325,411
12799.0,2010-06-28 15:57:00,2010-06-28 15:57:00,1,137,219.35,15,219.35,0
12800.0,2010-02-01 11:02:00,2010-08-26 14:11:00,2,281,500.25,30,250.125,206
12801.0,2010-07-27 09:38:00,2010-07-27 09:38:00,1,500,871.82,49,871.82,0
12802.0,2010-05-25 09:34:00,2011-06-06 09:36:00,5,1956,2186.42,106,437.284,377
12803.0,2010-11-11 14:57:00,2010-11-11 14:57:00,1,867,1017.81,54,1017.81,0
12804.0,2010-07-27 13:52:00,2010-08-31 11:58:00,2,270,325.37,60,162.685,34
12805.0,2010-02-03 09:06:00,2010-11-23 12:27:00,4,577,1211.15,42,302.7875,293
12806.0,2010-04-30 10:44:00,2010-05-16 13:49:00,2,2084,2558.96,56,1279.48,16
12807.0,2010-11-21 14:21:00,2010-11-21 14:21:00,1,143,250.35,15,250.35,0
12808.0,2010-09-03 10:24:00,2011-11-03 10:05:00,5,373,850.1,45,170.02,425
12809.0,2010-03-02 14:19:00,2011-06-15 10:51:00,3,500,1344.74,73,448.24666666666667,469
12810.0,2010-02-01 09:52:00,2010-06-23 10:53:00,2,389,534.99,32,267.495,142
12811.0,2010-10-08 12:20:00,2011-03-23 10:55:00,4,429,893.9,46,223.475,165
12812.0,2011-10-26 09:54:00,2011-10-26 09:54:00,1,164,229.64000000000001,15,229.64000000000001,0
12813.0,2010-01-15 16:52:00,2010-07-26 09:50:00,3,1134,1621.8,36,540.6,191
12814.0,2011-08-30 12:11:00,2011-08-30 12:11:00,1,48,85.92,1,85.92,0
12815.0,2011-05-25 13:34:00,2011-07-15 10:21:00,2,357,770.3100000000001,35,385.15500000000003,50
12816.0,2011-06-16 13:24:00,2011-09-05 12:41:00,2,118,414.55,24,207.275,80
12817.0,2010-10-01 08:57:00,2011-03-03 16:28:00,3,216,570.98,15,190.32666666666668,153
12818.0,2011-03-23 12:06:00,2011-03-23 12:06:00,1,920,1182.0800000000002,13,1182.0800000000002,0
12819.0,2010-09-07 15:20:00,2010-09-07 15:20:00,1,344,540.52,19,540.52,0
12820.0,2009-12-05 13:37:00,2011-12-06 15:12:00,11,1964,2689.52,131,244.50181818181818,731
12821.0,2010-04-07 15:14:00,2011-05-09 15:51:00,2,162,220.8,13,110.4,397
12822.0,2011-09-13 13:46:00,2011-09-30 10:04:00,2,550,948.88,41,474.44,16
12823.0,2010-01-29 12:52:00,2011-09-26 07:35:00,18,930,6501.5,1,361.19444444444446,604
12824.0,2011-10-11 12:49:00,2011-10-11 12:49:00,1,232,397.12,25,397.12,0
12825.0,2010-03-08 10:17:00,2010-07-06 13:56:00,2,139,518.63,20,259.315,120
12826.0,2009-12-18 10:43:00,2011-12-07 10:25:00,12,1995,2955.75,93,246.3125,718
12827.0,2011-10-26 15:44:00,2011-12-04 12:17:00,3,193,410.35,18,136.78333333333333,38
12828.0,2011-08-01 16:16:00,2011-12-07 08:45:00,6,494,1018.71,46,169.785,127
12829.0,2010-06-07 15:04:00,2011-01-07 11:13:00,3,550,385.3,17,128.43333333333334,213
12830.0,2011-06-21 10:53:00,2011-11-02 11:54:00,6,9848,6814.64,13,1135.7733333333333,134
12831.0,2010-09-02 15:58:00,2011-03-22 13:02:00,3,303,451.11,16,150.37,200
12832.0,2011-09-02 13:48:00,2011-11-07 13:30:00,2,195,383.03,27,191.515,65
12833.0,2011-07-17 13:46:00,2011-07-17 13:46:00,1,154,404.08,23,404.08,0
12834.0,2011-03-02 09:49:00,2011-03-02 09:49:00,1,110,312.38,18,312.38,0
12835.0,2009-12-03 12:13:00,2010-10-08 10:59:00,41,2329,5896.83,136,143.8251219512195,308
12836.0,2009-12-01 14:19:00,2011-10-11 15:10:00,15,2231,6559.7300000000005,280,437.31533333333334,679
12837.0,2010-05-19 15:10:00,2011-06-19 16:07:00,2,194,662.66,83,331.33,396
12838.0,2010-04-26 09:59:00,2011-11-06 12:20:00,10,1834,3366.7,230,336.66999999999996,559
12839.0,2009-12-07 09:18:00,2011-12-07 12:33:00,26,6849,10071.73,156,387.37423076923073,730
12840.0,2010-02-03 14:51:00,2011-07-19 09:29:00,7,2234,4023.0099999999998,108,574.7157142857143,530
12841.0,2010-07-08 15:38:00,2011-12-05 11:13:00,40,5316,7431.04,306,185.776,514
12842.0,2009-12-02 08:15:00,2011-09-30 15:33:00,4,887,1917.99,45,479.4975,667
12843.0,2009-12-13 11:41:00,2011-10-05 12:09:00,28,3024,6459.32,126,230.69,661
12844.0,2010-04-25 11:51:00,2011-11-10 13:31:00,4,223,648.6,88,162.15,564
12845.0,2011-02-22 14:10:00,2011-03-17 13:34:00,4,203,349.14,25,87.285,22
12847.0,2010-11-17 12:44:00,2011-11-17 13:16:00,2,1496,1608.05,99,804.025,365
12848.0,2010-02-02 12:45:00,2010-02-02 12:45:00,1,56,206.1,15,206.1,0
12849.0,2010-04-27 13:44:00,2011-11-08 13:41:00,6,1834,3015.98,122,502.66333333333336,559
12850.0,2010-09-20 12:26:00,2010-09-20 12:26:00,1,200,330.0,2,330.0,0
12851.0,2010-08-19 15:13:00,2011-09-04 12:41:00,2,155,275.65999999999997,69,137.82999999999998,380
12852.0,2011-02-18 08:47:00,2011-02-18 08:47:00,1,149,311.55,17,311.55,0
12853.0,2010-02-05 11:57:00,2011-07-28 11:29:00,11,1668,3907.5,111,355.22727272727275,537
12854.0,2009-12-11 12:55:00,2011-09-22 12:15:00,7,1630,2970.9700000000003,188,424.42428571428576,649
12855.0,2010-11-02 18:16:00,2010-12-02 09:37:00,4,270,650.9399999999999,65,162.73499999999999,29
12856.0,2011-10-07 12:38:00,2011-12-02 10:52:00,6,1059,2127.43,151,354.57166666666666,55
12857.0,2010-01-25 15:37:00,2011-05-13 10:20:00,6,1420,3688.0,71,614.6666666666666,472
12858.0,2010-11-21 12:55:00,2010-11-21 12:55:00,1,51,147.27,36,147.27,0
12859.0,2010-09-07 12:20:00,2010-09-07 12:20:00,1,292,575.1,21,575.1,0
12860.0,2010-01-15 15:22:00,2010-01-15 15:22:00,1,26,54.22,16,54.22,0
12861.0,2010-03-30 11:39:00,2010-03-30 11:39:00,1,27,68.25,4,68.25,0
12862.0,2010-08-01 15:20:00,2010-10-10 11:47:00,2,611,984.62,119,492.31,69
12863.0,2010-04-29 13:54:00,2011-10-18 14:15:00,6,895,2792.5499999999997,24,465.42499999999995,537
12864.0,2010-07-19 17:22:00,2011-07-24 13:03:00,2,447,299.57,5,149.785,369
12865.0,2010-08-20 12:20:00,2011-11-13 14:31:00,4,1969,3303.67,155,825.9175,450
12866.0,2010-07-25 11:37:00,2011-03-01 14:11:00,3,544,1092.35,57,364.1166666666666,219
12867.0,2009-12-16 16:25:00,2011-11-13 15:30:00,13,7876,7829.26,365,602.2507692307693,696
12868.0,2010-11-12 10:05:00,2011-06-07 10:42:00,8,1282,2247.06,86,280.8825,207
12869.0,2010-01-27 12:10:00,2010-01-27 12:10:00,1,144,337.66999999999996,35,337.66999999999996,0
12870.0,2010-03-25 14:32:00,2010-11-29 13:42:00,3,902,1665.15,84,555.0500000000001,248
12871.0,2010-09-26 10:34:00,2011-09-16 15:07:00,3,484,744.02,13,248.00666666666666,355
12872.0,2009-12-03 20:03:00,2011-01-17 10:52:00,12,1829,3621.69,215,301.8075,409
12873.0,2010-01-27 09:50:00,2011-03-02 14:58:00,3,786,2027.3,33,675.7666666666667,399
12874.0,2010-06-03 12:51:00,2010-11-19 15:23:00,2,618,873.42,43,436.71,169
12875.0,2010-01-11 12:37:00,2011-07-19 15:30:00,5,5187,1356.99,2,271.398,554
12876.0,2010-04-28 13:26:00,2011-10-13 12:26:00,4,2929,3539.39,114,884.8475,532
12877.0,2010-01-18 10:23:00,2011-12-06 10:30:00,20,2230,2927.29,147,146.3645,687
12878.0,2011-03-18 14:02:00,2011-04-17 13:07:00,2,547,854.99,38,427.495,29
12879.0,2011-09-09 12:11:00,2011-10-26 12:24:00,3,370,573.22,7,191.07333333333335,47
12880.0,2010-05-14 11:57:00,2010-11-23 10:50:00,2,279,640.13,32,320.065,192
12881.0,2011-03-09 11:44:00,2011-03-09 11:44:00,1,21,298.0,7,298.0,0
12882.0,2011-11-06 11:22:00,2011-11-30 16:18:00,2,246,1463.04,12,731.52,24
12883.0,2011-09-11 15:18:00,2011-11-15 09:32:00,4,192,683.6700000000001,38,170.91750000000002,64
12884.0,2011-09-12 13:10:00,2011-09-12 13:10:00,1,43,309.05,7,309.05,0
12885.0,2011-08-08 11:45:00,2011-10-07 13:40:00,3,631,1114.02,62,371.34,60
12886.0,2011-05-04 11:21:00,2011-10-03 10:09:00,2,770,1378.4,75,689.2,151
12887.0,2010-11-21 11:18:00,2010-11-21 11:18:00,1,100,222.4,13,222.4,0
12888.0,2011-03-29 14:31:00,2011-05-09 16:02:00,2,76,354.12,4,177.06,41
12889.0,2010-07-25 14:32:00,2010-11-23 16:08:00,4,121,367.61,24,91.9025,121
12890.0,2010-11-17 14:05:00,2011-11-15 17:26:00,2,457,706.02,124,353.01,363
12891.0,2010-02-18 14:32:00,2011-06-07 12:31:00,11,2325,840.5,2,76.4090909090909,473
12892.0,2010-11-08 09:51:00,2010-11-08 09:51:00,1,140,263.38,18,263.38,0
12893.0,2011-11-09 12:34:00,2011-11-09 12:34:00,1,90,176.55,27,176.55,0
12894.0,2010-05-13 14:47:00,2010-05-13 14:47:00,1,33,157.35,21,157.35,0
12895.0,2011-09-14 08:35:00,2011-10-28 13:51:00,2,210,372.8,22,186.4,44
12897.0,2010-06-14 11:58:00,2011-05-19 12:13:00,4,249,514.25,10,128.5625,339
12898.0,2010-02-18 12:36:00,2010-09-02 08:08:00,2,235,296.21000000000004,27,148.10500000000002,195
12899.0,2010-10-22 09:53:00,2010-10-22 09:53:00,1,108,366.4,17,366.4,0
12900.0,2010-10-13 15:17:00,2010-10-13 15:17:00,1,139,340.33,13,340.33,0
12901.0,2011-03-14 10:41:00,2011-12-01 10:07:00,27,21671,14630.54,28,541.8718518518518,261
12902.0,2011-03-20 12:06:00,2011-03-20 12:06:00,1,66,138.68,10,138.68,0
12903.0,2010-10-07 12:39:00,2010-10-07 12:39:00,1,493,833.53,41,833.53,0
12904.0,2011-06-20 13:18:00,2011-11-21 14:34:00,2,294,496.06,59,248.03,154
12905.0,2010-01-26 14:06:00,2010-05-12 10:05:00,2,532,1018.42,52,509.21,105
12906.0,2011-09-22 15:03:00,2011-11-28 09:55:00,5,1677,2768.61,54,553.722,66
12907.0,2010-08-02 14:33:00,2010-11-09 12:08:00,2,177,508.91,23,254.455,98
12908.0,2010-03-19 15:59:00,2011-06-16 15:39:00,5,3000,1776.0,1,355.2,453
12909.0,2010-02-24 12:14:00,2011-10-31 12:43:00,8,1812,2999.09,114,374.88625,614
12910.0,2010-03-28 13:10:00,2011-11-16 14:28:00,13,3524,5569.72,73,428.44,598
12911.0,2010-06-06 12:13:00,2010-06-06 12:13:00,1,788,1593.07,216,1593.07,0
12912.0,2011-10-30 11:35:00,2011-12-07 08:55:00,5,670,1662.3,17,332.46,37
12913.0,2009-12-01 12:18:00,2011-12-05 12:11:00,13,3230,6670.860000000001,51,513.1430769230769,733
12914.0,2010-11-04 12:28:00,2010-11-04 12:28:00,1,336,223.98,9,223.98,0
12915.0,2010-04-29 19:36:00,2011-07-14 11:34:00,4,452,1174.75,46,293.6875,440
12916.0,2010-01-24 11:26:00,2011-07-24 10:35:00,7,1681,4479.73,82,639.9614285714285,545
12917.0,2009-12-09 14:22:00,2011-08-03 16:42:00,6,1044,4062.2,44,677.0333333333333,602
12919.0,2011-06-23 09:22:00,2011-12-01 13:47:00,6,673,1335.19,34,222.53166666666667,161
12920.0,2009-12-14 15:58:00,2011-11-22 15:05:00,4,420,486.64,59,121.66,707
12921.0,2009-12-01 13:43:00,2011-11-30 16:22:00,74,21680,35741.64,320,482.9951351351351,729
12922.0,2011-07-01 15:35:00,2011-07-01 15:35:00,1,370,405.38,28,405.38,0
12923.0,2010-05-13 14:55:00,2011-10-06 16:20:00,3,195,688.87,48,229.62333333333333,511
12924.0,2009-12-09 12:40:00,2011-09-12 13:55:00,12,1422,2461.45,55,205.1208333333333,642
12925.0,2010-04-26 10:32:00,2011-12-05 11:11:00,3,645,699.48,44,233.16,588
12926.0,2009-12-14 14:35:00,2010-10-24 15:57:00,4,740,1492.99,199,373.2475,314
12927.0,2010-11-10 10:02:00,2010-11-10 10:02:00,1,145,197.31,11,197.31,0
12928.0,2010-06-08 10:16:00,2011-11-04 14:24:00,12,2899,4304.89,94,358.74083333333334,514
12929.0,2011-02-01 12:08:00,2011-02-01 12:08:00,1,37,117.85,8,117.85,0
12930.0,2011-06-21 13:25:00,2011-09-22 15:18:00,2,252,415.8,20,207.9,93
12931.0,2009-12-01 11:46:00,2011-11-18 12:39:00,57,62906,92347.34,37,1620.1287719298246,717
12932.0,2010-02-10 08:46:00,2010-06-18 14:22:00,8,1609,1698.56,69,212.32,128
12933.0,2009-12-10 16:39:00,2011-11-15 16:38:00,8,948,1623.8799999999999,226,202.98499999999999,704
12934.0,2009-12-03 10:51:00,2009-12-03 10:51:00,1,31,181.65,2,181.65,0
12935.0,2010-04-11 15:59:00,2011-12-07 17:25:00,15,3183,4197.96,111,279.864,605
12936.0,2011-09-22 13:51:00,2011-11-22 17:32:00,4,559,1063.9,56,265.975,61
12937.0,2009-12-03 15:43:00,2011-11-24 15:05:00,9,1977,3082.31,127,342.4788888888889,720
12938.0,2011-11-14 11:21:00,2011-11-14 11:21:00,1,140,114.14,9,114.14,0
12939.0,2010-01-12 11:27:00,2011-10-06 14:33:00,20,10328,25264.8,24,1263.24,632
12940.0,2011-09-13 10:16:00,2011-10-16 12:09:00,2,404,899.69,87,449.845,33
12941.0,2009-12-15 13:12:00,2009-12-15 13:12:00,1,381,377.49,27,377.49,0
12942.0,2010-12-09 09:34:00,2011-07-31 14:39:00,3,265,921.0500000000001,67,307.0166666666667,234
12943.0,2010-04-13 11:03:00,2010-05-30 13:52:00,2,222,496.5,22,248.25,47
12944.0,2010-12-20 10:41:00,2011-11-04 11:04:00,2,289,604.51,29,302.255,319
12945.0,2010-02-21 15:18:00,2011-02-24 14:15:00,2,446,900.11,47,450.055,367
12946.0,2010-09-29 10:14:00,2010-09-29 10:14:00,1,149,324.45,20,324.45,0
12947.0,2010-12-01 16:21:00,2011-07-19 10:06:00,6,1349,1908.03,83,318.005,229
12948.0,2009-12-02 12:28:00,2011-11-23 17:10:00,9,1304,2317.43,89,257.4922222222222,721
12949.0,2009-12-03 15:56:00,2011-11-09 11:25:00,22,8153,15287.9,341,694.9045454545454,705
12950.0,2011-11-15 13:48:00,2011-12-07 13:17:00,3,1380,1843.0,13,614.3333333333334,21
12951.0,2010-01-10 12:43:00,2011-12-01 12:14:00,15,1658,3193.92,109,212.928,689
12952.0,2011-09-22 16:37:00,2011-12-04 10:35:00,4,645,1348.19,63,337.0475,72
12953.0,2010-07-05 13:37:00,2011-11-30 09:24:00,2,364,828.8100000000001,45,414.40500000000003,512
12954.0,2010-03-11 10:16:00,2010-03-11 10:16:00,1,83,162.45,10,162.45,0
12955.0,2011-03-17 09:03:00,2011-12-08 16:29:00,11,3652,4726.5599999999995,80,429.68727272727267,266
12956.0,2009-12-15 19:03:00,2011-02-06 16:08:00,4,340,521.89,42,130.4725,417
12957.0,2009-12-11 12:01:00,2011-11-30 09:53:00,13,4624,8540.37,394,656.9515384615386,718
12958.0,2010-05-05 16:22:00,2010-11-04 16:16:00,2,118,467.34,45,233.67,182
12959.0,2010-08-12 17:20:00,2010-08-12 17:20:00,1,109,150.95,8,150.95,0
12960.0,2010-02-16 13:32:00,2010-10-22 09:31:00,4,1379,1322.07,49,330.5175,247
12961.0,2010-11-25 16:44:00,2010-11-25 16:44:00,1,180,211.99,37,211.99,0
12962.0,2011-08-18 13:38:00,2011-12-02 15:55:00,2,129,266.39,15,133.195,106
12963.0,2010-07-08 14:45:00,2011-12-01 12:55:00,12,1809,3601.59,129,300.1325,510
12964.0,2010-09-28 17:47:00,2010-09-28 17:47:00,1,56,132.24,26,132.24,0
12965.0,2011-09-11 15:31:00,2011-09-11 15:31:00,1,282,769.8100000000001,108,769.8100000000001,0
12966.0,2011-11-30 12:38:00,2011-11-30 12:38:00,1,75,160.18,10,160.18,0
12967.0,2010-11-21 11:03:00,2010-12-16 19:10:00,3,1272,4306.92,47,1435.64,25
12968.0,2011-08-19 15:44:00,2011-08-19 15:44:00,1,73,135.95,5,135.95,0
12969.0,2010-04-16 10:50:00,2010-04-16 10:50:00,1,55,122.45,5,122.45,0
12970.0,2009-12-04 14:19:00,2011-12-02 14:30:00,10,941,1422.39,273,142.239,728
12971.0,2009-12-15 19:04:00,2011-12-06 12:20:00,116,14587,15972.79,102,137.6964655172414,720
12972.0,2010-02-16 14:30:00,2010-10-22 08:41:00,4,844,1161.2,69,290.3,247
12973.0,2010-10-22 10:14:00,2010-10-22 10:14:00,1,31,385.55,6,385.55,0
12974.0,2010-05-23 11:45:00,2011-05-26 09:33:00,2,99,379.2,26,189.6,367
12975.0,2009-12-06 10:38:00,2010-09-29 09:46:00,6,899,2085.09,91,347.51500000000004,296
12976.0,2010-02-12 15:46:00,2011-05-12 09:55:00,8,2684,3156.38,106,394.5475,453
12977.0,2010-07-16 16:25:00,2011-07-06 16:40:00,4,128,513.88,54,128.47,355
12978.0,2009-12-10 12:10:00,2010-11-19 14:29:00,5,1374,2367.82,124,473.564,344
12979.0,2009-12-10 15:45:00,2009-12-10 15:45:00,1,520,517.7,56,517.7,0
12980.0,2009-12-02 11:26:00,2011-07-05 09:34:00,21,1910,16245.78,7,773.6085714285715,579
12981.0,2011-07-29 14:14:00,2011-11-10 12:00:00,2,242,372.21999999999997,12,186.10999999999999,103
12982.0,2010-04-12 13:50:00,2011-04-11 11:51:00,8,1705,2698.01,137,337.25125,363
12983.0,2010-04-20 12:58:00,2010-04-20 12:58:00,1,638,490.08000000000004,30,490.08000000000004,0
12984.0,2011-11-21 12:37:00,2011-11-21 12:37:00,1,26,97.5,4,97.5,0
12985.0,2011-11-11 12:44:00,2011-12-09 10:46:00,2,1521,1208.78,71,604.39,27
12986.0,2010-01-21 10:45:00,2010-10-07 11:57:00,10,1164,2729.84,61,272.98400000000004,259
12987.0,2010-01-20 09:57:00,2011-09-27 12:03:00,5,585,1312.21,61,262.442,615
12988.0,2011-02-20 14:31:00,2011-02-20 14:31:00,1,126,505.82,75,505.82,0
12989.0,2009-12-10 13:27:00,2011-12-06 15:28:00,33,6515,12669.75,49,383.9318181818182,726
12990.0,2010-03-30 11:36:00,2011-11-08 13:01:00,7,480,955.5,9,136.5,588
12991.0,2010-11-15 13:43:00,2011-11-16 15:34:00,3,483,764.82,45,254.94000000000003,366
12992.0,2009-12-14 16:46:00,2009-12-14 16:46:00,1,21,93.35000000000001,6,93.35000000000001,0
12993.0,2010-02-18 10:35:00,2011-11-16 15:49:00,8,751,1259.6299999999999,57,157.45374999999999,636
12994.0,2011-03-16 08:31:00,2011-12-05 15:43:00,3,459,974.4200000000001,52,324.8066666666667,264
12995.0,2011-09-15 15:44:00,2011-09-15 15:44:00,1,108,211.32,3,211.32,0
12996.0,2010-11-29 09:27:00,2010-11-29 09:27:00,1,122,355.5,22,355.5,0
12997.0,2010-04-06 11:06:00,2011-11-17 15:47:00,8,1186,2110.91,65,263.86375,590
12998.0,2010-02-24 11:55:00,2010-08-04 08:05:00,3,1112,905.08,57,301.6933333333333,160
12999.0,2011-04-08 10:26:00,2011-05-27 13:24:00,3,342,455.88,25,151.96,49
13000.0,2009-12-14 17:03:00,2011-08-25 10:43:00,4,536,1017.5,56,254.375,618
13001.0,2009-12-03 16:21:00,2011-12-05 14:51:00,33,13448,24042.65,300,728.5651515151516,731
13002.0,2010-10-01 11:58:00,2011-01-25 15:18:00,3,201,414.13,19,138.04333333333332,116
13003.0,2011-05-09 08:23:00,2011-08-26 10:50:00,3,103,149.05,4,49.68333333333334,109
13004.0,2009-12-15 09:44:00,2011-11-28 11:27:00,36,8748,11601.29,415,322.2580555555556,713
13005.0,2010-09-08 12:52:00,2011-06-19 10:53:00,4,462,999.68,41,249.92,283
13006.0,2011-10-14 13:49:00,2011-10-14 13:49:00,1,55,81.57,4,81.57,0
13007.0,2010-05-09 10:38:00,2010-05-09 10:38:00,1,59,175.25,11,175.25,0
13008.0,2009-12-16 16:07:00,2011-01-20 14:24:00,3,367,581.53,29,193.84333333333333,399
13009.0,2010-02-05 12:22:00,2010-02-05 12:22:00,1,120,234.0,4,234.0,0
13010.0,2010-03-01 11:28:00,2010-11-30 15:09:00,2,323,330.12,10,165.06,274
13011.0,2010-12-02 17:22:00,2010-12-02 17:22:00,1,26,101.10000000000001,3,101.10000000000001,0
13012.0,2010-04-26 14:14:00,2011-11-30 13:05:00,11,1559,2957.83,95,268.89363636363635,582
13013.0,2009-12-14 10:34:00,2011-12-08 15:01:00,29,6400,12419.52,283,428.2593103448276,724
13014.0,2010-10-03 11:35:00,2011-11-29 12:27:00,11,1979,5381.08,140,489.1890909090909,422
13015.0,2010-04-15 16:35:00,2011-10-17 13:19:00,11,3521,6564.4800000000005,259,596.7709090909092,549
13016.0,2011-08-08 15:00:00,2011-09-27 14:08:00,3,521,774.59,38,258.19666666666666,49
13017.0,2011-12-02 15:53:00,2011-12-02 15:53:00,1,48,204.0,1,204.0,0
13018.0,2010-03-01 12:34:00,2011-11-23 13:28:00,35,6728,9688.46,398,276.81314285714285,632
13019.0,2009-12-06 15:40:00,2010-11-25 14:56:00,6,397,1229.95,46,204.99166666666667,353
13020.0,2010-02-18 10:35:00,2010-05-26 11:12:00,2,266,603.96,37,301.98,97
13021.0,2009-12-05 12:02:00,2011-12-05 16:37:00,17,2546,4887.24,166,287.48470588235296,730
13022.0,2010-10-06 10:50:00,2010-10-06 10:50:00,1,34,50.3,4,50.3,0
13023.0,2010-06-29 09:51:00,2011-10-06 16:27:00,3,573,1251.03,68,417.01,464
13024.0,2010-05-06 14:25:00,2010-08-26 09:42:00,2,181,555.87,26,277.935,111
13025.0,2009-12-08 10:02:00,2009-12-08 10:02:00,1,241,323.39,13,323.39,0
13026.0,2009-12-13 11:34:00,2011-12-08 16:58:00,9,2466,1733.08,52,192.56444444444443,725
13027.0,2010-01-20 10:41:00,2011-08-18 09:39:00,19,42840,17239.2,7,907.3263157894737,574
13028.0,2011-10-25 14:09:00,2011-11-17 11:10:00,2,786,637.92,39,318.96,22
13029.0,2010-07-04 13:46:00,2011-11-09 09:13:00,5,194,1927.3,13,385.46,492
13030.0,2010-12-06 14:31:00,2011-11-28 14:30:00,2,510,1124.2,75,562.1,356
13031.0,2010-06-03 14:57:00,2010-10-28 15:34:00,5,2309,3292.84,275,658.568,147
13032.0,2010-09-05 14:01:00,2011-10-18 15:54:00,9,1274,2815.96,147,312.88444444444445,408
13033.0,2010-10-06 09:37:00,2010-12-17 14:23:00,2,98,220.55,12,110.275,72
13034.0,2010-11-03 15:22:00,2011-10-16 12:21:00,3,522,922.68,42,307.56,346
13035.0,2010-10-04 15:41:00,2011-09-27 08:57:00,3,926,1364.2,27,454.73333333333335,357
13036.0,2010-01-24 11:35:00,2010-01-24 11:35:00,1,38,307.1,6,307.1,0
13037.0,2009-12-03 17:04:00,2011-07-24 15:46:00,12,2130,3914.9500000000003,181,326.24583333333334,597
13038.0,2011-02-22 11:43:00,2011-09-20 14:37:00,3,336,808.86,23,269.62,210
13039.0,2009-12-17 16:43:00,2010-05-04 16:45:00,4,286,990.9300000000001,36,247.73250000000002,138
13040.0,2011-11-06 13:53:00,2011-12-01 10:38:00,2,355,676.99,38,338.495,24
13041.0,2010-04-29 08:43:00,2010-09-15 11:44:00,4,335,799.13,23,199.7825,139
13042.0,2009-12-07 15:42:00,2010-04-20 13:43:00,3,785,1407.14,159,469.0466666666667,133
13043.0,2011-03-11 14:52:00,2011-03-11 14:52:00,1,230,455.22,11,455.22,0
13044.0,2010-01-08 14:46:00,2011-02-21 15:20:00,11,2545,4833.9,354,439.44545454545454,409
13045.0,2010-08-10 13:02:00,2011-09-01 15:04:00,3,405,808.92,41,269.64,387
13046.0,2010-09-09 13:09:00,2011-11-09 08:36:00,3,503,932.75,49,310.9166666666667,425
13047.0,2009-12-16 11:43:00,2011-10-14 11:15:00,23,3428,8790.210000000001,189,382.1830434782609,666
13048.0,2010-01-27 12:55:00,2011-11-25 13:23:00,9,2661,4049.13,125,449.90333333333336,667
13049.0,2010-11-03 15:39:00,2011-10-06 15:31:00,4,620,1408.24,19,352.06,336
13050.0,2009-12-15 15:06:00,2011-11-25 09:18:00,34,7155,12106.0,509,356.05882352941177,709
13051.0,2010-03-30 11:11:00,2010-05-10 09:14:00,2,72,155.8,4,77.9,40
13052.0,2010-02-23 12:31:00,2011-05-11 14:12:00,7,1405,3080.38,157,440.05428571428575,442
13053.0,2010-03-28 11:28:00,2010-03-28 11:28:00,1,47,127.65,17,127.65,0
13055.0,2010-10-06 08:17:00,2011-09-22 14:26:00,4,1821,2321.11,145,580.2775,351
13056.0,2010-06-06 14:10:00,2010-06-06 14:10:00,1,158,209.48,18,209.48,0
13057.0,2010-03-18 12:14:00,2010-06-27 15:44:00,3,456,709.59,34,236.53,101
13058.0,2011-07-11 12:01:00,2011-11-15 12:43:00,3,52,271.40000000000003,5,90.46666666666668,127
13059.0,2010-03-31 12:23:00,2011-04-04 10:40:00,10,846,2274.27,153,227.427,368
13060.0,2011-03-31 11:37:00,2011-03-31 11:37:00,1,123,307.53,15,307.53,0
13061.0,2011-09-28 16:04:00,2011-09-28 16:04:00,1,107,248.61,10,248.61,0
13062.0,2011-06-01 15:12:00,2011-06-01 15:12:00,1,342,331.98,10,331.98,0
13063.0,2010-08-16 12:27:00,2010-08-16 12:27:00,1,116,188.4,12,188.4,0
13064.0,2010-04-27 10:08:00,2011-11-27 12:31:00,6,668,1666.8400000000001,58,277.8066666666667,579
13065.0,2010-06-10 11:44:00,2010-12-01 16:52:00,5,455,1260.91,49,252.18200000000002,174
13066.0,2011-11-07 17:06:00,2011-11-15 12:57:00,2,322,470.8,48,235.4,7
13067.0,2010-09-19 13:43:00,2011-09-18 13:38:00,3,131,508.51,24,169.50333333333333,363
13068.0,2011-01-24 08:20:00,2011-11-29 15:00:00,2,200,344.0,1,172.0,309
13069.0,2010-06-14 14:27:00,2011-12-09 08:39:00,38,15303,9588.18,568,252.3205263157895,542
13070.0,2009-12-07 14:44:00,2011-05-31 13:45:00,4,372,751.7,12,187.925,539
13071.0,2010-04-06 13:37:00,2010-04-06 13:37:00,1,26,109.42,11,109.42,0
13072.0,2011-03-18 08:12:00,2011-03-18 08:12:00,1,69,177.15,7,177.15,0
13073.0,2010-09-28 09:27:00,2010-10-24 14:06:00,2,261,418.08,25,209.04,26
13074.0,2009-12-16 11:46:00,2010-07-16 16:53:00,4,818,1339.14,25,334.785,212
13075.0,2011-08-02 10:19:00,2011-08-02 10:19:00,1,485,919.61,22,919.61,0
13076.0,2010-09-08 10:27:00,2010-09-08 10:27:00,1,44,135.4,9,135.4,0
13077.0,2009-12-11 11:17:00,2011-12-08 19:24:00,11,2755,3030.17,206,275.47,727
13078.0,2009-12-01 09:06:00,2011-12-06 15:36:00,57,12183,29532.45,153,518.1131578947369,735
13079.0,2010-10-18 14:15:00,2011-12-05 16:53:00,6,158,419.18,11,69.86333333333333,413
13080.0,2010-04-09 13:07:00,2011-06-13 14:59:00,4,193,280.73,17,70.1825,430
13081.0,2009-12-08 13:58:00,2011-11-28 10:54:00,28,41364,59021.1,734,2107.8964285714287,719
13082.0,2009-12-22 15:37:00,2011-08-05 16:16:00,21,8382,7080.75,96,337.17857142857144,591
13083.0,2010-10-10 13:38:00,2011-12-05 15:01:00,3,307,395.43,19,131.81,421
13084.0,2010-08-05 08:49:00,2010-08-05 08:49:00,1,144,122.39999999999999,2,122.39999999999999,0
13085.0,2009-12-01 07:45:00,2011-07-05 12:11:00,8,944,2433.28,50,304.16,581
13086.0,2010-11-22 10:28:00,2010-11-22 10:28:00,1,155,439.33000000000004,47,439.33000000000004,0
13087.0,2009-12-13 15:16:00,2009-12-13 15:16:00,1,82,273.84,14,273.84,0
13088.0,2010-10-18 15:35:00,2010-10-18 15:35:00,1,76,236.11,19,236.11,0
13089.0,2009-12-02 15:44:00,2011-12-07 09:02:00,203,60064,116200.23,854,572.4149261083744,734
13090.0,2010-08-02 13:58:00,2011-12-01 12:39:00,23,3436,14054.84,161,611.08,485
13091.0,2009-12-10 12:44:00,2011-11-11 15:54:00,2,1338,1108.8,40,554.4,701
13092.0,2010-02-10 08:44:00,2011-09-30 11:18:00,12,664,2140.28,52,178.35666666666668,597
13093.0,2009-12-04 10:32:00,2011-03-09 12:14:00,55,26149,54846.75,197,997.2136363636364,460
13094.0,2010-11-15 14:15:00,2011-11-18 14:07:00,13,2088,2433.1200000000003,5,187.16307692307694,367
13095.0,2011-09-30 12:03:00,2011-09-30 12:03:00,1,144,74.39999999999999,6,74.39999999999999,0
13096.0,2010-11-10 14:08:00,2010-11-10 14:08:00,1,6,419.70000000000005,1,419.70000000000005,0
13097.0,2009-12-01 13:31:00,2011-11-07 10:43:00,27,5200,12657.76,386,468.8059259259259,705
13098.0,2011-01-26 13:46:00,2011-12-08 14:14:00,28,15944,28835.64,155,1029.8442857142857,316
13099.0,2011-09-01 17:40:00,2011-09-01 17:40:00,1,288,207.35999999999999,1,207.35999999999999,0
13101.0,2010-01-27 15:49:00,2011-04-19 14:37:00,4,478,695.4,48,173.85,446
13102.0,2010-05-06 13:12:00,2011-12-08 12:52:00,37,6528,11574.52,210,312.8248648648649,580
13103.0,2010-05-11 14:41:00,2011-10-31 09:38:00,3,426,709.64,27,236.54666666666665,537
13104.0,2010-02-24 15:06:00,2011-12-06 13:10:00,9,834,1709.1,15,189.89999999999998,649
13105.0,2010-09-29 13:41:00,2010-09-29 13:41:00,1,100,72.0,1,72.0,0
13106.0,2010-10-22 13:10:00,2011-07-29 15:12:00,2,231,603.46,15,301.73,280
13107.0,2010-02-04 10:50:00,2011-10-26 14:52:00,9,4304,5222.47,141,580.2744444444445,629
13108.0,2010-09-30 17:09:00,2010-12-02 10:35:00,2,1043,1098.52,27,549.26,62
13109.0,2010-06-06 12:59:00,2011-10-11 10:16:00,3,757,1134.03,57,378.01,491
13110.0,2009-12-01 14:14:00,2011-11-08 14:30:00,12,763,2957.4700000000003,167,246.45583333333335,707
13111.0,2009-12-21 09:00:00,2009-12-21 09:00:00,1,180,321.88000000000005,12,321.88000000000005,0
13112.0,2010-06-16 17:03:00,2010-06-16 17:03:00,1,11,20.6,2,20.6,0
13113.0,2010-03-28 16:13:00,2011-12-09 12:49:00,37,4540,18603.04,166,502.7848648648649,620
13114.0,2009-12-09 09:56:00,2009-12-09 09:56:00,1,73,221.63,15,221.63,0
13115.0,2010-04-19 13:29:00,2011-11-28 12:38:00,10,3934,5494.7,178,549.47,587
13116.0,2011-07-24 14:33:00,2011-07-24 14:33:00,1,291,501.14,30,501.14,0
13117.0,2010-03-26 13:50:00,2011-11-18 12:02:00,18,2067,2643.81,122,146.87833333333333,601
13118.0,2010-09-26 15:46:00,2011-11-20 12:46:00,9,822,2400.41,110,266.7122222222222,419
13119.0,2010-02-09 08:38:00,2010-02-09 08:38:00,1,110,134.9,11,134.9,0
13120.0,2011-04-15 10:19:00,2011-04-15 10:19:00,1,12,30.599999999999998,1,30.599999999999998,0
13121.0,2011-03-15 16:47:00,2011-03-15 16:47:00,1,252,283.73,50,283.73,0
13122.0,2011-04-13 14:12:00,2011-09-06 15:53:00,2,585,922.39,54,461.195,146
13123.0,2010-06-28 12:43:00,2010-08-24 10:18:00,2,268,506.75,36,253.375,56
13124.0,2010-11-19 15:50:00,2011-09-11 12:45:00,4,2736,4629.76,215,1157.44,295
13125.0,2010-07-04 11:58:00,2010-07-04 11:58:00,1,53,148.62,20,148.62,0
13126.0,2010-03-02 12:24:00,2011-12-05 10:00:00,13,3352,3905.04,178,300.3876923076923,642
13127.0,2011-09-23 10:26:00,2011-09-23 10:26:00,1,127,259.17,15,259.17,0
13128.0,2010-03-18 15:08:00,2010-03-18 15:08:00,1,31,263.5,1,263.5,0
13129.0,2010-06-28 11:54:00,2010-09-13 13:47:00,2,296,233.25,10,116.625,77
13130.0,2011-09-06 15:30:00,2011-09-06 15:30:00,1,32,64.0,2,64.0,0
13131.0,2010-02-09 09:47:00,2011-11-16 13:21:00,7,1505,3267.87,104,466.8385714285714,645
13132.0,2011-03-23 12:44:00,2011-03-23 12:44:00,1,20,77.3,3,77.3,0
13133.0,2010-09-06 15:30:00,2011-03-11 10:31:00,3,55,200.45000000000002,12,66.81666666666668,185
13134.0,2010-10-19 13:21:00,2011-09-15 10:35:00,6,1364,2475.23,110,412.53833333333336,330
13135.0,2010-08-05 17:28:00,2011-05-27 10:52:00,2,4423,3371.45,18,1685.725,294
13136.0,2009-12-08 18:30:00,2011-10-14 13:41:00,13,3109,6274.56,204,482.65846153846155,674
13137.0,2010-07-25 15:40:00,2011-11-29 12:09:00,16,4235,7583.19,627,473.949375,491
13138.0,2010-11-08 11:45:00,2011-11-17 16:51:00,7,718,1467.24,41,209.6057142857143,374
13139.0,2010-09-28 09:12:00,2011-11-23 13:54:00,8,4614,8202.98,214,1025.3725,421
13140.0,2010-08-05 19:05:00,2011-08-23 15:33:00,5,646,1213.18,89,242.63600000000002,382
13141.0,2009-12-09 13:34:00,2011-09-16 09:54:00,17,5087,7402.88,280,435.46352941176474,645
13142.0,2011-11-20 16:07:00,2011-11-20 16:07:00,1,258,307.09,23,307.09,0
13143.0,2010-05-04 12:22:00,2010-05-04 12:22:00,1,198,405.1,23,405.1,0
13144.0,2010-10-04 14:14:00,2011-01-11 11:15:00,2,29,135.35,6,67.675,98
13145.0,2010-04-19 11:11:00,2011-10-31 12:45:00,7,266,1423.52,5,203.35999999999999,560
13146.0,2011-11-13 15:29:00,2011-11-13 15:29:00,1,154,228.91,16,228.91,0
13147.0,2011-09-01 12:28:00,2011-11-29 13:59:00,4,144,712.8000000000001,1,178.20000000000002,89
13148.0,2009-12-07 15:26:00,2011-11-10 15:23:00,26,4459,8406.62,445,323.3315384615385,702
13149.0,2011-02-23 13:57:00,2011-11-25 13:09:00,4,1280,1676.06,76,419.015,274
13150.0,2010-03-19 09:03:00,2010-08-12 12:59:00,3,171,449.96999999999997,7,149.98999999999998,146
13151.0,2010-03-22 10:26:00,2011-02-17 12:29:00,3,788,2454.71,130,818.2366666666667,332
13152.0,2010-01-14 10:01:00,2010-10-18 13:44:00,7,973,2131.38,113,304.48285714285714,277
13153.0,2011-12-04 12:14:00,2011-12-04 12:14:00,1,418,486.22,15,486.22,0
13154.0,2009-12-04 08:46:00,2010-11-05 16:00:00,3,976,1624.84,78,541.6133333333333,336
13155.0,2010-08-05 09:30:00,2011-11-06 15:41:00,6,909,1750.18,79,291.69666666666666,458
13156.0,2010-02-01 13:45:00,2010-11-19 13:09:00,3,908,1573.94,93,524.6466666666666,290
13157.0,2010-03-08 11:59:00,2011-10-21 13:50:00,9,4762,5687.36,173,631.9288888888889,592
13158.0,2010-11-16 17:12:00,2011-09-06 11:58:00,5,992,1508.18,70,301.636,293
13159.0,2011-08-16 11:44:00,2011-12-01 11:20:00,4,1058,1429.35,114,357.3375,106
13160.0,2011-11-17 13:07:00,2011-11-17 13:07:00,1,56,91.8,4,91.8,0
13161.0,2010-07-27 12:44:00,2011-01-30 14:03:00,2,105,472.13,30,236.065,187
13162.0,2009-12-04 13:59:00,2011-08-09 15:59:00,16,5683,9195.09,183,574.693125,613
13163.0,2010-04-08 16:21:00,2010-04-08 16:21:00,1,3,17.65,2,17.65,0
13164.0,2010-02-10 11:52:00,2010-05-19 13:52:00,2,120,372.2,7,186.1,98
13165.0,2010-10-22 17:04:00,2011-10-24 15:05:00,3,1736,1451.16,47,483.72,366
13166.0,2010-10-21 14:29:00,2011-03-01 15:16:00,2,522,875.93,55,437.965,131
13167.0,2010-11-14 12:58:00,2011-11-21 12:24:00,5,993,1087.65,62,217.53000000000003,371
13168.0,2010-06-15 15:00:00,2011-11-03 12:56:00,5,897,1838.18,126,367.636,505
13169.0,2010-05-26 15:58:00,2011-10-07 12:11:00,3,296,840.08,16,280.0266666666667,498
13170.0,2011-11-13 12:19:00,2011-11-13 12:19:00,1,141,108.81,29,108.81,0
13171.0,2011-02-13 14:16:00,2011-11-18 10:27:00,3,229,468.41,37,156.13666666666668,277
13172.0,2010-11-04 15:10:00,2010-11-04 15:10:00,1,48,69.6,1,69.6,0
13173.0,2009-12-10 12:52:00,2011-12-05 15:51:00,11,1575,2489.46,156,226.31454545454545,725
13174.0,2009-12-04 15:40:00,2011-11-23 14:35:00,11,4449,9283.27,593,843.9336363636364,718
13175.0,2009-12-04 12:11:00,2010-05-06 13:13:00,2,417,816.15,39,408.075,153
13176.0,2011-10-24 15:43:00,2011-10-24 15:43:00,1,448,481.49,66,481.49,0
13177.0,2010-10-05 10:35:00,2011-10-06 09:56:00,2,180,512.2,23,256.1,365
13178.0,2009-12-16 14:00:00,2011-11-13 16:14:00,21,8778,14059.19,194,669.4852380952382,697
13179.0,2010-03-31 11:40:00,2010-03-31 11:40:00,1,368,572.3100000000001,34,572.3100000000001,0
13180.0,2010-04-11 13:37:00,2010-04-11 13:37:00,1,42,86.10000000000001,4,86.10000000000001,0
13181.0,2010-11-23 15:05:00,2010-11-23 15:05:00,1,171,359.69,19,359.69,0
13182.0,2011-10-25 13:46:00,2011-10-25 13:46:00,1,201,121.18,11,121.18,0
13183.0,2010-03-14 12:32:00,2011-12-02 10:30:00,15,4027,7036.18,64,469.07866666666666,627
13184.0,2011-02-22 17:25:00,2011-11-25 12:02:00,10,1661,1667.95,137,166.79500000000002,275
13185.0,2011-03-17 11:56:00,2011-03-17 11:56:00,1,12,71.4,1,71.4,0
13186.0,2011-08-03 09:09:00,2011-10-31 11:40:00,3,812,1536.2900000000002,67,512.0966666666667,89
13187.0,2010-03-25 17:18:00,2011-01-06 18:57:00,4,283,328.36,50,82.09,287
13188.0,2011-11-28 15:28:00,2011-11-28 15:28:00,1,24,99.60000000000001,1,99.60000000000001,0
13189.0,2011-08-16 13:12:00,2011-11-21 10:39:00,2,842,260.68,29,130.34,96
13190.0,2009-12-07 12:13:00,2010-06-13 15:47:00,3,308,570.66,16,190.22,188
13191.0,2010-02-19 17:02:00,2010-02-19 17:02:00,1,110,155.46,56,155.46,0
13192.0,2010-01-22 08:37:00,2011-09-05 14:13:00,6,1605,2497.38,131,416.23,591
13193.0,2011-10-09 14:30:00,2011-10-09 14:30:00,1,46,112.08,22,112.08,0
13194.0,2010-10-14 11:54:00,2011-07-27 09:01:00,2,326,472.78,10,236.39,285
13195.0,2010-10-21 13:07:00,2010-10-21 13:07:00,1,70,136.73,43,136.73,0
13196.0,2010-04-01 12:54:00,2011-11-28 13:54:00,7,2006,3068.84,141,438.4057142857143,606
13197.0,2010-04-09 09:14:00,2010-04-09 09:14:00,1,204,373.01000000000005,19,373.01000000000005,0
13198.0,2010-10-01 13:27:00,2011-11-29 15:17:00,8,3446,4956.38,264,619.5475,424
13199.0,2009-12-05 10:11:00,2011-12-06 12:30:00,66,12018,16417.89,60,248.75590909090909,731
13200.0,2011-08-05 14:50:00,2011-11-20 15:35:00,4,513,852.24,41,213.06,107
13201.0,2010-03-07 11:01:00,2010-07-25 14:30:00,4,1036,1233.06,65,308.265,140
13202.0,2009-12-09 10:48:00,2010-11-10 16:24:00,7,572,1580.3,55,225.75714285714284,336
13203.0,2009-12-17 14:15:00,2011-11-30 10:45:00,10,2413,2648.25,158,264.825,712
13204.0,2009-12-08 14:56:00,2009-12-08 14:56:00,1,428,966.6600000000001,57,966.6600000000001,0
13205.0,2010-09-22 16:26:00,2010-09-22 16:26:00,1,256,2803.2,1,2803.2,0
13206.0,2009-12-07 13:48:00,2010-11-04 16:50:00,13,7085,8301.44,392,638.5723076923077,332
13207.0,2010-04-06 16:37:00,2011-11-24 14:52:00,4,166,464.46000000000004,9,116.11500000000001,596
13208.0,2009-12-03 13:25:00,2011-10-11 16:25:00,8,1305,1938.52,196,242.315,677
13209.0,2010-01-24 14:30:00,2011-11-09 13:54:00,13,5733,8448.55,280,649.8884615384615,653
13210.0,2011-09-07 08:18:00,2011-09-07 08:18:00,1,316,353.48,22,353.48,0
13211.0,2009-12-06 15:24:00,2011-11-29 14:43:00,10,1845,2618.77,98,261.877,722
13212.0,2011-10-09 14:48:00,2011-11-20 12:40:00,3,308,780.88,127,260.29333333333335,41
13213.0,2010-05-20 14:50:00,2011-10-14 11:42:00,11,2962,3851.52,181,350.1381818181818,511
13214.0,2010-03-03 14:10:00,2010-10-18 10:00:00,7,2954,3233.63,205,461.94714285714286,228
13215.0,2010-11-02 18:26:00,2010-11-02 18:26:00,1,96,81.6,1,81.6,0
13216.0,2011-03-17 12:18:00,2011-03-17 12:18:00,1,297,333.74,5,333.74,0
13217.0,2010-02-22 12:49:00,2011-08-09 15:32:00,4,512,666.48,3,166.62,533
13218.0,2011-08-04 16:59:00,2011-08-04 16:59:00,1,88,62.63999999999999,5,62.63999999999999,0
13219.0,2010-03-31 14:18:00,2010-03-31 14:18:00,1,10,70.28,10,70.28,0
13220.0,2010-05-13 10:35:00,2011-09-22 13:38:00,5,396,1336.0900000000001,46,267.218,497
13221.0,2010-12-15 13:24:00,2011-04-13 16:58:00,2,237,839.88,60,419.94,119
13222.0,2010-05-11 13:54:00,2010-05-11 13:54:00,1,30,88.5,1,88.5,0
13223.0,2010-02-12 13:27:00,2011-05-23 13:03:00,6,568,969.1200000000001,8,161.52,464
13224.0,2011-07-11 14:10:00,2011-10-10 14:55:00,2,1515,2152.95,100,1076.475,91
13225.0,2009-12-17 09:09:00,2011-12-06 13:29:00,16,7401,16260.07,60,1016.254375,719
13226.0,2010-11-11 13:46:00,2011-03-11 14:35:00,2,179,312.46,28,156.23,120
13227.0,2011-05-22 11:47:00,2011-05-22 11:47:00,1,99,257.7,9,257.7,0
13228.0,2011-09-19 14:28:00,2011-09-19 14:28:00,1,200,358.0,2,358.0,0
13229.0,2011-04-28 12:07:00,2011-04-28 12:07:00,1,63,160.95,10,160.95,0
13230.0,2010-03-18 20:02:00,2011-12-05 16:03:00,30,3506,6140.36,645,204.67866666666666,626
13232.0,2011-04-10 13:48:00,2011-11-27 10:39:00,7,758,1277.8,143,182.54285714285714,230
13233.0,2010-01-14 14:10:00,2011-09-26 13:25:00,4,1604,1176.46,74,294.115,619
13234.0,2009-12-07 12:32:00,2010-02-05 11:41:00,2,159,346.5,56,173.25,59
13235.0,2011-05-11 17:13:00,2011-05-11 17:13:00,1,421,975.27,49,975.27,0
13236.0,2011-08-25 08:58:00,2011-11-15 12:50:00,2,416,744.85,34,372.425,82
13237.0,2010-11-17 10:07:00,2010-11-17 10:07:00,1,128,643.0,24,643.0,0
13238.0,2010-04-28 15:02:00,2011-11-22 15:37:00,6,442,1006.63,24,167.77166666666668,573
13239.0,2010-07-25 13:34:00,2011-03-23 10:25:00,5,983,1471.09,80,294.21799999999996,240
13240.0,2010-02-25 13:17:00,2011-09-04 14:08:00,8,820,1633.56,155,204.195,556
13241.0,2010-10-24 11:17:00,2010-10-24 11:17:00,1,46,112.53,40,112.53,0
13242.0,2010-02-09 13:12:00,2011-08-19 12:53:00,7,350,699.4,19,99.91428571428571,555
13243.0,2010-03-18 13:10:00,2011-05-20 13:14:00,5,553,1217.83,164,243.56599999999997,428
13244.0,2011-09-08 11:46:00,2011-09-08 11:46:00,1,38,121.74000000000001,27,121.74000000000001,0
13245.0,2010-10-03 14:03:00,2011-10-20 11:40:00,2,371,989.22,43,494.61,381
13246.0,2010-07-02 13:36:00,2011-11-21 16:50:00,11,2796,3351.75,229,304.70454545454544,507
13247.0,2011-09-18 11:31:00,2011-11-22 10:59:00,4,328,501.12,18,125.28,64
13248.0,2011-06-03 13:05:00,2011-08-07 12:40:00,2,293,442.28,24,221.14,64
13249.0,2010-01-24 12:11:00,2011-09-08 13:26:00,9,1246,1608.93,21,178.77,592
13250.0,2010-07-25 14:01:00,2010-09-05 11:33:00,2,107,253.09,17,126.545,41
13251.0,2010-11-02 13:20:00,2010-11-02 13:20:00,1,215,252.68,25,252.68,0
13252.0,2010-03-24 10:30:00,2010-11-10 16:00:00,2,134,399.3,19,199.65,231
13253.0,2010-01-05 12:13:00,2011-07-06 10:09:00,4,2997,2880.01,72,720.0025,546
13254.0,2010-11-28 15:42:00,2010-11-28 15:42:00,1,43,51.410000000000004,4,51.410000000000004,0
13255.0,2010-07-15 13:20:00,2011-11-30 13:14:00,3,517,904.46,26,301.4866666666667,502
13257.0,2010-09-29 14:58:00,2010-09-29 14:58:00,1,33,149.75,7,149.75,0
13258.0,2010-11-04 12:45:00,2011-11-28 09:31:00,5,446,1009.43,29,201.886,388
13259.0,2010-01-10 10:26:00,2011-10-09 10:48:00,9,497,1341.84,231,149.09333333333333,637
13260.0,2011-10-09 13:21:00,2011-10-09 13:21:00,1,142,557.62,8,557.62,0
13261.0,2011-02-27 10:41:00,2011-03-16 12:22:00,2,210,944.1,8,472.05,17
13262.0,2010-04-18 12:14:00,2011-03-21 15:06:00,3,242,530.1,45,176.70000000000002,337
13263.0,2010-10-22 17:07:00,2011-12-08 13:59:00,38,5332,8574.39,500,225.64184210526315,411
13264.0,2010-09-23 12:42:00,2010-09-23 12:42:00,1,375,722.5600000000001,38,722.5600000000001,0
13265.0,2011-03-11 09:54:00,2011-10-17 15:02:00,5,1740,2092.66,66,418.532,220
13266.0,2009-12-17 10:52:00,2011-11-28 14:39:00,19,6399,5951.26,151,313.2242105263158,711
13267.0,2009-12-07 16:56:00,2011-12-07 11:12:00,36,4100,9731.26,151,270.3127777777778,729
13268.0,2011-03-17 13:20:00,2011-11-22 11:34:00,10,3548,3152.71,256,315.271,249
13269.0,2009-12-02 11:47:00,2011-12-08 14:53:00,28,6536,8819.9,233,314.99642857142857,736
13270.0,2010-12-08 14:53:00,2010-12-08 14:53:00,1,400,1180.0,1,1180.0,0
13271.0,2011-11-02 14:31:00,2011-11-02 14:31:00,1,240,211.49,79,211.49,0
13272.0,2011-09-11 12:06:00,2011-11-08 14:00:00,2,96,276.56,15,138.28,58
13273.0,2011-08-18 14:02:00,2011-08-18 14:02:00,1,153,138.98,16,138.98,0
13274.0,2010-10-26 13:48:00,2010-10-26 13:48:00,1,199,360.85,19,360.85,0
13275.0,2010-03-17 14:05:00,2010-11-21 12:09:00,2,138,238.86,48,119.43,248
13276.0,2010-03-07 14:05:00,2011-10-07 12:44:00,5,840,1891.91,209,378.382,578
13277.0,2010-06-18 08:45:00,2011-11-24 09:21:00,7,382,523.3,10,74.75714285714285,524
13278.0,2010-04-08 11:59:00,2011-10-30 11:49:00,4,1327,1399.65,77,349.9125,569
13279.0,2011-09-22 17:24:00,2011-09-22 17:24:00,1,67,122.45,8,122.45,0
13280.0,2010-03-05 09:07:00,2011-08-09 13:14:00,7,1465,2232.13,155,318.8757142857143,522
13281.0,2010-09-26 16:03:00,2010-09-26 16:03:00,1,198,333.0,21,333.0,0
13282.0,2010-10-29 14:11:00,2011-11-21 15:33:00,4,410,1313.19,42,328.2975,388
13283.0,2010-03-09 14:36:00,2011-10-11 09:50:00,4,204,373.36,19,93.34,580
13284.0,2011-01-13 09:23:00,2011-01-13 09:23:00,1,91,201.19,13,201.19,0
13285.0,2010-03-25 14:26:00,2011-11-16 13:19:00,6,2457,3364.59,182,560.765,600
13286.0,2010-04-18 15:35:00,2010-04-18 15:35:00,1,274,734.91,46,734.91,0
13287.0,2010-01-04 10:43:00,2010-04-15 15:26:00,3,429,781.59,46,260.53000000000003,101
13288.0,2010-02-11 14:59:00,2010-09-22 16:32:00,5,379,927.61,7,185.522,223
13289.0,2009-12-16 11:53:00,2009-12-16 11:53:00,1,119,307.95,16,307.95,0
13291.0,2010-02-11 18:36:00,2011-07-07 10:36:00,11,1590,3221.29,154,292.8445454545454,510
13292.0,2010-07-01 14:36:00,2011-11-01 10:04:00,5,530,994.51,55,198.902,487
13293.0,2010-02-09 12:05:00,2010-11-12 13:28:00,6,543,1177.94,50,196.32333333333335,276
13294.0,2010-03-03 12:54:00,2011-06-03 08:54:00,3,996,1689.53,93,563.1766666666666,456
13295.0,2010-05-12 09:13:00,2010-12-15 11:21:00,4,727,1086.67,55,271.6675,217
13296.0,2010-05-11 14:29:00,2011-07-25 13:46:00,6,653,792.51,50,132.085,439
13297.0,2010-06-15 12:35:00,2011-12-02 09:32:00,7,2658,4276.82,102,610.9742857142857,534
13298.0,2011-12-08 13:11:00,2011-12-08 13:11:00,1,96,360.0,2,360.0,0
13299.0,2010-06-29 11:30:00,2011-03-16 12:55:00,3,416,1218.7,56,406.23333333333335,260
13300.0,2010-05-14 15:56:00,2011-06-23 13:09:00,3,451,1265.71,43,421.90333333333336,404
13301.0,2011-02-20 13:13:00,2011-08-28 11:25:00,4,343,600.19,74,150.0475,188
13302.0,2010-07-01 12:32:00,2011-07-07 17:56:00,2,12,159.2,3,79.6,371
13303.0,2010-11-04 14:55:00,2010-11-04 14:55:00,1,26,61.72,4,61.72,0
13304.0,2010-02-08 12:42:00,2010-12-23 14:35:00,4,716,1217.99,59,304.4975,318
13305.0,2010-03-10 14:49:00,2011-12-05 15:15:00,16,2360,3752.61,153,234.538125,635
13306.0,2010-10-05 14:55:00,2010-10-05 14:55:00,1,74,53.65,4,53.65,0
13307.0,2010-04-26 13:28:00,2011-08-11 17:14:00,3,140,273.34,15,91.11333333333333,472
13308.0,2010-04-22 09:22:00,2011-11-17 09:31:00,4,1073,1670.3700000000001,65,417.59250000000003,574
13309.0,2010-11-12 12:10:00,2011-12-02 16:34:00,6,1914,1706.3700000000001,95,284.39500000000004,385
13310.0,2010-11-02 17:03:00,2011-11-11 17:23:00,5,816,1541.2,80,308.24,374
13311.0,2011-07-12 14:26:00,2011-12-05 12:55:00,2,305,598.57,25,299.285,145
13312.0,2010-09-14 14:36:00,2010-09-14 14:36:00,1,41,124.75,5,124.75,0
13313.0,2009-12-02 16:18:00,2011-11-17 16:48:00,12,2227,3228.57,102,269.0475,715
13314.0,2011-09-27 10:20:00,2011-12-08 12:29:00,3,552,736.34,54,245.4466666666667,72
13315.0,2010-01-19 15:34:00,2010-01-19 15:34:00,1,232,310.26,22,310.26,0
13316.0,2010-03-10 10:01:00,2011-11-02 13:40:00,10,19931,12940.82,115,1294.0819999999999,602
13317.0,2009-12-13 11:11:00,2011-10-04 13:35:00,19,3136,6405.09,219,337.11,660
13318.0,2011-11-02 13:26:00,2011-12-08 18:51:00,3,304,640.76,14,213.58666666666667,36
13319.0,2009-12-06 14:46:00,2011-12-04 13:34:00,58,9270,22082.5,345,380.73275862068965,727
13320.0,2010-08-18 10:29:00,2011-09-22 18:07:00,6,1485,2150.4,94,358.40000000000003,400
13321.0,2011-09-14 15:18:00,2011-09-28 15:24:00,2,372,567.36,10,283.68,14
13322.0,2011-11-22 14:21:00,2011-11-22 14:21:00,1,117,199.48000000000002,25,199.48000000000002,0
13323.0,2011-09-16 13:23:00,2011-12-06 17:12:00,5,175,787.85,6,157.57,81
13324.0,2010-05-25 10:23:00,2011-11-03 16:28:00,18,8448,10513.47,36,584.0816666666666,527
13325.0,2011-09-19 10:36:00,2011-09-19 10:36:00,1,240,675.3,12,675.3,0
13326.0,2010-10-03 16:00:00,2010-10-03 16:00:00,1,140,281.76,13,281.76,0
13327.0,2009-12-18 15:35:00,2011-11-01 10:21:00,19,4470,9743.87,173,512.8352631578948,682
13328.0,2011-01-27 15:22:00,2011-01-27 15:22:00,1,632,1186.08,16,1186.08,0
13329.0,2009-12-04 15:41:00,2011-11-08 10:29:00,8,3486,5112.97,68,639.12125,703
13330.0,2010-02-23 10:12:00,2011-09-08 12:27:00,6,1951,2796.1,80,466.01666666666665,562
13331.0,2010-11-03 08:04:00,2010-11-03 08:04:00,1,54,262.4,12,262.4,0
13332.0,2011-11-25 13:30:00,2011-11-25 13:30:00,1,176,333.05,20,333.05,0
13333.0,2010-02-19 09:26:00,2010-10-24 13:24:00,3,685,1015.74,54,338.58,247
13334.0,2010-02-25 12:21:00,2011-09-18 15:21:00,5,3106,5976.8,300,1195.3600000000001,570
13336.0,2011-09-23 14:05:00,2011-09-23 14:05:00,1,559,795.12,51,795.12,0
13337.0,2010-06-11 13:27:00,2010-06-11 13:27:00,1,976,1555.46,86,1555.46,0
13338.0,2010-01-05 12:25:00,2011-07-05 09:06:00,4,1133,2297.77,109,574.4425,545
13339.0,2011-05-23 08:31:00,2011-05-23 08:31:00,1,322,840.32,53,840.32,0
13340.0,2010-02-22 14:54:00,2011-10-25 13:15:00,12,9602,20280.76,187,1690.0633333333333,609
13341.0,2011-03-24 09:50:00,2011-03-24 09:50:00,1,297,756.05,41,756.05,0
13343.0,2011-06-15 12:24:00,2011-06-15 12:24:00,1,134,303.43,18,303.43,0
13344.0,2011-03-07 10:28:00,2011-10-03 09:45:00,3,952,2511.69,115,837.23,209
13345.0,2011-02-25 09:01:00,2011-02-25 09:01:00,1,140,339.5,19,339.5,0
13346.0,2010-04-22 12:34:00,2010-09-03 11:41:00,6,180,299.4,4,49.9,133
13347.0,2011-09-30 13:28:00,2011-09-30 13:28:00,1,204,291.36,7,291.36,0
13348.0,2011-10-06 17:28:00,2011-10-06 17:28:00,1,136,233.76,14,233.76,0
13349.0,2011-11-29 08:07:00,2011-11-29 08:07:00,1,224,197.32,15,197.32,0
13350.0,2011-09-21 13:33:00,2011-11-23 16:33:00,2,285,879.12,35,439.56,63
13351.0,2011-10-04 12:55:00,2011-10-04 12:55:00,1,116,323.94,15,323.94,0
13352.0,2011-10-10 13:55:00,2011-10-10 13:55:00,1,320,347.97999999999996,23,347.97999999999996,0
13354.0,2011-09-29 13:17:00,2011-09-29 13:17:00,1,604,743.53,51,743.53,0
13355.0,2011-08-09 14:48:00,2011-08-09 14:48:00,1,314,674.7,32,674.7,0
13356.0,2011-09-20 14:33:00,2011-09-20 14:33:00,1,321,748.4399999999999,41,748.4399999999999,0
13357.0,2010-03-22 14:30:00,2011-03-27 13:56:00,5,2025,3632.81,277,726.562,369
13358.0,2011-03-16 11:52:00,2011-03-16 11:52:00,1,281,371.18,27,371.18,0
13359.0,2010-11-01 15:05:00,2011-10-07 09:30:00,2,379,943.3100000000001,51,471.65500000000003,339
13360.0,2010-01-08 11:16:00,2010-10-04 12:37:00,4,941,1503.65,57,375.9125,269
13361.0,2010-04-01 07:49:00,2010-08-24 14:56:00,2,324,1450.5,29,725.25,145
13362.0,2010-10-10 15:27:00,2011-11-30 14:41:00,7,2481,5394.07,186,770.5814285714285,415
13363.0,2010-10-26 11:07:00,2011-11-22 12:40:00,3,1090,1486.16,73,495.3866666666667,392
13364.0,2011-09-29 18:13:00,2011-09-29 18:13:00,1,71,134.95999999999998,10,134.95999999999998,0
13365.0,2011-05-06 12:00:00,2011-11-06 12:36:00,2,1247,2225.37,122,1112.685,184
13366.0,2011-10-20 13:37:00,2011-10-20 13:37:00,1,144,56.160000000000004,1,56.160000000000004,0
13367.0,2010-10-04 10:00:00,2010-10-04 10:00:00,1,252,460.20000000000005,19,460.20000000000005,0
13368.0,2010-10-12 10:43:00,2011-03-28 09:59:00,4,604,1021.5,44,255.375,166
13369.0,2010-12-09 11:30:00,2010-12-09 11:30:00,1,296,516.5600000000001,13,516.5600000000001,0
13370.0,2010-12-03 10:26:00,2010-12-03 10:26:00,1,686,1509.74,39,1509.74,0
13371.0,2010-03-17 15:29:00,2010-07-22 17:33:00,2,1013,2282.36,74,1141.18,127
13372.0,2011-09-11 12:46:00,2011-09-11 12:46:00,1,146,298.04,20,298.04,0
13373.0,2009-12-06 12:34:00,2011-10-10 10:51:00,6,4260,7569.34,291,1261.5566666666666,672
13374.0,2010-09-16 10:29:00,2010-10-21 10:04:00,2,134,372.8,16,186.4,34
13375.0,2010-09-21 08:12:00,2011-09-12 10:19:00,2,1124,1792.23,62,896.115,356
13376.0,2011-04-19 13:03:00,2011-09-01 16:16:00,3,490,869.76,44,289.92,135
13377.0,2010-03-04 10:06:00,2010-11-08 12:20:00,2,746,1452.88,70,726.44,249
13379.0,2011-07-26 12:26:00,2011-11-13 13:45:00,3,601,572.56,85,190.85333333333332,110
13380.0,2010-10-03 10:18:00,2010-10-03 10:18:00,1,48,62.4,3,62.4,0
13381.0,2009-12-01 15:19:00,2011-11-08 11:58:00,12,5125,8224.37,154,685.3641666666667,706
13382.0,2009-12-08 09:56:00,2011-03-04 10:03:00,5,863,1387.58,74,277.51599999999996,451
13383.0,2010-06-14 11:45:00,2010-06-14 11:45:00,1,288,305.28000000000003,1,305.28000000000003,0
13384.0,2010-07-27 12:22:00,2011-11-09 11:04:00,11,4138,6661.03,191,605.5481818181818,469
13385.0,2011-01-14 09:52:00,2011-01-14 09:52:00,1,281,534.57,35,534.57,0
13386.0,2010-09-28 13:09:00,2010-10-21 12:52:00,2,514,835.46,24,417.73,22
13387.0,2010-10-18 14:07:00,2010-10-18 14:07:00,1,117,181.84,70,181.84,0
13388.0,2010-04-15 10:18:00,2011-07-31 12:52:00,3,701,1185.65,68,395.2166666666667,472
13389.0,2011-04-21 12:12:00,2011-11-28 14:01:00,3,428,782.96,49,260.9866666666667,221
13390.0,2011-09-26 08:38:00,2011-09-26 08:38:00,1,224,544.08,13,544.08,0
13391.0,2011-05-20 10:50:00,2011-05-20 10:50:00,1,4,59.8,1,59.8,0
13392.0,2010-01-31 13:34:00,2010-01-31 13:34:00,1,82,91.14,8,91.14,0
13393.0,2009-12-07 18:12:00,2010-05-05 09:34:00,4,662,1131.45,53,282.8625,148
13394.0,2009-12-01 11:58:00,2011-12-08 11:36:00,19,4826,5436.1,247,286.1105263157895,736
13395.0,2010-10-14 13:00:00,2011-06-07 15:04:00,3,1660,1180.23,77,393.41,236
13396.0,2011-01-24 13:37:00,2011-11-10 16:59:00,2,600,1360.99,42,680.495,290
13397.0,2010-01-20 09:50:00,2011-09-28 10:56:00,10,1312,3073.07,66,307.307,616
13398.0,2010-09-17 09:34:00,2011-05-31 13:17:00,2,341,670.34,37,335.17,256
13399.0,2010-07-08 17:47:00,2010-09-01 13:59:00,3,119,262.65,9,87.55,54
13400.0,2010-05-06 09:00:00,2010-05-06 09:00:00,1,272,295.83,22,295.83,0
13402.0,2010-05-24 10:56:00,2011-08-04 15:51:00,4,1107,1535.13,55,383.7825,437
13403.0,2009-12-16 13:23:00,2011-11-22 08:28:00,3,114,229.5,9,76.5,705
13404.0,2011-05-11 11:57:00,2011-12-08 15:37:00,2,111,252.49,11,126.245,211
13405.0,2009-12-15 14:13:00,2011-05-19 16:31:00,5,853,1198.81,32,239.762,520
13406.0,2010-03-18 07:29:00,2010-10-08 14:44:00,2,292,568.92,7,284.46,204
13407.0,2010-02-16 11:13:00,2010-05-10 12:41:00,3,1690,2244.7,85,748.2333333333332,83
13408.0,2009-12-04 09:31:00,2011-12-08 09:05:00,106,29281,51279.86,317,483.7722641509434,733
13410.0,2009-12-08 13:43:00,2011-11-15 15:33:00,9,1244,2201.96,25,244.66222222222223,707
13411.0,2011-08-24 13:57:00,2011-08-24 13:57:00,1,72,213.55,17,213.55,0
13412.0,2010-03-29 16:28:00,2010-03-29 16:28:00,1,176,487.34999999999997,33,487.34999999999997,0
13413.0,2010-01-21 17:43:00,2010-03-10 12:17:00,6,455,429.44,38,71.57333333333334,47
13414.0,2010-04-15 17:00:00,2011-07-29 11:45:00,6,2699,2476.29,47,412.715,469
13415.0,2009-12-11 14:20:00,2010-08-24 11:38:00,4,496,784.17,85,196.0425,255
13416.0,2009-12-03 13:02:00,2011-10-27 08:56:00,3,208,940.8000000000001,16,313.6,692
13417.0,2010-02-08 12:39:00,2011-12-05 08:49:00,6,496,1577.69,55,262.9483333333333,664
13418.0,2009-12-11 12:51:00,2011-11-28 10:23:00,31,7569,12063.05,325,389.1306451612903,716
13419.0,2011-10-07 12:49:00,2011-10-07 12:49:00,1,275,221.06,16,221.06,0
13420.0,2011-06-22 11:35:00,2011-07-13 08:48:00,2,101,159.85,8,79.925,20
13421.0,2010-02-14 14:45:00,2011-10-30 14:21:00,8,2326,4048.25,173,506.03125,622
13422.0,2011-10-06 13:42:00,2011-10-06 13:42:00,1,1322,2606.5,126,2606.5,0
13423.0,2010-10-07 09:02:00,2010-10-07 09:02:00,1,141,217.03,12,217.03,0
13424.0,2010-09-16 10:49:00,2010-09-16 10:49:00,1,529,572.77,40,572.77,0
13425.0,2010-05-09 14:35:00,2011-08-23 17:13:00,5,2201,3042.43,121,608.486,471
13426.0,2009-12-09 15:16:00,2011-12-09 08:59:00,22,4856,8117.58,161,368.9809090909091,729
13427.0,2009-12-17 13:44:00,2011-11-20 13:02:00,6,880,1006.53,35,167.755,702
13428.0,2010-07-13 13:20:00,2011-11-29 14:20:00,3,356,478.54,122,159.51333333333335,504
13429.0,2011-09-25 15:59:00,2011-11-29 09:10:00,4,1390,1006.8,55,251.7,64
13430.0,2011-09-14 14:26:00,2011-11-21 08:19:00,2,751,679.45,48,339.725,67
13431.0,2010-02-18 11:53:00,2011-10-03 13:49:00,8,1570,3316.24,113,414.53,592
13432.0,2010-04-06 14:42:00,2010-05-17 13:18:00,2,213,431.6,96,215.8,40
13433.0,2010-01-12 08:59:00,2010-07-26 16:55:00,4,190,658.3199999999999,22,164.57999999999998,195
13434.0,2010-02-22 09:54:00,2011-09-26 14:30:00,5,864,1666.8600000000001,17,333.372,581
13435.0,2010-07-27 16:56:00,2011-12-04 14:45:00,9,2748,4439.83,95,493.31444444444446,494
13436.0,2011-12-08 10:33:00,2011-12-08 10:33:00,1,76,196.89,12,196.89,0
13437.0,2011-06-02 14:30:00,2011-11-25 14:00:00,7,1279,3388.26,142,484.0371428571429,175
13438.0,2010-06-10 18:46:00,2010-06-10 18:46:00,1,10,46.5,1,46.5,0
13439.0,2010-07-01 14:36:00,2011-03-29 14:20:00,3,952,986.61,132,328.87,270
13440.0,2010-09-14 10:34:00,2010-10-12 13:11:00,7,573,1295.25,49,185.03571428571428,28
13441.0,2010-10-04 10:38:00,2011-09-09 09:38:00,2,520,720.9,33,360.45,339
13442.0,2009-12-01 14:59:00,2010-02-10 14:03:00,3,115,419.87,33,139.95666666666668,70
13443.0,2010-01-31 13:30:00,2010-09-17 12:31:00,6,774,1205.47,170,200.91166666666666,228
13444.0,2010-07-21 14:34:00,2010-11-30 13:02:00,2,325,603.78,50,301.89,131
13445.0,2010-03-23 15:34:00,2010-03-23 15:34:00,1,198,241.89999999999998,7,241.89999999999998,0
13446.0,2010-02-14 11:52:00,2010-10-05 18:51:00,11,2295,3760.57,112,341.87,233
13447.0,2011-11-04 10:10:00,2011-11-16 13:38:00,3,584,1129.14,55,376.38000000000005,12
13448.0,2009-12-06 12:14:00,2011-11-23 12:33:00,12,4334,8774.08,316,731.1733333333333,717
13449.0,2011-11-16 08:28:00,2011-11-16 08:28:00,1,222,291.88,19,291.88,0
13450.0,2010-04-15 19:15:00,2011-11-13 11:54:00,13,4318,4120.04,57,316.92615384615385,576
13451.0,2010-03-21 16:13:00,2011-11-13 15:58:00,11,5221,7076.53,558,643.320909090909,601
13452.0,2010-08-24 09:53:00,2011-03-25 14:19:00,3,6,729.8,2,243.26666666666665,213
13453.0,2010-11-02 13:23:00,2011-06-27 09:34:00,3,341,781.6899999999999,33,260.56333333333333,236
13454.0,2010-03-08 14:40:00,2010-03-08 14:40:00,1,198,219.87,23,219.87,0
13455.0,2009-12-09 08:58:00,2011-11-15 11:21:00,6,985,2905.93,79,484.32166666666666,706
13456.0,2011-05-16 15:34:00,2011-11-22 09:18:00,6,764,1751.72,42,291.9533333333333,189
13457.0,2009-12-02 12:46:00,2010-01-20 08:48:00,2,96,148.22,9,74.11,48
13458.0,2010-11-16 14:01:00,2011-12-02 15:29:00,16,6760,11959.27,290,747.454375,381
13459.0,2010-01-26 13:35:00,2010-03-25 10:24:00,2,962,1099.21,55,549.605,57
13460.0,2011-10-21 09:50:00,2011-11-10 17:17:00,2,286,183.44,16,91.72,20
13461.0,2010-04-21 16:01:00,2011-11-01 09:01:00,6,3132,4160.0,30,693.3333333333334,558
13462.0,2009-12-14 09:48:00,2011-04-01 11:20:00,5,649,1047.05,60,209.41,473
13464.0,2010-03-31 15:22:00,2011-10-12 15:01:00,6,1437,3079.79,127,513.2983333333333,559
13465.0,2010-05-02 15:30:00,2010-09-19 15:13:00,2,584,931.12,34,465.56,139
13466.0,2010-03-21 13:50:00,2011-06-08 16:39:00,5,618,906.25,44,181.25,444
13467.0,2011-11-03 16:56:00,2011-11-29 10:01:00,2,580,1071.91,89,535.955,25
13468.0,2009-12-03 13:32:00,2011-12-08 10:39:00,72,5708,13279.27,287,184.43430555555557,734
13469.0,2010-02-24 15:03:00,2010-02-24 15:03:00,1,52,82.4,6,82.4,0
13470.0,2011-08-16 17:06:00,2011-09-01 14:57:00,2,100,165.0,7,82.5,15
13471.0,2011-10-23 13:10:00,2011-12-08 15:44:00,4,1583,2501.84,214,625.46,46
13472.0,2010-06-02 09:48:00,2010-09-02 09:41:00,2,310,592.24,24,296.12,91
13473.0,2009-12-15 19:02:00,2011-10-10 11:20:00,8,988,2586.36,64,323.295,663
13474.0,2010-08-01 14:40:00,2011-04-17 13:53:00,3,317,641.64,115,213.88,258
13475.0,2011-02-14 12:36:00,2011-06-01 13:52:00,4,1012,1431.78,64,357.945,107
13476.0,2010-03-05 09:39:00,2011-06-14 12:00:00,5,709,2041.67,85,408.334,466
13477.0,2010-01-25 11:52:00,2011-11-02 12:04:00,11,2091,2819.17,112,256.28818181818184,646
13478.0,2010-01-31 15:51:00,2010-08-27 13:23:00,5,1181,2161.78,112,432.35600000000005,207
13479.0,2010-08-19 16:18:00,2011-05-23 10:45:00,4,716,851.37,45,212.8425,276
13480.0,2010-01-29 12:35:00,2010-10-19 11:53:00,2,362,627.82,40,313.91,262
13481.0,2009-12-04 12:37:00,2011-10-25 09:07:00,11,2009,3703.94,156,336.7218181818182,689
13482.0,2010-03-22 10:31:00,2011-04-21 17:03:00,2,187,336.09,20,168.045,395
13483.0,2011-10-05 11:53:00,2011-10-05 11:53:00,1,160,140.34,10,140.34,0
13484.0,2010-03-10 11:46:00,2011-04-12 16:30:00,3,224,790.72,38,263.5733333333333,398
13485.0,2009-12-03 13:46:00,2011-04-20 13:58:00,11,1797,3015.2200000000003,130,274.1109090909091,503
13486.0,2011-07-07 17:19:00,2011-09-22 13:13:00,3,669,1122.41,69,374.1366666666667,76
13487.0,2009-12-05 10:25:00,2011-10-13 12:07:00,5,362,846.87,31,169.374,677
13488.0,2010-01-25 10:13:00,2011-11-22 14:41:00,23,7839,15445.68,367,671.5513043478261,666
13489.0,2011-02-18 10:42:00,2011-08-26 13:16:00,4,560,449.52,11,112.38,189
13490.0,2010-02-23 14:48:00,2010-02-23 14:48:00,1,25,154.25,8,154.25,0
13491.0,2009-12-07 08:24:00,2011-10-19 08:32:00,27,2309,4453.64,140,164.94962962962964,681
13492.0,2011-05-09 10:06:00,2011-07-26 14:25:00,3,408,1269.84,38,423.28,78
13493.0,2011-02-25 16:42:00,2011-03-09 15:35:00,2,377,498.63,5,249.315,11
13494.0,2011-02-01 11:58:00,2011-02-01 11:58:00,1,159,298.41,17,298.41,0
13495.0,2009-12-07 12:12:00,2011-12-02 11:21:00,10,2674,5374.26,59,537.426,724
13496.0,2010-12-15 10:17:00,2011-11-29 10:58:00,2,341,653.33,28,326.665,349
13497.0,2010-02-08 10:27:00,2011-03-02 09:04:00,6,579,1320.33,52,220.05499999999998,386
13498.0,2009-12-09 15:26:00,2009-12-09 15:26:00,1,361,314.63,16,314.63,0
13499.0,2011-03-15 08:52:00,2011-11-22 11:21:00,5,1365,1159.11,31,231.82199999999997,252
13500.0,2010-11-03 13:16:00,2011-11-16 15:35:00,4,838,1466.3,77,366.575,378
13501.0,2010-05-18 13:24:00,2011-02-24 18:59:00,3,1241,2870.11,89,956.7033333333334,282
13502.0,2010-06-09 10:52:00,2011-11-23 10:39:00,5,490,780.5,28,156.1,531
13503.0,2010-02-16 13:49:00,2011-09-29 13:23:00,5,1101,1778.04,157,355.608,589
13504.0,2011-10-06 13:20:00,2011-10-06 13:20:00,1,174,276.13,21,276.13,0
13505.0,2011-04-21 12:07:00,2011-09-28 11:56:00,4,2467,3633.63,181,908.4075,159
13506.0,2010-09-05 12:33:00,2011-01-27 13:53:00,5,1171,1621.35,54,324.27,144
13507.0,2011-07-17 11:50:00,2011-12-06 13:13:00,4,1593,2459.36,145,614.84,142
13508.0,2010-03-07 11:58:00,2011-04-10 11:58:00,2,180,287.05,27,143.525,399
13509.0,2010-07-20 12:10:00,2011-12-01 10:10:00,7,1213,1099.72,26,157.10285714285715,498
13510.0,2009-12-21 11:53:00,2011-12-08 13:46:00,11,3032,4543.29,175,413.0263636363636,717
13511.0,2010-02-01 12:10:00,2010-02-01 12:10:00,1,60,282.76,5,282.76,0
13512.0,2010-05-05 13:22:00,2011-03-24 10:03:00,4,419,713.39,31,178.3475,322
13513.0,2010-02-22 16:36:00,2011-08-05 11:50:00,3,364,824.59,32,274.86333333333334,528
13514.0,2010-01-26 15:11:00,2011-09-27 09:39:00,4,282,776.0,14,194.0,608
13515.0,2010-03-05 11:58:00,2011-09-28 11:26:00,6,819,1265.82,64,210.97,571
13516.0,2010-10-18 08:52:00,2011-11-18 13:15:00,4,1109,1650.46,53,412.615,396
13517.0,2011-06-13 08:44:00,2011-10-11 11:43:00,3,1342,2063.77,122,687.9233333333333,120
13518.0,2011-09-15 10:29:00,2011-09-15 10:29:00,1,382,627.16,36,627.16,0
13519.0,2010-09-23 11:45:00,2011-09-22 18:24:00,2,133,343.21,19,171.605,364
13520.0,2009-12-17 11:11:00,2011-10-12 10:20:00,11,3258,5669.4,80,515.4,663
13521.0,2011-11-29 15:09:00,2011-12-08 13:50:00,3,715,1070.47,312,356.8233333333333,8
13522.0,2011-11-09 15:11:00,2011-11-09 15:11:00,1,44,125.80000000000001,5,125.80000000000001,0
13523.0,2010-11-02 14:55:00,2011-11-06 15:11:00,6,2354,5101.52,177,850.2533333333334,369
13524.0,2011-05-04 12:26:00,2011-10-30 12:34:00,5,322,650.1800000000001,16,130.036,179
13525.0,2011-04-05 15:36:00,2011-11-25 12:01:00,2,394,628.78,5,314.39,233
13526.0,2009-12-01 12:56:00,2009-12-01 13:13:00,2,1911,1182.0,29,591.0,0
13527.0,2010-01-21 12:37:00,2011-11-06 12:04:00,12,2736,4541.29,266,378.44083333333333,653
13529.0,2011-05-19 11:50:00,2011-09-22 09:15:00,2,74,307.76,15,153.88,125
13530.0,2010-03-15 14:10:00,2010-03-15 14:10:00,1,272,402.97999999999996,18,402.97999999999996,0
13531.0,2009-12-03 15:20:00,2011-05-18 16:56:00,6,600,1738.52,44,289.75333333333333,531
13532.0,2011-11-06 12:25:00,2011-11-06 12:25:00,1,129,210.31,66,210.31,0
13533.0,2011-03-17 12:47:00,2011-06-10 11:54:00,3,202,269.09,61,89.69666666666666,84
13534.0,2010-07-07 15:00:00,2011-12-07 14:52:00,35,3869,7720.9,163,220.59714285714284,517
13535.0,2010-11-02 11:49:00,2010-11-02 11:49:00,1,10,89.5,1,89.5,0
13536.0,2011-09-25 13:30:00,2011-12-08 16:38:00,7,2126,3444.39,91,492.05571428571426,74
13537.0,2010-09-14 10:41:00,2010-10-10 12:45:00,2,337,717.85,38,358.925,26
13538.0,2010-02-02 12:47:00,2011-10-27 16:34:00,12,959,3103.13,105,258.5941666666667,632
13539.0,2010-04-28 12:04:00,2011-09-15 10:18:00,7,710,1569.3600000000001,69,224.19428571428574,504
13540.0,2010-02-22 09:22:00,2010-08-29 14:20:00,3,189,632.39,26,210.79666666666665,188
13541.0,2010-05-18 16:15:00,2010-10-08 16:37:00,2,279,785.25,10,392.625,143
13542.0,2009-12-10 19:53:00,2010-11-28 11:24:00,17,796,3911.89,97,230.11117647058822,352
13543.0,2010-01-21 14:30:00,2010-03-15 13:34:00,2,329,1439.6100000000001,37,719.8050000000001,52
13544.0,2010-03-05 11:31:00,2011-10-31 11:57:00,6,328,779.15,216,129.85833333333332,605
13545.0,2010-06-13 11:49:00,2010-11-14 11:27:00,2,252,364.93,54,182.465,153
13546.0,2010-10-11 17:23:00,2011-11-27 14:50:00,5,587,1086.24,95,217.248,411
13547.0,2010-10-27 14:14:00,2010-10-27 14:14:00,1,78,164.53,43,164.53,0
13548.0,2010-08-25 13:44:00,2011-09-04 14:50:00,3,558,901.44,169,300.48,375
13549.0,2010-11-17 12:17:00,2011-11-14 09:20:00,8,554,1005.8,44,125.725,361
13550.0,2010-11-21 15:24:00,2010-11-21 15:24:00,1,430,342.55,40,342.55,0
13551.0,2010-02-11 15:01:00,2011-01-24 14:46:00,2,33,226.34999999999997,4,113.17499999999998,346
13552.0,2010-02-19 13:28:00,2011-10-04 15:19:00,22,2618,6918.32,161,314.4690909090909,592
13553.0,2010-02-03 12:21:00,2010-02-03 12:21:00,1,201,499.6,85,499.6,0
13554.0,2010-09-19 12:39:00,2010-11-24 15:05:00,7,577,1624.4,155,232.05714285714288,66
13555.0,2010-01-19 13:20:00,2011-09-27 12:36:00,13,4697,8675.09,261,667.3146153846154,615
13556.0,2010-09-30 09:01:00,2010-10-06 16:44:00,2,134,200.82,8,100.41,6
13557.0,2009-12-08 17:41:00,2011-11-11 15:24:00,13,2398,3032.26,126,233.25076923076924,702
13558.0,2011-10-02 13:01:00,2011-12-04 11:24:00,4,338,594.52,123,148.63,62
13559.0,2010-06-14 11:52:00,2010-07-15 09:52:00,2,360,990.0,1,495.0,30
13560.0,2011-12-02 13:11:00,2011-12-02 13:11:00,1,63,171.42000000000002,32,171.42000000000002,0
13561.0,2010-02-28 13:42:00,2011-05-08 12:39:00,11,1120,1773.65,130,161.2409090909091,433
13562.0,2010-01-14 16:33:00,2011-09-19 10:51:00,8,1574,4659.2300000000005,85,582.4037500000001,612
13563.0,2011-07-22 17:21:00,2011-09-16 14:45:00,2,209,777.53,49,388.765,55
13564.0,2009-12-02 11:55:00,2010-12-20 16:50:00,36,9056,16336.27,480,453.78527777777776,383
13565.0,2010-10-24 15:51:00,2011-11-20 14:33:00,3,260,414.8,45,138.26666666666668,391
13566.0,2010-03-10 12:22:00,2011-10-30 11:59:00,5,1250,1684.75,262,336.95,598
13567.0,2010-06-16 12:48:00,2010-10-07 12:51:00,4,634,1050.84,177,262.71,113
13568.0,2011-06-19 14:42:00,2011-06-19 14:42:00,1,66,187.05,41,187.05,0
13569.0,2010-10-07 13:05:00,2011-11-22 13:07:00,4,385,824.96,138,206.24,411
13570.0,2011-04-10 13:36:00,2011-04-10 13:36:00,1,161,239.49,27,239.49,0
13571.0,2009-12-08 13:02:00,2011-11-27 10:47:00,26,3189,4525.36,262,174.0523076923077,718
13572.0,2011-05-18 11:59:00,2011-05-18 11:59:00,1,534,1384.25,32,1384.25,0
13573.0,2010-03-12 16:06:00,2011-10-20 14:33:00,6,643,900.22,71,150.03666666666666,586
13574.0,2010-10-24 13:28:00,2010-10-24 13:28:00,1,303,399.5,83,399.5,0
13575.0,2011-06-16 14:24:00,2011-11-16 13:14:00,5,449,732.0699999999999,41,146.414,152
13576.0,2009-12-08 15:12:00,2011-11-29 15:34:00,28,4602,11540.34,144,412.15500000000003,721
13577.0,2009-12-14 16:10:00,2011-11-14 15:19:00,11,1660,3484.28,101,316.75272727272727,699
13578.0,2010-10-26 13:44:00,2010-10-26 13:44:00,1,127,147.66,9,147.66,0
13579.0,2010-02-18 13:53:00,2011-11-25 08:41:00,5,752,1508.44,70,301.688,644
13580.0,2010-10-29 15:01:00,2010-10-29 15:01:00,1,45,107.75,5,107.75,0
13581.0,2010-10-21 16:30:00,2011-02-03 14:41:00,2,119,280.53000000000003,32,140.26500000000001,104
13582.0,2010-04-01 11:38:00,2010-11-15 11:34:00,2,106,241.68,10,120.84,227
13583.0,2010-01-29 13:53:00,2011-07-07 10:40:00,2,1058,1401.3700000000001,89,700.6850000000001,523
13584.0,2010-02-02 08:40:00,2011-02-06 12:49:00,3,360,385.7,74,128.56666666666666,369
13585.0,2009-12-01 14:56:00,2010-06-27 12:33:00,3,1386,684.54,29,228.17999999999998,207
13586.0,2010-06-16 13:47:00,2010-06-16 13:47:00,1,38,127.28,20,127.28,0
13587.0,2010-02-14 13:17:00,2011-10-07 12:31:00,4,664,1673.5,27,418.375,599
13588.0,2011-03-29 15:53:00,2011-11-24 10:42:00,9,2606,2478.95,131,275.43888888888887,239
13589.0,2009-12-06 10:26:00,2011-11-25 12:10:00,6,293,1120.74,48,186.79,719
13590.0,2009-12-01 13:37:00,2011-11-28 12:54:00,18,5271,6336.04,255,352.0022222222222,726
13591.0,2009-12-14 15:44:00,2011-10-06 12:26:00,7,847,2055.69,88,293.67,660
13592.0,2011-03-20 14:01:00,2011-11-04 09:49:00,4,81,230.11,14,57.5275,228
13593.0,2010-03-02 16:36:00,2011-08-23 13:35:00,14,2167,5471.4400000000005,210,390.81714285714287,538
13594.0,2010-08-11 10:23:00,2011-10-18 10:19:00,2,396,533.32,31,266.66,432
13595.0,2010-03-03 14:42:00,2010-07-11 12:36:00,3,340,779.53,113,259.8433333333333,129
13596.0,2011-11-27 11:57:00,2011-12-04 12:01:00,2,384,664.11,133,332.055,7
13597.0,2010-11-02 09:30:00,2010-11-04 14:54:00,2,231,396.71,17,198.355,2
13598.0,2010-02-26 11:22:00,2011-10-23 14:28:00,5,369,700.76,75,140.152,604
13599.0,2009-12-01 12:30:00,2011-12-08 16:10:00,33,6491,10151.98,234,307.63575757575757,737
13600.0,2010-03-15 17:16:00,2011-01-31 15:27:00,2,599,518.42,35,259.21,321
13601.0,2010-06-11 15:03:00,2011-10-25 17:31:00,4,947,1134.49,159,283.6225,501
13602.0,2010-05-28 11:49:00,2011-10-06 11:47:00,4,538,1025.17,49,256.2925,495
13603.0,2011-11-13 15:57:00,2011-11-13 15:57:00,1,164,164.34,27,164.34,0
13604.0,2010-02-19 12:02:00,2010-02-19 12:02:00,1,242,717.62,21,717.62,0
13605.0,2010-05-17 15:46:00,2010-11-17 17:16:00,2,425,522.67,50,261.335,184
13606.0,2011-02-01 11:42:00,2011-11-10 17:46:00,3,269,271.86,38,90.62,282
13607.0,2010-11-02 11:48:00,2011-10-30 16:17:00,2,466,1075.81,110,537.905,362
13608.0,2010-06-17 12:28:00,2010-06-17 12:28:00,1,110,232.05,31,232.05,0
13609.0,2010-04-25 13:26:00,2010-04-25 13:26:00,1,19,167.35,7,167.35,0
13610.0,2010-01-05 14:12:00,2011-11-27 15:38:00,14,853,2080.61,304,148.615,691
13611.0,2009-12-03 07:57:00,2011-09-11 14:51:00,10,1952,3206.13,168,320.613,647
13612.0,2010-03-17 12:14:00,2010-03-17 12:14:00,1,440,791.29,49,791.29,0
13613.0,2010-02-17 12:40:00,2010-09-13 12:01:00,5,445,1039.8500000000001,50,207.97000000000003,207
13614.0,2010-06-06 13:42:00,2011-11-15 14:47:00,6,812,2300.19,224,383.365,527
13615.0,2010-01-28 15:43:00,2011-01-25 08:21:00,8,2855,6112.4800000000005,252,764.0600000000001,361
13616.0,2010-01-17 14:56:00,2010-05-20 12:59:00,2,172,283.85,31,141.925,122
13617.0,2010-08-01 15:23:00,2011-10-30 13:50:00,8,593,1278.75,48,159.84375,454
13618.0,2011-06-19 11:09:00,2011-06-19 11:09:00,1,246,177.34,13,177.34,0
13619.0,2010-02-03 14:16:00,2010-06-13 11:39:00,2,78,223.44,38,111.72,129
13620.0,2010-06-29 15:02:00,2010-06-29 15:02:00,1,74,112.34,5,112.34,0
13621.0,2011-08-15 08:26:00,2011-08-15 08:26:00,1,343,213.85,19,213.85,0
13622.0,2010-01-12 13:22:00,2010-01-12 13:22:00,1,355,597.75,30,597.75,0
13623.0,2009-12-02 13:57:00,2011-11-09 12:00:00,10,1009,2530.96,210,253.096,706
13624.0,2010-11-16 13:43:00,2010-11-16 13:43:00,1,820,462.08,22,462.08,0
13625.0,2010-04-22 10:50:00,2010-04-22 10:50:00,1,144,301.26,21,301.26,0
13626.0,2010-11-25 16:12:00,2011-04-01 10:05:00,2,398,707.04,44,353.52,126
13627.0,2010-03-09 14:03:00,2011-10-11 14:20:00,7,1628,2226.1,117,318.0142857142857,581
13628.0,2010-02-01 14:44:00,2010-02-01 14:44:00,1,106,310.14,16,310.14,0
13629.0,2010-02-11 17:34:00,2011-11-16 13:21:00,19,7722,13370.86,28,703.7294736842106,642
13630.0,2011-02-27 12:49:00,2011-12-04 15:16:00,7,1391,2031.78,51,290.2542857142857,280
13631.0,2011-03-17 17:13:00,2011-09-01 09:57:00,11,467,3070.42,6,279.1290909090909,167
13632.0,2010-04-07 10:59:00,2011-11-15 10:51:00,8,1633,3645.81,166,455.72625,586
13634.0,2010-01-10 14:26:00,2011-11-06 13:40:00,15,2079,4977.58,265,331.83866666666665,664
13635.0,2009-12-01 09:46:00,2011-10-03 10:55:00,4,1884,2999.16,135,749.79,671
13636.0,2011-02-27 14:29:00,2011-11-03 10:30:00,5,592,949.12,57,189.824,248
13637.0,2011-04-27 13:06:00,2011-10-18 13:32:00,3,404,803.05,78,267.68333333333334,174
13638.0,2011-11-24 10:38:00,2011-11-24 10:38:00,1,93,122.64,8,122.64,0
13639.0,2010-09-29 10:05:00,2011-09-26 13:36:00,2,997,1346.27,49,673.135,362
13640.0,2010-04-07 15:33:00,2010-04-07 15:33:00,1,108,405.0,4,405.0,0
13641.0,2009-12-05 13:17:00,2010-03-09 07:37:00,4,1097,942.37,40,235.5925,93
13642.0,2010-10-03 12:23:00,2011-05-08 12:34:00,4,231,472.2,93,118.05,217
13643.0,2009-12-08 12:48:00,2011-11-08 15:37:00,10,902,2156.77,71,215.677,700
13644.0,2011-08-26 11:53:00,2011-11-23 14:07:00,4,2067,2624.26,144,656.065,89
13645.0,2011-08-11 16:11:00,2011-08-11 16:11:00,1,158,252.1,5,252.1,0
13646.0,2010-11-05 12:00:00,2010-11-05 12:13:00,2,78,320.3,57,160.15,0
13647.0,2010-04-15 12:55:00,2011-11-30 12:00:00,8,1771,3011.68,97,376.46,593
13648.0,2009-12-01 18:13:00,2010-11-04 14:46:00,8,959,1759.07,94,219.88375,337
13649.0,2010-06-30 16:35:00,2011-03-28 11:51:00,6,825,1595.68,93,265.94666666666666,270
13650.0,2010-01-26 08:44:00,2011-11-23 12:22:00,10,1746,3288.0,127,328.8,666
13651.0,2010-11-23 09:44:00,2011-10-31 12:11:00,2,61,211.85,13,105.925,342
13652.0,2010-02-25 17:37:00,2011-10-25 08:51:00,5,1546,2509.65,114,501.93,606
13653.0,2010-08-09 08:19:00,2010-08-09 08:19:00,1,72,152.2,9,152.2,0
13654.0,2009-12-02 11:43:00,2011-10-27 16:24:00,11,4762,6308.0,262,573.4545454545455,694
13655.0,2010-04-27 09:59:00,2011-08-17 14:25:00,6,1219,2265.21,102,377.535,477
13656.0,2010-04-23 12:50:00,2011-06-28 10:31:00,4,862,1078.85,81,269.7125,430
13657.0,2011-05-22 12:35:00,2011-11-29 12:32:00,2,208,367.14,15,183.57,190
13658.0,2010-02-05 13:17:00,2011-11-30 10:13:00,9,2152,5912.45,163,656.9388888888889,662
13659.0,2010-02-17 09:05:00,2011-05-18 12:37:00,12,2515,4854.08,223,404.50666666666666,455
13660.0,2010-11-04 16:10:00,2010-11-04 16:10:00,1,135,300.69,38,300.69,0
13661.0,2010-04-15 14:58:00,2010-04-15 14:58:00,1,118,325.24,17,325.24,0
13662.0,2010-02-19 13:21:00,2011-09-15 12:04:00,11,1169,2233.61,126,203.05545454545455,572
13663.0,2010-03-03 10:11:00,2011-06-13 15:44:00,5,893,2047.51,87,409.502,467
13665.0,2010-07-23 13:29:00,2010-11-18 13:06:00,3,1652,1711.6599999999999,97,570.5533333333333,117
13666.0,2009-12-04 10:48:00,2011-10-10 15:39:00,5,47,111.75,17,22.35,675
13667.0,2011-07-13 15:42:00,2011-07-13 15:42:00,1,149,299.05,82,299.05,0
13668.0,2009-12-11 14:28:00,2011-12-07 12:11:00,35,6000,12437.28,410,355.35085714285714,725
13669.0,2010-10-28 15:05:00,2011-10-20 09:32:00,3,393,413.55,13,137.85,356
13670.0,2011-09-25 15:25:00,2011-09-25 15:25:00,1,282,349.7,25,349.7,0
13671.0,2010-11-10 10:50:00,2010-11-10 10:50:00,1,95,172.6,61,172.6,0
13672.0,2009-12-09 11:40:00,2011-02-11 13:53:00,3,138,419.92,13,139.97333333333333,429
13673.0,2011-11-07 15:40:00,2011-11-21 12:11:00,2,114,387.44,47,193.72,13
13674.0,2010-10-03 10:41:00,2010-10-03 10:41:00,1,102,240.68,14,240.68,0
13675.0,2011-02-28 12:14:00,2011-07-11 12:57:00,2,330,486.82000000000005,25,243.41000000000003,133
13676.0,2010-03-30 16:53:00,2010-06-18 17:30:00,2,104,243.9,13,121.95,80
13677.0,2010-07-07 17:25:00,2010-10-31 11:32:00,2,217,551.24,98,275.62,115
13678.0,2011-07-11 10:14:00,2011-07-11 10:14:00,1,924,232.6,16,232.6,0
13679.0,2009-12-04 16:52:00,2010-08-03 12:13:00,3,102,281.26,44,93.75333333333333,241
13680.0,2009-12-04 14:14:00,2011-12-08 13:47:00,12,5228,11363.32,349,946.9433333333333,733
13681.0,2011-07-07 15:21:00,2011-11-22 11:13:00,4,360,827.83,37,206.9575,137
13682.0,2011-06-05 14:06:00,2011-06-05 14:06:00,1,10,59.5,3,59.5,0
13683.0,2010-09-08 10:00:00,2010-09-08 10:00:00,1,180,258.6,10,258.6,0
13684.0,2010-03-28 14:48:00,2011-02-27 10:13:00,4,234,594.88,81,148.72,335
13685.0,2011-10-10 12:59:00,2011-12-07 11:41:00,7,5056,3119.44,29,445.63428571428574,57
13686.0,2010-11-03 13:44:00,2011-06-10 09:10:00,3,378,409.04,27,136.34666666666666,218
13687.0,2010-09-27 16:30:00,2010-09-27 16:30:00,1,87167,11880.84,45,11880.84,0
13688.0,2010-03-14 14:11:00,2010-03-14 14:11:00,1,130,375.5,5,375.5,0
13689.0,2010-09-21 10:27:00,2011-10-07 13:21:00,2,722,1259.5,6,629.75,381
13690.0,2011-10-11 15:03:00,2011-10-11 15:03:00,1,67,172.25,9,172.25,0
13691.0,2010-11-08 17:34:00,2010-11-08 17:34:00,1,144,210.78,53,210.78,0
13692.0,2010-10-15 13:28:00,2011-11-15 11:17:00,5,2101,3114.4,83,622.88,395
13693.0,2009-12-07 11:29:00,2010-11-30 18:21:00,9,872,1957.82,76,217.53555555555556,358
13694.0,2009-12-04 15:26:00,2011-12-06 09:32:00,143,188713,195704.37,890,1368.5620279720279,731
13695.0,2010-05-11 11:07:00,2011-11-08 14:26:00,16,1787,2710.73,46,169.420625,546
13696.0,2010-02-11 14:17:00,2010-10-14 09:44:00,3,552,2020.4,24,673.4666666666667,244
13697.0,2011-11-01 09:14:00,2011-11-01 09:14:00,1,177,151.29999999999998,12,151.29999999999998,0
13698.0,2010-01-27 09:02:00,2010-04-22 11:52:00,2,227,451.73,31,225.865,85
13699.0,2010-06-07 13:03:00,2011-07-07 16:51:00,2,219,764.15,33,382.075,395
13700.0,2010-02-07 10:53:00,2011-11-13 13:00:00,13,2770,2578.17,161,198.32076923076923,644
13701.0,2010-09-19 12:39:00,2010-09-19 12:39:00,1,80,161.0,9,161.0,0
13702.0,2010-09-20 11:40:00,2010-09-20 11:40:00,1,74,135.18,5,135.18,0
13703.0,2010-10-20 13:11:00,2011-01-25 13:10:00,2,128,425.56,36,212.78,96
13704.0,2011-09-12 14:40:00,2011-12-04 15:13:00,9,1531,2308.06,111,256.4511111111111,83
13705.0,2010-03-25 17:19:00,2011-12-02 12:32:00,7,1009,2035.33,55,290.76142857142855,616
13706.0,2010-03-23 09:18:00,2011-02-10 09:21:00,2,277,569.97,36,284.985,324
13707.0,2010-06-21 11:57:00,2011-03-17 18:03:00,5,2210,3365.86,142,673.172,269
13708.0,2011-03-13 13:46:00,2011-03-13 13:46:00,1,300,283.33,48,283.33,0
13709.0,2010-01-11 10:40:00,2011-12-06 10:28:00,18,4118,7551.55,295,419.53055555555557,693
13710.0,2010-04-06 12:54:00,2011-11-08 08:16:00,3,336,509.52,13,169.84,580
13711.0,2009-12-15 19:04:00,2011-05-05 10:31:00,9,783,1699.5,76,188.83333333333334,505
13712.0,2010-04-08 11:16:00,2011-04-07 12:33:00,2,1122,751.12,31,375.56,364
13713.0,2010-05-05 16:48:00,2010-10-27 16:18:00,3,284,740.76,70,246.92,174
13714.0,2010-08-31 13:57:00,2010-08-31 13:57:00,1,50,161.35,30,161.35,0
13715.0,2010-03-11 15:33:00,2011-03-03 19:21:00,17,4905,8413.79,276,494.92882352941183,357
13716.0,2011-03-15 13:49:00,2011-03-15 13:49:00,1,123,127.75,18,127.75,0
13717.0,2010-08-11 09:40:00,2011-11-07 14:13:00,8,2144,1763.3,110,220.4125,453
13718.0,2011-02-17 11:58:00,2011-04-07 13:24:00,2,173,306.55,9,153.275,49
13719.0,2010-05-17 14:36:00,2011-11-24 15:26:00,11,1586,2782.1,193,252.9181818181818,556
13720.0,2011-03-30 09:17:00,2011-08-15 12:46:00,4,496,765.1,40,191.275,138
13721.0,2010-11-09 17:59:00,2011-11-03 14:05:00,2,512,741.54,41,370.77,358
13722.0,2010-03-03 14:13:00,2011-07-31 12:44:00,10,3059,5635.41,137,563.5409999999999,514
13723.0,2010-04-07 14:32:00,2011-05-06 17:04:00,6,593,1194.08,51,199.01333333333332,394
13724.0,2010-03-12 15:28:00,2010-03-12 15:28:00,1,130,213.01,39,213.01,0
13725.0,2011-02-04 12:18:00,2011-10-21 10:03:00,8,802,1960.76,94,245.095,258
13726.0,2011-08-31 11:06:00,2011-11-01 10:49:00,2,1054,1079.6599999999999,39,539.8299999999999,61
13727.0,2009-12-09 13:25:00,2011-11-11 09:46:00,8,368,1074.15,74,134.26875,701
13728.0,2009-12-09 17:13:00,2011-11-03 10:49:00,16,1245,2809.57,72,175.598125,693
13729.0,2010-01-24 14:57:00,2010-09-30 10:44:00,3,419,724.73,36,241.57666666666668,248
13730.0,2011-07-01 12:47:00,2011-07-27 08:35:00,2,488,752.6,38,376.3,25
13731.0,2011-04-07 10:10:00,2011-05-04 14:33:00,2,278,610.59,36,305.295,27
13732.0,2011-11-11 15:49:00,2011-11-11 15:49:00,1,498,491.86,33,491.86,0
13733.0,2009-12-04 15:28:00,2010-10-25 12:18:00,2,335,487.03000000000003,28,243.51500000000001,324
13734.0,2010-04-16 08:42:00,2010-07-19 12:04:00,4,302,6695.6900000000005,24,1673.9225000000001,94
13735.0,2009-12-13 13:31:00,2011-11-15 11:14:00,13,4062,9516.62,353,732.0476923076924,701
13736.0,2009-12-06 12:07:00,2011-12-04 15:19:00,7,1512,2683.36,319,383.33714285714285,728
13737.0,2011-05-23 16:32:00,2011-05-23 16:32:00,1,125,339.59999999999997,29,339.59999999999997,0
13738.0,2010-11-08 15:23:00,2010-11-08 15:23:00,1,237,434.78000000000003,88,434.78000000000003,0
13739.0,2010-06-30 10:25:00,2011-11-21 13:35:00,2,76,292.2,6,146.1,509
13740.0,2009-12-02 12:22:00,2011-04-13 10:32:00,5,867,1526.37,80,305.274,496
13741.0,2011-05-06 13:43:00,2011-09-29 09:19:00,3,218,668.4300000000001,34,222.81000000000003,145
13742.0,2011-01-23 14:59:00,2011-11-23 11:07:00,12,1111,3088.07,199,257.3391666666667,303
13743.0,2011-03-25 14:46:00,2011-12-07 10:09:00,7,1776,1341.6,8,191.65714285714284,256
13744.0,2011-02-20 14:08:00,2011-09-05 15:19:00,2,1153,1080.52,54,540.26,197
13745.0,2010-06-11 17:19:00,2011-06-30 16:43:00,2,1134,767.4,45,383.7,383
13746.0,2010-10-22 11:55:00,2010-10-22 11:55:00,1,77,140.99,8,140.99,0
13747.0,2010-10-11 09:15:00,2010-12-01 10:37:00,2,68,249.39999999999998,4,124.69999999999999,51
13748.0,2009-12-01 16:44:00,2011-09-05 09:45:00,9,1108,2268.35,40,252.0388888888889,642
13750.0,2010-04-01 14:49:00,2011-10-17 12:16:00,11,1370,3602.1800000000003,51,327.4709090909091,563
13751.0,2011-02-24 15:56:00,2011-02-24 15:56:00,1,152,296.25,9,296.25,0
13752.0,2010-06-30 10:23:00,2011-08-07 14:16:00,7,1004,1549.8300000000002,74,221.40428571428575,403
13753.0,2009-12-03 10:20:00,2011-02-25 12:48:00,4,1450,2094.57,64,523.6425,449
13754.0,2010-09-28 15:29:00,2011-07-11 11:51:00,3,315,447.05,16,149.01666666666668,285
13755.0,2011-10-07 15:45:00,2011-12-06 12:26:00,9,1242,2108.06,232,234.2288888888889,59
13756.0,2009-12-15 15:18:00,2011-12-07 16:44:00,23,5426,9188.75,142,399.5108695652174,722
13757.0,2010-02-03 12:37:00,2010-02-03 12:37:00,1,54,195.55,8,195.55,0
13758.0,2009-12-01 10:06:00,2011-11-28 11:11:00,14,5067,9314.14,212,665.2957142857142,727
13759.0,2011-09-29 15:40:00,2011-11-06 14:47:00,2,287,659.4100000000001,24,329.70500000000004,37
13760.0,2010-04-25 13:10:00,2011-10-16 16:13:00,5,592,1274.39,90,254.87800000000001,539
13761.0,2010-02-21 11:08:00,2011-10-20 14:01:00,6,1079,1952.17,118,325.3616666666667,606
13762.0,2010-01-10 12:13:00,2011-05-05 09:15:00,5,2608,2472.48,23,494.496,479
13763.0,2010-09-30 17:39:00,2011-10-07 15:13:00,3,3224,5217.4400000000005,50,1739.1466666666668,371
13764.0,2010-03-07 12:56:00,2011-09-30 12:03:00,6,2061,2853.02,291,475.50333333333333,571
13765.0,2010-02-24 13:46:00,2010-02-24 13:46:00,1,296,352.82,16,352.82,0
13766.0,2010-08-01 14:25:00,2010-08-01 14:25:00,1,137,190.35,16,190.35,0
13767.0,2009-12-01 10:52:00,2011-12-07 15:00:00,73,15105,34767.03,116,476.26068493150683,736
13768.0,2009-12-09 10:25:00,2009-12-13 10:41:00,2,373,875.97,30,437.985,4
13769.0,2009-12-16 11:59:00,2011-12-07 15:08:00,20,2574,5800.42,121,290.021,721
13770.0,2009-12-09 14:44:00,2010-10-13 15:10:00,4,468,785.37,48,196.3425,308
13771.0,2010-02-25 12:37:00,2011-10-06 14:18:00,9,3134,5713.52,181,634.8355555555556,588
13772.0,2010-02-23 13:55:00,2011-11-06 11:43:00,8,1440,3068.92,389,383.615,620
13773.0,2010-02-18 10:27:00,2010-11-08 11:49:00,2,174,301.54,19,150.77,263
13774.0,2011-09-19 12:06:00,2011-09-19 12:06:00,1,192,345.0,22,345.0,0
13775.0,2010-04-28 12:15:00,2010-04-28 12:15:00,1,455,1049.66,63,1049.66,0
13777.0,2009-12-02 09:47:00,2011-12-09 12:25:00,61,26409,54922.47,43,900.3683606557378,737
13778.0,2010-05-23 13:34:00,2011-08-28 15:25:00,4,511,1124.49,33,281.1225,462
13779.0,2010-07-12 11:24:00,2010-07-12 11:24:00,1,52,155.18,26,155.18,0
13780.0,2010-10-28 19:51:00,2011-12-02 13:49:00,3,476,717.22,89,239.07333333333335,399
13781.0,2009-12-18 15:46:00,2011-04-03 12:08:00,3,288,748.23,54,249.41,470
13782.0,2009-12-06 12:52:00,2011-11-27 11:54:00,13,643,1786.08,187,137.39076923076922,720
13783.0,2010-02-04 13:47:00,2010-08-09 09:23:00,4,3437,1542.09,4,385.5225,185
13784.0,2010-09-15 12:27:00,2011-11-30 09:33:00,14,2827,2910.23,13,207.87357142857144,440
13785.0,2010-09-05 16:01:00,2010-10-07 09:25:00,4,151,542.49,26,135.6225,31
13786.0,2009-12-03 15:32:00,2010-12-07 13:53:00,6,1639,3343.39,79,557.2316666666667,368
13787.0,2010-01-14 10:13:00,2011-09-25 12:06:00,6,998,1222.5,71,203.75,619
13788.0,2010-07-22 15:50:00,2010-07-22 15:50:00,1,1,3.75,1,3.75,0
13789.0,2010-11-16 15:31:00,2010-11-16 15:31:00,1,258,239.45999999999998,18,239.45999999999998,0
13790.0,2011-12-05 15:48:00,2011-12-05 15:48:00,1,748,348.8,45,348.8,0
13791.0,2011-06-24 16:38:00,2011-08-04 11:44:00,2,1200,1516.0,7,758.0,40
13792.0,2010-10-13 11:05:00,2011-10-04 14:31:00,3,156,383.95,23,127.98333333333333,356
13793.0,2010-03-03 08:25:00,2010-03-03 08:25:00,1,52,96.0,7,96.0,0
13794.0,2010-06-11 12:30:00,2010-06-11 12:30:00,1,63,126.03,9,126.03,0
13795.0,2010-03-12 12:44:00,2010-11-16 17:25:00,4,1250,836.3,23,209.075,249
13796.0,2010-07-28 14:45:00,2010-07-28 14:45:00,1,218,289.7,22,289.7,0
13797.0,2010-03-02 12:17:00,2010-09-29 10:34:00,3,573,1179.45,71,393.15000000000003,210
13798.0,2009-12-08 16:21:00,2011-12-08 15:51:00,110,48299,75818.15,167,689.2559090909091,729
13799.0,2010-03-05 16:39:00,2011-08-15 12:07:00,9,1515,2672.77,63,296.97444444444443,527
13800.0,2009-12-03 10:03:00,2011-02-03 12:27:00,3,891,1679.56,73,559.8533333333334,427
13801.0,2011-10-04 10:15:00,2011-10-04 10:15:00,1,168,324.8,23,324.8,0
13802.0,2010-02-16 10:11:00,2011-07-24 10:54:00,19,14089,26195.51,209,1378.711052631579,523
13803.0,2010-03-31 10:00:00,2011-03-29 12:57:00,3,831,1338.91,73,446.30333333333334,363
13804.0,2010-09-29 10:26:00,2011-11-09 12:32:00,9,1793,3141.32,148,349.03555555555556,406
13805.0,2011-08-02 15:29:00,2011-10-18 14:50:00,2,1900,924.6,10,462.3,76
13806.0,2011-10-07 11:43:00,2011-10-07 11:43:00,1,56,256.38,10,256.38,0
13807.0,2009-12-04 12:41:00,2010-12-07 15:48:00,3,146,519.5,23,173.16666666666666,368
13808.0,2011-09-04 12:07:00,2011-12-04 12:18:00,5,782,1747.66,70,349.53200000000004,91
13809.0,2010-09-05 11:42:00,2011-02-07 13:15:00,3,281,679.7,23,226.5666666666667,155
13810.0,2011-10-14 12:57:00,2011-11-11 08:33:00,2,307,827.51,30,413.755,27
13811.0,2011-04-14 18:40:00,2011-06-09 09:54:00,2,63,519.75,5,259.875,55
13812.0,2011-08-26 12:54:00,2011-10-28 14:27:00,3,330,485.0,32,161.66666666666666,63
13813.0,2009-12-06 10:16:00,2011-10-31 10:38:00,8,1255,2296.27,81,287.03375,694
13814.0,2010-06-30 14:12:00,2011-09-08 13:48:00,3,1206,2217.72,55,739.2399999999999,434
13815.0,2010-02-12 10:26:00,2011-11-17 14:19:00,8,5336,6717.94,201,839.7425,643
13816.0,2011-10-06 14:37:00,2011-11-16 08:38:00,2,265,499.67,24,249.835,40
13817.0,2010-12-23 11:46:00,2011-11-10 17:49:00,2,202,316.38,18,158.19,322
13818.0,2010-10-06 12:35:00,2010-10-06 12:35:00,1,60,61.28,5,61.28,0
13819.0,2009-12-01 16:18:00,2011-02-11 10:38:00,6,2309,2642.35,47,440.39166666666665,436
13820.0,2010-01-28 12:26:00,2010-10-17 13:46:00,3,276,592.0,66,197.33333333333334,262
13821.0,2010-01-04 13:36:00,2011-07-18 09:49:00,6,473,1352.08,156,225.34666666666666,559
13822.0,2011-10-30 15:55:00,2011-12-04 12:13:00,2,611,632.0,90,316.0,34
13823.0,2009-12-15 14:34:00,2011-11-21 10:22:00,7,1564,3403.4500000000003,108,486.2071428571429,705
13824.0,2010-03-12 15:17:00,2011-11-07 12:41:00,12,1442,3314.76,59,276.23,604
13825.0,2009-12-09 14:30:00,2010-03-28 11:02:00,2,182,255.59,38,127.795,108
13826.0,2011-06-16 13:48:00,2011-06-16 13:48:00,1,82,189.5,10,189.5,0
13827.0,2011-07-19 15:38:00,2011-10-13 12:38:00,3,138,409.8,83,136.6,85
13828.0,2011-11-17 16:02:00,2011-11-17 16:02:00,1,311,209.49,15,209.49,0
13829.0,2010-10-14 18:19:00,2010-10-14 18:19:00,1,12,102.0,1,102.0,0
13830.0,2010-05-07 12:24:00,2010-05-07 12:24:00,1,47,156.85000000000002,11,156.85000000000002,0
13831.0,2009-12-10 14:50:00,2011-11-23 15:41:00,18,2551,6991.639999999999,120,388.4244444444444,713
13832.0,2010-10-13 14:41:00,2011-11-20 15:36:00,2,419,603.9399999999999,53,301.96999999999997,403
13833.0,2010-10-31 14:11:00,2011-07-03 13:27:00,2,243,700.41,43,350.205,244
13834.0,2010-02-08 12:52:00,2010-05-12 10:27:00,2,221,324.19,15,162.095,92
13835.0,2010-03-04 08:26:00,2011-11-14 15:37:00,7,520,1095.27,60,156.46714285714285,620
13836.0,2010-10-21 13:27:00,2010-11-05 13:31:00,2,273,620.37,29,310.185,15
13837.0,2011-01-26 12:15:00,2011-05-12 12:10:00,2,182,266.59000000000003,17,133.29500000000002,105
13838.0,2010-05-09 11:40:00,2011-12-04 11:00:00,10,770,1897.93,326,189.793,573
13839.0,2010-08-10 13:52:00,2010-08-10 13:52:00,1,22,122.10000000000001,6,122.10000000000001,0
13840.0,2010-10-19 13:34:00,2010-10-19 13:34:00,1,358,651.4,40,651.4,0
13841.0,2011-04-01 12:10:00,2011-04-01 12:10:00,1,100,85.0,1,85.0,0
13842.0,2010-02-16 15:54:00,2011-10-12 10:51:00,18,2877,5616.61,213,312.0338888888889,602
13843.0,2010-11-23 17:48:00,2010-11-23 17:48:00,1,145,319.75,18,319.75,0
13844.0,2011-11-28 13:21:00,2011-11-28 13:21:00,1,196,361.62,20,361.62,0
13845.0,2011-10-06 08:25:00,2011-10-06 08:25:00,1,182,312.98,9,312.98,0
13846.0,2010-11-05 09:47:00,2011-11-15 12:07:00,4,705,1307.79,81,326.9475,375
13847.0,2009-12-20 10:41:00,2009-12-20 10:41:00,1,96,310.72,19,310.72,0
13848.0,2009-12-09 16:17:00,2011-09-08 12:58:00,8,10200,3335.0,3,416.875,637
13849.0,2010-03-25 12:03:00,2011-10-19 10:59:00,5,1859,3413.5,186,682.7,572
13850.0,2011-08-02 14:04:00,2011-08-02 14:04:00,1,944,1595.48,93,1595.48,0
13851.0,2010-01-29 11:54:00,2011-09-05 12:36:00,8,2525,4606.46,111,575.8075,584
13852.0,2010-04-08 09:06:00,2010-04-08 09:06:00,1,82,169.5,10,169.5,0
13853.0,2011-10-13 14:18:00,2011-10-13 14:18:00,1,312,1090.14,23,1090.14,0
13854.0,2010-01-08 11:28:00,2011-12-01 09:06:00,39,3710,12253.96,61,314.2041025641025,691
13855.0,2009-12-08 16:56:00,2010-07-27 09:53:00,4,571,1290.54,63,322.635,230
13856.0,2010-03-30 15:40:00,2011-06-24 10:03:00,11,1105,1142.03,33,103.82090909090908,450
13857.0,2010-05-17 14:21:00,2010-11-11 12:54:00,6,775,985.61,97,164.26833333333335,177
13858.0,2011-10-13 16:17:00,2011-10-13 16:17:00,1,75,216.17,11,216.17,0
13859.0,2010-06-28 15:36:00,2011-01-17 16:14:00,2,167,515.86,34,257.93,203
13860.0,2011-09-14 09:27:00,2011-12-08 12:57:00,5,591,1245.9,58,249.18,85
13861.0,2010-06-27 11:37:00,2010-10-06 14:20:00,2,225,273.26,21,136.63,101
13862.0,2010-11-15 13:43:00,2011-11-21 16:24:00,9,1927,2556.09,113,284.01,371
13863.0,2010-04-25 13:09:00,2011-04-06 10:20:00,4,539,1168.65,56,292.1625,345
13864.0,2010-11-18 12:50:00,2010-11-18 12:50:00,1,192,662.4000000000001,1,662.4000000000001,0
13865.0,2011-02-23 12:04:00,2011-10-12 13:31:00,4,204,501.56,26,125.39,231
13866.0,2011-09-26 14:54:00,2011-09-26 14:54:00,1,57,145.67000000000002,7,145.67000000000002,0
13867.0,2011-05-05 17:28:00,2011-11-08 15:48:00,3,501,1005.09,51,335.03000000000003,186
13868.0,2011-11-01 12:45:00,2011-12-02 16:32:00,2,1964,3192.54,32,1596.27,31
13869.0,2010-01-17 14:53:00,2011-08-08 13:53:00,10,4194,7721.47,498,772.147,567
13870.0,2010-02-08 12:08:00,2011-12-07 13:23:00,15,3361,5493.68,153,366.24533333333335,667
13871.0,2009-12-20 13:09:00,2011-11-17 10:49:00,17,3476,7771.55,180,457.15000000000003,696
13872.0,2009-12-14 09:56:00,2010-06-30 15:35:00,3,327,904.57,50,301.52333333333337,198
13873.0,2010-03-03 12:31:00,2011-08-12 10:08:00,8,468,1019.12,54,127.39,526
13874.0,2010-02-04 18:39:00,2010-12-16 18:20:00,7,864,2049.15,46,292.7357142857143,314
13875.0,2009-12-17 10:30:00,2011-10-17 09:36:00,14,3060,4799.37,158,342.8121428571429,668
13876.0,2011-10-07 10:22:00,2011-10-07 10:22:00,1,36,122.7,7,122.7,0
13877.0,2010-01-19 10:53:00,2011-09-14 15:49:00,3,478,449.68,23,149.89333333333335,603
13878.0,2010-04-14 13:50:00,2011-10-16 12:19:00,4,903,2363.5,90,590.875,549
13879.0,2010-03-04 10:49:00,2010-03-04 10:49:00,1,204,395.5,25,395.5,0
13880.0,2010-05-26 14:29:00,2011-11-18 13:44:00,17,2589,4391.66,148,258.33294117647057,540
13881.0,2010-03-04 14:41:00,2011-12-06 12:50:00,43,29736,45158.7,181,1050.2023255813954,641
13882.0,2011-10-06 15:28:00,2011-12-07 11:16:00,5,953,1191.13,54,238.22600000000003,61
13883.0,2010-02-28 12:53:00,2011-11-29 10:45:00,14,3574,6495.77,198,463.98357142857145,638
13884.0,2010-08-26 19:57:00,2011-12-02 16:30:00,10,751,1823.78,107,182.378,462
13885.0,2011-05-23 08:52:00,2011-06-03 15:07:00,2,182,506.8,28,253.4,11
13886.0,2011-09-29 13:17:00,2011-09-29 13:17:00,1,126,243.56,16,243.56,0
13887.0,2011-05-19 17:22:00,2011-05-19 17:22:00,1,135,339.59000000000003,18,339.59000000000003,0
13888.0,2010-05-13 11:57:00,2011-08-12 10:13:00,7,791,1981.79,123,283.11285714285714,455
13889.0,2010-01-22 14:32:00,2011-09-08 09:13:00,6,975,1964.23,56,327.37166666666667,593
13890.0,2009-12-06 15:15:00,2011-12-08 15:36:00,14,1392,2927.38,100,209.09857142857143,732
13891.0,2010-05-06 16:02:00,2010-11-26 15:57:00,3,476,859.21,97,286.40333333333336,203
13892.0,2010-05-13 10:32:00,2011-11-13 11:50:00,6,3125,1267.6499999999999,33,211.27499999999998,549
13893.0,2011-02-15 11:30:00,2011-02-15 11:30:00,1,190,821.1,21,821.1,0
13894.0,2011-02-02 12:54:00,2011-11-16 09:44:00,3,354,564.62,25,188.20666666666668,286
13895.0,2009-12-03 13:09:00,2011-11-11 16:57:00,6,2060,4008.52,154,668.0866666666667,708
13896.0,2010-03-24 08:55:00,2010-03-24 08:55:00,1,149,388.55,21,388.55,0
13897.0,2010-01-31 13:48:00,2011-10-20 14:30:00,3,820,1160.72,58,386.9066666666667,627
13898.0,2010-10-24 15:42:00,2011-01-18 10:28:00,2,544,686.4,43,343.2,85
13899.0,2011-03-10 09:30:00,2011-11-23 13:40:00,2,156,388.52,19,194.26,258
13900.0,2010-03-25 13:46:00,2011-06-09 19:26:00,6,818,1427.47,73,237.91166666666666,441
13901.0,2010-01-05 09:29:00,2011-09-28 14:48:00,15,3296,5638.42,279,375.8946666666667,631
13902.0,2009-12-15 10:02:00,2010-03-17 13:09:00,5,220596,34023.26,57,6804.652,92
13903.0,2010-11-04 17:44:00,2010-11-04 17:44:00,1,99,145.65,9,145.65,0
13904.0,2011-02-18 11:18:00,2011-11-02 13:41:00,2,332,332.64,24,166.32,257
13905.0,2009-12-07 11:41:00,2009-12-07 11:41:00,1,132,294.8,11,294.8,0
13906.0,2010-10-26 15:00:00,2010-10-26 15:00:00,1,100,42.0,1,42.0,0
13907.0,2010-01-17 12:22:00,2010-01-17 12:22:00,1,68,136.8,4,136.8,0
13908.0,2011-03-08 12:04:00,2011-09-21 11:49:00,4,1378,2114.62,98,528.655,196
13909.0,2010-07-06 16:52:00,2010-10-12 17:22:00,2,301,282.85,35,141.425,98
13911.0,2010-03-01 16:31:00,2011-10-13 15:43:00,20,4409,4051.69,173,202.5845,590
13912.0,2010-10-12 08:43:00,2010-10-12 08:43:00,1,29,124.95,7,124.95,0
13913.0,2010-07-21 10:11:00,2010-07-21 10:11:00,1,10,42.22,3,42.22,0
13914.0,2011-11-03 16:28:00,2011-11-28 10:35:00,2,380,626.45,28,313.225,24
13915.0,2010-11-10 15:17:00,2010-11-10 15:17:00,1,24,70.80000000000001,2,70.80000000000001,0
13916.0,2010-02-02 10:06:00,2010-09-02 10:04:00,4,667,1260.51,71,315.1275,211
13917.0,2011-06-01 12:46:00,2011-10-21 09:56:00,2,228,272.04,16,136.02,141
13918.0,2011-03-31 18:05:00,2011-10-21 12:25:00,2,1140,1212.8400000000001,30,606.4200000000001,203
13919.0,2010-06-17 09:30:00,2011-10-11 14:24:00,4,1127,1252.68,64,313.17,481
13920.0,2010-05-26 15:48:00,2010-10-04 12:37:00,4,1772,1774.68,81,443.67,130
13921.0,2009-12-18 12:19:00,2010-11-02 16:32:00,4,210,730.7,36,182.675,319
13922.0,2010-08-29 14:36:00,2010-12-23 10:38:00,3,467,865.2,30,288.40000000000003,115
13923.0,2011-10-17 12:33:00,2011-10-17 12:33:00,1,185,351.13,20,351.13,0
13924.0,2011-09-28 15:07:00,2011-12-08 09:39:00,6,1575,1838.8500000000001,90,306.475,70
13925.0,2011-07-28 12:09:00,2011-09-08 12:47:00,4,331,678.25,28,169.5625,42
13926.0,2011-11-16 13:16:00,2011-11-16 13:16:00,1,104,223.85000000000002,11,223.85000000000002,0
13927.0,2010-09-28 16:12:00,2011-09-26 12:00:00,2,457,692.96,36,346.48,362
13928.0,2011-07-29 15:59:00,2011-11-29 10:33:00,4,129,464.57,23,116.1425,122
13929.0,2010-01-14 07:25:00,2011-06-23 15:26:00,11,1566,3494.1,38,317.6454545454545,525
13930.0,2011-07-26 11:00:00,2011-10-13 09:45:00,2,274,337.34,15,168.67,78
13931.0,2009-12-03 10:26:00,2011-09-05 10:12:00,11,3488,5257.38,205,477.94363636363636,640
13932.0,2011-02-18 12:02:00,2011-02-18 12:02:00,1,72,307.4,16,307.4,0
13933.0,2011-07-14 13:35:00,2011-08-22 14:03:00,2,205,608.7900000000001,23,304.39500000000004,39
13934.0,2011-03-21 08:39:00,2011-03-21 08:39:00,1,390,922.1,31,922.1,0
13935.0,2010-02-25 16:01:00,2010-04-22 11:21:00,3,2168,5935.12,65,1978.3733333333332,55
13936.0,2010-10-21 14:21:00,2011-06-13 08:47:00,3,661,939.66,56,313.21999999999997,234
13937.0,2010-11-02 12:37:00,2011-06-23 16:35:00,2,587,880.13,54,440.065,233
13938.0,2011-11-04 14:37:00,2011-11-04 14:37:00,1,70,71.66,7,71.66,0
13939.0,2010-04-06 12:43:00,2011-11-16 13:33:00,7,1608,1560.96,91,222.99428571428572,589
13940.0,2011-07-18 16:05:00,2011-11-22 15:15:00,4,516,839.14,39,209.785,126
13941.0,2009-12-16 16:10:00,2011-11-18 09:43:00,15,5426,11122.300000000001,42,741.4866666666668,701
13942.0,2010-06-23 12:35:00,2010-06-23 12:35:00,1,1000,320.0,1,320.0,0
13943.0,2010-05-11 11:30:00,2010-05-11 11:30:00,1,94,246.54,15,246.54,0
13944.0,2010-02-24 15:02:00,2010-02-24 15:02:00,1,153,200.43,35,200.43,0
13945.0,2010-08-17 09:59:00,2010-11-10 10:00:00,2,409,834.35,48,417.175,85
13946.0,2009-12-04 11:07:00,2011-09-21 13:33:00,6,2847,1876.23,49,312.705,656
13947.0,2011-10-05 14:42:00,2011-10-05 14:42:00,1,44,90.6,5,90.6,0
13948.0,2009-12-04 12:14:00,2010-12-14 10:18:00,4,248,548.76,23,137.19,374
13949.0,2011-09-06 11:55:00,2011-12-07 09:35:00,6,2470,2407.52,123,401.25333333333333,91
13950.0,2011-04-07 11:29:00,2011-11-28 14:44:00,4,322,730.06,32,182.515,235
13951.0,2011-02-18 15:21:00,2011-06-16 16:43:00,3,459,674.45,38,224.8166666666667,118
13952.0,2009-12-16 09:41:00,2011-05-06 09:00:00,14,5826,12534.56,233,895.3257142857143,505
13953.0,2009-12-11 12:58:00,2011-12-02 16:04:00,12,5224,6640.68,8,553.39,721
13954.0,2011-09-30 10:52:00,2011-12-08 12:50:00,2,150,439.92,24,219.96,69
13955.0,2010-11-29 17:35:00,2011-07-08 17:19:00,3,272,544.0699999999999,82,181.35666666666665,220
13956.0,2011-03-13 12:51:00,2011-12-04 13:20:00,5,484,993.77,122,198.754,266
13957.0,2010-02-19 10:32:00,2010-10-18 10:02:00,3,157,458.25,21,152.75,240
13958.0,2009-12-05 13:12:00,2010-11-25 10:11:00,8,2264,4709.2300000000005,172,588.6537500000001,354
13959.0,2010-07-16 15:11:00,2011-09-21 15:06:00,6,694,1064.77,120,177.46166666666667,431
13960.0,2011-09-29 12:39:00,2011-11-18 15:27:00,2,142,230.22,11,115.11,50
13961.0,2010-11-12 14:40:00,2010-11-12 14:40:00,1,226,538.4,19,538.4,0
13962.0,2010-09-30 10:35:00,2011-11-18 08:47:00,3,160,362.8,23,120.93333333333334,413
13963.0,2010-04-21 16:20:00,2011-02-04 14:43:00,17,2053,2972.27,128,174.8394117647059,288
13964.0,2010-10-05 12:38:00,2010-11-17 13:53:00,2,228,438.9,22,219.45,43
13965.0,2010-01-05 15:21:00,2010-08-20 10:40:00,3,407,925.51,22,308.50333333333333,226
13966.0,2010-09-30 13:08:00,2010-09-30 13:08:00,1,760,384.26,21,384.26,0
13967.0,2010-11-08 13:24:00,2011-07-17 12:02:00,2,66,166.3,4,83.15,250
13968.0,2010-10-12 13:22:00,2010-10-12 13:22:00,1,174,123.66,8,123.66,0
13969.0,2010-03-25 13:15:00,2011-12-02 15:11:00,35,6767,13286.07,471,379.602,617
13970.0,2010-09-28 11:53:00,2010-11-18 13:21:00,2,463,810.85,9,405.425,51
13971.0,2010-01-26 09:51:00,2011-11-21 12:06:00,14,3076,4627.97,183,330.56928571428574,664
13972.0,2011-05-22 11:34:00,2011-09-30 11:54:00,2,187,190.25,15,95.125,131
13973.0,2011-02-25 15:21:00,2011-02-25 15:21:00,1,109,264.7,11,264.7,0
13974.0,2010-05-06 17:55:00,2011-10-21 14:41:00,2,356,677.72,43,338.86,532
13975.0,2010-02-02 13:13:00,2011-11-08 13:19:00,12,3872,5233.6,432,436.1333333333334,644
13976.0,2010-02-09 13:08:00,2011-05-17 09:13:00,4,446,1177.06,48,294.265,461
13977.0,2010-10-24 14:08:00,2010-10-24 14:08:00,1,303,519.8100000000001,13,519.8100000000001,0
13978.0,2011-10-25 15:04:00,2011-11-25 11:36:00,2,315,196.79000000000002,14,98.39500000000001,30
13979.0,2009-12-03 10:02:00,2011-09-27 13:32:00,7,2241,3373.63,355,481.94714285714286,663
13980.0,2010-02-21 14:18:00,2011-10-10 13:34:00,5,463,768.82,57,153.764,595
13981.0,2010-10-20 10:03:00,2010-10-20 10:03:00,1,234,331.14,22,331.14,0
13982.0,2010-01-20 14:04:00,2011-10-31 16:24:00,9,2686,4382.89,123,486.9877777777778,649
13983.0,2009-12-09 13:53:00,2011-11-10 11:06:00,21,4133,7052.65,236,335.8404761904762,700
13984.0,2009-12-07 11:51:00,2011-11-13 12:38:00,12,1421,2048.6,53,170.71666666666667,706
13985.0,2010-02-09 13:56:00,2011-12-05 17:06:00,22,4936,10020.86,149,455.49363636363637,664
13986.0,2011-11-22 15:00:00,2011-11-22 15:00:00,1,430,320.46,12,320.46,0
13987.0,2010-11-04 09:54:00,2010-11-25 10:20:00,2,492,682.54,46,341.27,21
13988.0,2010-03-24 11:05:00,2011-11-20 10:15:00,8,3311,4610.34,212,576.2925,605
13989.0,2010-05-25 12:13:00,2011-10-05 09:47:00,5,2207,2026.06,61,405.212,497
13990.0,2011-05-10 15:19:00,2011-05-10 15:19:00,1,142,292.58,15,292.58,0
13991.0,2011-07-19 12:58:00,2011-11-27 16:18:00,6,994,851.88,57,141.98,131
13992.0,2010-09-02 17:04:00,2011-11-09 15:23:00,3,154,219.5,10,73.16666666666667,432
13993.0,2009-12-03 11:57:00,2011-10-28 09:06:00,19,2126,6721.110000000001,108,353.7426315789474,693
13994.0,2011-07-14 18:28:00,2011-12-06 11:05:00,6,928,2254.34,121,375.72333333333336,144
13995.0,2009-12-18 12:43:00,2011-11-24 14:22:00,14,2359,3902.01,146,278.71500000000003,706
13996.0,2010-11-05 15:07:00,2010-11-18 16:27:00,2,612,845.76,28,422.88,13
13997.0,2010-06-07 17:33:00,2010-07-08 18:06:00,3,142,370.51,35,123.50333333333333,31
13998.0,2010-05-12 13:18:00,2010-09-19 10:20:00,3,204,566.7,30,188.9,129
13999.0,2009-12-05 12:42:00,2011-11-29 13:40:00,29,5031,9442.86,173,325.61586206896555,724
14000.0,2009-12-02 09:50:00,2011-05-12 16:50:00,5,1838,2046.3400000000001,28,409.26800000000003,526
14001.0,2010-08-03 12:49:00,2011-10-25 10:31:00,9,1869,4510.29,59,501.1433333333333,447
14002.0,2011-07-06 14:59:00,2011-07-28 15:55:00,2,877,529.73,47,264.865,22
14003.0,2009-12-07 08:53:00,2009-12-07 08:53:00,1,149,209.41,16,209.41,0
14004.0,2010-09-30 09:39:00,2011-10-27 14:40:00,11,3425,6258.45,127,568.9499999999999,392
14005.0,2011-05-08 10:33:00,2011-11-30 12:41:00,5,2466,2864.7599999999998,52,572.952,206
14006.0,2010-02-25 09:45:00,2011-08-16 09:39:00,7,2181,2196.67,55,313.81,536
14007.0,2010-07-15 09:06:00,2010-07-15 09:06:00,1,16,79.48,5,79.48,0
14008.0,2010-10-03 13:09:00,2010-10-03 13:09:00,1,326,509.04,32,509.04,0
14009.0,2010-09-03 12:08:00,2011-05-25 15:47:00,3,948,1092.26,70,364.08666666666664,264
14010.0,2010-05-23 12:46:00,2010-05-23 13:00:00,2,177,445.15,20,222.575,0
14011.0,2010-04-11 13:40:00,2010-08-16 15:31:00,2,644,457.82,32,228.91,127
14012.0,2011-03-07 12:26:00,2011-03-07 12:26:00,1,160,328.8,11,328.8,0
14013.0,2010-03-26 10:02:00,2011-08-21 15:01:00,5,775,1084.57,56,216.914,513
14014.0,2010-05-12 09:04:00,2011-09-23 13:18:00,3,2004,1948.21,76,649.4033333333333,499
14015.0,2011-10-18 10:02:00,2011-10-18 10:02:00,1,378,917.34,20,917.34,0
14016.0,2010-01-08 14:12:00,2011-07-01 11:29:00,11,5681,11037.76,350,1003.4327272727273,538
14017.0,2010-05-17 14:52:00,2010-05-17 14:52:00,1,73,229.75,14,229.75,0
14018.0,2010-03-04 14:23:00,2010-03-04 14:23:00,1,224,367.15000000000003,13,367.15000000000003,0
14019.0,2011-07-24 15:39:00,2011-10-24 10:13:00,3,1037,1421.61,37,473.86999999999995,91
14020.0,2010-06-28 15:29:00,2011-11-23 09:22:00,4,644,1229.21,62,307.3025,512
14021.0,2010-04-26 11:22:00,2011-07-07 15:46:00,7,878,1716.58,84,245.22571428571428,437
14022.0,2010-08-10 09:38:00,2011-04-28 14:39:00,2,681,792.15,45,396.075,261
14023.0,2011-04-03 15:50:00,2011-12-02 13:58:00,2,345,584.07,30,292.035,242
14024.0,2010-11-14 10:51:00,2011-08-10 11:30:00,3,234,625.94,32,208.64666666666668,269
14025.0,2010-05-05 09:56:00,2010-09-01 10:11:00,8,1914,4057.9,60,507.2375,119
14026.0,2010-03-24 14:10:00,2010-08-26 10:31:00,2,427,713.11,43,356.555,154
14027.0,2011-10-10 09:01:00,2011-10-10 09:01:00,1,62,104.82,6,104.82,0
14028.0,2010-06-07 12:02:00,2010-06-07 13:33:00,3,7170,10396.5,3,3465.5,0
14029.0,2011-07-18 16:57:00,2011-10-07 14:46:00,2,198,467.66,15,233.83,80
14030.0,2009-12-10 17:27:00,2011-11-21 16:48:00,20,4213,8082.53,584,404.12649999999996,710
14031.0,2009-12-03 15:35:00,2011-12-02 17:13:00,44,11285,36105.45,275,820.5784090909091,729
14032.0,2009-12-14 12:02:00,2011-12-07 15:23:00,16,3850,4681.97,77,292.623125,723
14033.0,2010-06-02 15:10:00,2010-06-02 15:10:00,1,576,109.44,1,109.44,0
14034.0,2011-07-05 13:06:00,2011-11-17 14:02:00,3,419,643.9399999999999,81,214.64666666666665,135
14035.0,2010-04-06 12:39:00,2011-11-11 10:03:00,9,1404,2779.75,69,308.8611111111111,583
14036.0,2011-02-28 09:26:00,2011-02-28 09:26:00,1,268,626.65,38,626.65,0
14037.0,2009-12-07 11:39:00,2011-06-16 13:57:00,6,590,836.95,96,139.49166666666667,556
14038.0,2010-02-04 08:56:00,2011-09-22 13:37:00,5,1708,3069.88,99,613.976,595
14039.0,2010-05-13 10:15:00,2011-11-06 13:48:00,2,192,267.28000000000003,10,133.64000000000001,542
14040.0,2009-12-01 12:14:00,2011-10-30 12:42:00,35,4955,12435.86,332,355.3102857142857,698
14041.0,2011-03-18 13:25:00,2011-03-18 13:25:00,1,94,141.41,21,141.41,0
14042.0,2009-12-14 15:07:00,2009-12-14 15:07:00,1,180,431.98,21,431.98,0
14043.0,2009-12-10 15:56:00,2010-08-05 18:18:00,2,152,302.6,37,151.3,238
14044.0,2010-01-24 15:14:00,2011-11-13 12:05:00,10,2085,2990.35,528,299.03499999999997,657
14045.0,2010-01-08 10:08:00,2011-08-22 15:27:00,16,4587,11313.029999999999,16,707.0643749999999,591
14046.0,2011-02-28 14:48:00,2011-02-28 14:48:00,1,443,151.59,13,151.59,0
14047.0,2010-02-01 10:05:00,2011-12-01 11:43:00,14,1649,4255.03,91,303.93071428571426,668
14048.0,2010-11-22 14:08:00,2011-02-07 14:53:00,3,467,748.69,126,249.56333333333336,77
14049.0,2010-04-01 14:52:00,2011-11-23 12:20:00,13,8467,12980.05,570,998.4653846153846,600
14050.0,2011-08-25 13:46:00,2011-11-08 10:00:00,2,689,746.36,49,373.18,74
14051.0,2009-12-03 11:53:00,2011-12-09 10:20:00,37,5598,20463.600000000002,79,553.0702702702704,735
14052.0,2010-11-14 11:37:00,2011-11-20 12:30:00,2,174,466.66,115,233.33,371
14053.0,2010-08-10 11:02:00,2011-08-07 14:27:00,4,490,572.3,3,143.075,362
14054.0,2011-10-05 15:49:00,2011-10-05 15:49:00,1,62,92.46,6,92.46,0
14055.0,2009-12-16 15:11:00,2011-08-25 15:04:00,3,720,1520.96,33,506.9866666666667,616
14056.0,2011-02-28 15:19:00,2011-12-08 13:36:00,23,4068,7964.79,315,346.29521739130433,282
14057.0,2009-12-03 13:17:00,2011-11-16 10:32:00,22,6408,8270.16,242,375.91636363636366,712
14058.0,2010-06-27 11:29:00,2010-09-03 09:31:00,2,211,469.19,23,234.595,67
14059.0,2011-03-18 10:06:00,2011-03-18 10:06:00,1,128,183.6,8,183.6,0
14060.0,2010-03-11 09:47:00,2011-12-05 12:29:00,30,7993,9246.38,99,308.2126666666666,634
14061.0,2009-12-01 18:03:00,2010-07-20 17:22:00,3,131,903.9300000000001,16,301.31,230
14062.0,2009-12-10 14:28:00,2011-11-30 10:04:00,24,12344,23389.350000000002,138,974.5562500000001,719
14063.0,2009-12-08 13:46:00,2010-01-22 11:28:00,7,3848,9471.5,29,1353.0714285714287,44
14064.0,2010-01-21 13:22:00,2011-11-10 13:14:00,15,3911,3260.24,131,217.3493333333333,657
14065.0,2010-10-04 12:03:00,2010-11-15 16:13:00,3,582,891.02,42,297.00666666666666,42
14066.0,2011-03-18 12:21:00,2011-03-18 12:21:00,1,27,106.65,4,106.65,0
14067.0,2011-09-04 12:00:00,2011-10-07 10:21:00,2,361,374.7,51,187.35,32
14068.0,2010-01-31 10:10:00,2011-01-23 16:02:00,4,507,1498.8700000000001,92,374.71750000000003,357
14069.0,2010-05-27 12:30:00,2010-07-13 12:12:00,2,56,213.91,36,106.955,46
14070.0,2010-01-24 12:27:00,2010-01-24 12:27:00,1,81,317.8,39,317.8,0
14071.0,2011-03-20 11:33:00,2011-12-06 12:27:00,8,954,1421.09,269,177.63625,261
14072.0,2010-02-11 12:31:00,2010-02-11 12:31:00,1,65,390.85,19,390.85,0
14073.0,2011-11-07 15:49:00,2011-11-07 15:49:00,1,130,151.04,13,151.04,0
14074.0,2010-03-26 13:55:00,2010-03-26 13:55:00,1,228,219.39999999999998,6,219.39999999999998,0
14075.0,2010-08-26 13:42:00,2011-12-05 08:38:00,5,1493,1724.87,58,344.974,465
14076.0,2011-08-02 15:19:00,2011-08-02 15:19:00,1,79,118.67,43,118.67,0
14077.0,2010-11-09 16:01:00,2011-10-30 12:35:00,6,376,615.0799999999999,43,102.51333333333332,354
14078.0,2010-03-28 15:05:00,2011-08-30 12:16:00,9,614,1688.06,106,187.5622222222222,519
14079.0,2011-08-07 12:10:00,2011-08-07 12:10:00,1,301,375.1,12,375.1,0
14080.0,2009-12-02 15:01:00,2011-11-07 11:09:00,5,255,1072.33,71,214.46599999999998,704
14081.0,2009-12-10 18:27:00,2011-02-10 16:17:00,10,3631,5288.59,464,528.859,426
14082.0,2010-11-12 11:47:00,2010-12-10 11:02:00,2,246,413.36,48,206.68,27
14083.0,2009-12-18 11:34:00,2011-12-05 13:14:00,11,906,1360.9,165,123.71818181818183,717
14084.0,2010-07-15 14:36:00,2010-07-15 14:36:00,1,306,150.5,7,150.5,0
14085.0,2009-12-08 13:41:00,2011-12-07 13:46:00,32,6512,9978.91,475,311.8409375,729
14086.0,2010-09-03 10:52:00,2010-09-03 10:52:00,1,1,39.95,1,39.95,0
14087.0,2009-12-04 15:27:00,2011-12-07 12:41:00,3,718,829.47,175,276.49,732
14088.0,2010-10-14 19:46:00,2011-11-29 16:16:00,16,15022,63314.95,426,3957.184375,410
14089.0,2011-10-14 10:38:00,2011-10-14 10:38:00,1,133,158.75,13,158.75,0
14090.0,2011-01-19 10:51:00,2011-01-19 10:51:00,1,72,76.32000000000001,1,76.32000000000001,0
14091.0,2010-01-10 13:41:00,2010-02-23 15:17:00,2,2800,7816.12,11,3908.06,44
14092.0,2009-12-16 16:24:00,2011-12-02 12:13:00,24,3564,7122.35,167,296.76458333333335,715
14093.0,2011-11-27 16:27:00,2011-11-27 16:27:00,1,391,433.86,95,433.86,0
14094.0,2010-09-26 11:58:00,2010-09-26 11:58:00,1,158,311.77,41,311.77,0
14095.0,2009-12-17 12:49:00,2009-12-17 12:49:00,1,1,2.95,1,2.95,0
14096.0,2011-08-30 10:49:00,2011-12-05 17:17:00,17,16318,53126.67,1110,3125.0982352941173,97
14097.0,2010-03-04 10:46:00,2010-08-15 14:20:00,2,352,422.85999999999996,39,211.42999999999998,164
14098.0,2011-11-03 10:13:00,2011-11-03 10:13:00,1,80,86.15,20,86.15,0
14099.0,2009-12-10 11:55:00,2011-11-23 13:53:00,20,3636,5608.41,269,280.4205,713
14100.0,2011-07-25 11:01:00,2011-07-25 11:01:00,1,63,191.95000000000002,24,191.95000000000002,0
14101.0,2010-03-28 13:36:00,2011-09-27 12:28:00,13,10542,9961.93,19,766.3023076923077,547
14102.0,2011-10-26 12:46:00,2011-12-04 15:38:00,5,769,1105.8799999999999,35,221.176,39
14104.0,2010-05-28 16:11:00,2011-07-08 12:50:00,5,495,740.53,116,148.106,405
14105.0,2009-12-18 16:57:00,2011-04-14 17:58:00,5,3512,5840.33,198,1168.066,482
14106.0,2009-12-02 14:09:00,2009-12-02 14:09:00,1,24,214.79999999999998,1,214.79999999999998,0
14107.0,2009-12-09 14:20:00,2011-10-19 12:12:00,11,3471,4770.2,101,433.6545454545454,678
14108.0,2009-12-01 18:07:00,2011-11-09 10:41:00,4,660,1044.96,49,261.24,707
14109.0,2011-09-28 10:18:00,2011-09-28 10:18:00,1,86,130.9,8,130.9,0
14110.0,2009-12-01 09:50:00,2011-12-06 12:26:00,33,5812,12914.6,175,391.3515151515152,735
14111.0,2011-04-12 11:36:00,2011-11-25 13:44:00,4,457,677.85,9,169.4625,227
14112.0,2010-02-23 14:16:00,2011-11-17 12:30:00,13,3515,5773.39,197,444.1069230769231,631
14113.0,2009-12-08 07:42:00,2011-12-06 12:18:00,16,3277,6744.31,72,421.519375,728
14114.0,2010-04-12 11:07:00,2011-03-11 09:42:00,7,650,1364.09,72,194.86999999999998,332
14115.0,2010-02-11 11:44:00,2010-07-26 12:36:00,2,509,622.6700000000001,22,311.33500000000004,165
14116.0,2011-08-10 12:44:00,2011-11-20 10:29:00,5,707,1382.74,61,276.548,101
14117.0,2011-07-19 09:49:00,2011-07-19 09:49:00,1,72,90.0,3,90.0,0
14118.0,2010-10-07 11:59:00,2010-10-07 11:59:00,1,97,458.45,15,458.45,0
14119.0,2009-12-21 14:52:00,2010-11-29 10:33:00,2,177,183.37,11,91.685,342
14121.0,2011-10-11 10:39:00,2011-12-06 12:19:00,4,2082,2780.15,148,695.0375,56
14122.0,2009-12-02 14:22:00,2010-10-29 15:11:00,3,114,362.42,12,120.80666666666667,331
14123.0,2009-12-06 15:35:00,2009-12-06 15:35:00,1,234,436.18,24,436.18,0
14124.0,2011-09-16 13:32:00,2011-09-16 13:32:00,1,1618,419.58000000000004,4,419.58000000000004,0
14125.0,2011-09-22 15:40:00,2011-11-29 12:47:00,3,1628,2720.63,159,906.8766666666667,67
14126.0,2010-09-21 14:51:00,2011-12-02 11:45:00,4,886,1157.46,36,289.365,436
14127.0,2010-10-10 11:53:00,2011-08-09 10:49:00,6,828,1900.0800000000002,96,316.68,302
14128.0,2010-06-06 14:05:00,2011-10-10 12:00:00,3,790,863.01,46,287.67,490
14129.0,2010-05-09 14:54:00,2011-12-08 11:02:00,9,1414,2591.34,40,287.9266666666667,577
14130.0,2009-12-11 16:33:00,2011-01-24 16:05:00,4,1215,1858.77,189,464.6925,408
14131.0,2010-03-01 11:59:00,2010-03-01 11:59:00,1,105,168.22,45,168.22,0
14132.0,2011-06-09 12:04:00,2011-12-07 13:35:00,11,3368,3586.0299999999997,100,326.00272727272727,181
14133.0,2009-12-06 12:10:00,2011-08-02 11:34:00,4,380,865.24,32,216.31,603
14134.0,2009-12-10 09:25:00,2010-11-22 12:26:00,15,5814,11123.35,130,741.5566666666667,347
14135.0,2009-12-02 08:58:00,2011-12-08 11:38:00,24,9355,9643.92,138,401.83,736
14136.0,2009-12-08 09:19:00,2010-11-04 11:53:00,5,1148,1570.81,86,314.162,331
14137.0,2010-01-13 12:30:00,2010-01-13 12:30:00,1,462,332.7,11,332.7,0
14138.0,2011-10-07 09:38:00,2011-12-08 12:44:00,2,600,965.8800000000001,40,482.94000000000005,62
14139.0,2010-06-15 09:17:00,2011-10-24 13:34:00,4,1049,1086.8,48,271.7,496
14140.0,2011-11-08 11:20:00,2011-12-06 09:05:00,2,787,873.85,56,436.925,27
14141.0,2011-08-26 14:40:00,2011-12-07 09:53:00,4,347,875.5300000000001,26,218.88250000000002,102
14142.0,2010-03-03 15:13:00,2010-12-01 16:33:00,2,831,983.15,42,491.575,273
14143.0,2011-07-29 09:48:00,2011-07-29 09:48:00,1,30,115.8,7,115.8,0
14144.0,2010-08-10 15:17:00,2010-08-10 15:17:00,1,12,30.599999999999998,1,30.599999999999998,0
14145.0,2010-04-08 09:47:00,2011-10-24 12:10:00,7,1295,5818.05,10,831.15,564
14146.0,2010-01-13 16:04:00,2011-12-01 10:18:00,12,5777,9432.45,336,786.0375,686
14147.0,2010-03-09 13:43:00,2011-09-22 18:10:00,9,995,2590.2,24,287.79999999999995,562
14148.0,2010-10-21 14:08:00,2011-04-20 12:02:00,2,223,466.29,15,233.145,180
14149.0,2011-05-03 09:44:00,2011-05-03 09:44:00,1,218,446.62,28,446.62,0
14150.0,2010-12-15 10:04:00,2011-11-04 10:05:00,2,496,658.64,23,329.32,324
14151.0,2009-12-23 10:54:00,2010-02-04 15:35:00,2,405,679.45,44,339.725,43
14152.0,2010-02-18 13:57:00,2011-09-25 12:54:00,7,1844,1997.3400000000001,104,285.3342857142857,583
14153.0,2010-08-13 14:35:00,2010-08-13 14:35:00,1,312,233.4,17,233.4,0
14154.0,2010-01-13 12:47:00,2011-04-14 16:26:00,8,3222,6460.7,236,807.5875,456
14155.0,2011-03-18 14:13:00,2011-03-18 14:13:00,1,22,100.9,5,100.9,0
14156.0,2009-12-01 12:30:00,2011-11-30 10:54:00,144,163642,296940.73,1427,2062.0884027777774,728
14157.0,2010-03-03 16:49:00,2011-11-20 11:32:00,5,515,971.19,74,194.238,626
14158.0,2011-10-30 15:08:00,2011-10-30 15:08:00,1,781,507.66,41,507.66,0
14159.0,2009-12-03 12:31:00,2011-11-20 12:36:00,20,6473,7779.55,699,388.9775,717
14160.0,2010-01-10 12:06:00,2010-04-08 14:30:00,7,4661,8421.47,80,1203.0671428571427,88
14161.0,2009-12-13 11:46:00,2011-05-08 11:41:00,7,1599,3253.73,199,464.81857142857143,510
14162.0,2011-02-20 12:32:00,2011-06-19 11:36:00,2,142,289.36,25,144.68,118
14163.0,2010-09-03 17:15:00,2011-09-13 15:18:00,5,933,2508.4700000000003,40,501.6940000000001,374
14164.0,2011-09-20 12:18:00,2011-09-30 12:24:00,2,1033,1631.77,28,815.885,10
14165.0,2011-03-09 12:39:00,2011-03-09 12:39:00,1,52,117.89,22,117.89,0
14166.0,2010-03-23 15:10:00,2010-07-22 19:42:00,2,82,251.15,39,125.575,121
14167.0,2010-01-27 16:07:00,2011-10-31 14:29:00,8,340,1274.29,48,159.28625,641
14168.0,2010-05-24 12:28:00,2010-10-15 10:49:00,2,147,370.45,11,185.225,143
14169.0,2010-09-21 13:39:00,2010-10-05 08:45:00,2,201,613.11,49,306.555,13
14170.0,2010-11-09 14:06:00,2010-11-29 13:10:00,3,269,564.23,122,188.07666666666668,19
14171.0,2009-12-09 13:50:00,2011-09-02 16:43:00,2,211,498.79,61,249.395,632
14172.0,2010-03-07 10:58:00,2010-04-13 13:26:00,3,78,369.02,38,123.00666666666666,37
14173.0,2009-12-09 12:46:00,2011-11-29 11:54:00,6,194,586.0,30,97.66666666666667,719
14174.0,2011-11-06 13:17:00,2011-11-06 13:17:00,1,94,134.46,26,134.46,0
14175.0,2010-03-22 10:43:00,2011-10-11 11:55:00,8,3003,7663.58,236,957.9475,568
14176.0,2010-11-23 13:21:00,2011-02-15 13:12:00,5,326,916.01,33,183.202,83
14177.0,2010-02-26 11:59:00,2011-09-14 15:11:00,13,1040,2171.44,140,167.03384615384616,565
14178.0,2011-06-10 12:51:00,2011-12-01 12:01:00,7,1491,1579.47,189,225.63857142857142,173
14179.0,2011-10-18 14:00:00,2011-10-30 12:07:00,2,317,690.67,133,345.335,11
14180.0,2010-06-09 14:56:00,2011-11-29 10:56:00,33,824,6129.85,121,185.7530303030303,537
14181.0,2010-05-26 12:32:00,2010-10-25 08:27:00,2,120,308.35,48,154.175,151
14182.0,2010-04-22 15:36:00,2010-09-22 11:45:00,4,173,672.82,41,168.205,152
14183.0,2010-08-15 15:36:00,2010-10-24 14:45:00,2,58,266.44,26,133.22,69
14184.0,2011-10-04 12:43:00,2011-10-04 12:43:00,1,127,452.89,24,452.89,0
14185.0,2011-01-12 13:52:00,2011-01-12 13:52:00,1,6,197.65,3,197.65,0
14186.0,2010-03-05 11:17:00,2010-10-08 13:30:00,5,1550,1550.63,75,310.12600000000003,217
14187.0,2010-08-23 12:06:00,2010-08-23 12:06:00,1,50,123.5,8,123.5,0
14188.0,2011-02-02 13:46:00,2011-11-09 12:45:00,6,1162,2054.36,34,342.3933333333334,279
14189.0,2010-11-16 09:28:00,2011-12-07 15:55:00,16,4634,5783.79,197,361.486875,386
14190.0,2010-02-11 14:27:00,2010-02-11 14:27:00,1,2,79.9,1,79.9,0
14191.0,2009-12-11 10:48:00,2011-12-08 09:23:00,15,3700,4798.7,146,319.9133333333333,726
14192.0,2010-11-16 17:44:00,2010-11-16 17:44:00,1,218,293.74,14,293.74,0
14193.0,2010-11-08 12:31:00,2011-10-03 09:34:00,3,653,1210.19,49,403.3966666666667,328
14194.0,2010-01-06 12:16:00,2011-12-05 10:38:00,36,9969,18511.59,430,514.2108333333333,697
14195.0,2010-03-15 17:12:00,2011-05-22 10:29:00,6,2144,2615.6,10,435.93333333333334,432
14196.0,2011-08-25 10:25:00,2011-08-25 10:25:00,1,142,335.52,6,335.52,0
14197.0,2010-10-25 10:01:00,2010-10-25 10:01:00,1,143,390.05,20,390.05,0
14198.0,2010-01-05 10:07:00,2011-11-21 16:35:00,9,619,1554.73,57,172.74777777777777,685
14199.0,2010-06-27 12:13:00,2011-05-05 13:44:00,4,254,1091.7,15,272.925,312
14200.0,2010-04-01 13:01:00,2010-04-01 13:01:00,1,140,379.2,21,379.2,0
14201.0,2010-04-30 13:00:00,2011-10-10 13:27:00,10,806,1193.54,47,119.354,528
14202.0,2010-03-25 10:36:00,2010-11-23 17:13:00,3,166,847.76,27,282.58666666666664,243
14203.0,2010-11-07 13:35:00,2010-11-07 13:35:00,1,80,339.34,16,339.34,0
14204.0,2009-12-02 13:26:00,2011-12-07 13:38:00,4,469,1024.83,186,256.2075,735
14205.0,2010-03-07 12:20:00,2011-11-23 10:55:00,9,1342,2414.2,79,268.2444444444444,625
14206.0,2010-11-02 11:37:00,2011-04-14 16:38:00,3,930,1185.01,62,395.00333333333333,163
14207.0,2010-01-21 09:33:00,2010-01-21 09:33:00,1,36,157.8,2,157.8,0
14208.0,2010-06-06 13:11:00,2011-09-06 12:48:00,2,529,567.05,34,283.525,456
14209.0,2010-01-22 10:28:00,2011-11-29 10:18:00,15,1731,4967.37,131,331.158,675
14210.0,2010-01-06 10:17:00,2011-08-26 12:36:00,16,2584,5762.52,142,360.1575,597
14211.0,2009-12-09 12:48:00,2011-10-17 13:23:00,18,2563,4371.69,154,242.87166666666664,677
14212.0,2010-09-20 11:48:00,2011-09-11 12:45:00,2,2046,2190.14,18,1095.07,356
14213.0,2010-10-31 10:37:00,2010-10-31 10:37:00,1,244,1192.2,5,1192.2,0
14214.0,2011-03-07 12:26:00,2011-11-09 10:31:00,5,751,1004.38,64,200.876,246
14215.0,2009-12-08 09:35:00,2011-11-28 12:19:00,9,2261,3397.37,166,377.48555555555555,720
14216.0,2010-10-21 15:07:00,2011-12-06 14:56:00,5,699,2104.44,62,420.88800000000003,410
14217.0,2010-06-30 12:54:00,2011-12-08 11:53:00,23,1256,3416.89,122,148.5604347826087,525
14218.0,2011-10-28 10:00:00,2011-10-28 10:00:00,1,160,169.48000000000002,12,169.48000000000002,0
14219.0,2010-08-03 14:42:00,2011-12-05 16:23:00,3,363,633.83,39,211.27666666666667,489
14220.0,2010-05-19 13:26:00,2011-04-06 13:23:00,4,468,1515.0,26,378.75,321
14221.0,2010-04-06 14:10:00,2011-10-28 13:42:00,17,3808,6517.49,166,383.38176470588235,569
14222.0,2011-06-15 16:42:00,2011-06-15 16:42:00,1,607,683.17,41,683.17,0
14223.0,2011-03-20 16:02:00,2011-09-08 13:38:00,3,577,951.53,49,317.1766666666667,171
14224.0,2010-06-13 13:46:00,2011-08-21 13:24:00,9,782,1718.61,182,190.95666666666665,433
14225.0,2010-01-12 15:02:00,2010-10-01 10:32:00,4,1095,1954.75,69,488.6875,261
14226.0,2010-09-24 14:32:00,2011-11-11 11:34:00,6,1714,2985.13,89,497.5216666666667,412
14227.0,2010-02-08 09:38:00,2011-11-13 15:48:00,15,4041,6346.360000000001,244,423.0906666666667,643
14228.0,2010-06-11 12:29:00,2010-09-28 09:45:00,3,260,745.5,38,248.5,108
14229.0,2010-08-25 11:47:00,2011-10-19 10:04:00,7,934,2594.04,41,370.57714285714286,419
14230.0,2010-06-09 13:56:00,2010-09-30 09:07:00,3,246,979.8000000000001,27,326.6,112
14231.0,2010-09-15 09:52:00,2011-06-09 11:05:00,4,610,1235.6200000000001,66,308.90500000000003,267
14232.0,2011-03-20 12:44:00,2011-10-28 11:09:00,5,1941,2048.07,81,409.61400000000003,221
14233.0,2010-03-05 16:35:00,2011-10-21 15:54:00,7,1241,2805.27,41,400.7528571428571,594
14234.0,2011-10-13 13:58:00,2011-11-17 17:53:00,4,951,754.12,122,188.53,35
14235.0,2010-03-30 13:36:00,2011-09-25 14:37:00,9,3010,4698.19,106,522.021111111111,544
14236.0,2010-07-22 14:27:00,2011-09-20 09:13:00,5,812,1744.64,39,348.928,424
14237.0,2010-04-28 10:04:00,2010-12-01 13:20:00,2,276,632.14,26,316.07,217
14238.0,2009-12-05 10:58:00,2011-01-17 14:40:00,3,189,434.23,13,144.74333333333334,408
14239.0,2009-12-05 12:36:00,2011-10-27 14:40:00,21,1729,4263.17,97,203.00809523809525,691
14240.0,2010-10-12 12:48:00,2011-11-09 13:45:00,3,655,1247.49,46,415.83,393
14241.0,2010-01-12 15:11:00,2011-06-09 11:46:00,2,242,333.70000000000005,12,166.85000000000002,512
14242.0,2011-01-18 08:53:00,2011-04-19 11:46:00,2,123,280.55,13,140.275,91
14243.0,2010-08-20 13:41:00,2011-12-01 11:12:00,17,3561,7311.41,230,430.08294117647057,467
14244.0,2010-02-17 11:40:00,2010-02-17 11:40:00,1,814,366.41999999999996,16,366.41999999999996,0
14245.0,2011-03-21 10:41:00,2011-05-04 08:40:00,2,976,1693.45,107,846.725,43
14246.0,2011-04-08 08:25:00,2011-08-21 11:50:00,3,798,1458.76,56,486.25333333333333,135
14247.0,2010-06-06 15:07:00,2011-03-06 15:21:00,5,378,753.56,82,150.712,273
14248.0,2010-07-12 14:27:00,2011-01-25 14:45:00,3,692,1032.95,41,344.31666666666666,197
14249.0,2010-01-29 14:21:00,2010-10-25 12:34:00,12,2374,5352.86,176,446.07166666666666,268
14250.0,2011-09-11 13:44:00,2011-12-02 14:30:00,3,1200,1904.05,94,634.6833333333333,82
14251.0,2011-10-13 12:46:00,2011-12-08 08:32:00,5,1674,2879.7000000000003,37,575.94,55
14252.0,2010-11-23 13:36:00,2010-11-23 13:36:00,1,111,350.99,10,350.99,0
14253.0,2010-03-26 15:08:00,2010-08-03 14:55:00,2,88,363.40000000000003,11,181.70000000000002,129
14254.0,2010-10-03 11:52:00,2010-10-03 11:52:00,1,263,601.03,23,601.03,0
14256.0,2010-01-14 10:35:00,2011-03-24 13:17:00,5,1116,2361.94,94,472.38800000000003,434
14257.0,2010-03-01 15:36:00,2011-10-06 16:54:00,9,3332,5954.45,167,661.6055555555555,584
14258.0,2009-12-04 08:36:00,2011-11-30 15:27:00,25,17128,30271.74,93,1210.8696,726
14259.0,2011-07-21 10:44:00,2011-07-21 10:44:00,1,68,120.0,5,120.0,0
14260.0,2010-06-09 11:23:00,2010-08-25 14:55:00,3,544,824.28,50,274.76,77
14261.0,2011-09-22 10:47:00,2011-10-20 10:04:00,2,406,1163.45,52,581.725,27
14262.0,2011-04-13 12:23:00,2011-12-01 14:17:00,8,1645,2618.23,87,327.27875,232
14263.0,2010-10-12 14:09:00,2010-10-12 14:09:00,1,159,307.93,15,307.93,0
14264.0,2010-04-07 13:21:00,2011-07-08 10:20:00,6,553,1517.3600000000001,59,252.89333333333335,456
14265.0,2010-04-06 14:39:00,2011-08-22 13:32:00,4,715,1373.35,74,343.3375,502
14266.0,2010-10-07 13:32:00,2010-10-07 13:32:00,1,24,40.56,1,40.56,0
14267.0,2011-03-24 11:38:00,2011-06-30 10:09:00,3,522,1476.6399999999999,24,492.2133333333333,97
14268.0,2010-08-26 10:45:00,2010-08-26 10:45:00,1,147,354.85,19,354.85,0
14269.0,2010-09-26 12:53:00,2010-09-26 12:53:00,1,123,295.73,16,295.73,0
14270.0,2011-01-12 09:33:00,2011-01-12 09:33:00,1,197,492.65000000000003,29,492.65000000000003,0
14271.0,2010-10-26 17:01:00,2011-04-28 12:47:00,2,148,214.18,38,107.09,183
14272.0,2010-05-06 14:01:00,2011-09-27 10:08:00,4,1097,920.81,62,230.2025,508
14273.0,2011-04-11 13:24:00,2011-10-19 13:20:00,4,264,559.97,22,139.9925,190
14274.0,2010-01-22 12:51:00,2010-01-22 12:51:00,1,178,256.6,15,256.6,0
14275.0,2010-04-11 12:32:00,2010-11-09 09:06:00,6,538,1189.3799999999999,14,198.23,211
14276.0,2010-02-17 13:10:00,2011-09-02 09:45:00,7,1406,2102.68,75,300.3828571428571,561
14277.0,2009-12-13 15:43:00,2011-11-24 15:01:00,8,89722,16582.2,324,2072.775,710
14278.0,2010-10-26 12:07:00,2010-10-26 12:07:00,1,131,205.83,13,205.83,0
14279.0,2010-01-27 16:34:00,2010-07-07 08:42:00,2,46,191.86,3,95.93,160
14280.0,2011-05-27 10:37:00,2011-05-27 10:37:00,1,52,134.04,8,134.04,0
14281.0,2010-10-27 14:45:00,2010-10-27 14:45:00,1,45,245.15,7,245.15,0
14282.0,2010-02-15 11:22:00,2011-12-06 17:04:00,25,5454,7810.36,99,312.4144,659
14283.0,2010-05-19 12:22:00,2010-09-02 14:46:00,4,550,628.4399999999999,36,157.10999999999999,106
14284.0,2010-02-24 12:06:00,2011-11-09 08:11:00,3,510,1299.65,59,433.2166666666667,622
14285.0,2009-12-08 14:13:00,2011-11-18 14:50:00,8,953,3278.4700000000003,47,409.80875000000003,710
14286.0,2009-12-04 08:40:00,2011-11-16 10:34:00,7,8795,8479.76,270,1211.3942857142858,712
14287.0,2011-05-25 11:41:00,2011-12-01 13:25:00,3,261,176.63,9,58.876666666666665,190
14288.0,2011-05-10 13:22:00,2011-05-10 13:22:00,1,188,426.6,16,426.6,0
14289.0,2011-02-23 12:33:00,2011-12-01 11:44:00,6,292,911.26,33,151.87666666666667,280
14290.0,2009-12-08 11:44:00,2011-11-28 14:02:00,8,1576,4385.76,119,548.22,720
14291.0,2009-12-09 10:46:00,2011-12-08 10:26:00,23,6146,7904.1,241,343.6565217391304,728
14292.0,2010-03-19 11:10:00,2011-12-02 11:50:00,16,3005,7640.45,113,477.528125,623
14293.0,2009-12-10 10:57:00,2011-12-06 15:17:00,9,1730,3267.9300000000003,88,363.10333333333335,726
14294.0,2010-10-28 16:25:00,2010-10-28 16:25:00,1,190,375.34,23,375.34,0
14295.0,2009-12-09 13:06:00,2011-10-30 15:50:00,4,1028,2352.91,65,588.2275,690
14296.0,2010-05-14 14:34:00,2010-10-14 14:14:00,2,314,456.40000000000003,27,228.20000000000002,152
14297.0,2011-03-10 08:31:00,2011-11-22 09:06:00,4,835,1228.83,46,307.2075,257
14298.0,2009-12-11 13:49:00,2011-12-01 13:12:00,82,99882,90705.25,1361,1106.1615853658536,719
14299.0,2009-12-02 10:58:00,2011-12-01 16:05:00,27,8220,14459.89,163,535.5514814814815,729
14300.0,2011-11-21 08:57:00,2011-11-21 08:57:00,1,32,43.2,3,43.2,0
14301.0,2010-02-11 13:07:00,2011-08-14 15:33:00,4,1683,1974.3300000000002,36,493.58250000000004,549
14302.0,2009-12-02 08:16:00,2010-10-05 08:10:00,3,298,742.9000000000001,25,247.63333333333335,306
14303.0,2010-10-01 10:31:00,2010-10-28 15:37:00,2,218,277.94,21,138.97,27
14304.0,2010-05-18 10:50:00,2011-05-01 11:50:00,3,775,1725.01,69,575.0033333333333,348
14305.0,2011-07-27 14:14:00,2011-09-29 15:29:00,3,1088,1843.96,95,614.6533333333333,64
14306.0,2010-01-31 13:42:00,2011-10-19 13:23:00,6,2065,3151.4,43,525.2333333333333,625
14307.0,2009-12-07 13:06:00,2011-09-12 09:38:00,10,3362,5040.43,203,504.043,643
14309.0,2010-06-07 10:24:00,2011-12-01 13:33:00,11,2553,3704.31,122,336.75545454545454,542
14310.0,2010-10-03 12:34:00,2010-10-03 12:34:00,1,230,492.1,22,492.1,0
14311.0,2010-05-21 10:28:00,2011-04-11 10:14:00,2,235,516.45,31,258.225,324
14312.0,2010-07-23 15:05:00,2011-10-24 09:46:00,11,1902,3076.99,147,279.7263636363636,457
14314.0,2010-10-05 08:00:00,2011-08-25 10:39:00,2,332,229.8,10,114.9,324
14315.0,2010-03-15 12:49:00,2011-10-26 12:06:00,8,1086,2539.92,79,317.49,589
14316.0,2010-03-19 15:18:00,2010-10-13 16:31:00,5,4494,1370.34,21,274.068,208
14317.0,2011-10-06 10:44:00,2011-10-06 10:44:00,1,255,508.58000000000004,24,508.58000000000004,0
14318.0,2010-09-05 15:32:00,2010-09-05 15:32:00,1,152,158.02,9,158.02,0
14319.0,2010-10-11 13:38:00,2010-10-11 13:38:00,1,329,494.85,26,494.85,0
14320.0,2010-01-21 11:44:00,2011-05-17 09:24:00,5,713,1346.75,68,269.35,480
14321.0,2010-08-23 12:56:00,2011-11-29 09:47:00,7,3275,2218.06,162,316.86571428571426,462
14322.0,2010-02-18 08:49:00,2010-10-06 15:17:00,4,158,474.1,10,118.525,230
14323.0,2011-04-15 11:44:00,2011-08-17 11:37:00,2,350,605.0600000000001,32,302.53000000000003,123
14324.0,2010-01-15 13:31:00,2010-10-26 11:44:00,2,402,701.61,41,350.805,283
14325.0,2010-05-19 09:20:00,2010-05-19 09:20:00,1,320,245.48000000000002,18,245.48000000000002,0
14326.0,2010-06-25 12:10:00,2011-04-11 15:04:00,3,572,940.98,54,313.66,290
14327.0,2010-01-08 14:04:00,2011-06-29 13:58:00,6,1296,1894.93,99,315.82166666666666,536
14329.0,2009-12-16 15:31:00,2011-11-22 15:50:00,15,5900,9834.67,346,655.6446666666667,706
14330.0,2010-03-26 09:10:00,2010-03-26 09:10:00,1,103,200.63,13,200.63,0
14331.0,2011-07-27 15:14:00,2011-08-07 13:17:00,2,248,442.86,26,221.43,10
14332.0,2010-10-19 13:01:00,2011-11-17 11:54:00,5,875,1917.41,47,383.482,393
14333.0,2011-10-03 10:38:00,2011-10-03 10:38:00,1,58,415.2,15,415.2,0
14334.0,2010-05-20 10:04:00,2011-11-23 10:01:00,12,2974,4287.88,146,357.3233333333333,551
14335.0,2011-09-04 13:07:00,2011-11-23 13:41:00,2,363,424.26,53,212.13,80
14336.0,2011-03-08 16:48:00,2011-11-23 11:40:00,4,1699,1586.23,75,396.5575,259
14338.0,2010-06-21 10:32:00,2011-07-01 14:08:00,3,622,928.1,43,309.3666666666667,375
14339.0,2010-10-07 08:50:00,2011-04-11 11:06:00,2,456,620.27,21,310.135,186
14340.0,2011-05-05 09:44:00,2011-05-05 09:44:00,1,58,134.7,6,134.7,0
14341.0,2009-12-01 12:20:00,2011-10-25 15:48:00,17,2809,4432.22,184,260.7188235294118,693
14342.0,2010-08-24 13:03:00,2011-11-18 13:21:00,6,521,918.44,27,153.07333333333335,451
14343.0,2010-01-18 16:47:00,2010-10-14 13:05:00,4,626,1079.66,193,269.915,268
14344.0,2010-03-23 15:47:00,2011-08-04 13:51:00,20,1665,3328.7000000000003,139,166.435,498
14345.0,2011-11-01 09:51:00,2011-11-01 09:51:00,1,50,108.97999999999999,6,108.97999999999999,0
14346.0,2010-07-30 10:44:00,2011-08-11 09:47:00,5,1875,2297.9,122,459.58000000000004,376
14347.0,2009-12-03 10:49:00,2009-12-03 10:49:00,1,48,82.6,6,82.6,0
14348.0,2011-03-24 16:23:00,2011-03-24 16:23:00,1,171,378.97,16,378.97,0
14349.0,2011-11-29 15:39:00,2011-11-29 15:39:00,1,86,133.5,31,133.5,0
14350.0,2010-10-05 15:52:00,2011-03-10 14:14:00,3,543,972.03,55,324.01,155
14351.0,2011-06-28 11:56:00,2011-06-28 11:56:00,1,12,51.0,1,51.0,0
14352.0,2011-03-11 14:58:00,2011-07-05 15:41:00,4,538,1078.96,44,269.74,116
14353.0,2010-10-04 12:38:00,2011-05-08 16:06:00,3,344,376.5,18,125.5,216
14354.0,2011-11-09 15:36:00,2011-12-04 11:32:00,2,210,163.62,9,81.81,24
14355.0,2010-03-22 15:08:00,2010-12-09 12:16:00,3,709,1014.45,57,338.15000000000003,261
14356.0,2011-09-19 14:43:00,2011-09-21 09:18:00,2,277,701.23,33,350.615,1
14357.0,2011-10-27 16:23:00,2011-10-27 16:23:00,1,147,225.12,39,225.12,0
14358.0,2010-10-07 17:26:00,2010-11-15 15:51:00,2,338,400.06,21,200.03,38
14359.0,2011-09-13 09:03:00,2011-11-20 13:17:00,3,371,912.18,44,304.06,68
14360.0,2011-09-06 11:58:00,2011-11-08 09:12:00,4,1139,2118.03,104,529.5075,62
14361.0,2010-05-10 12:29:00,2010-05-10 12:29:00,1,251,214.70999999999998,14,214.70999999999998,0
14362.0,2011-11-17 15:08:00,2011-11-17 15:08:00,1,93,143.85,36,143.85,0
14363.0,2010-09-14 14:39:00,2010-11-02 17:01:00,2,105,227.47000000000003,8,113.73500000000001,49
14364.0,2011-05-12 12:56:00,2011-08-23 11:01:00,8,1967,3717.35,61,464.66875,102
14365.0,2010-01-27 09:44:00,2010-11-10 09:52:00,2,557,634.68,50,317.34,287
14366.0,2010-07-02 17:23:00,2010-07-02 17:23:00,1,16,136.0,1,136.0,0
14367.0,2011-03-08 14:12:00,2011-12-01 13:19:00,16,4422,9208.02,269,575.50125,267
14368.0,2011-01-24 09:52:00,2011-01-24 09:52:00,1,36,155.0,8,155.0,0
14369.0,2010-02-16 10:28:00,2010-03-07 15:47:00,2,255,469.13,24,234.565,19
14370.0,2010-02-01 08:35:00,2010-09-15 10:53:00,6,236,1099.28,33,183.21333333333334,226
14371.0,2011-02-17 16:35:00,2011-02-17 16:35:00,1,34,100.5,4,100.5,0
14372.0,2010-04-19 15:57:00,2010-09-22 16:17:00,2,378,860.08,36,430.04,156
14373.0,2010-12-16 15:40:00,2010-12-16 15:40:00,1,17,76.55,4,76.55,0
14374.0,2010-06-16 14:25:00,2010-06-16 14:25:00,1,20,108.0,7,108.0,0
14375.0,2010-06-16 14:34:00,2011-06-07 13:44:00,3,641,1091.52,172,363.84,355
14376.0,2010-01-25 15:36:00,2010-01-25 15:36:00,1,42,167.06,15,167.06,0
14377.0,2011-03-22 13:38:00,2011-06-01 13:32:00,2,219,617.05,11,308.525,70
14378.0,2010-03-28 12:22:00,2010-03-28 12:22:00,1,57,131.25,9,131.25,0
14379.0,2010-08-16 15:31:00,2011-10-26 16:43:00,4,688,1203.96,91,300.99,436
14381.0,2010-09-14 16:15:00,2011-10-18 17:10:00,2,443,610.64,103,305.32,399
14382.0,2010-11-14 16:32:00,2011-11-13 16:18:00,2,1666,1191.08,226,595.54,363
14383.0,2011-06-29 10:18:00,2011-11-01 15:53:00,3,817,1247.69,49,415.8966666666667,125
14384.0,2010-07-27 09:53:00,2010-07-27 09:53:00,1,30,58.5,3,58.5,0
14385.0,2011-11-16 11:55:00,2011-11-30 15:36:00,3,159,202.11,13,67.37,14
14386.0,2011-02-16 09:45:00,2011-02-16 09:45:00,1,54,142.4,7,142.4,0
14387.0,2011-08-22 14:13:00,2011-11-07 12:29:00,3,795,1727.6,125,575.8666666666667,76
14388.0,2010-01-20 11:54:00,2011-11-29 13:32:00,16,4276,6533.6,178,408.35,678
14389.0,2010-04-28 14:57:00,2011-10-05 15:17:00,5,1388,1898.01,48,379.602,525
14390.0,2010-10-10 14:30:00,2011-11-29 13:49:00,13,2904,6373.7300000000005,197,490.28692307692313,414
14391.0,2010-05-12 09:42:00,2010-05-12 09:42:00,1,168,135.6,14,135.6,0
14392.0,2010-10-03 12:56:00,2010-10-03 12:56:00,1,114,266.4,14,266.4,0
14393.0,2011-05-05 18:16:00,2011-05-05 18:16:00,1,13,67.95,5,67.95,0
14394.0,2010-05-24 10:43:00,2010-05-24 10:43:00,1,58,93.8,6,93.8,0
14395.0,2010-04-18 13:12:00,2011-12-07 14:34:00,20,4039,8093.21,318,404.6605,598
14396.0,2009-12-02 14:21:00,2011-10-05 16:09:00,7,995,2060.28,200,294.3257142857143,672
14397.0,2011-05-10 12:25:00,2011-12-07 09:22:00,19,1890,2612.96,18,137.52421052631578,210
14398.0,2010-06-30 11:57:00,2010-11-03 13:46:00,2,267,707.79,50,353.895,126
14399.0,2010-02-03 13:09:00,2010-11-10 13:23:00,8,965,2108.21,119,263.52625,280
14400.0,2010-03-18 12:11:00,2011-07-13 15:50:00,3,1706,1732.47,71,577.49,482
14401.0,2009-12-14 13:22:00,2011-12-05 13:30:00,22,6401,6795.9,171,308.9045454545454,721
14402.0,2010-02-25 13:20:00,2010-02-25 13:20:00,1,228,270.6,7,270.6,0
14403.0,2010-03-10 14:00:00,2011-08-01 12:57:00,6,737,1880.51,20,313.41833333333335,508
14404.0,2009-12-20 14:40:00,2011-11-06 12:30:00,13,1633,2853.36,123,219.48923076923077,685
14405.0,2010-11-18 11:40:00,2010-11-18 11:40:00,1,100,195.0,2,195.0,0
14406.0,2011-08-12 16:54:00,2011-08-12 16:54:00,1,77,156.75,8,156.75,0
14407.0,2011-03-08 11:59:00,2011-08-24 14:02:00,5,1386,2103.9700000000003,64,420.79400000000004,169
14408.0,2009-12-07 12:18:00,2011-11-29 11:41:00,11,2438,4102.27,63,372.9336363636364,721
14409.0,2010-05-21 16:45:00,2011-09-29 18:18:00,9,2401,3756.09,76,417.34333333333336,496
14410.0,2010-09-28 15:46:00,2011-09-08 15:08:00,11,1357,2602.0,303,236.54545454545453,344
14411.0,2011-02-02 10:56:00,2011-02-02 10:56:00,1,196,1063.0,14,1063.0,0
14412.0,2010-10-11 12:33:00,2011-10-28 10:45:00,3,1428,1426.19,75,475.3966666666667,381
14413.0,2010-01-19 14:27:00,2010-12-12 13:37:00,3,276,421.72,92,140.57333333333335,326
14414.0,2010-11-30 10:12:00,2011-09-09 12:09:00,8,2829,2347.0099999999998,96,293.37624999999997,283
14415.0,2009-12-16 14:08:00,2011-12-08 14:38:00,23,6099,11567.19,438,502.9213043478261,722
14416.0,2011-10-28 15:10:00,2011-11-17 15:22:00,2,326,490.22,13,245.11,20
14417.0,2010-11-17 10:55:00,2010-11-17 10:55:00,1,543,524.65,106,524.65,0
14418.0,2011-08-23 17:18:00,2011-12-06 11:39:00,3,1705,1921.95,113,640.65,104
14419.0,2010-11-22 11:09:00,2011-11-29 11:22:00,7,551,1249.69,117,178.52714285714288,372
14420.0,2010-01-17 12:41:00,2011-09-01 18:07:00,4,1120,1639.17,85,409.7925,592
14421.0,2010-01-17 11:30:00,2011-10-13 13:24:00,6,1342,2469.37,72,411.56166666666667,634
14422.0,2009-12-17 12:12:00,2011-12-09 11:26:00,19,6051,10229.92,315,538.4168421052632,721
14423.0,2010-01-14 11:49:00,2011-05-05 15:12:00,3,419,916.6099999999999,12,305.53666666666663,476
14424.0,2011-11-22 11:48:00,2011-11-22 11:48:00,1,48,322.08,1,322.08,0
14425.0,2009-12-02 11:31:00,2010-10-01 10:24:00,3,325,661.39,35,220.46333333333334,302
14426.0,2010-03-04 14:36:00,2011-11-16 12:25:00,17,7005,11690.14,450,687.655294117647,621
14427.0,2010-03-18 09:49:00,2011-10-20 14:23:00,4,538,1263.52,43,315.88,581
14428.0,2011-01-18 16:39:00,2011-12-02 13:17:00,5,427,1221.51,107,244.302,317
14429.0,2010-11-01 10:08:00,2010-11-01 10:08:00,1,286,516.28,22,516.28,0
14430.0,2010-04-11 15:59:00,2010-07-16 11:35:00,3,446,1220.9,29,406.9666666666667,95
14431.0,2010-01-21 10:49:00,2011-02-10 10:40:00,4,1202,2614.2,72,653.55,384
14432.0,2011-09-11 14:09:00,2011-11-30 08:04:00,6,2005,2228.1,252,371.34999999999997,79
14433.0,2010-08-31 12:35:00,2010-08-31 12:35:00,1,131,280.7,72,280.7,0
14434.0,2011-09-28 15:31:00,2011-11-18 08:56:00,6,368,1372.8,3,228.79999999999998,50
14435.0,2010-07-26 12:33:00,2010-07-26 12:33:00,1,282,90.42,3,90.42,0
14436.0,2010-06-04 11:32:00,2011-09-02 10:13:00,2,297,271.70000000000005,11,135.85000000000002,454
14437.0,2010-05-05 12:20:00,2010-12-09 09:27:00,5,480,936.34,34,187.268,217
14438.0,2011-02-06 14:56:00,2011-02-06 14:56:00,1,82,131.9,9,131.9,0
14439.0,2010-01-21 14:01:00,2011-01-24 11:39:00,5,2154,9094.74,102,1818.9479999999999,367
14440.0,2009-12-02 12:13:00,2011-12-01 15:42:00,13,1755,6638.7300000000005,63,510.6715384615385,729
14441.0,2010-01-18 10:40:00,2011-12-09 09:07:00,11,1260,4611.6900000000005,103,419.2445454545455,689
14442.0,2010-01-18 12:59:00,2011-05-19 11:36:00,7,1431,5367.0199999999995,128,766.7171428571428,485
14443.0,2010-11-25 14:18:00,2011-10-17 10:10:00,5,1520,2386.47,119,477.294,325
14444.0,2010-09-09 18:56:00,2010-09-09 18:56:00,1,172,120.44,11,120.44,0
14445.0,2010-09-10 11:09:00,2010-09-10 11:09:00,1,83,221.65,32,221.65,0
14446.0,2010-11-18 12:08:00,2011-12-09 11:34:00,5,1030,1192.93,257,238.586,385
14447.0,2010-11-04 13:32:00,2011-11-21 08:28:00,6,913,1711.73,81,285.28833333333336,381
14448.0,2010-12-10 17:26:00,2011-11-30 13:50:00,2,104,375.35,20,187.675,354
14449.0,2010-09-29 13:15:00,2011-11-21 12:06:00,8,1746,2441.2,301,305.15,417
14450.0,2010-04-08 12:09:00,2011-06-12 10:46:00,7,522,1128.44,47,161.2057142857143,429
14451.0,2010-01-17 10:35:00,2011-10-10 13:38:00,12,1737,3258.68,245,271.5566666666667,631
14452.0,2010-07-06 13:13:00,2011-11-29 12:06:00,4,285,658.95,108,164.7375,510
14453.0,2011-06-02 14:15:00,2011-06-02 14:15:00,1,49,119.93,22,119.93,0
14454.0,2009-12-06 12:56:00,2010-11-28 13:26:00,5,394,962.0,91,192.4,357
14455.0,2010-08-01 13:26:00,2010-10-03 15:48:00,4,706,617.72,65,154.43,63
14456.0,2011-07-20 13:06:00,2011-12-04 13:59:00,9,2842,2999.02,574,333.22444444444443,137
14457.0,2011-02-02 09:39:00,2011-02-02 09:39:00,1,88,113.64,4,113.64,0
14458.0,2010-11-24 12:43:00,2010-11-24 12:43:00,1,309,219.26999999999998,45,219.26999999999998,0
14459.0,2010-02-26 13:26:00,2011-07-07 13:35:00,2,2284,5259.04,110,2629.52,496
14460.0,2009-12-15 19:06:00,2011-08-21 14:19:00,9,1879,1093.5,33,121.5,613
14461.0,2010-01-18 12:48:00,2011-07-14 17:11:00,13,2999,6650.77,512,511.59769230769234,542
14462.0,2010-10-03 14:13:00,2011-10-04 15:55:00,12,1059,2227.91,180,185.65916666666666,366
14463.0,2010-07-28 11:35:00,2011-09-02 15:20:00,4,209,771.5699999999999,6,192.89249999999998,401
14464.0,2010-03-22 15:20:00,2010-05-20 18:00:00,2,62,111.0,4,55.5,59
14465.0,2010-01-07 15:03:00,2011-04-07 12:38:00,11,2538,3913.1,127,355.73636363636365,454
14466.0,2009-12-13 15:44:00,2011-11-10 14:07:00,13,2644,4646.9,77,357.45384615384614,696
14467.0,2009-12-02 12:44:00,2011-11-22 12:48:00,12,1187,2203.2400000000002,144,183.60333333333335,720
14468.0,2009-12-06 12:21:00,2009-12-06 12:21:00,1,164,204.24,12,204.24,0
14469.0,2010-01-29 11:12:00,2010-10-19 14:30:00,4,973,2093.46,120,523.365,263
14470.0,2010-10-05 12:39:00,2011-11-28 10:31:00,3,282,712.04,56,237.34666666666666,418
14471.0,2009-12-07 12:26:00,2010-04-27 17:12:00,2,187,400.95,38,200.475,141
14472.0,2010-01-19 13:09:00,2011-08-28 11:01:00,9,1271,2118.72,173,235.4133333333333,585
14473.0,2011-03-02 13:56:00,2011-09-26 15:10:00,2,88,234.34000000000003,7,117.17000000000002,208
14474.0,2010-05-09 12:12:00,2011-10-24 13:26:00,2,448,1258.8899999999999,122,629.4449999999999,533
14475.0,2010-10-27 09:20:00,2011-09-29 10:46:00,4,541,1151.15,40,287.7875,337
14476.0,2011-03-27 15:39:00,2011-03-27 15:39:00,1,110,193.0,17,193.0,0
14477.0,2010-01-04 15:41:00,2011-11-20 11:11:00,7,1120,1969.6,7,281.37142857142857,684
14478.0,2009-12-01 13:20:00,2010-11-22 15:29:00,4,1226,1276.66,59,319.165,356
14479.0,2009-12-06 13:48:00,2011-03-31 09:07:00,4,620,1299.11,127,324.7775,479
14480.0,2009-12-21 16:32:00,2011-11-28 16:35:00,4,670,1299.52,52,324.88,707
14481.0,2010-01-31 12:43:00,2011-06-28 10:38:00,5,1568,2284.69,114,456.938,512
14482.0,2010-08-26 14:13:00,2011-11-21 13:14:00,12,2863,4291.42,184,357.61833333333334,451
14483.0,2009-12-03 10:16:00,2011-03-03 10:26:00,2,193,257.1,13,128.55,455
14484.0,2009-12-17 10:57:00,2011-10-20 14:11:00,4,744,1070.98,47,267.745,672
14485.0,2011-11-01 12:25:00,2011-11-01 12:25:00,1,70,162.8,44,162.8,0
14486.0,2010-06-04 10:30:00,2010-07-16 09:42:00,2,90,175.5,4,87.75,41
14487.0,2010-11-25 13:36:00,2011-11-13 12:17:00,7,798,1391.37,129,198.76714285714283,352
14488.0,2011-10-03 09:30:00,2011-10-03 09:30:00,1,799,1064.28,46,1064.28,0
14489.0,2010-04-06 09:52:00,2011-05-16 14:51:00,4,1011,1574.93,65,393.7325,405
14490.0,2010-10-07 11:36:00,2010-10-29 15:04:00,2,933,1273.47,72,636.735,22
14491.0,2010-12-02 12:10:00,2011-06-17 15:22:00,2,167,437.53,15,218.765,197
14492.0,2010-03-30 14:23:00,2010-10-05 13:21:00,7,751,1921.91,70,274.55857142857144,188
14493.0,2010-03-08 08:33:00,2011-12-02 16:14:00,10,3148,5087.86,292,508.78599999999994,634
14494.0,2009-12-08 13:25:00,2011-11-14 09:21:00,3,210,401.46,17,133.82,705
14495.0,2010-02-18 08:49:00,2011-10-20 12:28:00,3,68,174.8,7,58.26666666666667,609
14496.0,2010-03-16 13:15:00,2011-02-01 09:01:00,7,987,2641.23,63,377.31857142857143,321
14497.0,2010-02-04 09:59:00,2011-02-03 17:01:00,2,332,697.0600000000001,40,348.53000000000003,364
14498.0,2010-06-07 16:05:00,2011-10-28 12:09:00,10,2108,3870.23,274,387.023,507
14499.0,2010-08-27 11:57:00,2011-11-13 13:01:00,7,1231,2101.79,199,300.2557142857143,443
14500.0,2011-06-03 10:08:00,2011-09-12 16:45:00,3,117,356.85,6,118.95,101
14501.0,2011-01-24 10:43:00,2011-06-09 12:02:00,2,161,251.21,9,125.605,136
14502.0,2011-01-30 15:52:00,2011-11-20 11:50:00,11,1461,2414.79,364,219.52636363636364,293
14503.0,2011-06-14 10:00:00,2011-12-06 13:30:00,6,2004,3543.26,113,590.5433333333334,175
14504.0,2011-03-06 14:38:00,2011-10-23 16:00:00,4,308,673.26,85,168.315,231
14505.0,2009-12-09 14:48:00,2011-11-22 15:45:00,19,5307,11804.28,892,621.2778947368421,713
14506.0,2010-04-19 08:27:00,2011-11-22 13:02:00,7,1041,3211.3,250,458.75714285714287,582
14507.0,2009-12-10 17:04:00,2011-11-16 12:21:00,11,1429,3050.2400000000002,177,277.29454545454547,705
14508.0,2010-06-17 13:02:00,2011-11-17 19:48:00,5,343,814.52,140,162.904,518
14509.0,2010-06-23 13:21:00,2010-06-23 13:21:00,1,38,110.95,25,110.95,0
14510.0,2010-09-29 13:35:00,2010-11-29 12:46:00,2,739,842.15,64,421.075,60
14511.0,2011-07-29 12:13:00,2011-11-28 17:05:00,5,784,1314.81,53,262.962,122
14512.0,2009-12-07 13:49:00,2011-06-05 12:39:00,7,736,1215.97,55,173.71,544
14513.0,2010-05-20 17:57:00,2011-08-31 11:25:00,6,593,788.01,15,131.335,467
14514.0,2009-12-13 13:21:00,2011-10-09 16:05:00,9,2337,4300.59,207,477.84333333333336,665
14515.0,2010-06-07 12:37:00,2011-11-22 11:37:00,12,1893,3724.06,109,310.3383333333333,532
14516.0,2010-07-11 14:07:00,2010-07-11 14:07:00,1,63,151.17,35,151.17,0
14517.0,2011-07-21 11:42:00,2011-11-06 14:20:00,2,91,330.45,17,165.225,108
14518.0,2011-10-06 14:43:00,2011-10-06 14:43:00,1,278,174.37,16,174.37,0
14519.0,2009-12-11 10:40:00,2010-01-25 11:18:00,2,81,203.14,38,101.57,45
14520.0,2011-02-22 09:15:00,2011-12-08 09:46:00,2,146,270.6,3,135.3,289
14521.0,2010-08-05 16:35:00,2010-08-05 16:35:00,1,211,199.45000000000002,17,199.45000000000002,0
14522.0,2010-01-24 13:55:00,2011-11-15 13:24:00,8,956,1748.42,34,218.5525,659
14523.0,2011-08-23 13:13:00,2011-08-23 13:13:00,1,251,241.09,12,241.09,0
14524.0,2010-10-19 11:44:00,2011-11-08 12:29:00,13,1151,2863.96,247,220.30461538461537,385
14525.0,2009-12-13 14:01:00,2011-11-20 11:37:00,17,5105,8018.59,339,471.68176470588236,706
14526.0,2010-11-15 13:32:00,2010-11-15 13:32:00,1,178,258.65,41,258.65,0
14527.0,2009-12-02 12:06:00,2011-12-07 12:19:00,121,6722,27605.73,600,228.14652892561983,735
14528.0,2011-11-02 17:09:00,2011-11-02 17:09:00,1,278,364.21999999999997,18,364.21999999999997,0
14529.0,2011-08-21 14:10:00,2011-10-10 15:27:00,3,297,507.21,171,169.07,50
14530.0,2010-01-21 11:25:00,2011-11-14 10:38:00,16,2982,6042.52,266,377.6575,661
14531.0,2010-08-17 10:16:00,2010-08-17 10:16:00,1,260,376.34,29,376.34,0
14532.0,2010-01-10 11:47:00,2011-04-17 13:05:00,11,1111,3845.78,209,349.61636363636364,462
14533.0,2010-04-08 12:13:00,2011-11-15 12:05:00,11,6038,3466.37,74,315.12454545454545,585
14534.0,2010-03-15 14:16:00,2011-12-07 12:19:00,26,2814,6167.76,435,237.22153846153847,631
14535.0,2010-02-24 15:03:00,2011-10-10 15:39:00,9,3156,5819.64,583,646.6266666666667,593
14536.0,2011-03-25 12:21:00,2011-03-25 12:21:00,1,39,170.95,18,170.95,0
14537.0,2010-03-26 13:44:00,2011-10-13 10:54:00,2,228,641.4,23,320.7,565
14538.0,2010-01-25 15:42:00,2011-10-06 10:31:00,5,276,1340.8400000000001,43,268.168,618
14539.0,2011-10-26 12:03:00,2011-11-24 09:50:00,2,428,537.48,31,268.74,28
14540.0,2009-12-07 13:00:00,2011-11-30 10:15:00,11,1588,3689.39,195,335.3990909090909,722
14541.0,2010-01-07 11:59:00,2011-10-12 10:08:00,14,1123,2491.38,99,177.9557142857143,642
14542.0,2011-06-07 08:19:00,2011-06-07 08:19:00,1,19,103.25,5,103.25,0
14543.0,2009-12-01 13:47:00,2011-11-11 12:45:00,39,2624,14490.77,102,371.55820512820515,709
14544.0,2010-08-26 16:00:00,2011-11-15 15:06:00,3,2412,2938.53,148,979.5100000000001,445
14545.0,2010-02-03 15:23:00,2010-02-03 15:23:00,1,236,349.25,23,349.25,0
14546.0,2009-12-06 13:10:00,2011-12-04 13:00:00,11,2688,5184.84,410,471.34909090909093,727
14547.0,2011-10-16 14:35:00,2011-12-06 11:06:00,8,2613,3938.41,195,492.30125,50
14548.0,2009-12-06 14:00:00,2011-07-12 12:19:00,9,986,2541.29,66,282.36555555555555,582
14549.0,2009-12-02 14:06:00,2011-02-01 13:47:00,4,394,913.6,117,228.4,425
14550.0,2010-08-13 12:05:00,2011-11-29 12:12:00,4,771,1345.06,77,336.265,473
14551.0,2010-01-27 12:06:00,2011-11-21 13:36:00,7,486,878.09,69,125.44142857142857,663
14552.0,2010-04-26 13:44:00,2011-07-11 12:49:00,3,258,507.93,124,169.31,440
14553.0,2010-07-18 12:07:00,2011-11-20 13:20:00,9,1118,1818.6,233,202.06666666666666,490
14554.0,2011-10-18 13:04:00,2011-11-29 16:44:00,4,1440,2264.64,146,566.16,42
14555.0,2009-12-18 11:39:00,2011-10-13 16:24:00,6,842,2304.03,94,384.00500000000005,664
14556.0,2010-01-20 11:49:00,2010-04-22 14:57:00,3,318,789.14,156,263.0466666666667,92
14557.0,2011-09-15 15:48:00,2011-09-15 15:48:00,1,510,788.38,16,788.38,0
14558.0,2009-12-08 10:41:00,2010-02-23 12:51:00,3,162,655.5,13,218.5,77
14559.0,2010-11-14 16:05:00,2010-11-14 16:05:00,1,72,75.6,2,75.6,0
14560.0,2009-12-02 10:15:00,2011-12-02 15:22:00,44,4580,6114.03,60,138.95522727272726,730
14561.0,2011-06-08 13:26:00,2011-09-25 12:39:00,3,1012,1067.46,66,355.82,108
14562.0,2010-02-07 14:10:00,2011-12-06 11:05:00,26,2565,6593.6,243,253.60000000000002,666
14563.0,2010-04-26 12:51:00,2010-07-18 12:01:00,2,243,625.42,94,312.71,82
14564.0,2009-12-04 09:27:00,2010-10-01 09:02:00,2,1295,2605.62,107,1302.81,300
14565.0,2010-08-23 09:48:00,2011-09-05 09:07:00,5,1934,3670.9700000000003,137,734.1940000000001,377
14566.0,2010-06-24 10:34:00,2011-08-21 11:05:00,4,2400,4092.0,9,1023.0,423
14567.0,2011-08-01 13:48:00,2011-10-14 10:21:00,2,396,1451.16,32,725.58,73
14568.0,2010-09-30 17:15:00,2010-09-30 17:15:00,1,633,889.1,46,889.1,0
14569.0,2010-04-15 11:49:00,2011-12-08 14:58:00,4,257,597.3299999999999,31,149.33249999999998,602
14570.0,2010-09-22 13:07:00,2011-03-04 10:58:00,3,362,506.45,62,168.81666666666666,162
14571.0,2010-10-10 15:06:00,2010-10-10 15:06:00,1,56,160.0,30,160.0,0
14572.0,2010-03-28 13:47:00,2011-12-06 14:40:00,11,2837,5411.33,330,491.9390909090909,618
14573.0,2010-01-08 16:34:00,2011-06-13 11:15:00,13,809,2565.12,183,197.31692307692308,520
14574.0,2009-12-07 12:42:00,2009-12-07 12:42:00,1,63,143.70000000000002,11,143.70000000000002,0
14575.0,2010-08-08 14:51:00,2010-08-08 14:51:00,1,158,414.32,69,414.32,0
14576.0,2010-12-02 17:51:00,2010-12-02 17:51:00,1,24,70.80000000000001,1,70.80000000000001,0
14577.0,2009-12-11 12:09:00,2011-11-27 12:47:00,7,569,1364.15,104,194.87857142857143,716
14578.0,2011-12-06 17:18:00,2011-12-06 17:18:00,1,240,168.63,24,168.63,0
14579.0,2010-10-03 14:36:00,2010-10-03 14:36:00,1,56,105.56,24,105.56,0
14580.0,2010-07-09 15:20:00,2010-07-09 15:20:00,1,3,14.850000000000001,1,14.850000000000001,0
14581.0,2010-06-13 15:48:00,2011-11-23 12:39:00,2,303,404.7,58,202.35,527
14582.0,2011-10-30 11:56:00,2011-10-30 11:56:00,1,73,114.11,6,114.11,0
14583.0,2010-03-28 15:16:00,2011-12-04 12:32:00,8,1068,1649.56,351,206.195,615
14584.0,2010-02-17 14:01:00,2011-06-23 18:33:00,8,957,1735.31,126,216.91375,491
14585.0,2010-10-19 12:17:00,2011-10-20 14:33:00,5,630,1143.27,88,228.654,366
14586.0,2011-03-08 10:04:00,2011-03-08 10:04:00,1,444,237.36,19,237.36,0
14587.0,2011-01-12 13:16:00,2011-11-21 11:34:00,9,749,1580.29,170,175.58777777777777,312
14588.0,2010-05-10 15:08:00,2010-05-10 15:08:00,1,62,135.39,16,135.39,0
14589.0,2010-12-03 11:42:00,2010-12-03 11:42:00,1,10,79.5,3,79.5,0
14590.0,2009-12-07 14:10:00,2010-10-11 12:06:00,20,864,2832.42,122,141.621,307
14591.0,2011-05-10 14:09:00,2011-11-24 13:57:00,4,1228,1320.21,138,330.0525,197
14592.0,2011-10-06 18:08:00,2011-11-04 16:35:00,3,407,557.94,132,185.98000000000002,28
14593.0,2009-12-09 12:57:00,2011-11-18 12:48:00,12,1839,3641.78,433,303.4816666666667,708
14594.0,2010-12-01 13:54:00,2011-12-02 13:28:00,2,329,618.33,48,309.165,365
14595.0,2010-01-20 13:59:00,2011-11-20 12:12:00,8,1208,2145.45,118,268.18125,668
14596.0,2010-03-23 12:13:00,2010-03-23 12:13:00,1,75,222.22000000000003,50,222.22000000000003,0
14597.0,2010-09-28 13:17:00,2011-11-28 13:13:00,6,1436,2184.63,79,364.105,425
14598.0,2010-05-19 13:07:00,2011-10-26 13:19:00,2,346,363.64,80,181.82,525
14599.0,2010-07-18 15:54:00,2010-11-14 14:49:00,2,292,457.89,77,228.945,118
14600.0,2010-11-11 15:56:00,2011-02-07 09:48:00,2,475,839.97,51,419.985,87
14601.0,2011-11-29 09:48:00,2011-11-29 09:48:00,1,156,202.56,6,202.56,0
14602.0,2010-02-21 15:47:00,2010-02-21 15:47:00,1,80,205.35999999999999,31,205.35999999999999,0
14603.0,2011-03-10 10:27:00,2011-03-10 10:27:00,1,400,660.0,2,660.0,0
14604.0,2010-03-16 13:00:00,2010-03-16 13:00:00,1,86,136.35999999999999,19,136.35999999999999,0
14605.0,2009-12-08 13:59:00,2010-11-30 14:07:00,4,409,913.21,86,228.3025,357
14606.0,2009-12-03 12:40:00,2011-12-08 19:28:00,184,15325,29877.03,1246,162.37516304347827,735
14607.0,2009-12-15 11:25:00,2011-11-24 10:35:00,20,14411,21867.73,102,1093.3865,708
14608.0,2009-12-06 12:34:00,2011-12-05 16:52:00,10,926,3342.94,14,334.294,729
14609.0,2010-02-09 09:48:00,2011-09-28 12:54:00,10,12720,1486.2,6,148.62,596
14610.0,2010-07-13 16:06:00,2010-11-09 10:58:00,2,15,24.35,10,12.175,118
14611.0,2010-04-20 10:19:00,2010-09-22 09:19:00,2,582,604.3299999999999,37,302.16499999999996,154
14612.0,2010-10-20 16:01:00,2010-10-20 16:01:00,1,134,877.7,14,877.7,0
14613.0,2010-01-28 13:02:00,2010-01-28 13:02:00,1,72,76.32000000000001,1,76.32000000000001,0
14614.0,2010-11-18 13:04:00,2010-11-18 13:04:00,1,189,295.13,19,295.13,0
14615.0,2010-06-09 13:59:00,2010-11-10 13:36:00,5,495,951.76,40,190.352,153
14616.0,2010-06-09 09:42:00,2011-04-11 09:54:00,5,170,527.78,3,105.556,306
14617.0,2010-10-20 10:40:00,2010-11-02 11:41:00,2,81,190.47000000000003,7,95.23500000000001,13
14618.0,2010-06-11 10:11:00,2011-11-30 13:45:00,7,702,1312.32,39,187.4742857142857,537
14619.0,2010-06-16 14:41:00,2011-04-08 07:37:00,2,594,1291.24,58,645.62,295
14620.0,2011-03-01 08:30:00,2011-05-18 11:58:00,2,202,397.78000000000003,25,198.89000000000001,78
14621.0,2010-01-25 09:08:00,2011-12-08 16:22:00,9,1706,3000.57,134,333.3966666666667,682
14622.0,2011-06-08 12:42:00,2011-06-08 12:42:00,1,146,320.58000000000004,21,320.58000000000004,0
14623.0,2010-04-16 17:12:00,2011-11-07 13:56:00,10,946,1838.05,186,183.805,569
14624.0,2010-04-14 10:44:00,2011-10-13 13:44:00,6,642,796.22,38,132.70333333333335,547
14625.0,2009-12-16 13:23:00,2011-05-27 15:32:00,11,2149,4482.58,166,407.5072727272727,527
14626.0,2009-12-10 14:57:00,2011-11-16 10:37:00,11,3135,5410.92,181,491.9018181818182,705
14627.0,2010-11-25 16:32:00,2010-11-25 16:32:00,1,284,462.75,29,462.75,0
14628.0,2010-01-25 14:40:00,2011-09-09 14:58:00,5,1147,1998.0,65,399.6,592
14629.0,2011-10-23 16:13:00,2011-12-05 16:55:00,2,372,925.5600000000001,132,462.78000000000003,43
14630.0,2010-08-12 16:38:00,2010-08-12 16:38:00,1,111,338.65,21,338.65,0
14631.0,2010-08-09 14:45:00,2011-10-20 11:17:00,6,1407,2025.69,65,337.615,436
14632.0,2011-03-22 08:49:00,2011-03-22 08:49:00,1,96,114.56,8,114.56,0
14633.0,2011-03-18 17:07:00,2011-03-18 17:07:00,1,96,344.90000000000003,20,344.90000000000003,0
14634.0,2010-06-16 09:48:00,2010-09-28 10:40:00,4,1906,2124.46,105,531.115,104
14635.0,2010-09-12 10:47:00,2010-09-12 10:47:00,1,118,215.22,15,215.22,0
14636.0,2011-03-16 09:52:00,2011-11-03 16:12:00,2,241,609.85,27,304.925,232
14637.0,2010-01-31 15:52:00,2010-01-31 15:52:00,1,100,106.67999999999999,7,106.67999999999999,0
14638.0,2011-10-20 10:10:00,2011-10-20 10:10:00,1,166,443.6,16,443.6,0
14639.0,2010-02-16 12:35:00,2011-10-18 15:06:00,9,2407,4961.11,202,551.2344444444444,609
14640.0,2010-01-22 15:44:00,2011-11-15 13:07:00,10,1637,3619.36,164,361.93600000000004,661
14641.0,2011-11-18 10:42:00,2011-11-18 10:42:00,1,90,110.46,7,110.46,0
14642.0,2011-10-12 11:08:00,2011-10-12 11:08:00,1,76,96.12,2,96.12,0
14643.0,2009-12-11 11:52:00,2011-06-22 14:41:00,5,1369,1640.29,56,328.058,558
14644.0,2009-12-03 16:24:00,2011-10-03 08:30:00,7,770,2247.72,50,321.1028571428571,668
14645.0,2010-03-15 11:33:00,2011-07-06 09:15:00,3,587,876.89,45,292.2966666666667,477
14646.0,2009-12-02 16:52:00,2011-12-08 12:12:00,145,366447,524718.57,957,3618.7487586206894,735
14647.0,2010-07-04 13:27:00,2011-05-22 13:40:00,2,175,506.04,42,253.02,322
14648.0,2009-12-10 13:59:00,2010-10-19 13:12:00,15,3255,4451.19,282,296.746,312
14649.0,2010-01-20 13:10:00,2011-12-05 12:30:00,9,2413,3638.49,372,404.27666666666664,683
14650.0,2010-04-29 20:27:00,2010-04-29 20:27:00,1,22,62.5,4,62.5,0
14651.0,2010-03-18 11:39:00,2011-10-03 15:52:00,9,877,2022.67,215,224.7411111111111,564
14652.0,2011-09-23 14:21:00,2011-09-23 14:21:00,1,53,114.18,29,114.18,0
14653.0,2009-12-02 11:51:00,2011-12-08 13:45:00,11,1963,3388.3,267,308.02727272727276,736
14654.0,2009-12-01 12:57:00,2009-12-01 12:57:00,1,273,246.86,27,246.86,0
14655.0,2010-04-22 14:29:00,2011-12-01 16:28:00,7,2339,3865.21,71,552.1728571428572,588
14656.0,2010-04-15 12:10:00,2011-06-23 13:51:00,5,309,790.0,148,158.0,434
14657.0,2010-09-30 19:57:00,2011-11-22 12:47:00,6,879,1450.19,143,241.69833333333335,417
14658.0,2011-08-14 15:42:00,2011-12-04 15:35:00,2,47,247.15,27,123.575,111
14659.0,2011-01-28 12:43:00,2011-12-01 12:17:00,9,1195,2529.93,147,281.1033333333333,306
14660.0,2011-08-31 10:40:00,2011-09-14 11:34:00,2,228,285.74,24,142.87,14
14661.0,2011-11-13 11:51:00,2011-11-13 11:51:00,1,35,107.95,4,107.95,0
14662.0,2009-12-03 16:47:00,2011-11-11 12:13:00,7,901,1361.13,198,194.44714285714286,707
14663.0,2010-10-05 13:12:00,2010-10-05 13:21:00,2,377,471.6,59,235.8,0
14664.0,2011-11-06 14:56:00,2011-11-20 10:59:00,2,465,636.24,78,318.12,13
14665.0,2010-04-26 11:17:00,2011-10-10 09:14:00,7,1138,2734.35,93,390.62142857142857,531
14666.0,2011-11-15 12:57:00,2011-11-15 12:57:00,1,155,179.95,13,179.95,0
14667.0,2009-12-02 12:38:00,2011-11-29 11:30:00,54,12596,21410.15,573,396.48425925925926,726
14668.0,2010-09-20 15:03:00,2010-09-20 15:03:00,1,49,111.63,10,111.63,0
14669.0,2009-12-02 13:06:00,2011-04-12 11:43:00,7,2043,3216.78,334,459.54,495
14670.0,2009-12-07 13:59:00,2011-03-04 14:13:00,3,419,574.03,157,191.34333333333333,452
14671.0,2010-05-20 18:21:00,2010-06-08 13:39:00,2,571,1127.45,48,563.725,18
14672.0,2010-01-28 11:33:00,2011-04-19 10:19:00,4,643,1110.29,92,277.5725,445
14673.0,2010-10-26 10:14:00,2011-12-06 14:31:00,7,2035,3410.81,86,487.25857142857143,406
14674.0,2010-07-18 14:25:00,2010-07-18 14:25:00,1,103,173.66,14,173.66,0
14675.0,2010-11-16 12:22:00,2011-11-23 12:58:00,2,660,1015.58,196,507.79,372
14676.0,2010-03-10 09:30:00,2011-11-08 13:29:00,12,8792,8356.79,77,696.3991666666667,608
14677.0,2010-04-26 09:48:00,2010-04-26 09:48:00,1,139,184.91,14,184.91,0
14678.0,2010-05-09 14:32:00,2010-05-09 14:32:00,1,173,388.09,23,388.09,0
14679.0,2009-12-08 17:13:00,2010-11-23 11:51:00,3,794,1289.44,49,429.81333333333333,349
14680.0,2009-12-04 12:36:00,2011-11-14 16:59:00,58,27309,57116.78,220,984.7720689655172,710
14681.0,2010-02-24 08:54:00,2011-09-29 15:52:00,6,172,875.1500000000001,19,145.85833333333335,582
14682.0,2010-02-05 14:47:00,2011-06-05 12:12:00,6,948,1502.06,78,250.34333333333333,484
14683.0,2010-04-30 17:18:00,2010-04-30 17:18:00,1,386,146.56,21,146.56,0
14684.0,2010-11-14 14:07:00,2011-11-14 11:33:00,6,1004,1428.78,271,238.13,364
14685.0,2009-12-13 11:32:00,2010-05-12 13:08:00,8,1963,4530.9400000000005,108,566.3675000000001,150
14686.0,2010-02-18 18:29:00,2010-10-21 18:31:00,5,456,851.28,184,170.256,245
14687.0,2010-06-06 10:36:00,2011-08-25 11:59:00,3,850,1402.06,34,467.3533333333333,445
14688.0,2010-09-09 12:35:00,2011-12-02 12:26:00,28,5491,7615.6,196,271.9857142857143,448
14689.0,2011-05-15 11:22:00,2011-05-15 11:22:00,1,76,112.8,13,112.8,0
14690.0,2010-10-25 12:20:00,2011-10-26 15:39:00,4,335,762.38,68,190.595,366
14691.0,2011-05-11 09:55:00,2011-11-09 12:30:00,5,707,2114.33,50,422.866,182
14692.0,2010-04-01 14:04:00,2011-07-25 15:08:00,12,890,1715.1399999999999,101,142.9283333333333,480
14693.0,2010-07-02 08:28:00,2011-03-20 12:50:00,7,388,1165.36,43,166.48,261
14694.0,2010-04-01 19:46:00,2010-04-01 19:46:00,1,193,244.31,15,244.31,0
14695.0,2009-12-07 11:05:00,2010-07-08 14:18:00,3,661,1534.22,76,511.4066666666667,213
14696.0,2010-10-14 11:43:00,2011-12-05 13:43:00,8,2127,2713.9,134,339.2375,417
14697.0,2011-05-05 15:29:00,2011-05-05 15:39:00,2,181,188.60999999999999,22,94.30499999999999,0
14698.0,2011-10-19 12:54:00,2011-12-08 12:26:00,5,602,1217.27,148,243.454,49
14699.0,2010-07-02 12:04:00,2011-05-09 14:54:00,4,484,702.6,45,175.65,311
14700.0,2010-08-11 12:19:00,2011-11-07 14:40:00,5,1605,3073.51,110,614.702,453
14701.0,2010-01-24 12:15:00,2011-11-29 12:38:00,15,1664,4288.51,448,285.90066666666667,674
14702.0,2009-12-10 20:22:00,2011-12-08 19:29:00,29,3020,6618.43,335,228.22172413793103,727
14703.0,2011-11-25 09:23:00,2011-11-25 09:23:00,1,183,318.17,22,318.17,0
14704.0,2010-03-25 17:21:00,2011-11-20 12:20:00,9,1149,1703.33,315,189.2588888888889,604
14705.0,2011-05-25 12:39:00,2011-05-25 12:39:00,1,100,179.0,1,179.0,0
14706.0,2010-03-31 11:09:00,2010-03-31 11:09:00,1,246,367.54,25,367.54,0
14707.0,2010-05-12 11:07:00,2010-09-30 11:37:00,2,96,139.2,1,69.6,141
14708.0,2010-09-10 10:26:00,2011-12-07 08:21:00,5,1509,2212.2799999999997,27,442.45599999999996,452
14709.0,2009-12-05 15:26:00,2011-11-24 15:41:00,25,4141,8886.33,105,355.4532,719
14710.0,2009-12-03 17:12:00,2011-11-25 14:53:00,13,1126,1876.84,308,144.3723076923077,721
14711.0,2011-03-22 13:32:00,2011-11-29 14:58:00,11,943,2778.63,216,252.6027272727273,252
14712.0,2010-10-17 14:49:00,2011-11-10 12:59:00,4,411,1328.0700000000002,24,332.01750000000004,388
14713.0,2009-12-03 19:22:00,2011-11-30 16:26:00,21,3436,5360.3099999999995,218,255.25285714285712,726
14714.0,2010-01-21 11:51:00,2011-11-15 13:07:00,4,642,906.24,64,226.56,663
14715.0,2010-01-19 12:18:00,2011-11-15 12:10:00,8,1016,1778.95,99,222.36875,664
14716.0,2010-09-21 12:07:00,2011-10-27 17:29:00,3,637,527.98,84,175.99333333333334,401
14717.0,2009-12-06 13:05:00,2009-12-06 13:05:00,1,32,81.3,11,81.3,0
14718.0,2010-10-25 13:07:00,2010-10-25 13:07:00,1,196,211.12,10,211.12,0
14719.0,2011-04-04 14:17:00,2011-12-08 12:43:00,5,1021,1572.54,175,314.508,247
14720.0,2011-08-05 12:06:00,2011-12-04 12:02:00,3,219,663.81,34,221.26999999999998,120
14721.0,2010-11-25 13:08:00,2010-11-25 13:08:00,1,57,109.07,24,109.07,0
14722.0,2010-08-10 13:28:00,2011-07-15 14:58:00,3,214,489.52,72,163.17333333333332,339
14723.0,2009-12-04 11:22:00,2011-11-29 15:23:00,11,1277,2038.6000000000001,285,185.32727272727274,725
14724.0,2010-04-28 13:26:00,2010-04-28 13:26:00,1,184,341.9,40,341.9,0
14725.0,2010-06-23 11:34:00,2011-11-15 12:42:00,4,1306,1244.31,83,311.0775,510
14726.0,2010-02-23 12:35:00,2010-02-23 12:35:00,1,82,116.5,15,116.5,0
14727.0,2010-06-11 13:23:00,2011-03-10 14:45:00,3,452,461.03,42,153.67666666666665,272
14728.0,2010-10-22 15:57:00,2010-10-22 15:57:00,1,68,190.58,14,190.58,0
14729.0,2010-03-24 13:30:00,2010-12-01 12:43:00,3,567,897.23,125,299.07666666666665,251
14730.0,2011-03-08 12:49:00,2011-12-08 14:39:00,8,1078,1897.57,317,237.19625,275
14731.0,2011-05-11 13:06:00,2011-10-23 15:54:00,3,256,380.02,38,126.67333333333333,165
14732.0,2009-12-09 10:48:00,2011-12-01 14:34:00,19,2243,5436.01,160,286.10578947368424,722
14733.0,2010-11-02 15:42:00,2011-11-23 15:39:00,15,6475,16145.37,139,1076.358,385
14734.0,2010-06-06 15:15:00,2010-10-10 12:04:00,4,378,1056.42,48,264.105,125
14735.0,2009-12-04 11:32:00,2011-12-06 12:09:00,55,4508,12198.16,196,221.78472727272728,732
14736.0,2010-08-11 15:13:00,2010-08-11 15:21:00,2,148,374.05,70,187.025,0
14737.0,2010-11-04 11:29:00,2011-12-06 10:16:00,4,1071,3554.17,28,888.5425,396
14738.0,2009-12-07 10:21:00,2011-10-28 08:56:00,9,757,1821.9,58,202.43333333333334,689
14739.0,2009-12-02 13:23:00,2011-12-05 16:54:00,25,10172,12287.5,129,491.5,733
14740.0,2010-02-25 11:40:00,2011-05-26 18:17:00,11,2081,4161.06,173,378.27818181818185,455
14741.0,2010-10-18 09:33:00,2011-11-28 08:48:00,7,1120,1897.59,48,271.0842857142857,405
14742.0,2010-09-30 14:07:00,2010-09-30 14:07:00,1,368,564.55,33,564.55,0
14743.0,2010-04-26 10:26:00,2010-04-26 10:26:00,1,40,50.48,3,50.48,0
14744.0,2010-05-18 14:06:00,2011-11-23 12:51:00,14,2540,3862.58,55,275.8985714285714,553
14745.0,2010-03-12 10:33:00,2011-08-19 10:05:00,12,1969,2551.41,74,212.61749999999998,524
14746.0,2010-10-12 11:06:00,2010-10-29 14:44:00,4,398,593.5,7,148.375,17
14747.0,2011-04-04 14:09:00,2011-04-04 14:09:00,1,84,328.2,18,328.2,0
14748.0,2010-03-04 17:08:00,2011-11-10 18:33:00,10,2728,3091.12,127,309.11199999999997,616
14749.0,2010-08-17 12:36:00,2010-08-17 12:36:00,1,403,310.15,18,310.15,0
14750.0,2009-12-03 17:57:00,2009-12-03 17:57:00,1,65,112.03,32,112.03,0
14751.0,2009-12-13 14:08:00,2010-01-24 13:37:00,2,65,126.45,7,63.225,41
14752.0,2011-10-27 11:55:00,2011-10-27 11:55:00,1,260,389.64,5,389.64,0
14753.0,2010-09-05 11:04:00,2011-09-13 14:50:00,2,412,869.51,45,434.755,373
14754.0,2010-01-18 11:04:00,2011-10-26 12:01:00,6,976,1461.23,105,243.53833333333333,646
14755.0,2009-12-03 16:51:00,2011-11-30 11:24:00,25,4397,9952.75,218,398.11,726
14756.0,2010-10-11 11:50:00,2011-11-24 18:13:00,3,1422,2603.76,101,867.9200000000001,409
14757.0,2011-09-25 14:36:00,2011-09-25 14:36:00,1,160,420.5,19,420.5,0
14758.0,2010-04-08 08:27:00,2011-07-18 08:21:00,7,612,2387.25,84,341.0357142857143,465
14759.0,2011-04-21 10:55:00,2011-12-05 12:03:00,3,565,1599.37,91,533.1233333333333,228
14760.0,2011-02-15 16:27:00,2011-02-15 16:27:00,1,40,89.2,5,89.2,0
14761.0,2010-09-21 14:22:00,2011-10-12 12:10:00,3,206,447.92,21,149.30666666666667,385
14762.0,2010-03-23 15:36:00,2011-03-21 08:20:00,2,428,417.57,28,208.785,362
14764.0,2011-10-24 11:54:00,2011-10-24 11:54:00,1,190,278.3,6,278.3,0
14765.0,2011-06-16 19:49:00,2011-11-10 19:53:00,3,135,254.11,38,84.70333333333333,147
14766.0,2010-06-06 11:11:00,2011-12-01 16:05:00,11,4054,6502.58,250,591.1436363636363,543
14767.0,2010-08-22 14:54:00,2010-08-22 14:54:00,1,117,382.81,18,382.81,0
14768.0,2011-08-04 13:25:00,2011-11-22 12:54:00,2,52,192.60000000000002,4,96.30000000000001,109
14769.0,2009-12-16 09:17:00,2011-12-07 10:24:00,17,11040,15428.31,830,907.5476470588235,721
14770.0,2010-02-25 18:58:00,2011-04-21 14:21:00,8,1598,3637.64,152,454.705,419
14771.0,2009-12-03 09:44:00,2010-03-28 12:52:00,2,622,594.62,46,297.31,115
14772.0,2011-08-19 15:04:00,2011-08-19 15:04:00,1,82,139.26,9,139.26,0
14773.0,2010-04-26 10:29:00,2010-04-26 10:29:00,1,53,140.55,10,140.55,0
14774.0,2010-06-29 12:26:00,2010-06-29 12:26:00,1,99,241.45,13,241.45,0
14775.0,2010-12-02 16:38:00,2011-10-12 15:27:00,3,1534,1388.46,56,462.82,313
14776.0,2010-09-19 14:12:00,2011-10-19 15:34:00,15,4658,3708.3,68,247.22,395
14777.0,2010-11-01 12:50:00,2010-11-01 12:50:00,1,212,307.56,16,307.56,0
14778.0,2011-02-04 11:43:00,2011-08-04 15:23:00,2,300,715.5600000000001,33,357.78000000000003,181
14779.0,2011-01-20 12:04:00,2011-03-04 12:42:00,3,81,383.3,39,127.76666666666667,43
14780.0,2011-09-21 15:15:00,2011-10-16 12:46:00,2,310,447.68,26,223.84,24
14782.0,2011-01-24 11:12:00,2011-01-24 11:12:00,1,114,200.10000000000002,6,200.10000000000002,0
14783.0,2010-02-18 16:16:00,2010-02-18 16:16:00,1,238,277.3,16,277.3,0
14784.0,2010-11-15 09:49:00,2011-11-13 13:30:00,3,363,449.93,25,149.97666666666666,363
14785.0,2011-11-24 13:40:00,2011-11-29 13:21:00,2,84,77.4,2,38.7,4
14786.0,2010-06-07 13:42:00,2010-06-07 13:42:00,1,112,90.96,7,90.96,0
14787.0,2010-08-25 14:38:00,2010-08-25 14:38:00,1,59,110.65,14,110.65,0
14788.0,2010-04-22 18:16:00,2011-12-02 17:06:00,3,719,1156.32,53,385.44,588
14789.0,2011-11-11 08:59:00,2011-11-11 08:59:00,1,116,197.64,6,197.64,0
14790.0,2009-12-11 14:37:00,2011-11-23 09:28:00,10,2642,2526.62,65,252.66199999999998,711
14791.0,2010-04-12 10:24:00,2010-04-12 10:24:00,1,115,288.63,18,288.63,0
14792.0,2011-10-07 09:19:00,2011-10-07 09:19:00,1,2,6.2,2,6.2,0
14793.0,2010-06-22 16:54:00,2011-11-18 14:50:00,2,357,606.1,38,303.05,513
14794.0,2010-08-09 15:44:00,2011-12-07 10:11:00,10,770,1793.35,82,179.33499999999998,484
14795.0,2011-06-26 13:04:00,2011-06-26 13:04:00,1,17,131.45000000000002,6,131.45000000000002,0
14796.0,2009-12-14 15:06:00,2011-12-08 15:31:00,27,7522,10351.28,478,383.38074074074075,724
14797.0,2010-07-20 14:07:00,2010-07-20 14:07:00,1,99,300.31,16,300.31,0
14798.0,2010-03-01 08:38:00,2011-10-18 10:58:00,8,601,724.31,30,90.53875,596
14799.0,2009-12-02 11:18:00,2011-10-19 16:16:00,2,495,338.15,20,169.075,686
14800.0,2010-09-30 14:38:00,2011-10-23 12:46:00,17,6917,7697.82,333,452.8129411764706,387
14801.0,2011-10-09 15:24:00,2011-10-09 15:24:00,1,173,189.34,56,189.34,0
14803.0,2011-02-20 13:21:00,2011-06-30 13:58:00,3,370,845.55,35,281.84999999999997,130
14804.0,2011-12-01 11:20:00,2011-12-01 11:20:00,1,121,353.27,12,353.27,0
14805.0,2010-03-28 12:34:00,2011-11-24 16:20:00,7,415,1075.8,87,153.68571428571428,606
14806.0,2010-09-26 15:50:00,2011-09-25 15:32:00,2,423,303.43,17,151.715,363
14807.0,2010-02-28 11:33:00,2010-11-14 12:47:00,2,234,504.14,37,252.07,259
14808.0,2011-06-20 12:53:00,2011-10-31 12:21:00,8,2120,2718.6,176,339.825,132
14809.0,2010-03-28 15:42:00,2010-03-28 15:44:00,2,229,668.9100000000001,17,334.45500000000004,0
14810.0,2010-10-06 13:12:00,2011-10-30 11:19:00,13,1240,2519.53,123,193.81,388
14811.0,2010-11-17 13:09:00,2010-11-17 13:09:00,1,74,170.5,28,170.5,0
14812.0,2010-04-20 12:13:00,2010-04-20 12:13:00,1,135,178.85,36,178.85,0
14813.0,2010-04-08 11:49:00,2010-12-05 11:57:00,4,458,1041.79,110,260.4475,241
14814.0,2010-05-07 14:10:00,2010-05-07 14:10:00,1,91,147.01,26,147.01,0
14815.0,2011-10-03 11:36:00,2011-11-03 11:36:00,2,744,778.5,53,389.25,31
14816.0,2011-05-26 13:16:00,2011-05-26 13:16:00,1,5,271.85,4,271.85,0
14817.0,2010-03-22 12:10:00,2011-05-23 13:35:00,7,2455,3609.86,141,515.6942857142857,427
14818.0,2010-03-02 12:48:00,2011-09-27 11:01:00,6,543,1153.56,87,192.26,573
14819.0,2009-12-21 15:54:00,2011-10-06 13:41:00,4,167,438.56,51,109.64,653
14820.0,2010-01-31 12:49:00,2011-11-18 15:41:00,9,724,1274.76,51,141.64,656
14821.0,2010-02-01 13:33:00,2010-12-08 08:43:00,7,479,1278.95,65,182.70714285714286,309
14822.0,2010-08-11 12:52:00,2010-08-11 12:52:00,1,94,157.70000000000002,9,157.70000000000002,0
14823.0,2011-05-29 12:48:00,2011-06-12 13:12:00,3,85,307.28,53,102.42666666666666,14
14824.0,2010-03-12 13:07:00,2011-11-29 14:20:00,10,1954,4022.9100000000003,84,402.29100000000005,627
14825.0,2010-04-06 14:14:00,2011-12-06 11:38:00,24,2846,4919.18,187,204.96583333333334,608
14826.0,2010-01-13 13:08:00,2010-05-07 09:00:00,2,152,385.2,10,192.6,113
14828.0,2009-12-07 11:19:00,2011-05-27 10:16:00,13,9718,9839.460000000001,72,756.8815384615385,535
14829.0,2010-09-29 13:14:00,2011-11-10 16:16:00,7,1147,1692.84,77,241.8342857142857,407
14830.0,2011-10-17 14:29:00,2011-10-17 14:29:00,1,163,188.03,38,188.03,0
14831.0,2009-12-02 09:21:00,2010-01-28 14:31:00,3,865,1611.77,65,537.2566666666667,57
14833.0,2010-07-29 10:06:00,2010-07-29 10:06:00,1,58,94.8,7,94.8,0
14834.0,2010-10-28 17:37:00,2011-11-22 10:30:00,7,872,2206.16,55,315.1657142857143,389
14835.0,2010-04-01 19:34:00,2010-06-29 10:08:00,2,180,297.0,1,148.5,88
14836.0,2011-11-09 13:26:00,2011-11-29 16:45:00,3,45,102.44999999999999,5,34.15,20
14837.0,2010-01-24 10:20:00,2011-09-11 10:58:00,9,3030,3460.32,171,384.48,595
14838.0,2009-12-03 09:52:00,2010-10-12 15:46:00,2,361,769.9200000000001,69,384.96000000000004,313
14839.0,2010-01-04 16:29:00,2010-10-17 13:01:00,3,918,895.13,59,298.37666666666667,285
14840.0,2010-06-18 15:42:00,2011-03-17 12:00:00,2,179,362.71,20,181.355,271
14841.0,2009-12-02 16:49:00,2011-10-17 15:03:00,14,4156,7123.400000000001,195,508.81428571428575,683
14842.0,2011-02-04 15:32:00,2011-10-27 12:37:00,4,1162,2804.89,127,701.2225,264
14843.0,2010-09-29 12:39:00,2010-09-29 12:39:00,1,132,211.79999999999998,9,211.79999999999998,0
14844.0,2010-04-12 12:50:00,2011-10-07 10:41:00,10,4365,6682.63,157,668.263,542
14845.0,2010-04-19 10:19:00,2010-04-19 10:19:00,1,600,150.0,1,150.0,0
14846.0,2010-10-08 17:07:00,2010-10-08 17:07:00,1,193,437.4,12,437.4,0
14847.0,2010-05-24 12:29:00,2011-07-14 10:52:00,3,533,1348.95,56,449.65000000000003,415
14848.0,2010-10-31 12:22:00,2010-10-31 12:22:00,1,248,285.36,9,285.36,0
14849.0,2010-01-10 11:40:00,2011-11-18 10:58:00,43,12026,15763.45,279,366.59186046511627,676
14850.0,2010-05-20 13:28:00,2011-02-01 11:21:00,7,1381,1759.56,128,251.3657142857143,256
14851.0,2010-03-19 11:52:00,2011-11-16 14:20:00,3,631,829.4100000000001,38,276.47,607
14852.0,2010-03-05 14:51:00,2011-10-12 13:20:00,18,4366,6132.43,152,340.6905555555556,585
14853.0,2010-04-13 09:26:00,2011-11-15 16:56:00,5,345,1376.87,26,275.37399999999997,581
14854.0,2010-01-22 09:48:00,2011-09-22 17:00:00,11,2987,4303.06,170,391.1872727272728,608
14855.0,2010-04-08 10:30:00,2011-08-12 14:02:00,7,3506,6500.5,167,928.6428571428571,491
14856.0,2011-10-14 09:35:00,2011-11-03 14:53:00,3,711,1290.53,65,430.1766666666667,20
14857.0,2010-03-15 11:00:00,2011-10-11 09:23:00,7,2080,3651.85,169,521.6928571428572,574
14858.0,2010-07-22 10:51:00,2010-07-22 10:51:00,1,105,180.75,11,180.75,0
14859.0,2010-06-03 10:26:00,2011-11-27 11:18:00,5,888,1705.64,51,341.12800000000004,542
14860.0,2011-11-20 14:17:00,2011-11-20 14:17:00,1,232,170.32,11,170.32,0
14861.0,2009-12-08 12:12:00,2011-10-18 12:54:00,10,1076,1380.73,62,138.073,679
14862.0,2011-07-14 11:20:00,2011-11-14 10:01:00,2,772,841.1999999999999,47,420.59999999999997,122
14863.0,2011-11-10 15:04:00,2011-11-10 15:04:00,1,132,266.76,11,266.76,0
14865.0,2009-12-01 16:05:00,2011-12-02 16:25:00,4,300,129.72,4,32.43,731
14866.0,2010-09-21 15:14:00,2011-11-29 11:45:00,17,9062,20101.57,37,1182.445294117647,433
14867.0,2009-12-05 15:47:00,2011-06-07 11:39:00,16,996,2952.06,67,184.50375,548
14868.0,2010-10-15 14:52:00,2011-12-06 14:49:00,12,2218,4153.41,130,346.1175,416
14869.0,2009-12-16 11:43:00,2011-12-01 12:36:00,6,2130,2778.14,187,463.0233333333333,715
14870.0,2010-01-25 09:05:00,2011-03-23 10:51:00,6,467,1804.15,41,300.69166666666666,422
14871.0,2009-12-01 11:57:00,2011-12-06 13:42:00,9,446,1228.17,123,136.46333333333334,735
14872.0,2010-03-16 14:41:00,2010-08-13 12:34:00,3,662,816.6,34,272.2,149
14873.0,2010-03-16 10:51:00,2011-05-13 13:52:00,2,280,786.48,44,393.24,423
14874.0,2010-06-22 14:58:00,2010-06-22 14:58:00,1,148,116.18,6,116.18,0
14875.0,2010-09-24 10:28:00,2011-08-24 12:20:00,3,1328,2842.6,87,947.5333333333333,334
14876.0,2010-05-27 13:49:00,2010-07-06 14:57:00,2,162,256.7,12,128.35,40
14877.0,2010-03-07 12:25:00,2010-10-17 13:09:00,2,167,419.9,56,209.95,224
14878.0,2010-02-21 11:14:00,2011-11-27 11:15:00,25,2416,4076.5,159,163.06,644
14879.0,2010-01-24 11:35:00,2010-01-24 11:35:00,1,104,185.06,27,185.06,0
14880.0,2011-02-24 12:27:00,2011-09-23 13:42:00,3,352,660.59,43,220.1966666666667,211
14881.0,2011-11-20 11:06:00,2011-11-20 11:06:00,1,316,255.4,17,255.4,0
14882.0,2010-03-30 15:02:00,2011-11-13 12:47:00,14,1614,3546.65,32,253.33214285714286,592
14883.0,2011-05-12 09:49:00,2011-11-21 10:23:00,6,790,761.59,39,126.93166666666667,193
14884.0,2010-02-08 12:56:00,2010-02-08 12:56:00,1,72,120.6,8,120.6,0
14885.0,2010-08-31 10:11:00,2011-07-31 12:05:00,3,1308,1598.12,24,532.7066666666666,334
14886.0,2011-04-01 08:56:00,2011-04-01 08:56:00,1,160,364.8,18,364.8,0
14887.0,2011-09-21 15:32:00,2011-09-21 15:32:00,1,1100,1862.0,6,1862.0,0
14888.0,2011-05-16 14:58:00,2011-05-16 14:58:00,1,184,369.2,20,369.2,0
14889.0,2011-01-07 15:19:00,2011-01-07 15:19:00,1,90,135.9,10,135.9,0
14890.0,2010-02-18 09:00:00,2011-03-31 11:57:00,3,636,817.25,55,272.4166666666667,406
14891.0,2010-09-29 12:41:00,2011-07-14 18:08:00,4,788,1106.73,55,276.6825,288
14892.0,2010-01-18 08:58:00,2010-01-18 08:58:00,1,79,202.35000000000002,13,202.35000000000002,0
14893.0,2010-04-01 09:03:00,2011-11-30 12:31:00,3,1047,1809.6100000000001,98,603.2033333333334,608
14894.0,2009-12-02 10:42:00,2011-09-15 13:51:00,3,579,1362.01,38,454.00333333333333,652
14895.0,2009-12-10 14:22:00,2011-12-02 09:23:00,38,10545,24627.39,434,648.0892105263158,721
14896.0,2009-12-06 12:42:00,2011-05-19 10:20:00,8,1110,2051.27,148,256.40875,528
14897.0,2009-12-15 17:05:00,2011-12-02 10:32:00,8,1138,3117.7400000000002,93,389.71750000000003,716
14898.0,2009-12-03 16:40:00,2011-11-16 14:54:00,14,2225,3464.45,185,247.46071428571426,712
14899.0,2010-11-09 15:20:00,2010-11-09 15:20:00,1,570,1331.38,126,1331.38,0
14900.0,2010-07-05 15:09:00,2010-07-05 15:09:00,1,48,13.919999999999998,1,13.919999999999998,0
14901.0,2010-07-29 11:11:00,2011-11-28 17:09:00,12,1030,2235.5,101,186.29166666666666,487
14902.0,2010-06-04 12:35:00,2011-11-14 10:34:00,3,716,1035.6200000000001,51,345.2066666666667,527
14903.0,2011-03-06 11:50:00,2011-11-18 16:07:00,5,1531,2795.33,227,559.066,257
14904.0,2010-10-08 12:48:00,2011-12-07 12:55:00,4,2522,1630.49,127,407.6225,425
14905.0,2009-12-03 14:36:00,2011-07-05 12:41:00,8,1009,1971.39,45,246.42375,578
14907.0,2010-04-16 13:40:00,2011-12-06 14:14:00,16,2817,6165.79,153,385.361875,599
14908.0,2010-09-02 16:39:00,2011-09-26 12:56:00,2,182,381.9,14,190.95,388
14909.0,2010-02-14 15:47:00,2010-09-28 16:56:00,3,888,1404.68,61,468.2266666666667,226
14910.0,2011-10-16 11:06:00,2011-12-07 10:06:00,4,238,434.35,25,108.5875,51
14911.0,2009-12-01 11:41:00,2011-12-08 15:54:00,373,148936,273943.43,2523,734.4327882037534,737
14912.0,2010-04-28 09:41:00,2011-11-23 09:20:00,5,1818,1849.58,43,369.916,573
14913.0,2010-08-11 08:40:00,2011-11-04 08:29:00,8,3955,4073.13,176,509.14125,449
14915.0,2009-12-03 10:17:00,2011-09-09 13:34:00,11,707,1811.25,65,164.6590909090909,645
14916.0,2010-04-01 10:57:00,2011-09-30 09:20:00,8,2415,3042.95,113,380.36875,546
14917.0,2010-04-22 09:44:00,2010-04-22 11:28:00,2,891,1123.75,29,561.875,0
14918.0,2010-04-08 11:18:00,2011-08-16 11:50:00,9,2551,5955.81,79,661.7566666666667,495
14919.0,2010-06-18 13:06:00,2010-06-18 13:06:00,1,125,347.55,12,347.55,0
14920.0,2010-05-23 15:25:00,2011-05-11 10:32:00,3,886,1607.17,90,535.7233333333334,352
14921.0,2011-05-22 12:51:00,2011-11-09 13:17:00,2,953,1316.07,78,658.035,171
14922.0,2010-07-20 09:45:00,2010-11-11 11:14:00,2,376,843.74,49,421.87,114
14923.0,2011-10-20 11:51:00,2011-10-20 11:51:00,1,418,749.1,44,749.1,0
14924.0,2010-03-10 12:51:00,2011-04-08 09:25:00,3,312,931.01,30,310.33666666666664,393
14926.0,2010-04-20 09:59:00,2010-11-23 07:13:00,2,204,359.4,2,179.7,216
14927.0,2010-11-08 12:30:00,2010-11-08 12:30:00,1,196,308.2,20,308.2,0
14928.0,2010-03-22 09:14:00,2010-03-22 09:14:00,1,256,208.91000000000003,20,208.91000000000003,0
14929.0,2010-10-14 12:22:00,2011-11-07 17:21:00,2,487,836.69,34,418.345,389
14930.0,2010-04-12 11:22:00,2011-08-23 10:31:00,6,2173,5152.13,209,858.6883333333334,497
14931.0,2011-04-13 09:32:00,2011-12-05 10:19:00,4,414,864.6800000000001,28,216.17000000000002,236
14932.0,2010-11-19 09:16:00,2010-12-09 11:48:00,2,334,879.66,28,439.83,20
14933.0,2010-09-21 17:29:00,2010-09-22 10:47:00,4,600,1770.0,1,442.5,0
14934.0,2010-09-24 12:08:00,2011-09-19 10:10:00,5,2098,3403.5,114,680.7,359
14935.0,2010-03-30 11:48:00,2011-02-15 14:44:00,2,1931,2849.83,25,1424.915,322
14936.0,2010-05-05 12:26:00,2011-11-06 10:30:00,12,6274,12410.81,267,1034.2341666666666,549
14937.0,2011-08-01 14:16:00,2011-10-14 12:29:00,3,468,1553.88,32,517.96,73
14938.0,2010-05-26 13:35:00,2010-05-26 13:38:00,2,1369,2322.43,71,1161.215,0
14940.0,2009-12-06 15:46:00,2010-10-18 10:47:00,2,384,531.49,32,265.745,315
14941.0,2010-05-10 11:30:00,2010-05-10 11:30:00,1,80,182.1,7,182.1,0
14942.0,2009-12-10 10:32:00,2010-11-03 10:51:00,4,354,746.56,12,186.64,328
14943.0,2010-02-14 16:04:00,2010-02-14 16:04:00,1,46,107.62,5,107.62,0
14944.0,2010-02-17 08:47:00,2011-11-10 09:10:00,19,4802,9531.67,179,501.6668421052632,631
14945.0,2010-10-22 11:26:00,2010-10-22 11:26:00,1,156,179.4,11,179.4,0
14946.0,2011-11-25 13:33:00,2011-11-25 13:33:00,1,22,100.9,3,100.9,0
14947.0,2010-03-25 11:29:00,2011-09-28 15:48:00,6,415,1034.79,46,172.465,552
14948.0,2011-05-04 14:52:00,2011-11-16 17:16:00,6,667,1086.67,55,181.11166666666668,196
14949.0,2009-12-18 15:28:00,2010-08-27 15:38:00,4,250,515.0,16,128.75,252
14950.0,2011-11-20 13:48:00,2011-11-20 13:48:00,1,136,371.2,19,371.2,0
14951.0,2011-09-21 15:15:00,2011-09-21 15:15:00,1,311,311.69,20,311.69,0
14952.0,2009-12-03 15:34:00,2011-10-11 10:33:00,32,6929,17466.15,238,545.8171875,676
14953.0,2010-09-30 12:16:00,2011-11-14 14:59:00,4,1011,962.87,200,240.7175,410
14954.0,2010-01-05 16:38:00,2011-11-27 14:30:00,2,203,446.82,110,223.41,690
14955.0,2009-12-07 11:35:00,2009-12-07 11:35:00,1,74,163.77,30,163.77,0
14956.0,2010-10-14 16:40:00,2010-10-14 16:40:00,1,2500,1325.0,4,1325.0,0
14957.0,2010-03-05 10:50:00,2011-03-31 17:59:00,2,91,246.39000000000001,26,123.19500000000001,391
14958.0,2009-12-03 16:02:00,2011-07-15 14:20:00,6,248,941.99,52,156.99833333333333,588
14959.0,2011-02-16 13:00:00,2011-10-06 18:23:00,4,494,695.42,37,173.855,232
14960.0,2011-06-21 13:38:00,2011-12-01 12:54:00,2,221,221.27,23,110.635,162
14961.0,2009-12-04 11:32:00,2011-11-29 09:42:00,22,8351,16317.6,324,741.709090909091,724
14962.0,2010-05-04 14:57:00,2011-03-14 09:42:00,4,123,366.91,14,91.7275,313
14963.0,2010-07-02 12:43:00,2011-11-30 12:16:00,12,2287,3123.57,304,260.2975,515
14964.0,2011-04-06 14:13:00,2011-04-06 14:13:00,1,143,206.21,13,206.21,0
14965.0,2011-09-04 13:15:00,2011-09-04 13:20:00,2,363,596.09,80,298.045,0
14966.0,2009-12-15 13:48:00,2011-11-25 12:20:00,6,1060,1064.26,125,177.37666666666667,709
14967.0,2009-12-03 14:07:00,2011-10-21 11:06:00,6,652,1982.6100000000001,22,330.435,686
14968.0,2010-09-07 13:28:00,2011-11-09 13:58:00,2,256,497.49,82,248.745,428
14969.0,2010-01-05 12:43:00,2010-01-05 12:43:00,1,665,906.23,13,906.23,0
14970.0,2010-02-14 13:37:00,2011-10-02 13:44:00,12,980,4907.45,70,408.95416666666665,595
14971.0,2011-10-27 13:33:00,2011-11-04 17:07:00,3,633,1082.68,143,360.8933333333334,8
14972.0,2010-11-23 16:17:00,2011-08-03 14:54:00,2,40,145.07,20,72.535,252
14973.0,2011-04-28 12:22:00,2011-08-24 15:51:00,3,369,1314.45,29,438.15000000000003,118
14974.0,2011-11-02 13:01:00,2011-11-02 13:01:00,1,37,89.94,17,89.94,0
14975.0,2010-10-14 14:11:00,2011-10-13 14:08:00,2,507,472.39,25,236.195,363
14976.0,2011-01-17 11:09:00,2011-10-13 16:33:00,6,230,758.36,44,126.39333333333333,269
14977.0,2009-12-14 10:37:00,2009-12-14 10:37:00,1,17,31.929999999999996,4,31.929999999999996,0
14978.0,2010-04-28 10:50:00,2011-09-28 13:07:00,10,736,3112.19,175,311.219,518
14979.0,2009-12-04 12:54:00,2009-12-04 12:54:00,1,209,429.66,42,429.66,0
14980.0,2009-12-02 14:09:00,2009-12-02 14:09:00,1,79,150.68,24,150.68,0
14981.0,2010-10-12 11:04:00,2011-04-07 13:45:00,2,241,372.92,20,186.46,177
14982.0,2010-05-16 15:52:00,2010-05-16 15:52:00,1,123,234.88,38,234.88,0
14983.0,2010-01-19 17:32:00,2010-01-19 17:32:00,1,90,183.20000000000002,30,183.20000000000002,0
14984.0,2010-01-11 13:22:00,2011-11-20 14:28:00,6,347,1252.26,47,208.71,678
14985.0,2010-12-16 19:51:00,2011-05-25 14:29:00,2,256,292.01,78,146.005,159
14986.0,2010-01-24 15:54:00,2010-11-28 15:25:00,2,338,563.1,87,281.55,307
14987.0,2009-12-02 14:56:00,2011-11-24 09:59:00,8,671,1713.85,4,214.23125,721
14988.0,2010-04-16 13:34:00,2011-05-12 12:05:00,7,1260,2038.65,171,291.2357142857143,390
14989.0,2010-02-16 10:40:00,2010-02-16 10:40:00,1,200,342.4,18,342.4,0
14990.0,2009-12-09 13:31:00,2010-04-06 13:54:00,2,129,304.17,41,152.085,118
14991.0,2010-10-05 13:01:00,2010-10-05 13:01:00,1,191,314.67,21,314.67,0
14992.0,2010-09-23 17:48:00,2010-09-23 17:48:00,1,145,210.5,27,210.5,0
14993.0,2010-05-25 12:47:00,2010-05-25 12:47:00,1,21,36.13,9,36.13,0
14994.0,2010-03-26 14:16:00,2010-11-22 12:59:00,5,566,942.77,232,188.554,240
14995.0,2011-03-04 13:14:00,2011-11-01 11:39:00,2,102,231.98000000000002,53,115.99000000000001,241
14996.0,2010-08-15 13:41:00,2010-08-15 13:44:00,2,404,442.28999999999996,37,221.14499999999998,0
14997.0,2010-02-22 12:11:00,2011-10-24 13:28:00,4,1408,776.5999999999999,36,194.14999999999998,609
14998.0,2010-04-13 16:07:00,2011-06-22 17:30:00,4,324,647.78,107,161.945,435
14999.0,2010-04-26 10:47:00,2010-04-26 10:47:00,1,88,129.48000000000002,9,129.48000000000002,0
15000.0,2011-10-23 11:42:00,2011-10-23 11:42:00,1,218,490.52,76,490.52,0
15001.0,2010-11-10 13:31:00,2010-11-10 13:51:00,2,69,197.10999999999999,43,98.55499999999999,0
15002.0,2010-01-12 11:40:00,2011-08-16 10:44:00,9,2493,4769.7300000000005,220,529.97,580
15003.0,2010-01-26 13:04:00,2010-08-23 15:44:00,6,522,1023.28,251,170.54666666666665,209
15004.0,2011-07-15 14:05:00,2011-07-15 14:05:00,1,620,1208.48,152,1208.48,0
15005.0,2009-12-01 14:19:00,2011-11-24 12:25:00,56,8756,13914.95,586,248.48125000000002,722
15006.0,2010-09-12 13:03:00,2011-10-19 15:08:00,2,386,752.83,164,376.415,402
15007.0,2011-07-03 16:00:00,2011-07-03 16:00:00,1,69,156.91,12,156.91,0
15008.0,2010-03-12 11:13:00,2010-08-16 13:09:00,2,1500,360.0,6,180.0,157
15009.0,2011-11-14 17:40:00,2011-11-27 13:35:00,3,639,1259.43,148,419.81,12
15010.0,2011-11-04 12:42:00,2011-11-04 12:42:00,1,184,308.94,20,308.94,0
15011.0,2010-10-19 12:05:00,2010-11-09 11:10:00,2,289,416.6,17,208.3,20
15012.0,2010-05-12 11:49:00,2011-10-17 12:22:00,3,462,827.27,163,275.75666666666666,523
15013.0,2010-01-31 12:15:00,2010-08-09 12:05:00,10,1715,1610.82,177,161.082,189
15014.0,2011-06-16 19:40:00,2011-10-27 20:07:00,2,149,257.67,29,128.835,133
15015.0,2009-12-14 14:46:00,2010-07-26 13:50:00,13,1559,2344.47,157,180.34384615384613,223
15016.0,2010-06-14 13:06:00,2011-06-20 12:06:00,5,243,620.89,93,124.178,370
15017.0,2011-11-06 10:33:00,2011-11-06 10:33:00,1,63,125.58,20,125.58,0
15018.0,2010-12-07 10:47:00,2011-11-01 12:47:00,3,210,607.46,30,202.48666666666668,329
15019.0,2011-03-18 12:35:00,2011-03-18 12:35:00,1,144,250.47,62,250.47,0
15020.0,2010-11-25 13:29:00,2010-11-25 13:29:00,1,111,198.47,27,198.47,0
15021.0,2010-07-29 16:35:00,2011-12-01 11:53:00,12,1156,2664.09,352,222.00750000000002,489
15022.0,2010-01-31 16:02:00,2011-11-28 12:35:00,5,637,1122.19,114,224.43800000000002,665
15023.0,2010-02-03 15:45:00,2011-12-06 17:23:00,20,4938,11843.1,480,592.155,671
15024.0,2010-10-11 16:14:00,2011-11-30 12:06:00,16,2183,4050.61,168,253.163125,414
15025.0,2010-05-20 13:28:00,2011-11-06 15:20:00,2,472,895.34,125,447.67,535
15026.0,2010-09-17 13:52:00,2011-09-20 13:52:00,5,595,1044.09,108,208.81799999999998,368
15027.0,2010-03-25 14:39:00,2011-11-09 10:16:00,10,2776,3180.3,68,318.03000000000003,593
15028.0,2010-11-10 14:32:00,2011-12-01 14:06:00,6,792,1148.91,65,191.485,385
15029.0,2010-03-30 12:16:00,2010-03-30 12:16:00,1,234,365.1,10,365.1,0
15030.0,2010-03-04 17:10:00,2011-09-29 10:50:00,8,1225,1979.91,25,247.48875,573
15031.0,2009-12-08 13:38:00,2011-12-05 14:19:00,14,1572,3085.54,235,220.3957142857143,727
15032.0,2009-12-10 15:27:00,2011-03-28 15:03:00,8,8259,13780.65,39,1722.58125,472
15033.0,2011-01-14 13:28:00,2011-12-05 12:40:00,10,1658,2523.28,312,252.32800000000003,324
15034.0,2010-05-11 13:30:00,2011-11-24 12:11:00,14,4708,8112.8,413,579.4857142857143,561
15035.0,2011-09-11 11:08:00,2011-09-11 11:08:00,1,245,252.73000000000002,26,252.73000000000002,0
15036.0,2011-06-13 12:19:00,2011-09-28 15:42:00,3,300,388.76,101,129.58666666666667,107
15037.0,2010-11-28 12:14:00,2010-11-28 13:05:00,2,298,397.76,40,198.88,0
15038.0,2010-10-10 14:35:00,2011-10-12 11:33:00,9,424,1265.41,190,140.60111111111112,366
15039.0,2009-12-10 11:39:00,2011-11-30 11:31:00,93,17978,39389.79,560,423.5461290322581,719
15040.0,2010-06-16 11:40:00,2010-06-16 11:40:00,1,1,7.49,1,7.49,0
15041.0,2010-09-21 13:16:00,2011-06-22 16:16:00,2,190,283.88,96,141.94,274
15042.0,2010-04-23 14:01:00,2011-05-24 16:25:00,2,238,315.45,9,157.725,396
15043.0,2010-06-24 15:50:00,2011-11-08 14:26:00,6,1004,2837.47,37,472.91166666666663,501
15044.0,2009-12-16 15:13:00,2011-11-20 13:20:00,32,5213,15623.41,339,488.2315625,703
15045.0,2011-03-27 11:44:00,2011-07-11 11:33:00,2,114,735.66,11,367.83,105
15046.0,2010-01-14 14:29:00,2011-11-30 15:50:00,25,4584,7604.84,247,304.1936,685
15047.0,2011-03-15 10:49:00,2011-03-15 10:49:00,1,222,343.62,22,343.62,0
15048.0,2010-12-06 12:15:00,2011-10-05 14:55:00,4,224,479.7,86,119.925,303
15049.0,2011-03-11 12:13:00,2011-03-11 12:13:00,1,63,121.17000000000002,3,121.17000000000002,0
15050.0,2010-08-16 12:00:00,2011-11-14 16:17:00,5,2590,4009.29,113,801.858,455
15051.0,2009-12-01 13:29:00,2011-11-16 15:38:00,9,3052,3926.91,226,436.3233333333333,715
15052.0,2011-01-24 15:52:00,2011-01-24 15:52:00,1,79,207.73000000000002,27,207.73000000000002,0
15053.0,2011-03-03 12:06:00,2011-12-05 12:08:00,3,984,693.95,49,231.3166666666667,277
15054.0,2011-10-30 14:33:00,2011-11-27 15:02:00,2,198,302.1,105,151.05,28
15055.0,2009-12-16 15:48:00,2010-08-22 11:06:00,3,224,539.17,76,179.72333333333333,248
15056.0,2010-07-07 15:58:00,2010-07-07 15:58:00,1,69,113.64999999999999,6,113.64999999999999,0
15057.0,2009-12-05 15:27:00,2011-03-09 15:17:00,5,1370,3194.76,61,638.952,458
15058.0,2010-02-24 14:07:00,2011-11-14 14:57:00,16,1638,3352.73,229,209.545625,628
15059.0,2009-12-06 12:17:00,2011-10-30 11:35:00,19,1597,3490.4,307,183.70526315789473,692
15060.0,2011-11-30 14:03:00,2011-12-01 13:47:00,4,255,292.17,79,73.0425,0
15061.0,2009-12-01 12:18:00,2011-12-06 12:06:00,127,80709,137804.32,129,1085.0733858267718,734
15062.0,2010-04-08 15:41:00,2011-09-29 16:51:00,8,1872,2585.62,98,323.2025,539
15063.0,2011-05-10 13:25:00,2011-05-10 13:25:00,1,56,370.79999999999995,5,370.79999999999995,0
15064.0,2009-12-22 16:17:00,2010-10-25 14:32:00,4,808,1154.41,74,288.6025,306
15065.0,2010-10-25 09:13:00,2011-11-02 09:45:00,5,1428,3280.96,154,656.192,373
15066.0,2011-10-17 13:25:00,2011-10-17 13:25:00,1,317,893.59,42,893.59,0
15067.0,2010-04-11 15:54:00,2011-09-22 13:20:00,5,2151,3862.88,170,772.576,528
15068.0,2010-03-28 13:18:00,2011-10-24 14:47:00,4,832,1174.9,178,293.725,575
15069.0,2011-06-13 14:16:00,2011-06-13 14:16:00,1,520,1109.53,70,1109.53,0
15070.0,2009-12-15 13:49:00,2010-12-02 11:23:00,3,375,843.25,26,281.0833333333333,351
15071.0,2010-05-18 12:45:00,2011-09-07 11:43:00,4,416,1455.56,41,363.89,476
15072.0,2010-08-17 15:46:00,2010-08-17 15:46:00,1,164,187.51999999999998,13,187.51999999999998,0
15073.0,2010-01-27 08:48:00,2011-11-30 10:44:00,8,1402,2734.82,114,341.8525,672
15074.0,2010-08-29 11:47:00,2011-08-26 14:45:00,3,1009,1476.63,59,492.21000000000004,362
15075.0,2011-09-23 12:27:00,2011-09-23 12:27:00,1,447,773.03,27,773.03,0
15076.0,2010-07-05 14:11:00,2011-06-20 08:23:00,3,866,1447.74,68,482.58,349
15077.0,2009-12-09 17:10:00,2010-08-02 11:13:00,2,468,2131.08,27,1065.54,235
15078.0,2009-12-04 12:03:00,2011-12-02 15:41:00,52,8989,17751.88,117,341.38230769230773,728
15079.0,2009-12-08 11:22:00,2011-05-11 12:45:00,11,1488,3716.95,116,337.9045454545454,519
15080.0,2010-07-26 10:03:00,2010-10-08 11:52:00,2,284,528.4,30,264.2,74
15081.0,2010-06-22 10:25:00,2011-11-17 17:08:00,12,806,1965.72,75,163.81,513
15082.0,2010-02-09 10:23:00,2010-02-09 10:23:00,1,43,93.35000000000001,6,93.35000000000001,0
15083.0,2011-03-28 12:18:00,2011-03-28 12:18:00,1,38,88.2,5,88.2,0
15084.0,2010-03-04 10:45:00,2010-11-25 11:58:00,2,600,965.2,31,482.6,266
15085.0,2009-12-10 11:47:00,2009-12-10 11:47:00,1,169,347.54,9,347.54,0
15086.0,2010-03-24 13:56:00,2010-05-24 12:27:00,2,95,218.53,10,109.265,60
15087.0,2011-03-03 10:34:00,2011-03-03 10:34:00,1,470,306.94,15,306.94,0
15088.0,2011-10-03 14:05:00,2011-11-18 13:14:00,2,460,1160.07,53,580.035,45
15089.0,2011-08-03 14:14:00,2011-11-29 16:31:00,6,1340,2376.23,136,396.03833333333336,118
15090.0,2011-02-04 14:03:00,2011-02-04 14:03:00,1,204,361.52,22,361.52,0
15091.0,2010-02-03 11:46:00,2011-10-03 12:47:00,3,582,1046.6100000000001,55,348.87000000000006,607
15092.0,2010-09-03 12:33:00,2011-05-08 14:10:00,3,230,776.46,39,258.82,247
15093.0,2009-12-08 12:46:00,2011-11-21 13:09:00,23,11657,14326.11,104,622.8743478260869,713
15094.0,2010-03-05 12:56:00,2010-09-02 16:55:00,2,28,83.0,4,41.5,181
15095.0,2010-01-21 09:37:00,2011-08-28 12:01:00,10,2221,3126.64,89,312.664,584
15096.0,2011-10-28 10:27:00,2011-10-28 10:27:00,1,120,219.39000000000001,11,219.39000000000001,0
15097.0,2010-05-05 14:22:00,2011-12-05 14:03:00,3,424,908.35,59,302.78333333333336,578
15098.0,2011-06-10 15:22:00,2011-06-10 15:33:00,3,121,39916.5,1,13305.5,0
15099.0,2011-09-16 13:13:00,2011-09-16 13:13:00,1,343,410.48,23,410.48,0
15100.0,2010-01-07 14:33:00,2011-01-10 10:35:00,7,322,2864.1,9,409.15714285714284,367
15101.0,2010-04-28 15:00:00,2011-12-01 10:18:00,6,664,1462.94,51,243.82333333333335,581
15102.0,2010-06-11 10:16:00,2010-06-27 12:16:00,2,339,554.67,26,277.335,16
15103.0,2011-09-14 13:54:00,2011-11-08 14:53:00,2,325,683.5600000000001,34,341.78000000000003,55
15104.0,2011-03-02 14:16:00,2011-05-27 12:29:00,2,635,993.54,66,496.77,85
15105.0,2010-03-23 12:18:00,2011-11-21 16:54:00,9,1744,3077.06,128,341.8955555555556,608
15106.0,2011-03-15 12:52:00,2011-11-22 09:16:00,5,1181,1422.52,90,284.504,251
15107.0,2010-09-14 10:47:00,2011-02-01 14:46:00,9,356,940.35,32,104.48333333333333,140
15108.0,2011-04-26 10:54:00,2011-07-21 10:24:00,3,486,1139.45,48,379.81666666666666,85
15109.0,2009-12-04 12:33:00,2011-04-08 09:58:00,3,258,983.1,46,327.7,489
15110.0,2010-08-11 15:49:00,2011-11-16 11:16:00,6,337,1505.8500000000001,23,250.97500000000002,461
15111.0,2010-04-26 13:12:00,2011-11-10 16:58:00,5,1158,2715.57,108,543.114,563
15112.0,2010-04-07 14:17:00,2010-04-07 14:17:00,1,72,209.4,7,209.4,0
15113.0,2011-10-16 15:27:00,2011-11-30 08:23:00,3,2343,3509.04,76,1169.68,44
15114.0,2010-10-14 16:44:00,2011-11-09 15:05:00,12,3532,3400.12,151,283.3433333333333,390
15115.0,2009-12-07 11:20:00,2011-11-21 14:59:00,2,245,531.85,35,265.925,714
15116.0,2011-05-19 08:50:00,2011-11-22 12:25:00,4,644,1332.95,36,333.2375,187
15117.0,2010-03-15 13:39:00,2011-11-25 08:12:00,8,3093,2485.9700000000003,89,310.74625000000003,619
15118.0,2011-07-28 14:54:00,2011-07-28 14:54:00,1,1440,244.8,1,244.8,0
15119.0,2011-04-08 09:08:00,2011-04-08 09:08:00,1,88,266.4,14,266.4,0
15120.0,2011-07-29 09:48:00,2011-07-29 09:48:00,1,296,358.82,21,358.82,0
15121.0,2011-02-24 12:41:00,2011-10-20 14:51:00,2,199,457.72,28,228.86,238
15122.0,2010-03-30 14:05:00,2011-08-17 16:48:00,11,2031,4475.37,154,406.85181818181815,505
15123.0,2010-03-16 09:49:00,2011-12-02 13:12:00,5,2416,4380.77,143,876.1540000000001,626
15124.0,2010-02-26 10:49:00,2011-11-17 10:09:00,4,458,423.82,29,105.955,628
15125.0,2010-03-31 13:29:00,2011-11-14 13:57:00,24,8205,16385.27,145,682.7195833333334,593
15126.0,2010-01-21 17:09:00,2010-06-21 12:31:00,2,273,449.49,25,224.745,150
15127.0,2010-07-08 10:07:00,2011-10-05 10:30:00,2,464,711.5,27,355.75,454
15128.0,2010-10-05 16:46:00,2011-10-10 13:54:00,5,1577,1778.7,86,355.74,369
15129.0,2010-04-08 17:15:00,2011-10-20 14:40:00,23,3996,6830.48,85,296.9773913043478,559
15130.0,2011-06-23 10:15:00,2011-06-23 10:15:00,1,197,330.11,22,330.11,0
15131.0,2010-11-10 12:07:00,2010-11-10 12:07:00,1,88,80.28,7,80.28,0
15132.0,2011-03-22 12:02:00,2011-11-21 17:10:00,5,679,977.9300000000001,49,195.586,244
15133.0,2010-07-07 12:31:00,2011-08-04 10:44:00,5,960,1806.9,45,361.38,392
15134.0,2010-10-13 12:44:00,2011-11-25 08:55:00,10,1057,1596.29,47,159.629,407
15135.0,2010-06-01 13:33:00,2011-04-14 19:16:00,2,84,305.68,17,152.84,317
15136.0,2011-09-04 16:05:00,2011-12-07 12:26:00,4,776,1286.7,61,321.675,93
15137.0,2010-01-28 15:45:00,2010-07-07 09:41:00,2,596,823.4,34,411.7,159
15138.0,2010-11-11 09:16:00,2010-11-11 09:16:00,1,296,482.72,30,482.72,0
15139.0,2011-01-07 12:44:00,2011-04-14 11:39:00,2,208,178.96,13,89.48,96
15140.0,2010-09-23 13:07:00,2011-10-18 14:07:00,8,2006,3223.89,102,402.98625,390
15141.0,2010-03-28 15:58:00,2010-09-08 11:33:00,7,1125,1204.87,40,172.1242857142857,163
15142.0,2010-07-27 09:05:00,2011-10-24 12:51:00,6,2155,2619.92,115,436.65333333333336,454
15143.0,2010-10-03 13:58:00,2011-04-28 12:03:00,2,320,563.63,27,281.815,206
15144.0,2009-12-13 11:35:00,2011-12-01 15:12:00,29,4817,11182.01,193,385.58655172413796,718
15145.0,2011-04-05 15:20:00,2011-12-05 17:21:00,4,732,1164.73,53,291.1825,244
15146.0,2011-02-21 13:07:00,2011-06-28 12:09:00,2,1469,1307.36,89,653.68,126
15147.0,2011-04-13 15:57:00,2011-04-13 15:57:00,1,366,623.5,28,623.5,0
15148.0,2011-11-29 08:21:00,2011-11-29 08:21:00,1,187,301.29,20,301.29,0
15149.0,2010-02-28 11:13:00,2011-07-29 10:58:00,4,375,1504.81,60,376.2025,515
15150.0,2010-06-14 12:01:00,2011-11-22 12:52:00,13,6150,8887.39,492,683.6453846153846,526
15151.0,2010-07-18 12:19:00,2010-10-12 16:37:00,2,795,2085.61,56,1042.805,86
15152.0,2010-01-07 15:15:00,2011-11-30 12:32:00,14,2978,5184.63,212,370.3307142857143,691
15153.0,2011-11-08 17:09:00,2011-11-08 17:09:00,1,198,329.25,22,329.25,0
15154.0,2010-08-18 17:41:00,2011-09-25 16:05:00,3,333,1343.72,166,447.9066666666667,402
15155.0,2010-11-21 12:59:00,2010-11-21 12:59:00,1,192,383.96999999999997,24,383.96999999999997,0
15156.0,2011-11-06 12:41:00,2011-12-08 18:22:00,3,597,961.49,51,320.49666666666667,32
15157.0,2009-12-10 14:44:00,2011-12-06 11:28:00,5,3442,2633.71,151,526.742,725
15158.0,2010-11-03 13:46:00,2011-10-25 13:53:00,2,219,606.02,11,303.01,356
15159.0,2010-10-04 09:31:00,2011-12-08 12:05:00,34,13464,22050.97,410,648.5579411764706,430
15160.0,2010-10-14 15:26:00,2010-12-17 14:15:00,4,298,535.72,16,133.93,63
15161.0,2010-11-16 16:08:00,2010-11-16 16:08:00,1,144,119.92,33,119.92,0
15162.0,2009-12-08 13:14:00,2009-12-08 13:14:00,1,70,293.1,11,293.1,0
15163.0,2011-05-31 15:22:00,2011-11-21 13:10:00,2,186,304.47,29,152.235,173
15164.0,2010-01-18 13:34:00,2011-10-02 12:05:00,9,907,2022.76,241,224.7511111111111,621
15165.0,2010-12-01 14:03:00,2010-12-01 14:03:00,1,320,975.5,27,975.5,0
15166.0,2010-08-29 12:31:00,2010-08-29 12:31:00,1,140,167.16,12,167.16,0
15167.0,2010-02-04 14:13:00,2011-01-23 12:41:00,5,863,1627.62,262,325.524,352
15168.0,2011-11-14 11:26:00,2011-11-14 11:26:00,1,52,106.56,5,106.56,0
15169.0,2009-12-13 11:16:00,2010-11-22 13:04:00,2,356,569.22,58,284.61,344
15170.0,2010-10-29 10:34:00,2010-10-29 10:34:00,1,33,81.15,4,81.15,0
15171.0,2011-01-12 15:36:00,2011-01-12 15:36:00,1,290,1289.5,5,1289.5,0
15172.0,2011-04-17 11:56:00,2011-12-01 11:51:00,5,1610,1609.05,105,321.81,227
15173.0,2010-04-01 12:26:00,2010-11-24 10:21:00,7,836,1474.8,67,210.68571428571428,236
15174.0,2010-10-25 09:40:00,2011-01-21 09:06:00,2,382,481.46,34,240.73,87
15175.0,2011-09-29 11:31:00,2011-09-29 11:31:00,1,454,224.14,23,224.14,0
15176.0,2010-02-10 10:36:00,2010-02-10 10:36:00,1,444,968.24,51,968.24,0
15177.0,2010-10-10 12:48:00,2010-10-10 12:48:00,1,485,948.93,26,948.93,0
15178.0,2011-03-24 15:12:00,2011-03-24 15:12:00,1,30,40.5,3,40.5,0
15179.0,2009-12-03 12:27:00,2011-11-21 12:53:00,13,5356,7338.92,223,564.5323076923077,718
15180.0,2010-04-29 15:27:00,2010-12-07 14:57:00,3,690,904.4300000000001,46,301.4766666666667,221
15181.0,2009-12-08 19:02:00,2011-10-04 13:58:00,5,688,1200.2,15,240.04000000000002,664
15182.0,2010-02-21 12:03:00,2011-07-08 13:37:00,11,1180,2979.15,76,270.83181818181816,502
15183.0,2010-05-04 11:31:00,2010-06-10 10:43:00,3,297,639.93,33,213.30999999999997,36
15184.0,2009-12-16 12:06:00,2011-11-10 13:41:00,4,454,617.39,70,154.3475,694
15185.0,2011-09-30 14:06:00,2011-09-30 14:06:00,1,666,310.62,21,310.62,0
15186.0,2010-01-12 10:14:00,2011-11-25 14:58:00,5,716,1403.2,29,280.64,682
15187.0,2011-05-11 13:49:00,2011-12-08 11:56:00,15,1878,4702.18,60,313.4786666666667,210
15188.0,2009-12-14 13:30:00,2009-12-14 13:30:00,1,233,310.43,23,310.43,0
15189.0,2010-07-18 13:37:00,2011-12-08 13:22:00,46,6902,17524.38,90,380.96478260869566,507
15190.0,2010-10-01 13:09:00,2010-10-01 13:09:00,1,790,834.4399999999999,40,834.4399999999999,0
15191.0,2010-01-20 12:35:00,2010-09-02 15:37:00,3,287,588.05,33,196.01666666666665,225
15192.0,2010-01-29 10:13:00,2011-08-12 11:41:00,5,1644,1981.39,56,396.278,560
15193.0,2011-10-10 08:23:00,2011-10-10 08:23:00,1,144,499.32,19,499.32,0
15194.0,2009-12-03 10:37:00,2011-12-06 15:10:00,28,9105,12245.29,271,437.33178571428573,733
15195.0,2011-12-07 12:20:00,2011-12-07 12:20:00,1,1404,3861.0,1,3861.0,0
15196.0,2009-12-13 11:14:00,2010-10-03 10:50:00,2,130,313.7,34,156.85,293
15197.0,2009-12-11 12:56:00,2011-11-29 10:00:00,6,1046,1846.91,42,307.8183333333333,717
15198.0,2010-01-19 10:01:00,2011-09-08 14:42:00,5,327,571.35,28,114.27000000000001,597
15199.0,2010-05-13 10:14:00,2011-10-11 15:12:00,10,894,3122.4,17,312.24,516
15200.0,2010-08-02 09:38:00,2010-08-02 09:38:00,1,195,549.05,30,549.05,0
15201.0,2010-04-07 14:50:00,2011-09-13 14:53:00,7,1660,1842.95,44,263.2785714285714,524
15203.0,2009-12-08 18:06:00,2011-11-14 08:16:00,15,4182,4400.18,150,293.3453333333334,705
15204.0,2010-12-17 13:49:00,2010-12-17 13:49:00,1,258,316.58,9,316.58,0
15205.0,2011-08-04 16:07:00,2011-09-15 19:36:00,2,378,653.24,37,326.62,42
15206.0,2011-03-09 08:59:00,2011-11-29 13:41:00,4,162,420.29999999999995,3,105.07499999999999,265
15207.0,2010-06-10 17:29:00,2010-10-19 13:29:00,3,428,683.9200000000001,19,227.97333333333336,130
15208.0,2010-10-12 12:17:00,2011-12-08 17:24:00,6,356,970.52,27,161.75333333333333,422
15209.0,2009-12-09 17:26:00,2009-12-09 17:26:00,1,94,178.98000000000002,13,178.98000000000002,0
15210.0,2010-05-13 14:42:00,2011-04-28 16:11:00,3,841,1176.19,66,392.06333333333333,350
15211.0,2010-12-09 16:08:00,2011-10-10 13:31:00,2,355,1264.18,51,632.09,304
15212.0,2010-11-28 10:45:00,2011-04-12 13:45:00,2,72,177.68,5,88.84,135
15213.0,2011-01-14 11:05:00,2011-01-25 12:21:00,2,272,328.35,22,164.175,11
15214.0,2011-04-11 09:46:00,2011-12-08 12:07:00,8,1254,1661.44,109,207.68,241
15215.0,2010-04-06 11:21:00,2011-10-24 11:41:00,7,772,2402.63,84,343.23285714285714,566
15216.0,2010-03-31 09:52:00,2011-09-13 11:41:00,2,205,455.49,22,227.745,531
15217.0,2010-05-25 13:51:00,2010-05-25 13:51:00,1,190,426.24,28,426.24,0
15218.0,2010-01-26 11:33:00,2011-11-29 11:48:00,22,6512,11446.33,137,520.2877272727272,672
15219.0,2010-03-01 11:33:00,2011-06-16 16:57:00,2,271,685.45,26,342.725,472
15220.0,2011-03-04 10:24:00,2011-10-19 12:39:00,6,1393,1778.96,110,296.49333333333334,229
15221.0,2010-03-12 10:40:00,2010-12-08 13:08:00,4,287,2465.4500000000003,21,616.3625000000001,271
15222.0,2009-12-16 13:49:00,2011-01-25 08:03:00,11,4458,3550.91,98,322.81,404
15223.0,2009-12-05 11:19:00,2011-04-28 11:31:00,5,385,1417.95,26,283.59000000000003,509
15224.0,2010-01-15 16:14:00,2010-12-16 15:02:00,5,443,871.36,24,174.272,334
15225.0,2011-04-19 14:51:00,2011-04-19 14:51:00,1,226,409.40000000000003,23,409.40000000000003,0
15226.0,2011-02-02 11:41:00,2011-02-02 11:41:00,1,71,154.41,8,154.41,0
15227.0,2010-03-16 08:23:00,2011-11-03 11:59:00,9,1214,2470.64,85,274.5155555555555,597
15228.0,2010-07-28 10:21:00,2011-10-04 13:56:00,6,3371,5560.47,183,926.745,433
15229.0,2010-05-02 13:50:00,2010-05-02 13:50:00,1,114,160.5,9,160.5,0
15230.0,2011-04-13 11:04:00,2011-04-14 14:39:00,2,339,399.0,21,199.5,1
15231.0,2010-03-28 15:12:00,2010-03-28 15:12:00,1,190,250.26,14,250.26,0
15232.0,2011-07-22 12:21:00,2011-08-18 16:27:00,2,686,612.06,26,306.03,27
15233.0,2010-11-03 13:36:00,2010-11-03 13:36:00,1,12,59.400000000000006,1,59.400000000000006,0
15234.0,2011-03-08 08:53:00,2011-03-08 08:53:00,1,196,197.0,14,197.0,0
15235.0,2010-11-16 12:48:00,2011-05-06 09:44:00,16,1691,2806.41,157,175.400625,170
15236.0,2011-02-14 10:52:00,2011-02-14 10:52:00,1,269,321.05,15,321.05,0
15237.0,2011-04-26 15:04:00,2011-12-08 09:46:00,4,1059,1397.32,93,349.33,225
15238.0,2011-06-08 16:00:00,2011-11-10 14:28:00,3,688,1052.19,48,350.73,154
15239.0,2011-09-22 09:53:00,2011-11-29 14:14:00,2,594,780.59,48,390.295,68
15240.0,2009-12-05 14:57:00,2011-10-26 09:50:00,12,3206,4420.38,132,368.365,689
15241.0,2010-02-23 13:59:00,2011-10-04 09:05:00,11,3299,2940.96,116,267.36,587
15242.0,2010-10-13 15:33:00,2010-10-13 15:33:00,1,196,302.04,4,302.04,0
15243.0,2010-09-30 17:28:00,2011-09-26 14:12:00,2,543,927.2800000000001,56,463.64000000000004,360
15244.0,2010-02-11 14:48:00,2011-10-05 13:19:00,3,472,912.08,44,304.0266666666667,600
15245.0,2010-04-23 14:23:00,2011-07-28 18:56:00,8,3021,4610.84,72,576.355,461
15246.0,2010-06-02 11:28:00,2011-04-15 14:45:00,3,347,749.8000000000001,44,249.93333333333337,317
15247.0,2010-06-20 14:08:00,2011-08-09 12:52:00,3,514,976.06,13,325.3533333333333,414
15248.0,2010-06-23 14:34:00,2010-10-24 13:09:00,3,1065,1893.93,103,631.3100000000001,122
15249.0,2010-03-26 14:51:00,2011-11-08 11:45:00,18,4842,8946.2,294,497.0111111111112,591
15250.0,2010-03-09 07:35:00,2010-03-09 07:35:00,1,48,60.0,3,60.0,0
15251.0,2010-01-29 12:42:00,2011-11-30 15:02:00,21,12108,20324.54,183,967.8352380952381,670
15252.0,2010-04-07 10:24:00,2011-11-03 13:30:00,5,1394,2027.81,105,405.562,575
15253.0,2010-05-02 11:17:00,2011-11-23 16:22:00,8,1588,2055.09,102,256.88625,570
15254.0,2010-05-28 10:08:00,2011-08-04 15:04:00,3,711,1088.35,64,362.7833333333333,433
15255.0,2009-12-03 09:10:00,2011-10-04 12:43:00,9,2210,3686.2200000000003,136,409.58000000000004,670
15256.0,2010-05-27 11:41:00,2011-07-14 11:47:00,2,92,170.4,6,85.2,413
15257.0,2010-10-21 14:03:00,2011-03-01 12:58:00,2,71,685.9,11,342.95,130
15258.0,2011-05-06 14:16:00,2011-06-24 12:30:00,2,134,583.5600000000001,30,291.78000000000003,48
15259.0,2010-01-26 09:41:00,2010-07-15 08:47:00,4,607,1121.18,46,280.295,169
15260.0,2009-12-06 11:45:00,2011-08-31 13:55:00,25,4722,9188.23,186,367.5292,633
15261.0,2010-10-01 11:59:00,2011-07-27 15:20:00,4,803,1490.15,86,372.5375,299
15262.0,2010-08-08 15:55:00,2011-01-20 12:16:00,3,218,418.82,22,139.60666666666665,164
15263.0,2011-08-25 10:26:00,2011-08-25 10:26:00,1,89,156.51,12,156.51,0
15264.0,2010-06-27 13:29:00,2011-10-06 13:49:00,2,443,848.4,52,424.2,466
15265.0,2009-12-01 17:08:00,2011-07-11 14:46:00,4,1566,3325.84,178,831.46,586
15266.0,2010-01-07 12:19:00,2011-01-05 13:40:00,5,236,852.21,38,170.442,363
15267.0,2011-06-10 10:24:00,2011-11-17 15:59:00,5,944,1717.36,8,343.472,160
15268.0,2010-04-13 11:27:00,2010-08-18 10:33:00,3,428,961.9000000000001,21,320.6333333333334,126
15269.0,2010-11-14 12:58:00,2011-11-16 09:32:00,3,372,1225.3600000000001,33,408.4533333333334,366
15270.0,2009-12-17 15:02:00,2011-11-24 09:24:00,21,3926,8051.46,64,383.40285714285716,706
15271.0,2010-08-05 14:57:00,2011-12-02 14:11:00,24,2488,4635.19,368,193.13291666666666,483
15272.0,2010-02-14 13:39:00,2011-10-13 12:59:00,6,660,2007.9,254,334.65000000000003,605
15273.0,2010-04-19 11:31:00,2010-04-19 11:31:00,1,216,228.96,1,228.96,0
15274.0,2011-11-21 14:17:00,2011-12-05 16:57:00,2,619,716.57,44,358.285,14
15275.0,2011-11-02 11:20:00,2011-11-02 11:20:00,1,494,595.34,40,595.34,0
15276.0,2010-10-01 12:24:00,2011-10-04 16:39:00,4,316,611.55,159,152.8875,368
15277.0,2010-10-10 16:02:00,2011-10-24 10:08:00,2,373,476.34,23,238.17,378
15278.0,2010-02-12 14:53:00,2010-05-27 10:03:00,4,458,496.15999999999997,29,124.03999999999999,103
15279.0,2010-02-02 10:15:00,2010-12-20 10:48:00,5,802,1580.54,74,316.108,321
15280.0,2010-05-17 14:17:00,2011-06-20 17:14:00,3,507,397.52,48,132.50666666666666,399
15281.0,2010-10-08 12:14:00,2011-10-12 09:10:00,16,5214,8475.32,423,529.7075,368
15282.0,2010-05-18 16:27:00,2010-05-18 16:27:00,1,395,348.59,27,348.59,0
15283.0,2010-07-09 15:46:00,2010-11-14 14:54:00,3,27,148.33,9,49.443333333333335,127
15284.0,2010-07-27 13:25:00,2010-07-27 13:25:00,1,5,24.75,1,24.75,0
15285.0,2010-10-28 09:46:00,2010-10-28 09:46:00,1,120,94.92,6,94.92,0
15286.0,2011-10-21 11:08:00,2011-10-21 11:08:00,1,55,240.55,3,240.55,0
15287.0,2009-12-02 12:13:00,2011-11-17 15:34:00,5,1010,856.03,23,171.206,715
15288.0,2010-02-12 15:27:00,2011-10-27 16:58:00,10,1399,3872.1800000000003,127,387.218,622
15289.0,2010-03-28 11:45:00,2011-11-10 13:49:00,5,1627,1593.09,67,318.618,592
15290.0,2010-02-24 10:15:00,2011-12-05 11:39:00,26,6338,9915.48,102,381.3646153846154,649
15291.0,2009-12-03 11:09:00,2011-11-14 11:02:00,39,5016,13801.56,115,353.88615384615383,710
15292.0,2011-05-22 15:00:00,2011-05-22 15:00:00,1,55,178.39,24,178.39,0
15293.0,2010-02-12 11:54:00,2010-02-12 11:54:00,1,178,247.5,19,247.5,0
15294.0,2010-10-25 11:45:00,2010-10-25 11:45:00,1,97,233.35,15,233.35,0
15295.0,2010-02-23 13:03:00,2010-02-23 13:03:00,1,139,207.04,50,207.04,0
15296.0,2010-01-21 13:48:00,2011-10-20 11:47:00,12,5432,10252.83,338,854.4025,636
15297.0,2011-10-07 09:42:00,2011-11-29 16:32:00,3,292,641.94,30,213.98000000000002,53
15298.0,2009-12-08 17:04:00,2011-12-07 17:17:00,23,6286,9459.37,199,411.2769565217392,729
15299.0,2010-01-12 11:34:00,2011-10-03 14:19:00,9,5452,7391.54,8,821.2822222222222,629
15300.0,2011-10-06 17:08:00,2011-10-06 17:08:00,1,292,496.44,28,496.44,0
15301.0,2010-09-15 15:41:00,2011-10-20 09:57:00,17,4250,7503.84,230,441.4023529411765,399
15302.0,2009-12-09 13:11:00,2009-12-09 13:11:00,1,102,308.0,15,308.0,0
15303.0,2010-01-25 09:42:00,2011-02-22 13:59:00,3,508,1208.88,62,402.96000000000004,393
15304.0,2010-10-14 10:24:00,2011-10-10 10:23:00,9,133,919.5500000000001,8,102.17222222222223,360
15305.0,2010-06-02 13:50:00,2010-06-02 13:50:00,1,40,93.6,5,93.6,0
15306.0,2010-02-18 17:12:00,2011-10-06 12:56:00,9,3074,3484.73,123,387.1922222222222,594
15307.0,2011-09-05 11:38:00,2011-09-05 11:38:00,1,37,205.3,12,205.3,0
15308.0,2011-03-10 13:08:00,2011-03-10 13:08:00,1,175,310.47,19,310.47,0
15309.0,2009-12-04 13:01:00,2010-04-08 11:11:00,4,440,797.96,49,199.49,124
15310.0,2010-08-18 11:38:00,2010-08-18 11:38:00,1,1476,1634.64,45,1634.64,0
15311.0,2009-12-01 11:21:00,2011-12-09 12:00:00,207,70457,115104.39,853,556.0598550724637,738
15312.0,2009-12-16 09:23:00,2011-09-25 13:10:00,12,1693,2930.19,118,244.1825,648
15313.0,2011-08-21 16:02:00,2011-08-21 16:02:00,1,25,52.0,1,52.0,0
15314.0,2010-10-07 15:41:00,2011-05-24 14:39:00,3,726,801.49,48,267.16333333333336,228
15315.0,2011-08-15 15:17:00,2011-10-06 12:51:00,2,862,570.5,35,285.25,51
15316.0,2011-01-17 11:34:00,2011-01-17 11:34:00,1,100,165.0,1,165.0,0
15317.0,2010-01-31 15:55:00,2010-01-31 15:55:00,1,45,129.75,5,129.75,0
15318.0,2011-12-06 11:30:00,2011-12-06 11:30:00,1,642,312.62,33,312.62,0
15319.0,2011-03-01 12:48:00,2011-03-01 12:48:00,1,175,204.5,16,204.5,0
15320.0,2011-10-26 13:27:00,2011-10-26 13:27:00,1,326,267.13,36,267.13,0
15321.0,2010-02-03 09:47:00,2011-09-30 09:40:00,12,3653,6709.7300000000005,242,559.1441666666667,603
15322.0,2010-08-20 13:10:00,2011-09-15 09:34:00,2,971,1390.86,76,695.43,390
15323.0,2010-02-16 09:21:00,2010-05-26 10:01:00,3,188,434.6,29,144.86666666666667,99
15324.0,2010-01-07 14:37:00,2010-01-07 14:37:00,1,74,140.22000000000003,8,140.22000000000003,0
15325.0,2010-02-16 13:30:00,2011-08-28 11:55:00,8,1370,1586.46,163,198.3075,557
15326.0,2009-12-01 13:19:00,2011-01-10 11:38:00,5,1339,1685.52,93,337.104,404
15327.0,2011-10-18 11:55:00,2011-10-18 11:55:00,1,116,208.75,10,208.75,0
15328.0,2010-10-28 09:05:00,2010-10-28 09:05:00,1,88,107.24,8,107.24,0
15329.0,2009-12-14 12:18:00,2011-10-31 15:36:00,10,1187,2882.33,96,288.233,686
15330.0,2011-10-10 12:30:00,2011-11-07 17:50:00,2,1312,714.96,10,357.48,28
15331.0,2010-04-09 14:26:00,2010-07-28 09:42:00,3,701,767.91,41,255.97,109
15332.0,2010-07-14 13:01:00,2010-12-08 14:43:00,6,2823,6076.89,110,1012.815,147
15333.0,2011-05-15 13:27:00,2011-05-15 13:27:00,1,344,1028.56,16,1028.56,0
15334.0,2011-06-19 13:51:00,2011-07-06 11:22:00,3,272,347.87,66,115.95666666666666,16
15335.0,2011-10-17 12:50:00,2011-10-17 12:50:00,1,79,170.22,34,170.22,0
15336.0,2010-11-03 12:39:00,2010-11-03 12:39:00,1,84,240.5,15,240.5,0
15337.0,2010-10-24 15:29:00,2010-10-24 15:29:00,1,200,373.02,21,373.02,0
15338.0,2010-01-31 14:25:00,2010-01-31 14:25:00,1,144,274.13,55,274.13,0
15339.0,2010-02-08 13:38:00,2011-10-04 12:51:00,7,1120,1775.12,159,253.5885714285714,602
15340.0,2010-05-27 10:27:00,2010-05-27 10:27:00,1,76,105.5,7,105.5,0
15341.0,2010-09-16 16:41:00,2011-09-20 09:40:00,2,1008,2402.7200000000003,22,1201.3600000000001,368
15342.0,2011-08-02 10:19:00,2011-08-02 10:19:00,1,277,390.78999999999996,23,390.78999999999996,0
15343.0,2011-09-13 13:55:00,2011-09-13 13:55:00,1,84,364.5,21,364.5,0
15344.0,2011-09-26 14:48:00,2011-12-09 10:45:00,3,112,544.14,20,181.38,73
15345.0,2011-10-25 11:28:00,2011-10-25 11:28:00,1,81,393.54,20,393.54,0
15346.0,2010-10-04 15:11:00,2011-01-11 11:18:00,3,260,596.12,36,198.70666666666668,98
15347.0,2010-09-28 12:50:00,2010-12-08 15:25:00,4,672,1363.6,29,340.9,71
15348.0,2011-09-28 13:17:00,2011-09-28 13:17:00,1,84,158.04,9,158.04,0
15349.0,2011-06-05 15:46:00,2011-07-04 16:06:00,2,320,462.96,64,231.48,29
15350.0,2010-11-21 15:14:00,2010-12-01 13:33:00,2,323,663.25,26,331.625,9
15351.0,2010-10-03 12:18:00,2011-11-27 12:52:00,10,1473,3689.59,200,368.959,420
15352.0,2010-06-09 11:28:00,2010-06-09 11:28:00,1,40,111.15,34,111.15,0
15353.0,2009-12-02 11:33:00,2011-03-30 12:15:00,7,1491,3020.27,269,431.46714285714285,483
15355.0,2011-10-17 15:22:00,2011-11-10 13:44:00,2,38,235.4,8,117.7,23
15356.0,2010-10-13 13:12:00,2011-11-08 13:11:00,13,1961,3380.35,289,260.0269230769231,390
15358.0,2009-12-07 12:19:00,2011-12-05 09:04:00,42,15354,16989.21,358,404.505,727
15359.0,2010-01-15 11:30:00,2010-02-15 10:47:00,8,145,181.35,10,22.66875,30
15360.0,2011-10-31 09:35:00,2011-10-31 09:35:00,1,223,427.93,13,427.93,0
15361.0,2010-06-14 13:27:00,2010-12-13 09:52:00,4,373,689.07,10,172.2675,181
15362.0,2009-12-01 09:08:00,2010-09-17 10:37:00,2,356,598.08,37,299.04,290
15363.0,2010-08-04 08:41:00,2010-12-02 12:28:00,2,527,1004.11,32,502.055,120
15364.0,2011-03-30 13:39:00,2011-09-05 09:46:00,2,487,897.8900000000001,28,448.94500000000005,158
15365.0,2010-02-04 16:43:00,2011-11-14 08:29:00,13,2035,4312.33,123,331.7176923076923,647
15366.0,2010-02-26 10:10:00,2011-09-25 15:01:00,7,2447,2389.08,86,341.29714285714283,576
15367.0,2009-12-10 14:20:00,2011-10-13 14:13:00,11,2913,4987.88,208,453.44363636363636,671
15368.0,2010-11-10 15:52:00,2011-11-18 14:42:00,2,334,571.54,6,285.77,372
15369.0,2009-12-08 07:43:00,2010-08-04 13:54:00,11,3216,5894.86,43,535.8963636363636,239
15370.0,2010-10-25 12:08:00,2011-10-30 10:58:00,8,1335,3617.39,86,452.17375,369
15371.0,2010-02-15 13:14:00,2010-02-15 13:14:00,1,12,59.400000000000006,1,59.400000000000006,0
15372.0,2010-02-14 11:24:00,2011-07-25 16:39:00,8,6410,6017.06,45,752.1325,526
15373.0,2010-05-02 11:57:00,2011-12-01 15:05:00,17,703,3130.9900000000002,105,184.1758823529412,578
15374.0,2010-03-25 12:03:00,2011-08-03 09:59:00,2,290,307.32,8,153.66,495
15375.0,2010-01-18 15:38:00,2010-01-18 15:38:00,1,84,60.959999999999994,6,60.959999999999994,0
15376.0,2011-05-01 13:45:00,2011-10-30 15:04:00,3,611,1213.76,99,404.58666666666664,182
15377.0,2010-10-20 11:42:00,2010-11-22 08:55:00,4,207,942.0500000000001,13,235.51250000000002,32
15378.0,2010-07-26 08:47:00,2010-09-03 11:30:00,2,130,246.5,8,123.25,39
15379.0,2010-11-04 11:59:00,2011-06-23 13:13:00,8,3000,4877.84,177,609.73,231
15380.0,2009-12-01 13:50:00,2011-12-01 12:13:00,11,1032,3479.0600000000004,27,316.27818181818185,729
15381.0,2010-05-05 14:35:00,2011-05-10 11:55:00,5,802,1890.5700000000002,20,378.11400000000003,369
15382.0,2009-12-04 14:13:00,2011-11-25 10:58:00,12,9154,13590.75,314,1132.5625,720
15384.0,2010-04-26 12:38:00,2011-06-23 10:57:00,4,1761,2012.49,82,503.1225,422
15385.0,2010-01-31 13:02:00,2011-10-30 15:11:00,3,428,942.08,18,314.0266666666667,637
15386.0,2011-06-06 13:47:00,2011-06-06 13:47:00,1,446,394.14,31,394.14,0
15387.0,2010-08-04 16:05:00,2010-08-04 16:05:00,1,335,468.65,20,468.65,0
15388.0,2011-03-14 13:53:00,2011-03-14 13:53:00,1,88,140.54,10,140.54,0
15389.0,2010-01-27 12:44:00,2011-06-20 16:18:00,5,3940,2733.8,2,546.76,509
15390.0,2010-10-26 17:23:00,2010-11-08 15:19:00,2,894,1216.66,77,608.33,12
15391.0,2010-05-04 15:04:00,2010-05-04 15:04:00,1,109,289.87,12,289.87,0
15392.0,2010-10-04 12:50:00,2011-12-05 11:01:00,7,2114,2835.12,97,405.01714285714286,426
15393.0,2009-12-15 17:56:00,2011-11-23 16:48:00,5,378,891.34,37,178.268,707
15394.0,2009-12-15 19:05:00,2011-11-30 11:49:00,11,2342,5232.14,127,475.64909090909094,714
15395.0,2011-01-18 12:40:00,2011-01-18 12:40:00,1,17,107.45,7,107.45,0
15396.0,2010-05-05 09:04:00,2011-08-19 10:56:00,2,276,783.08,15,391.54,471
15397.0,2011-02-23 09:25:00,2011-02-23 09:25:00,1,20,94.0,6,94.0,0
15398.0,2011-09-22 14:56:00,2011-11-23 16:47:00,2,769,1345.53,60,672.765,62
15399.0,2011-09-21 15:57:00,2011-12-08 13:04:00,3,611,815.77,45,271.92333333333335,77
15400.0,2010-05-28 08:33:00,2011-09-08 13:57:00,8,662,1302.3,16,162.7875,468
15401.0,2010-05-20 10:56:00,2010-09-13 13:42:00,2,93,216.95000000000002,14,108.47500000000001,116
15402.0,2010-04-27 12:12:00,2011-07-14 12:17:00,6,2033,1830.12,78,305.02,443
15403.0,2009-12-09 12:45:00,2010-08-05 12:21:00,2,492,170.88,6,85.44,238
15404.0,2010-11-29 11:03:00,2010-11-29 11:03:00,1,334,257.06,16,257.06,0
15405.0,2010-05-12 15:56:00,2011-06-03 14:44:00,2,348,659.84,29,329.92,386
15406.0,2010-09-12 13:06:00,2011-11-08 13:22:00,4,547,975.87,108,243.9675,422
15407.0,2011-02-07 13:18:00,2011-11-06 11:55:00,4,552,1046.74,142,261.685,271
15408.0,2011-03-20 15:02:00,2011-03-20 15:02:00,1,106,267.18,34,267.18,0
15409.0,2009-12-18 15:35:00,2009-12-18 15:35:00,1,59,131.25,9,131.25,0
15410.0,2010-04-19 08:57:00,2011-09-16 14:47:00,10,1898,4665.92,79,466.592,515
15411.0,2011-06-10 12:30:00,2011-11-13 15:19:00,4,516,1317.28,84,329.32,156
15412.0,2011-06-21 15:24:00,2011-06-21 15:24:00,1,108,190.53,10,190.53,0
15413.0,2009-12-01 10:18:00,2010-01-17 11:33:00,5,2694,6798.72,20,1359.7440000000001,47
15414.0,2011-04-11 13:45:00,2011-11-30 09:50:00,3,436,744.6,35,248.20000000000002,232
15415.0,2011-01-30 14:13:00,2011-01-30 14:13:00,1,551,559.61,46,559.61,0
15416.0,2010-02-01 11:55:00,2011-10-06 09:38:00,7,2420,4572.82,189,653.26,611
15417.0,2011-09-15 15:26:00,2011-09-15 15:26:00,1,284,508.8,28,508.8,0
15418.0,2010-05-02 11:31:00,2010-10-10 13:38:00,2,264,449.42,64,224.71,161
15419.0,2011-11-15 09:23:00,2011-11-15 09:23:00,1,230,135.86,8,135.86,0
15420.0,2009-12-05 13:29:00,2010-10-01 15:46:00,6,844,743.0,52,123.83333333333333,300
15421.0,2009-12-07 15:10:00,2011-10-12 09:20:00,10,1897,3728.84,168,372.884,673
15422.0,2010-02-07 11:52:00,2011-01-20 16:17:00,7,701,1572.42,78,224.6314285714286,347
15423.0,2010-03-28 13:42:00,2011-11-01 14:01:00,3,198,266.89,13,88.96333333333332,583
15424.0,2010-09-02 17:17:00,2011-03-30 13:02:00,3,873,597.78,33,199.26,208
15425.0,2010-02-14 12:36:00,2010-11-04 18:13:00,4,1037,1911.32,112,477.83,263
15426.0,2010-05-02 15:10:00,2011-11-20 15:36:00,9,1190,2538.92,327,282.1022222222222,567
15427.0,2011-10-23 14:47:00,2011-11-06 14:29:00,3,965,1420.64,232,473.5466666666667,13
15428.0,2009-12-17 17:46:00,2011-11-24 16:54:00,4,347,762.75,39,190.6875,706
15429.0,2011-09-25 13:42:00,2011-11-13 12:28:00,2,380,397.35,77,198.675,48
15430.0,2010-06-29 15:04:00,2010-08-29 10:42:00,2,309,954.75,36,477.375,60
15431.0,2010-07-25 12:44:00,2010-07-25 12:44:00,1,84,153.24,2,153.24,0
15432.0,2010-06-16 14:34:00,2011-11-16 16:30:00,2,92,320.76,16,160.38,518
15433.0,2011-03-17 14:12:00,2011-05-10 10:45:00,2,534,533.3,40,266.65,53
15434.0,2010-01-24 15:35:00,2011-12-01 13:33:00,11,1423,2567.06,82,233.36909090909091,675
15435.0,2011-11-17 16:39:00,2011-11-17 16:39:00,1,53,144.34,28,144.34,0
15436.0,2011-04-19 16:52:00,2011-11-27 16:05:00,3,564,1062.99,240,354.33,221
15437.0,2010-03-09 10:45:00,2011-03-22 13:11:00,2,177,393.45,56,196.725,378
15438.0,2011-07-31 14:19:00,2011-07-31 14:19:00,1,59,156.57999999999998,25,156.57999999999998,0
15439.0,2010-02-24 12:05:00,2010-10-31 10:38:00,4,560,1238.45,47,309.6125,248
15440.0,2011-05-15 11:30:00,2011-10-16 12:16:00,3,197,383.68,50,127.89333333333333,154
15441.0,2009-12-09 14:55:00,2010-11-08 15:50:00,3,587,1254.21,45,418.07,334
15442.0,2011-04-05 12:24:00,2011-04-05 12:24:00,1,120,594.0,2,594.0,0
15443.0,2010-03-07 12:10:00,2011-12-08 10:40:00,14,2693,5098.93,407,364.2092857142857,640
15444.0,2011-10-30 16:12:00,2011-11-30 17:37:00,2,756,1394.36,188,697.18,31
15445.0,2010-04-28 15:00:00,2011-03-20 15:06:00,2,118,284.5,12,142.25,326
15446.0,2009-12-13 13:53:00,2010-11-28 11:59:00,3,259,393.90000000000003,88,131.3,349
15447.0,2010-03-24 14:40:00,2011-01-13 11:26:00,5,228,492.88,27,98.576,294
15448.0,2010-02-03 13:29:00,2011-01-31 10:42:00,2,469,742.91,46,371.455,361
15449.0,2011-03-23 10:43:00,2011-11-13 15:02:00,3,812,974.52,47,324.84,235
15450.0,2011-11-09 17:11:00,2011-11-09 17:11:00,1,376,429.84,30,429.84,0
15451.0,2010-04-19 14:08:00,2010-10-01 13:40:00,2,74,221.76,55,110.88,164
15452.0,2010-07-16 14:23:00,2011-11-10 12:13:00,6,1087,1785.1100000000001,158,297.5183333333334,481
15453.0,2011-06-05 12:37:00,2011-12-08 10:59:00,7,837,1371.77,169,195.96714285714285,185
15454.0,2010-03-31 13:15:00,2010-12-12 14:21:00,2,141,303.89,34,151.945,256
15455.0,2010-04-21 12:43:00,2010-04-21 12:43:00,1,3,38.25,2,38.25,0
15456.0,2009-12-08 12:54:00,2011-03-01 13:51:00,10,2725,2078.02,127,207.802,448
15457.0,2011-03-22 15:31:00,2011-03-22 15:31:00,1,132,237.07,56,237.07,0
15458.0,2010-11-02 19:50:00,2011-11-14 13:08:00,2,300,370.43999999999994,13,185.21999999999997,376
15459.0,2010-07-30 14:31:00,2010-10-18 15:25:00,2,121,202.82999999999998,6,101.41499999999999,80
15460.0,2010-12-20 16:08:00,2010-12-20 16:08:00,1,98,203.01,52,203.01,0
15461.0,2010-03-18 12:40:00,2010-09-05 12:31:00,2,230,429.7,1,214.85,170
15462.0,2010-09-20 10:23:00,2011-09-06 13:11:00,4,495,737.05,32,184.2625,351
15463.0,2011-11-10 12:57:00,2011-11-10 12:57:00,1,106,126.14,7,126.14,0
15464.0,2011-01-05 15:56:00,2011-01-05 15:56:00,1,347,1039.7,154,1039.7,0
15465.0,2009-12-10 09:42:00,2011-11-20 10:11:00,32,2763,12636.15,94,394.8796875,710
15466.0,2009-12-03 12:28:00,2011-09-15 14:08:00,4,940,1559.21,210,389.8025,651
15467.0,2011-07-10 14:42:00,2011-11-30 14:17:00,3,310,524.88,41,174.96,142
15468.0,2010-11-12 09:39:00,2011-10-19 13:49:00,3,1398,1413.98,79,471.32666666666665,341
15469.0,2010-09-27 10:09:00,2011-10-20 16:21:00,3,287,874.25,38,291.4166666666667,388
15470.0,2010-05-13 09:35:00,2010-05-13 09:35:00,1,232,63.419999999999995,4,63.419999999999995,0
15471.0,2010-06-07 12:17:00,2011-12-07 14:12:00,3,663,1279.66,120,426.55333333333334,548
15472.0,2011-08-18 15:17:00,2011-08-18 15:17:00,1,251,371.56,76,371.56,0
15473.0,2010-09-21 09:14:00,2011-11-25 15:15:00,8,776,2046.0,5,255.75,430
15474.0,2010-04-23 11:14:00,2010-04-23 11:14:00,1,55,150.35,19,150.35,0
15475.0,2011-09-23 15:20:00,2011-09-23 15:20:00,1,319,454.10999999999996,29,454.10999999999996,0
15476.0,2010-09-23 14:00:00,2010-11-24 15:17:00,4,1174,2209.98,67,552.495,62
15477.0,2010-02-28 10:37:00,2010-02-28 10:37:00,1,216,368.4,2,368.4,0
15478.0,2010-05-13 18:49:00,2011-10-30 14:19:00,3,844,1940.98,52,646.9933333333333,534
15479.0,2009-12-06 15:08:00,2009-12-06 15:08:00,1,35,129.55,8,129.55,0
15480.0,2010-02-01 14:52:00,2011-08-15 14:32:00,3,1772,3377.85,188,1125.95,559
15481.0,2010-11-03 14:52:00,2010-11-03 14:52:00,1,1450,1993.34,38,1993.34,0
15482.0,2009-12-02 16:59:00,2011-11-24 10:46:00,18,6509,14341.66,72,796.7588888888889,721
15483.0,2010-01-24 15:42:00,2011-07-01 13:07:00,10,868,803.03,213,80.303,522
15484.0,2009-12-05 15:18:00,2011-12-08 15:03:00,6,3972,4392.0,178,732.0,732
15485.0,2009-12-01 17:31:00,2011-11-09 14:31:00,7,2430,5189.81,76,741.4014285714286,707
15486.0,2010-06-30 13:15:00,2010-06-30 13:15:00,1,40,102.0,1,102.0,0
15487.0,2010-01-29 12:07:00,2010-01-29 12:07:00,1,108,186.32,12,186.32,0
15488.0,2010-05-05 13:03:00,2011-09-08 10:11:00,5,250,416.92,9,83.384,490
15489.0,2010-01-15 16:58:00,2011-11-17 08:53:00,8,1255,2389.16,73,298.645,670
15490.0,2010-10-05 13:11:00,2010-10-05 13:11:00,1,82,210.85,22,210.85,0
15491.0,2011-04-18 10:04:00,2011-09-05 15:56:00,6,1629,3055.33,105,509.22166666666664,140
15492.0,2011-09-26 14:02:00,2011-11-11 14:53:00,2,483,659.4599999999999,32,329.72999999999996,46
15493.0,2010-02-23 11:14:00,2011-11-07 12:04:00,9,1198,4103.59,286,455.95444444444445,622
15494.0,2009-12-10 20:16:00,2011-11-18 14:51:00,5,2991,3572.35,302,714.47,707
15495.0,2010-11-25 13:46:00,2010-11-25 13:46:00,1,194,246.5,20,246.5,0
15496.0,2010-03-18 13:16:00,2010-03-18 13:16:00,1,98,146.14000000000001,22,146.14000000000001,0
15497.0,2009-12-18 15:08:00,2011-11-22 11:51:00,9,2937,8657.39,66,961.9322222222222,703
15498.0,2009-12-16 17:27:00,2011-12-07 12:48:00,44,12512,25536.28,589,580.37,720
15499.0,2009-12-16 12:17:00,2009-12-16 12:17:00,1,59,158.65,40,158.65,0
15500.0,2011-09-19 13:47:00,2011-12-01 13:47:00,4,569,1113.71,63,278.4275,73
15501.0,2010-10-20 12:47:00,2010-10-31 11:15:00,2,205,399.95,64,199.975,10
15502.0,2010-06-03 11:12:00,2011-11-24 12:48:00,12,5845,10472.32,230,872.6933333333333,539
15503.0,2009-12-13 11:34:00,2010-12-12 10:57:00,2,129,256.05,111,128.025,363
15504.0,2010-02-12 12:34:00,2011-09-19 13:45:00,4,132,383.95,40,95.9875,584
15505.0,2011-07-07 13:33:00,2011-10-18 07:56:00,5,2318,3307.36,88,661.472,102
15506.0,2010-08-19 12:38:00,2011-11-17 12:11:00,6,1637,2030.33,180,338.3883333333333,454
15507.0,2011-06-21 11:19:00,2011-06-21 11:19:00,1,160,475.86,41,475.86,0
15508.0,2011-04-18 15:31:00,2011-06-03 15:43:00,6,436,997.11,77,166.185,46
15509.0,2010-11-24 14:48:00,2010-11-24 14:48:00,1,56,150.51,25,150.51,0
15510.0,2011-01-13 12:10:00,2011-01-13 12:10:00,1,2,250.0,1,250.0,0
15511.0,2011-09-15 15:05:00,2011-11-28 09:43:00,5,266,885.68,116,177.136,73
15512.0,2010-02-01 13:23:00,2011-07-07 10:20:00,4,235,331.58,29,82.895,520
15513.0,2010-01-13 14:59:00,2011-11-06 14:36:00,35,10749,27416.65,274,783.3328571428572,661
15514.0,2009-12-04 16:37:00,2011-11-27 14:40:00,18,3817,5745.68,164,319.20444444444445,722
15515.0,2010-11-17 13:39:00,2010-11-17 13:39:00,1,131,171.81,7,171.81,0
15516.0,2011-10-24 11:33:00,2011-10-26 10:51:00,3,27,62.43,15,20.81,1
15517.0,2011-04-20 14:02:00,2011-04-20 14:02:00,1,293,267.03,27,267.03,0
15518.0,2009-12-20 12:21:00,2011-10-06 13:05:00,15,2798,4159.39,248,277.29266666666666,655
15519.0,2010-09-19 13:57:00,2010-11-21 14:35:00,2,116,344.61,34,172.305,63
15520.0,2011-12-08 10:58:00,2011-12-08 10:58:00,1,314,343.5,18,343.5,0
15521.0,2010-01-05 10:19:00,2011-10-30 13:42:00,16,4504,7087.64,185,442.9775,663
15522.0,2011-09-13 12:26:00,2011-11-07 11:26:00,2,560,367.39,45,183.695,54
15523.0,2009-12-02 15:16:00,2011-09-16 16:29:00,16,15633,17259.19,65,1078.699375,653
15524.0,2010-04-12 09:19:00,2011-11-15 12:09:00,2,28,591.4,9,295.7,582
15525.0,2010-11-22 12:10:00,2011-12-07 14:43:00,4,638,1162.65,151,290.6625,380
15526.0,2011-11-06 15:01:00,2011-11-06 15:04:00,2,24,148.44,4,74.22,0
15527.0,2009-12-15 17:31:00,2011-11-21 12:17:00,23,2154,5397.24,218,234.66260869565215,705
15528.0,2011-03-30 16:14:00,2011-03-30 16:14:00,1,123,229.33,26,229.33,0
15529.0,2010-11-10 14:26:00,2011-11-17 11:29:00,12,4421,5013.02,446,417.7516666666667,371
15530.0,2010-07-15 11:10:00,2011-11-18 12:25:00,5,1310,1762.78,108,352.556,491
15531.0,2011-11-09 17:47:00,2011-12-01 18:43:00,2,1070,1938.94,193,969.47,22
15532.0,2010-06-08 14:52:00,2011-11-14 14:51:00,10,1319,3664.95,411,366.495,523
15533.0,2011-09-11 15:41:00,2011-11-20 15:35:00,3,287,797.67,72,265.89,69
15534.0,2009-12-14 12:48:00,2009-12-14 12:48:00,1,63,162.25,8,162.25,0
15535.0,2010-09-16 20:04:00,2011-06-19 16:02:00,6,301,1019.4200000000001,86,169.90333333333334,275
15536.0,2010-10-26 16:31:00,2010-10-26 16:31:00,1,242,259.09,16,259.09,0
15537.0,2011-06-29 13:10:00,2011-06-29 13:10:00,1,29,110.92,24,110.92,0
15538.0,2010-02-14 12:38:00,2010-06-20 10:49:00,6,1016,3358.3999999999996,3,559.7333333333332,125
15539.0,2011-12-02 13:36:00,2011-12-02 13:36:00,1,410,538.46,41,538.46,0
15540.0,2010-11-29 11:10:00,2011-11-28 13:51:00,2,444,460.68,31,230.34,364
15541.0,2011-08-17 14:58:00,2011-08-17 14:58:00,1,48,79.18,28,79.18,0
15542.0,2009-12-02 11:53:00,2010-07-15 13:32:00,3,415,817.46,211,272.4866666666667,225
15543.0,2010-09-06 11:28:00,2011-02-24 15:26:00,2,167,242.26,50,121.13,171
15544.0,2010-01-28 14:39:00,2011-11-30 16:43:00,20,7019,8162.43,175,408.1215,671
15545.0,2010-12-03 17:28:00,2011-10-16 13:24:00,2,236,421.75,77,210.875,316
15546.0,2010-04-12 11:45:00,2010-04-12 11:51:00,2,134,730.3000000000001,4,365.15000000000003,0
15547.0,2009-12-06 13:40:00,2011-12-02 12:52:00,26,7233,9960.55,646,383.0980769230769,725
15548.0,2010-04-23 12:20:00,2010-04-23 12:20:00,1,64,158.09,23,158.09,0
15549.0,2010-01-11 13:16:00,2011-09-23 16:22:00,8,927,2294.71,137,286.83875,620
15550.0,2009-12-03 15:15:00,2011-12-05 15:38:00,12,1135,2192.45,164,182.70416666666665,732
15551.0,2010-06-07 15:05:00,2011-11-03 12:37:00,7,790,1664.51,116,237.78714285714287,513
15552.0,2010-03-26 16:17:00,2011-05-06 14:47:00,2,166,252.52,29,126.26,405
15553.0,2011-10-10 14:02:00,2011-10-10 14:02:00,1,449,428.93,51,428.93,0
15554.0,2011-03-07 09:00:00,2011-03-07 09:00:00,1,74,217.2,14,217.2,0
15555.0,2009-12-06 11:58:00,2011-11-27 16:19:00,36,8893,11946.76,663,331.8544444444444,721
15556.0,2011-11-15 16:08:00,2011-11-15 16:08:00,1,236,279.77,31,279.77,0
15557.0,2011-11-11 12:46:00,2011-11-11 12:46:00,1,213,468.91,16,468.91,0
15558.0,2010-03-10 15:25:00,2010-03-10 15:25:00,1,73,202.68,23,202.68,0
15559.0,2010-05-20 14:06:00,2010-05-20 14:06:00,1,526,1109.4,62,1109.4,0
15560.0,2010-11-07 10:14:00,2010-11-07 10:15:00,2,72,153.52,10,76.76,0
15561.0,2010-02-14 12:22:00,2011-11-28 11:07:00,8,1334,1934.3899999999999,65,241.79874999999998,651
15562.0,2009-12-13 15:17:00,2010-12-23 09:55:00,3,560,671.4300000000001,32,223.81000000000003,374
15563.0,2010-01-28 11:36:00,2011-11-17 12:59:00,6,2921,2730.46,175,455.07666666666665,658
15564.0,2010-02-01 15:58:00,2010-09-02 15:52:00,2,42,70.74000000000001,4,35.370000000000005,212
15565.0,2011-09-30 10:44:00,2011-10-20 14:33:00,2,60,173.16,8,86.58,20
15566.0,2009-12-15 14:53:00,2010-11-12 12:11:00,2,153,227.87,9,113.935,331
15567.0,2011-11-21 10:48:00,2011-11-21 10:48:00,1,223,186.01,7,186.01,0
15568.0,2011-09-27 14:37:00,2011-12-07 11:27:00,3,443,712.39,26,237.46333333333334,70
15569.0,2010-02-28 10:55:00,2011-08-28 10:15:00,10,1733,3577.5,122,357.75,545
15570.0,2010-03-28 14:04:00,2011-12-02 14:47:00,25,4210,9203.84,437,368.1536,614
15571.0,2009-12-06 12:10:00,2011-11-28 10:02:00,14,2393,3846.45,441,274.74642857142857,721
15572.0,2010-04-14 14:38:00,2011-12-05 10:09:00,10,2077,3934.6,258,393.46,599
15573.0,2009-12-10 14:19:00,2011-11-08 11:38:00,5,750,1129.62,176,225.92399999999998,697
15574.0,2010-09-01 14:37:00,2011-06-15 12:01:00,6,898,1426.03,188,237.67166666666665,286
15575.0,2010-03-30 12:50:00,2010-03-30 12:50:00,1,6,30.1,3,30.1,0
15576.0,2011-11-02 12:03:00,2011-11-02 12:03:00,1,394,921.37,43,921.37,0
15577.0,2009-12-13 16:17:00,2011-07-11 17:03:00,5,120,396.03000000000003,58,79.206,575
15578.0,2011-06-30 13:03:00,2011-06-30 13:03:00,1,52,127.1,13,127.1,0
15579.0,2010-10-03 14:37:00,2011-10-02 12:45:00,5,713,1250.63,140,250.12600000000003,363
15580.0,2010-02-07 11:21:00,2010-11-28 11:00:00,8,955,1375.39,150,171.92375,293
15581.0,2009-12-02 12:19:00,2011-07-06 14:04:00,34,3095,4694.7,535,138.07941176470587,581
15582.0,2011-05-03 13:36:00,2011-11-15 09:55:00,3,453,682.9100000000001,39,227.63666666666668,195
15583.0,2010-11-28 15:04:00,2010-11-28 15:04:00,1,56,95.96,37,95.96,0
15584.0,2010-02-07 12:16:00,2011-11-16 10:55:00,6,477,1252.9,173,208.8166666666667,646
15585.0,2011-06-16 08:38:00,2011-06-16 08:38:00,1,320,455.3,31,455.3,0
15586.0,2010-01-08 10:02:00,2010-04-26 11:00:00,3,1314,1077.9,29,359.3,108
15587.0,2010-08-05 08:44:00,2011-10-20 13:37:00,7,528,1522.0800000000002,3,217.44000000000003,441
15588.0,2010-01-31 12:19:00,2010-01-31 12:19:00,1,96,579.6,4,579.6,0
15589.0,2011-02-02 10:46:00,2011-03-29 09:54:00,3,243,478.53000000000003,28,159.51000000000002,54
15590.0,2010-04-12 10:09:00,2010-11-22 14:49:00,5,832,1496.6,75,299.32,224
15591.0,2010-02-04 09:20:00,2010-05-06 09:23:00,3,58,217.9,6,72.63333333333334,91
15592.0,2011-10-24 08:59:00,2011-10-24 08:59:00,1,354,388.58,24,388.58,0
15593.0,2011-09-30 11:46:00,2011-09-30 11:46:00,1,60,199.8,5,199.8,0
15594.0,2011-04-19 10:08:00,2011-11-24 08:53:00,5,977,1736.08,84,347.216,218
15595.0,2010-08-09 12:27:00,2010-08-09 12:27:00,1,144,357.6,4,357.6,0
15596.0,2010-07-28 11:46:00,2011-08-31 10:55:00,9,1356,3045.34,79,338.37111111111113,398
15597.0,2010-05-13 13:10:00,2011-11-04 13:26:00,2,393,563.37,35,281.685,540
15598.0,2010-10-08 09:20:00,2011-10-17 16:04:00,2,404,548.02,32,274.01,374
15599.0,2010-09-20 10:15:00,2011-11-13 11:44:00,3,1070,1205.3,74,401.76666666666665,419
15600.0,2010-04-25 11:50:00,2010-10-07 14:30:00,4,657,1199.31,55,299.8275,165
15601.0,2009-12-01 14:53:00,2011-11-28 15:15:00,30,11051,14904.02,308,496.8006666666667,727
15602.0,2009-12-02 09:35:00,2011-12-01 14:14:00,16,2349,3230.51,62,201.906875,729
15603.0,2010-03-01 16:02:00,2011-09-22 10:04:00,2,128,88.48,4,44.24,569
15604.0,2011-10-18 14:47:00,2011-10-18 14:47:00,1,159,216.39,17,216.39,0
15605.0,2010-01-14 14:03:00,2011-11-03 14:17:00,9,712,1936.8,80,215.2,658
15606.0,2010-03-02 14:48:00,2011-10-09 15:47:00,17,1579,5097.19,82,299.8347058823529,586
15607.0,2010-01-08 12:16:00,2011-01-07 12:44:00,9,1454,1674.17,93,186.0188888888889,364
15608.0,2010-10-20 10:10:00,2011-11-11 13:20:00,5,1262,1785.98,93,357.196,387
15609.0,2011-06-08 13:00:00,2011-06-08 13:00:00,1,148,298.48,16,298.48,0
15610.0,2011-10-19 10:36:00,2011-10-19 10:36:00,1,66,112.46000000000001,6,112.46000000000001,0
15611.0,2010-01-25 14:50:00,2011-11-30 12:36:00,24,745,2976.28,42,124.01166666666667,673
15612.0,2011-10-09 12:49:00,2011-11-03 14:52:00,2,51,180.15,3,90.075,25
15613.0,2010-04-08 12:51:00,2010-04-08 12:51:00,1,688,418.71999999999997,26,418.71999999999997,0
15614.0,2010-03-23 11:13:00,2010-09-28 10:46:00,4,1560,2996.1600000000003,71,749.0400000000001,188
15615.0,2009-12-02 15:28:00,2011-11-29 14:42:00,47,12090,21373.97,292,454.7653191489362,726
15616.0,2010-09-27 13:10:00,2010-09-27 13:10:00,1,137,317.11,13,317.11,0
15617.0,2010-07-20 13:16:00,2010-11-08 16:07:00,3,485,828.5500000000001,41,276.18333333333334,111
15618.0,2011-07-26 10:13:00,2011-11-07 08:34:00,4,453,776.85,38,194.2125,103
15619.0,2011-11-29 08:14:00,2011-11-29 08:14:00,1,112,236.8,2,236.8,0
15620.0,2010-10-26 11:32:00,2011-10-14 12:41:00,4,1249,1942.36,114,485.59,353
15621.0,2011-11-18 11:49:00,2011-12-05 14:01:00,4,501,1293.03,11,323.2575,17
15622.0,2010-03-04 10:29:00,2011-10-27 16:44:00,17,4043,7748.51,325,455.79470588235296,602
15623.0,2009-12-10 14:46:00,2011-07-21 17:26:00,8,1067,2302.05,89,287.75625,588
15624.0,2011-03-28 13:32:00,2011-08-15 11:38:00,4,357,588.13,26,147.0325,139
15625.0,2010-06-15 15:23:00,2011-08-28 10:21:00,9,3020,3236.4,106,359.6,438
15626.0,2010-10-14 17:16:00,2011-09-26 10:03:00,3,1126,1052.52,72,350.84,346
15627.0,2010-07-05 11:56:00,2010-09-08 14:14:00,2,332,541.7,22,270.85,65
15628.0,2009-12-13 13:39:00,2011-12-05 10:24:00,17,3819,5652.26,136,332.4858823529412,721
15629.0,2010-06-25 11:39:00,2010-09-15 13:46:00,4,1518,2240.9,39,560.225,82
15630.0,2010-03-05 14:30:00,2011-10-25 15:36:00,3,987,1481.4,76,493.8,599
15631.0,2010-03-07 14:52:00,2010-03-07 14:52:00,1,525,596.67,39,596.67,0
15632.0,2011-03-10 08:29:00,2011-11-24 09:51:00,8,2105,3265.5099999999998,106,408.18874999999997,259
15633.0,2009-12-08 17:51:00,2010-07-18 13:54:00,13,2048,4335.96,77,333.5353846153846,221
15634.0,2010-11-21 15:30:00,2011-11-22 16:28:00,2,227,554.65,34,277.325,366
15635.0,2010-11-09 08:58:00,2010-11-09 08:58:00,1,5,100.35,2,100.35,0
15636.0,2010-05-19 11:37:00,2011-09-11 11:17:00,4,560,1444.58,39,361.145,479
15637.0,2009-12-15 17:54:00,2011-10-18 08:28:00,5,651,797.59,37,159.518,671
15638.0,2010-04-08 14:37:00,2010-11-26 11:52:00,6,1134,2265.2,20,377.5333333333333,231
15639.0,2010-04-13 13:11:00,2011-07-28 14:30:00,3,849,1065.08,61,355.02666666666664,471
15640.0,2009-12-14 16:36:00,2011-12-05 14:35:00,29,12254,23701.73,298,817.3010344827586,720
15641.0,2009-12-06 15:31:00,2011-08-26 14:04:00,12,4374,5326.83,248,443.9025,627
15642.0,2009-12-10 11:51:00,2009-12-10 11:51:00,1,270,105.78000000000002,6,105.78000000000002,0
15643.0,2011-03-02 14:34:00,2011-06-01 07:38:00,3,246,664.0,31,221.33333333333334,90
15644.0,2011-03-23 15:37:00,2011-06-26 14:54:00,4,550,803.54,166,200.885,94
15645.0,2010-10-10 12:51:00,2011-11-21 11:55:00,3,395,1054.75,58,351.5833333333333,406
15646.0,2010-10-25 13:06:00,2011-07-05 09:53:00,5,1051,974.61,65,194.922,252
15647.0,2010-10-20 15:09:00,2010-10-20 15:09:00,1,124,169.0,11,169.0,0
15648.0,2011-03-17 18:59:00,2011-05-19 15:53:00,2,218,639.5,23,319.75,62
15649.0,2010-11-17 16:22:00,2011-01-07 13:34:00,4,485,2170.35,8,542.5875,50
15650.0,2010-03-21 11:46:00,2010-07-06 10:41:00,2,206,534.08,32,267.04,106
15651.0,2010-04-22 13:26:00,2011-11-03 08:41:00,5,847,1197.86,48,239.57199999999997,559
15652.0,2010-08-11 16:58:00,2011-09-09 14:22:00,5,655,1386.04,92,277.20799999999997,393
15653.0,2011-08-16 09:50:00,2011-09-08 10:49:00,2,1200,877.4399999999999,4,438.71999999999997,23
15654.0,2011-11-13 15:15:00,2011-11-30 13:08:00,2,474,907.53,14,453.765,16
15655.0,2011-04-10 15:25:00,2011-04-10 15:25:00,1,324,560.67,34,560.67,0
15656.0,2011-02-28 15:32:00,2011-10-25 14:56:00,4,343,748.5,46,187.125,238
15657.0,2011-11-17 12:19:00,2011-11-17 12:19:00,1,24,30.0,1,30.0,0
15658.0,2009-12-03 11:19:00,2011-06-02 15:22:00,8,691,2423.4700000000003,79,302.93375000000003,546
15659.0,2010-02-24 13:32:00,2011-10-27 09:23:00,3,161,532.49,14,177.49666666666667,609
15660.0,2010-02-05 16:01:00,2011-11-14 16:58:00,15,1893,2812.99,73,187.53266666666664,647
15661.0,2010-05-10 07:59:00,2011-01-26 13:56:00,8,779,1215.95,27,151.99375,261
15662.0,2009-12-01 13:49:00,2010-02-16 16:47:00,2,145,283.73,12,141.865,77
15663.0,2011-08-25 15:50:00,2011-08-25 15:50:00,1,106,138.14,9,138.14,0
15664.0,2010-02-28 12:50:00,2011-10-20 10:57:00,4,524,1231.53,53,307.8825,598
15665.0,2010-03-14 15:07:00,2011-06-24 14:57:00,5,2777,3987.07,163,797.414,466
15666.0,2010-08-01 15:41:00,2010-08-24 16:14:00,2,463,625.4399999999999,61,312.71999999999997,23
15667.0,2011-10-31 10:56:00,2011-10-31 10:56:00,1,240,301.32,13,301.32,0
15668.0,2011-05-06 10:39:00,2011-05-06 10:39:00,1,72,76.32000000000001,1,76.32000000000001,0
15669.0,2011-03-21 09:13:00,2011-10-30 16:03:00,4,342,684.34,31,171.085,223
15670.0,2010-06-01 15:34:00,2011-02-16 10:50:00,2,132,325.2,19,162.6,259
15671.0,2011-03-14 09:37:00,2011-11-21 12:43:00,7,1697,2627.13,51,375.30428571428575,252
15672.0,2009-12-14 16:52:00,2009-12-14 16:52:00,1,10,45.300000000000004,3,45.300000000000004,0
15673.0,2010-02-22 14:28:00,2011-09-12 16:12:00,9,3244,6127.82,175,680.8688888888888,567
15674.0,2009-12-08 17:08:00,2011-09-27 15:17:00,12,3635,6598.52,260,549.8766666666667,657
15675.0,2010-10-31 14:14:00,2011-09-19 13:48:00,4,600,512.04,31,128.01,322
15676.0,2011-03-01 10:19:00,2011-11-21 12:40:00,3,2251,3420.76,190,1140.2533333333333,265
15677.0,2010-09-02 12:08:00,2011-10-21 15:36:00,3,675,1305.63,63,435.21000000000004,414
15678.0,2010-07-05 12:49:00,2011-10-18 09:25:00,3,1022,1825.94,77,608.6466666666666,469
15679.0,2011-06-10 08:24:00,2011-11-15 16:19:00,4,1170,781.28,98,195.32,158
15680.0,2009-12-02 12:15:00,2011-11-30 13:46:00,10,3072,4487.68,154,448.76800000000003,728
15681.0,2010-05-24 14:18:00,2011-11-14 16:30:00,14,1392,2989.7,48,213.54999999999998,539
15682.0,2010-01-21 14:37:00,2010-04-19 15:30:00,2,222,318.24,25,159.12,88
15683.0,2010-08-23 12:01:00,2011-08-14 12:56:00,2,332,524.54,25,262.27,356
15684.0,2009-12-04 16:13:00,2010-06-10 18:51:00,3,65,143.35,7,47.78333333333333,188
15685.0,2010-09-15 13:43:00,2010-09-15 13:43:00,1,36,55.980000000000004,17,55.980000000000004,0
15686.0,2010-10-15 13:50:00,2010-10-15 13:50:00,1,72,90.0,1,90.0,0
15687.0,2011-01-13 15:13:00,2011-12-01 08:33:00,9,1310,2993.1,119,332.56666666666666,321
15688.0,2010-10-17 12:06:00,2010-10-17 12:06:00,1,95,190.57,26,190.57,0
15689.0,2010-04-01 09:53:00,2011-08-12 09:37:00,3,195,506.03000000000003,19,168.67666666666668,497
15690.0,2011-08-31 11:40:00,2011-12-05 15:59:00,2,408,239.76,19,119.88,96
15691.0,2009-12-06 16:01:00,2011-04-01 15:13:00,4,212,571.3,12,142.825,480
15692.0,2011-11-11 14:12:00,2011-11-11 14:12:00,1,138,191.04,12,191.04,0
15693.0,2010-02-18 14:37:00,2010-02-18 14:37:00,1,30,37.5,1,37.5,0
15694.0,2009-12-07 15:43:00,2011-12-09 09:44:00,23,2657,10795.81,54,469.38304347826084,731
15695.0,2010-01-27 10:56:00,2011-03-18 08:32:00,4,472,1100.44,53,275.11,414
15696.0,2010-01-24 14:36:00,2011-11-06 14:02:00,13,1382,3861.42,162,297.0323076923077,650
15697.0,2010-01-19 09:10:00,2010-01-19 09:10:00,1,127,246.75,14,246.75,0
15698.0,2010-03-25 17:38:00,2010-03-25 17:38:00,1,60,46.2,2,46.2,0
15699.0,2011-11-22 08:26:00,2011-11-22 08:26:00,1,113,309.65,18,309.65,0
15700.0,2011-06-19 15:36:00,2011-06-20 16:53:00,2,357,696.68,85,348.34,1
15701.0,2011-08-21 12:36:00,2011-12-07 14:39:00,4,910,1512.5,192,378.125,108
15702.0,2010-08-20 14:50:00,2010-08-20 14:50:00,1,102,112.57000000000001,29,112.57000000000001,0
15703.0,2011-03-20 10:51:00,2011-03-20 10:51:00,1,66,211.5,5,211.5,0
15704.0,2010-05-05 14:51:00,2011-07-22 13:35:00,6,1705,3714.86,128,619.1433333333333,442
15705.0,2011-05-22 15:37:00,2011-05-22 15:37:00,1,62,143.1,6,143.1,0
15706.0,2011-08-15 14:32:00,2011-10-07 10:09:00,4,319,1047.26,49,261.815,52
15707.0,2011-09-14 14:19:00,2011-11-04 14:35:00,4,590,906.78,124,226.695,51
15708.0,2010-10-10 11:33:00,2011-10-30 10:54:00,9,1471,3922.39,128,435.8211111111111,384
15709.0,2010-04-29 18:31:00,2011-03-01 10:38:00,2,169,327.85,26,163.925,305
15710.0,2010-10-18 17:05:00,2010-10-18 17:05:00,1,641,898.87,110,898.87,0
15711.0,2010-01-24 12:13:00,2010-06-01 12:14:00,2,199,420.25,25,210.125,128
15712.0,2009-12-01 11:17:00,2011-11-30 14:09:00,12,1277,3472.4100000000003,86,289.3675,729
15713.0,2009-12-16 09:41:00,2011-07-19 13:34:00,4,510,1010.79,48,252.6975,580
15714.0,2010-06-02 12:08:00,2011-11-28 11:26:00,5,361,783.96,45,156.792,543
15715.0,2010-03-30 12:17:00,2010-06-02 09:56:00,5,246,658.02,33,131.60399999999998,63
15716.0,2009-12-07 12:42:00,2011-07-17 11:59:00,11,1801,3005.39,186,273.2172727272727,586
15717.0,2010-04-26 10:41:00,2011-04-19 13:21:00,5,224,607.0,17,121.4,358
15718.0,2010-06-17 16:20:00,2010-06-17 16:20:00,1,71,263.79,17,263.79,0
15719.0,2009-12-01 12:47:00,2011-11-07 12:29:00,31,5348,10162.07,445,327.80870967741936,705
15720.0,2010-06-07 15:40:00,2011-11-15 14:48:00,2,327,739.22,152,369.61,525
15721.0,2011-11-28 12:14:00,2011-11-28 12:14:00,1,388,471.40000000000003,80,471.40000000000003,0
15722.0,2010-03-09 15:05:00,2011-11-04 11:43:00,11,2279,5234.0,91,475.8181818181818,604
15723.0,2010-05-14 12:55:00,2010-12-10 11:12:00,4,427,930.7,108,232.675,209
15724.0,2010-11-04 10:22:00,2011-05-22 14:40:00,3,117,310.85,17,103.61666666666667,199
15725.0,2011-11-24 14:51:00,2011-11-24 14:51:00,1,209,384.65000000000003,30,384.65000000000003,0
15726.0,2010-11-14 16:12:00,2010-11-14 16:12:00,1,123,321.91,23,321.91,0
15727.0,2010-01-24 12:12:00,2011-11-23 12:36:00,15,5906,9361.81,425,624.1206666666666,668
15728.0,2010-09-21 14:46:00,2010-11-25 10:39:00,2,132,544.6,10,272.3,64
15729.0,2010-11-01 13:44:00,2011-05-11 12:36:00,3,47,192.55,10,64.18333333333334,190
15730.0,2010-10-04 14:15:00,2011-10-05 12:31:00,5,1061,1726.58,102,345.316,365
15731.0,2010-06-04 10:10:00,2010-06-04 10:10:00,1,122,125.3,8,125.3,0
15732.0,2010-02-04 10:10:00,2011-05-11 14:24:00,10,1361,1682.07,53,168.207,461
15733.0,2011-03-02 09:05:00,2011-03-02 09:05:00,1,62,162.3,10,162.3,0
15734.0,2010-06-10 14:25:00,2011-08-17 10:50:00,4,512,2243.5,35,560.875,432
15735.0,2010-10-14 13:38:00,2010-10-14 13:38:00,1,206,327.68,19,327.68,0
15736.0,2010-09-30 14:19:00,2010-09-30 14:20:00,2,1196,1755.72,94,877.86,0
15737.0,2011-04-11 10:01:00,2011-11-25 11:21:00,8,596,1173.1200000000001,59,146.64000000000001,228
15738.0,2009-12-10 15:52:00,2011-11-21 08:26:00,41,9285,13372.970000000001,70,326.17,710
15739.0,2011-10-04 13:42:00,2011-10-04 13:42:00,1,472,449.12,8,449.12,0
15740.0,2011-10-21 14:29:00,2011-10-21 14:29:00,1,152,154.88,9,154.88,0
15741.0,2010-03-31 11:55:00,2010-09-07 16:21:00,2,70,208.62,11,104.31,160
15742.0,2010-03-30 15:25:00,2010-03-30 15:25:00,1,51,156.87,41,156.87,0
15743.0,2011-06-08 10:14:00,2011-11-23 17:19:00,4,214,775.96,59,193.99,168
15744.0,2011-09-23 09:52:00,2011-09-23 09:52:00,1,120,34.8,3,34.8,0
15745.0,2011-04-17 13:04:00,2011-11-20 13:45:00,4,418,1079.74,56,269.935,217
15746.0,2011-07-28 15:21:00,2011-07-28 15:21:00,1,178,196.88,28,196.88,0
15747.0,2010-01-18 11:21:00,2011-11-27 12:26:00,9,1344,2499.81,116,277.75666666666666,678
15748.0,2010-09-16 16:52:00,2011-10-30 12:51:00,3,261,609.8100000000001,34,203.27,408
15749.0,2011-01-11 12:55:00,2011-04-18 13:20:00,3,18028,44534.3,5,14844.766666666668,97
15750.0,2009-12-01 17:19:00,2011-12-07 12:34:00,18,4588,6793.51,388,377.4172222222222,735
15751.0,2009-12-06 13:08:00,2010-09-05 12:44:00,11,443,1380.44,90,125.49454545454546,272
15752.0,2010-09-08 11:56:00,2011-10-31 11:37:00,9,2939,4169.26,358,463.25111111111113,417
15753.0,2011-02-08 12:41:00,2011-02-08 12:41:00,1,144,79.2,1,79.2,0
15754.0,2010-02-22 13:31:00,2011-10-19 14:40:00,9,1723,2943.56,108,327.0622222222222,604
15755.0,2009-12-04 08:24:00,2011-11-29 14:57:00,17,4022,5978.12,280,351.6541176470588,725
15756.0,2011-04-04 14:00:00,2011-10-09 13:30:00,4,241,528.01,160,132.0025,187
15757.0,2010-06-10 13:47:00,2011-10-05 12:14:00,6,1757,2940.36,162,490.06,481
15758.0,2011-11-15 10:48:00,2011-11-15 10:48:00,1,47,205.25,9,205.25,0
15759.0,2009-12-02 10:08:00,2011-05-05 15:13:00,7,523,830.9300000000001,10,118.70428571428572,519
15761.0,2010-09-23 09:33:00,2010-09-23 09:33:00,1,31,143.05,5,143.05,0
15762.0,2011-09-23 15:17:00,2011-10-05 16:15:00,2,247,563.95,36,281.975,12
15763.0,2011-09-23 12:10:00,2011-11-08 09:44:00,2,267,1067.1200000000001,57,533.5600000000001,45
15764.0,2010-08-18 13:58:00,2011-09-12 17:58:00,8,2905,4391.4800000000005,184,548.9350000000001,390
15765.0,2010-02-11 10:25:00,2010-02-11 10:25:00,1,335,370.63,25,370.63,0
15766.0,2010-01-26 15:55:00,2011-10-06 17:03:00,3,334,831.06,21,277.02,618
15768.0,2009-12-03 12:10:00,2011-08-16 10:48:00,34,4119,14989.44,434,440.8658823529412,620
15769.0,2009-12-11 09:58:00,2011-12-02 13:52:00,46,49104,88704.32,26,1928.3547826086958,721
15770.0,2010-04-06 11:47:00,2010-04-06 11:47:00,1,64,303.6,17,303.6,0
15771.0,2010-01-15 12:14:00,2010-04-14 13:56:00,3,512,1006.54,26,335.5133333333333,89
15772.0,2010-10-17 13:33:00,2010-10-17 13:33:00,1,110,280.88,16,280.88,0
15773.0,2010-10-26 15:27:00,2011-12-04 12:48:00,2,410,774.52,46,387.26,403
15774.0,2010-02-21 12:57:00,2011-10-02 12:04:00,6,459,1257.34,86,209.55666666666664,587
15775.0,2010-03-18 07:32:00,2011-04-08 12:56:00,2,260,150.5,9,75.25,386
15776.0,2011-07-29 13:46:00,2011-07-29 13:46:00,1,138,241.62,18,241.62,0
15777.0,2010-05-20 10:37:00,2011-04-12 16:43:00,7,599,1762.61,29,251.80142857142854,327
15778.0,2010-10-04 15:10:00,2010-10-04 15:10:00,1,98,290.1,16,290.1,0
15779.0,2010-06-25 15:55:00,2010-09-02 16:40:00,2,20,124.08000000000001,8,62.040000000000006,69
15780.0,2010-12-17 11:43:00,2011-06-09 12:01:00,3,220,475.28000000000003,26,158.42666666666668,174
15781.0,2011-02-07 09:15:00,2011-11-14 14:57:00,3,180,345.46,20,115.15333333333332,280
15782.0,2010-10-05 15:43:00,2011-11-30 10:49:00,4,1844,4014.1,51,1003.525,420
15783.0,2011-11-29 09:50:00,2011-11-29 09:50:00,1,212,246.3,14,246.3,0
15784.0,2010-02-05 14:42:00,2010-08-29 10:38:00,2,381,848.3299999999999,33,424.16499999999996,204
15785.0,2009-12-15 16:28:00,2011-11-07 11:33:00,15,4475,5950.13,101,396.67533333333336,691
15786.0,2010-06-21 10:13:00,2011-10-24 14:13:00,5,5946,8444.17,355,1688.834,490
15787.0,2011-10-09 13:11:00,2011-11-13 14:55:00,3,533,928.31,155,309.43666666666667,35
15788.0,2010-07-19 12:48:00,2010-07-19 12:48:00,1,115,221.82999999999998,14,221.82999999999998,0
15789.0,2010-03-26 11:21:00,2010-12-16 14:35:00,6,2451,1911.61,107,318.60166666666663,265
15790.0,2011-11-29 14:53:00,2011-11-29 14:53:00,1,113,218.75,34,218.75,0
15791.0,2010-03-08 09:41:00,2011-10-27 10:14:00,5,1964,3595.74,120,719.1479999999999,598
15792.0,2010-03-31 09:42:00,2010-11-05 08:21:00,2,606,933.84,57,466.92,218
15793.0,2009-12-01 12:54:00,2011-11-25 09:31:00,8,1685,2399.57,12,299.94625,723
15794.0,2009-12-02 15:10:00,2009-12-03 13:04:00,2,288,777.0,15,388.5,0
15795.0,2010-01-18 11:31:00,2011-07-13 10:43:00,8,1399,1908.47,110,238.55875,540
15796.0,2010-03-31 13:10:00,2011-12-08 19:55:00,17,1730,5145.13,136,302.65470588235297,617
15797.0,2010-01-27 13:12:00,2011-08-18 17:04:00,5,1280,2806.08,11,561.216,568
15798.0,2010-01-27 11:55:00,2010-08-04 09:13:00,3,903,1520.37,72,506.78999999999996,188
15799.0,2010-10-17 14:26:00,2011-09-25 12:46:00,4,1341,1421.34,143,355.335,342
15800.0,2010-03-31 13:17:00,2011-08-24 14:23:00,7,565,1207.17,195,172.45285714285714,511
15801.0,2011-08-22 09:53:00,2011-10-24 13:52:00,3,551,1005.9,58,335.3,63
15803.0,2010-02-01 16:29:00,2011-10-19 14:56:00,4,1030,1929.66,48,482.415,624
15804.0,2011-05-25 10:12:00,2011-12-09 12:31:00,13,2562,4188.54,169,322.1953846153846,198
15805.0,2009-12-10 12:57:00,2011-11-16 16:32:00,30,6160,9911.18,332,330.3726666666667,706
15806.0,2011-03-08 09:24:00,2011-10-24 14:35:00,3,602,784.58,24,261.5266666666667,230
15807.0,2010-02-11 15:32:00,2011-10-20 14:10:00,5,1532,1817.52,85,363.504,615
15808.0,2009-12-01 16:30:00,2011-02-06 14:33:00,21,6968,17919.1,341,853.2904761904762,431
15809.0,2010-06-22 14:23:00,2011-11-03 16:40:00,7,648,1235.92,49,176.56,499
15810.0,2010-02-04 18:18:00,2011-09-22 09:38:00,8,1653,2999.04,89,374.88,594
15811.0,2010-11-16 16:46:00,2011-11-17 15:31:00,7,1825,3664.55,203,523.5071428571429,365
15812.0,2009-12-15 13:40:00,2011-08-24 14:19:00,12,3450,5201.47,87,433.4558333333334,617
15813.0,2011-04-14 09:09:00,2011-05-16 08:13:00,2,603,1303.9099999999999,40,651.9549999999999,31
15814.0,2010-04-15 14:31:00,2011-11-23 08:17:00,6,1728,2634.44,83,439.0733333333333,586
15815.0,2011-03-25 08:43:00,2011-10-07 12:42:00,5,1856,2100.6,33,420.12,196
15816.0,2010-06-15 12:54:00,2010-06-15 13:36:00,2,54,144.14999999999998,11,72.07499999999999,0
15817.0,2010-06-14 13:31:00,2010-10-15 11:07:00,3,1596,2766.4,133,922.1333333333333,122
15818.0,2010-04-30 12:58:00,2010-04-30 12:58:00,1,284,340.5,11,340.5,0
15819.0,2010-03-18 11:08:00,2011-10-21 14:50:00,10,2928,3934.79,182,393.479,582
15820.0,2011-01-24 12:00:00,2011-01-24 12:00:00,1,128,206.98,17,206.98,0
15821.0,2011-10-09 13:28:00,2011-10-26 15:48:00,2,200,554.46,56,277.23,17
15822.0,2009-12-06 15:12:00,2011-12-06 14:50:00,6,950,1840.06,46,306.6766666666667,729
15823.0,2009-12-08 15:12:00,2009-12-10 18:03:00,2,1737,3775.37,152,1887.685,2
15824.0,2010-06-25 15:10:00,2010-09-12 13:20:00,2,478,890.94,24,445.47,78
15825.0,2011-06-20 13:27:00,2011-06-20 13:27:00,1,220,532.94,20,532.94,0
15826.0,2010-05-20 17:00:00,2011-10-14 16:05:00,4,1824,2598.28,100,649.57,511
15827.0,2010-01-08 11:25:00,2011-09-27 15:35:00,28,1820,3774.27,123,134.79535714285714,627
15828.0,2010-11-29 16:41:00,2010-11-29 16:41:00,1,361,1103.1200000000001,73,1103.1200000000001,0
15829.0,2011-07-22 10:23:00,2011-09-01 16:45:00,2,984,612.74,43,306.37,41
15830.0,2011-11-02 10:40:00,2011-11-02 10:40:00,1,415,576.0,39,576.0,0
15831.0,2011-01-19 14:52:00,2011-10-12 13:14:00,3,1092,794.64,63,264.88,265
15832.0,2011-03-30 15:29:00,2011-03-30 15:29:00,1,459,821.49,53,821.49,0
15833.0,2009-12-02 11:59:00,2009-12-02 11:59:00,1,21,62.550000000000004,4,62.550000000000004,0
15834.0,2010-10-11 14:05:00,2011-09-30 14:41:00,7,1799,3719.39,329,531.3414285714285,354
15835.0,2011-01-13 10:35:00,2011-10-26 15:47:00,4,439,954.09,47,238.5225,286
15836.0,2011-10-20 17:13:00,2011-10-20 17:13:00,1,26,137.37,10,137.37,0
15837.0,2010-08-11 10:16:00,2011-10-06 09:01:00,2,405,777.01,52,388.505,420
15838.0,2009-12-15 09:51:00,2011-11-28 14:00:00,34,64664,74163.0,61,2181.264705882353,713
15839.0,2011-07-14 16:35:00,2011-11-06 13:54:00,3,675,1048.49,56,349.49666666666667,114
15840.0,2011-06-20 11:42:00,2011-10-12 09:08:00,2,396,355.56,26,177.78,113
15841.0,2009-12-10 08:29:00,2011-09-28 12:15:00,9,2379,2732.45,59,303.60555555555555,657
15842.0,2010-06-30 09:06:00,2010-11-11 14:08:00,2,296,548.8,24,274.4,134
15843.0,2011-02-09 10:19:00,2011-02-09 10:19:00,1,24,101.10000000000001,7,101.10000000000001,0
15844.0,2011-10-24 15:19:00,2011-10-24 15:19:00,1,134,130.73999999999998,11,130.73999999999998,0
15845.0,2010-01-26 14:44:00,2011-11-22 09:42:00,11,2128,4426.28,129,402.3890909090909,664
15846.0,2010-11-19 14:40:00,2010-11-19 14:40:00,1,79,107.01,27,107.01,0
15847.0,2010-03-08 08:47:00,2011-11-01 14:41:00,5,643,822.57,39,164.514,603
15848.0,2010-03-28 10:54:00,2010-03-28 10:54:00,1,45,137.99,34,137.99,0
15850.0,2009-12-13 13:27:00,2011-11-20 14:14:00,6,1334,1006.75,269,167.79166666666666,707
15851.0,2010-07-01 12:34:00,2010-07-01 12:34:00,1,67,109.73,8,109.73,0
15852.0,2010-07-01 10:16:00,2011-06-06 11:22:00,3,60,257.26,31,85.75333333333333,340
15853.0,2011-10-19 10:38:00,2011-10-19 10:38:00,1,135,110.8,29,110.8,0
15854.0,2009-12-10 12:08:00,2011-12-05 13:39:00,21,1362,3761.3700000000003,166,179.11285714285717,725
15855.0,2010-08-20 17:15:00,2011-07-26 10:20:00,6,712,1052.72,72,175.45333333333335,339
15856.0,2009-12-03 14:02:00,2011-12-05 17:09:00,52,20167,33641.0,381,646.9423076923077,732
15857.0,2010-10-05 16:43:00,2011-11-21 12:18:00,2,584,570.48,21,285.24,411
15858.0,2009-12-10 11:42:00,2011-11-24 12:48:00,13,2913,3933.79,272,302.59923076923076,714
15859.0,2010-10-03 12:52:00,2010-10-03 12:52:00,1,174,438.46,22,438.46,0
15860.0,2009-12-06 12:31:00,2011-10-30 11:25:00,17,1303,2387.29,244,140.42882352941177,692
15861.0,2010-01-28 19:41:00,2011-11-27 15:59:00,12,3825,4335.7,449,361.30833333333334,667
15862.0,2009-12-17 11:33:00,2011-12-01 13:28:00,13,1631,2840.97,414,218.53615384615384,714
15863.0,2009-12-17 10:20:00,2011-11-14 12:49:00,5,162,355.1,74,71.02000000000001,697
15864.0,2010-11-23 15:02:00,2011-11-17 13:32:00,7,1486,2180.76,18,311.5371428571429,358
15865.0,2010-01-05 13:58:00,2011-10-30 12:43:00,5,1141,2241.42,119,448.284,662
15866.0,2011-08-30 14:09:00,2011-08-30 14:09:00,1,124,211.89,43,211.89,0
15867.0,2009-12-14 15:16:00,2011-12-04 13:32:00,31,4996,8892.87,543,286.8667741935484,719
15868.0,2010-05-05 14:11:00,2010-05-05 14:11:00,1,57,94.53,4,94.53,0
15869.0,2010-03-23 16:50:00,2011-03-07 17:23:00,3,273,321.11,29,107.03666666666668,349
15870.0,2010-09-19 16:22:00,2011-11-07 10:58:00,4,500,845.66,126,211.415,413
15871.0,2010-09-28 14:16:00,2010-09-28 14:16:00,1,5,33.099999999999994,5,33.099999999999994,0
15872.0,2010-06-07 14:53:00,2011-11-25 11:55:00,4,459,708.85,162,177.2125,535
15873.0,2010-07-27 11:58:00,2010-07-28 12:41:00,4,1152,313.91999999999996,3,78.47999999999999,1
15874.0,2010-01-07 13:56:00,2011-10-07 12:31:00,21,5066,11135.36,261,530.2552380952382,637
15875.0,2010-03-03 16:51:00,2010-03-03 16:51:00,1,74,108.52,18,108.52,0
15876.0,2010-09-17 15:26:00,2010-10-26 18:58:00,2,886,1449.1399999999999,11,724.5699999999999,39
15877.0,2011-11-22 11:18:00,2011-12-08 11:53:00,2,368,490.33,122,245.165,16
15878.0,2009-12-06 12:28:00,2010-05-27 12:17:00,2,243,330.77,47,165.385,171
15879.0,2009-12-17 19:54:00,2010-10-31 16:21:00,4,612,1058.75,165,264.6875,317
15880.0,2010-12-05 13:00:00,2010-12-05 13:00:00,1,404,658.0600000000001,95,658.0600000000001,0
15881.0,2010-12-10 13:32:00,2011-01-31 16:59:00,5,260,501.39000000000004,26,100.278,52
15882.0,2009-12-10 15:33:00,2011-05-25 11:35:00,8,754,1415.8200000000002,47,176.97750000000002,530
15883.0,2011-11-06 14:50:00,2011-12-07 17:05:00,2,199,335.28,40,167.64,31
15884.0,2009-12-03 18:23:00,2010-10-03 15:55:00,2,152,244.60000000000002,14,122.30000000000001,303
15885.0,2010-01-21 12:47:00,2011-09-07 14:56:00,13,620,1921.82,81,147.8323076923077,594
15886.0,2010-04-20 15:03:00,2011-10-10 14:25:00,4,667,1052.8700000000001,58,263.21750000000003,537
15887.0,2010-06-02 11:53:00,2010-10-29 08:36:00,3,605,1027.15,27,342.3833333333334,148
15888.0,2010-07-01 11:51:00,2011-09-20 12:30:00,3,126,413.29,29,137.76333333333335,446
15889.0,2009-12-10 12:21:00,2011-07-06 11:10:00,8,930,1675.72,255,209.465,572
15890.0,2010-04-14 08:43:00,2010-11-10 12:46:00,5,119,535.65,10,107.13,210
15891.0,2011-04-27 12:35:00,2011-04-27 12:35:00,1,417,509.13,59,509.13,0
15892.0,2010-02-08 16:23:00,2010-02-08 16:23:00,1,45,123.25,37,123.25,0
15893.0,2010-08-15 11:12:00,2010-08-15 11:12:00,1,288,305.28000000000003,1,305.28000000000003,0
15894.0,2010-12-05 14:06:00,2011-03-31 13:50:00,2,273,408.39,34,204.195,115
15895.0,2011-07-13 10:27:00,2011-07-13 10:27:00,1,94,179.17,11,179.17,0
15897.0,2011-05-29 13:32:00,2011-05-29 13:50:00,2,223,208.59,17,104.295,0
15898.0,2009-12-11 16:11:00,2011-12-08 15:23:00,25,2373,5472.09,277,218.8836,726
15899.0,2010-12-06 10:36:00,2010-12-06 10:36:00,1,78,112.5,4,112.5,0
15900.0,2010-05-26 11:27:00,2011-11-16 12:19:00,4,608,764.17,94,191.0425,539
15901.0,2010-06-14 12:39:00,2011-11-23 12:43:00,6,686,667.89,144,111.315,527
15902.0,2010-11-24 16:57:00,2010-11-24 16:57:00,1,124,145.01,18,145.01,0
15903.0,2010-01-14 10:57:00,2011-11-30 08:08:00,12,3926,8939.84,58,744.9866666666667,684
15904.0,2011-12-01 14:50:00,2011-12-01 14:50:00,1,84,164.68,30,164.68,0
15905.0,2010-06-14 16:00:00,2010-06-14 16:00:00,1,82,114.69,22,114.69,0
15906.0,2010-09-15 12:17:00,2011-11-20 12:24:00,10,744,2466.44,142,246.644,431
15907.0,2011-05-13 13:01:00,2011-12-06 12:21:00,3,477,881.87,174,293.95666666666665,206
15908.0,2010-07-15 19:21:00,2010-08-06 11:56:00,2,172,752.6700000000001,36,376.33500000000004,21
15909.0,2011-06-19 10:38:00,2011-06-19 10:38:00,1,98,191.94,7,191.94,0
15910.0,2010-01-21 11:51:00,2011-12-09 10:51:00,15,2154,2652.27,390,176.818,686
15911.0,2009-12-09 13:26:00,2010-03-26 12:06:00,8,779,1662.84,158,207.855,106
15912.0,2009-12-10 12:58:00,2011-06-14 14:29:00,9,753,1059.4,82,117.71111111111112,551
15913.0,2010-06-23 16:31:00,2010-06-23 16:31:00,1,3,6.300000000000001,1,6.300000000000001,0
15914.0,2010-11-26 16:09:00,2010-11-26 16:10:00,2,149,205.99,13,102.995,0
15915.0,2010-11-03 11:13:00,2010-11-03 11:13:00,1,413,364.24,104,364.24,0
15916.0,2009-12-10 16:21:00,2011-11-23 13:46:00,13,1670,3316.7400000000002,223,255.13384615384618,712
15917.0,2009-12-02 14:55:00,2011-04-06 10:40:00,5,248,530.17,127,106.03399999999999,489
15918.0,2010-03-18 11:40:00,2011-06-02 11:42:00,3,240,582.88,49,194.29333333333332,441
15919.0,2010-12-06 11:26:00,2011-11-20 11:28:00,2,559,734.82,102,367.41,349
15920.0,2009-12-14 13:09:00,2011-07-08 15:25:00,8,225,557.59,91,69.69875,571
15921.0,2010-03-09 11:03:00,2011-06-20 11:03:00,4,331,753.71,67,188.4275,468
15922.0,2010-12-01 13:51:00,2010-12-01 13:51:00,1,276,739.0,11,739.0,0
15923.0,2010-12-02 12:16:00,2010-12-02 12:16:00,1,244,254.16,21,254.16,0
15924.0,2009-12-08 15:00:00,2009-12-08 15:00:00,1,103,102.82,14,102.82,0
15925.0,2011-05-29 15:35:00,2011-05-29 15:35:00,1,93,207.15,12,207.15,0
15926.0,2010-06-15 15:23:00,2010-06-15 15:23:00,1,155,134.44,7,134.44,0
15927.0,2010-03-02 13:25:00,2010-03-02 13:25:00,1,66,106.54,13,106.54,0
15928.0,2010-02-21 15:16:00,2010-02-21 15:16:00,1,164,293.53,11,293.53,0
15929.0,2010-03-05 14:56:00,2010-03-05 14:56:00,1,120,594.0,1,594.0,0
15930.0,2011-10-03 14:52:00,2011-10-03 14:52:00,1,139,426.63,21,426.63,0
15931.0,2010-10-07 16:46:00,2010-10-07 16:46:00,1,106,209.3,12,209.3,0
15932.0,2011-02-23 14:50:00,2011-12-05 17:13:00,8,2025,2295.83,88,286.97875,285
15933.0,2011-09-14 12:05:00,2011-11-18 13:14:00,3,885,1107.46,63,369.15333333333336,65
15934.0,2010-10-06 12:08:00,2010-10-18 10:13:00,2,2166,2190.66,29,1095.33,11
15935.0,2011-04-14 13:27:00,2011-04-14 13:27:00,1,114,108.03999999999999,11,108.03999999999999,0
15936.0,2010-08-29 11:42:00,2010-11-25 16:39:00,2,211,282.79,16,141.395,88
15937.0,2011-10-06 15:48:00,2011-10-06 15:48:00,1,73,145.35,7,145.35,0
15938.0,2010-06-01 09:42:00,2011-08-19 12:56:00,9,449,734.81,27,81.64555555555555,444
15939.0,2010-11-30 12:07:00,2011-09-11 11:30:00,15,6162,8683.09,49,578.8726666666666,284
15940.0,2011-02-01 16:18:00,2011-02-01 16:18:00,1,4,35.8,1,35.8,0
15941.0,2010-03-12 14:45:00,2010-03-12 14:45:00,1,60,405.0,6,405.0,0
15942.0,2011-07-29 09:01:00,2011-07-29 09:01:00,1,208,276.24,12,276.24,0
15943.0,2010-01-31 11:04:00,2010-02-28 12:49:00,2,183,271.28999999999996,12,135.64499999999998,28
15944.0,2009-12-13 12:57:00,2011-03-08 10:33:00,4,859,2164.24,25,541.06,449
15945.0,2009-12-01 13:47:00,2010-12-09 13:14:00,4,397,827.27,24,206.8175,372
15946.0,2010-03-16 10:49:00,2010-07-25 12:18:00,3,1578,2228.58,24,742.86,131
15947.0,2011-09-18 10:46:00,2011-09-18 10:46:00,1,890,1668.64,28,1668.64,0
15948.0,2010-10-11 12:16:00,2011-12-01 15:32:00,3,852,1509.0900000000001,63,503.03000000000003,416
15949.0,2011-09-29 17:34:00,2011-11-23 09:09:00,2,284,364.72,12,182.36,54
15950.0,2010-01-26 11:39:00,2011-11-08 11:09:00,10,3340,7073.81,222,707.3810000000001,650
15951.0,2010-11-23 18:20:00,2011-12-01 08:34:00,3,420,1013.17,44,337.7233333333333,372
15952.0,2011-04-28 12:55:00,2011-11-06 11:18:00,4,391,781.91,65,195.4775,191
15953.0,2009-12-03 14:00:00,2011-11-24 15:32:00,18,1841,3648.08,102,202.67111111111112,721
15954.0,2010-04-29 13:35:00,2010-04-29 13:35:00,1,118,187.8,19,187.8,0
15955.0,2010-02-23 16:36:00,2011-11-15 14:15:00,22,4209,8631.36,221,392.3345454545455,629
15956.0,2009-12-13 11:16:00,2010-06-06 13:06:00,2,278,617.6,18,308.8,175
15957.0,2010-10-15 12:11:00,2011-11-08 12:14:00,3,453,921.25,121,307.0833333333333,389
15958.0,2010-06-07 10:59:00,2011-09-26 13:41:00,4,154,462.12,50,115.53,476
15959.0,2010-01-26 16:19:00,2010-01-26 16:38:00,3,269,542.89,58,180.96333333333334,0
15960.0,2010-09-30 15:50:00,2010-11-30 15:57:00,4,258,410.95,24,102.7375,61
15961.0,2010-11-25 15:59:00,2010-11-25 15:59:00,1,154,451.28999999999996,42,451.28999999999996,0
15962.0,2010-09-16 13:48:00,2010-09-16 13:48:00,1,228,289.48,43,289.48,0
15963.0,2011-10-25 13:05:00,2011-11-20 11:33:00,2,296,454.26,25,227.13,25
15964.0,2010-02-14 15:30:00,2010-02-14 15:30:00,1,93,269.21000000000004,20,269.21000000000004,0
15965.0,2009-12-03 11:45:00,2011-11-22 16:44:00,13,1387,2928.13,202,225.24076923076925,719
15966.0,2010-09-15 10:44:00,2010-09-15 10:44:00,1,275,426.53000000000003,27,426.53000000000003,0
15967.0,2009-12-01 13:29:00,2011-11-16 15:41:00,12,1178,2955.05,314,246.2541666666667,715
15968.0,2010-11-16 13:04:00,2010-11-16 13:04:00,1,242,401.8,69,401.8,0
15969.0,2010-07-05 13:10:00,2011-12-07 11:06:00,5,223,1127.05,31,225.41,519
15970.0,2010-04-20 11:30:00,2011-02-09 12:08:00,2,498,1017.32,19,508.66,295
15971.0,2009-12-08 09:46:00,2011-11-22 12:50:00,18,2250,5897.88,11,327.66,714
15972.0,2010-04-18 14:06:00,2010-09-09 13:20:00,5,468,1769.33,104,353.866,143
15973.0,2010-10-07 08:33:00,2010-12-08 11:42:00,2,300,973.44,7,486.72,62
15974.0,2011-02-24 10:10:00,2011-10-31 13:13:00,7,2262,3442.15,141,491.7357142857143,249
15975.0,2011-09-16 13:33:00,2011-09-16 13:33:00,1,243,371.01,24,371.01,0
15976.0,2010-06-06 14:01:00,2011-06-27 13:00:00,6,1044,1680.31,264,280.0516666666667,385
15977.0,2011-10-31 16:24:00,2011-11-22 13:29:00,2,1016,1054.73,48,527.365,21
15978.0,2010-03-05 14:39:00,2011-09-23 15:21:00,3,2444,3279.42,107,1093.14,567
15979.0,2010-04-16 11:35:00,2010-04-16 11:35:00,1,450,329.22,22,329.22,0
15980.0,2010-06-01 14:40:00,2011-09-12 09:41:00,7,4822,6543.68,101,934.8114285714286,467
15981.0,2010-03-29 10:07:00,2011-11-15 08:00:00,21,4755,9211.57,149,438.64619047619044,595
15982.0,2010-04-13 15:47:00,2010-04-13 15:47:00,1,131,324.51,45,324.51,0
15983.0,2009-12-06 12:52:00,2011-11-17 17:34:00,8,2426,3924.02,137,490.5025,711
15984.0,2009-12-01 13:38:00,2011-12-07 12:16:00,30,5773,8475.77,451,282.52566666666667,735
15985.0,2010-05-27 15:51:00,2011-08-08 16:31:00,7,2750,2715.28,50,387.8971428571429,438
15986.0,2010-11-23 10:02:00,2011-11-09 15:17:00,2,368,354.42,25,177.21,351
15987.0,2010-11-25 12:56:00,2011-11-27 15:38:00,8,1685,1649.47,143,206.18375,367
15988.0,2010-02-21 11:36:00,2011-11-20 13:23:00,3,474,736.39,113,245.46333333333334,637
15989.0,2009-12-02 15:51:00,2010-11-29 12:03:00,2,169,368.31,81,184.155,361
15990.0,2010-02-28 12:30:00,2011-10-26 15:58:00,7,1086,1997.75,117,285.39285714285717,605
15991.0,2010-06-23 15:50:00,2010-06-23 15:50:00,1,41,150.55,6,150.55,0
15992.0,2010-09-12 11:52:00,2011-12-06 11:00:00,3,514,896.6,53,298.8666666666667,449
15993.0,2011-10-26 16:21:00,2011-12-01 10:45:00,7,2029,2755.67,333,393.6671428571429,35
15994.0,2010-03-14 11:55:00,2011-10-16 12:28:00,3,462,1175.68,93,391.8933333333334,581
15995.0,2010-10-21 13:57:00,2010-10-21 13:57:00,1,352,694.54,108,694.54,0
15996.0,2010-11-07 15:49:00,2011-09-12 15:14:00,7,714,1588.45,136,226.92142857142858,308
15998.0,2009-12-01 11:45:00,2011-11-03 12:45:00,16,5224,7944.14,670,496.50875,702
15999.0,2009-12-04 12:31:00,2009-12-04 12:31:00,1,24,20.4,1,20.4,0
16000.0,2011-12-07 12:14:00,2011-12-07 12:17:00,3,5110,12393.7,9,4131.233333333334,0
16001.0,2010-11-23 17:10:00,2010-11-23 17:10:00,1,337,583.39,29,583.39,0
16002.0,2010-03-24 13:08:00,2010-03-24 13:08:00,1,70,169.21,42,169.21,0
16003.0,2009-12-03 18:51:00,2011-11-10 09:57:00,10,2198,5583.23,144,558.323,706
16004.0,2010-01-25 13:56:00,2010-08-22 11:48:00,5,1076,2146.39,63,429.27799999999996,208
16005.0,2010-09-15 13:21:00,2011-11-27 13:47:00,10,1260,2345.28,309,234.52800000000002,438
16006.0,2010-11-17 12:03:00,2011-05-12 13:12:00,2,205,332.82,75,166.41,176
16007.0,2010-06-14 13:18:00,2011-10-23 11:05:00,7,2631,3053.06,337,436.15142857142854,495
16008.0,2010-03-19 11:07:00,2011-11-16 10:32:00,15,3237,5339.13,63,355.942,606
16009.0,2011-07-03 11:26:00,2011-11-17 16:51:00,4,366,972.11,68,243.0275,137
16010.0,2010-10-24 10:54:00,2011-04-08 10:14:00,11,919,1694.86,122,154.0781818181818,165
16011.0,2009-12-01 12:02:00,2011-12-01 16:31:00,29,3272,5393.56,178,185.9848275862069,730
16012.0,2010-06-28 11:39:00,2011-11-04 13:25:00,5,1736,2932.9900000000002,204,586.5980000000001,494
16013.0,2009-12-08 10:24:00,2011-12-06 10:36:00,84,25880,57140.44,54,680.2433333333333,728
16014.0,2010-01-31 12:43:00,2011-11-02 12:04:00,5,461,1085.28,218,217.05599999999998,639
16015.0,2011-10-21 12:56:00,2011-12-06 10:58:00,3,906,704.26,145,234.75333333333333,45
16016.0,2010-11-02 13:27:00,2011-12-06 14:35:00,11,1019,2446.42,181,222.4018181818182,399
16017.0,2010-01-05 12:06:00,2011-10-23 12:56:00,5,605,1484.68,96,296.93600000000004,656
16018.0,2009-12-07 13:57:00,2011-10-31 14:13:00,4,503,698.13,48,174.5325,693
16019.0,2009-12-14 14:12:00,2011-10-24 11:51:00,27,6923,17126.96,254,634.3318518518519,678
16020.0,2011-10-05 13:54:00,2011-11-23 11:18:00,3,487,851.01,42,283.67,48
16021.0,2010-06-13 11:05:00,2010-11-09 14:48:00,2,276,487.03,117,243.515,149
16022.0,2011-03-24 13:16:00,2011-03-24 13:16:00,1,255,602.63,68,602.63,0
16023.0,2011-03-18 13:32:00,2011-10-24 16:34:00,3,358,719.81,90,239.93666666666664,220
16024.0,2010-10-24 11:40:00,2011-11-27 13:26:00,3,483,476.16,76,158.72,399
16025.0,2011-11-10 11:45:00,2011-11-10 11:45:00,1,338,439.65999999999997,28,439.65999999999997,0
16026.0,2011-10-27 13:53:00,2011-10-27 13:53:00,1,243,236.09,30,236.09,0
16027.0,2010-01-08 13:21:00,2011-09-09 10:47:00,15,2099,2048.36,20,136.55733333333333,608
16028.0,2010-04-23 11:45:00,2010-04-23 11:45:00,1,18,82.2,5,82.2,0
16029.0,2009-12-08 11:23:00,2011-11-01 10:27:00,106,56193,113489.19,55,1070.6527358490566,692
16030.0,2011-02-03 11:28:00,2011-02-03 11:28:00,1,283,331.24,28,331.24,0
16031.0,2011-04-06 14:23:00,2011-09-08 13:07:00,2,421,547.9,91,273.95,154
16032.0,2010-07-04 13:31:00,2010-09-09 18:00:00,6,1435,1884.12,127,314.02,67
16033.0,2010-08-11 16:44:00,2011-12-04 12:44:00,27,4230,10682.3,598,395.64074074074074,479
16034.0,2010-10-26 13:00:00,2011-05-27 16:17:00,6,584,908.77,42,151.46166666666667,213
16035.0,2010-05-28 15:09:00,2010-05-28 15:09:00,1,33,217.73,21,217.73,0
16036.0,2010-03-29 14:47:00,2011-09-13 14:53:00,4,1365,2553.04,119,638.26,533
16037.0,2010-03-01 12:31:00,2011-03-15 09:13:00,5,766,1509.34,62,301.868,378
16038.0,2011-05-22 11:29:00,2011-12-02 12:40:00,3,244,471.78000000000003,24,157.26000000000002,194
16039.0,2010-03-21 15:17:00,2010-10-12 10:44:00,2,409,456.4,27,228.2,204
16040.0,2010-04-09 10:12:00,2011-10-05 13:47:00,7,1185,2416.9,95,345.2714285714286,544
16041.0,2011-07-21 16:27:00,2011-11-09 12:25:00,3,1584,3166.4,6,1055.4666666666667,110
16042.0,2010-09-12 12:00:00,2011-11-17 17:50:00,8,1418,2214.72,86,276.84,431
16043.0,2010-08-15 11:26:00,2011-11-02 12:50:00,8,1011,1856.5900000000001,56,232.07375000000002,444
16044.0,2010-09-30 18:12:00,2010-09-30 18:12:00,1,170,340.84000000000003,19,340.84000000000003,0
16045.0,2010-07-29 12:50:00,2011-08-12 12:41:00,8,2074,3369.83,108,421.22875,378
16046.0,2010-05-26 13:18:00,2010-05-26 13:18:00,1,248,235.78,22,235.78,0
16048.0,2010-06-08 12:36:00,2010-12-01 15:28:00,4,569,1075.23,30,268.8075,176
16049.0,2010-07-11 13:53:00,2011-10-30 13:19:00,6,1127,1842.4,382,307.06666666666666,475
16050.0,2010-11-03 15:55:00,2011-06-19 11:44:00,3,388,300.7,19,100.23333333333333,227
16051.0,2010-01-27 09:38:00,2010-01-27 09:38:00,1,80,188.44,12,188.44,0
16052.0,2011-10-16 15:13:00,2011-10-16 15:13:00,1,282,362.06,34,362.06,0
16053.0,2010-04-08 11:11:00,2011-11-07 11:21:00,6,3055,3604.2400000000002,167,600.7066666666667,578
16054.0,2010-04-01 18:37:00,2011-07-17 13:08:00,4,789,2101.98,108,525.495,471
16055.0,2011-05-03 09:26:00,2011-05-03 09:26:00,1,22,134.8,8,134.8,0
16056.0,2011-10-25 15:19:00,2011-10-25 15:19:00,1,345,650.75,66,650.75,0
16057.0,2010-01-07 17:11:00,2011-11-23 15:23:00,10,1683,3815.25,174,381.525,684
16058.0,2010-10-29 16:48:00,2010-10-29 16:48:00,1,18,62.7,2,62.7,0
16059.0,2010-05-19 13:04:00,2011-10-05 09:56:00,12,1479,3156.9700000000003,232,263.0808333333334,503
16060.0,2010-08-02 15:26:00,2010-11-04 12:10:00,3,243,541.95,22,180.65,93
16061.0,2010-10-04 15:29:00,2010-10-04 15:29:00,1,19,89.65,3,89.65,0
16062.0,2010-06-21 13:32:00,2011-11-30 12:15:00,8,2035,2863.45,134,357.93125,526
16063.0,2011-03-24 14:55:00,2011-03-24 14:56:00,1,262,335.32,23,335.32,0
16064.0,2009-12-14 16:11:00,2009-12-14 16:11:00,1,55,109.31,17,109.31,0
16065.0,2010-09-02 13:27:00,2010-12-09 13:03:00,8,1429,2351.77,213,293.97125,97
16066.0,2011-08-07 14:33:00,2011-11-23 11:54:00,5,935,1521.04,77,304.20799999999997,107
16067.0,2010-02-02 18:01:00,2010-05-26 12:33:00,3,1202,3046.81,57,1015.6033333333334,112
16068.0,2010-04-25 11:52:00,2010-04-25 11:52:00,1,48,115.73,34,115.73,0
16069.0,2010-10-18 10:32:00,2010-10-18 10:32:00,1,132,442.40000000000003,24,442.40000000000003,0
16070.0,2011-11-07 16:36:00,2011-11-17 15:50:00,2,457,852.15,32,426.075,9
16071.0,2010-02-22 14:48:00,2011-10-26 11:14:00,4,697,1076.8,62,269.2,610
16072.0,2010-06-08 16:47:00,2011-02-24 14:32:00,4,1558,4119.39,408,1029.8475,260
16073.0,2011-02-15 15:41:00,2011-02-15 15:41:00,1,48,122.39999999999999,1,122.39999999999999,0
16074.0,2010-11-14 13:19:00,2010-11-14 13:19:00,1,38,252.5,23,252.5,0
16075.0,2010-05-24 15:57:00,2010-07-25 11:31:00,2,271,736.9300000000001,41,368.46500000000003,61
16076.0,2011-05-15 12:31:00,2011-12-06 14:59:00,10,1435,2234.73,71,223.473,205
16077.0,2010-03-24 10:42:00,2010-03-24 10:42:00,1,840,2300.4,8,2300.4,0
16078.0,2010-02-08 13:29:00,2011-03-01 09:47:00,2,198,353.09000000000003,38,176.54500000000002,385
16079.0,2011-10-30 13:06:00,2011-11-23 12:48:00,3,858,1336.7,17,445.56666666666666,23
16080.0,2010-09-15 14:19:00,2011-09-19 10:42:00,4,298,602.5600000000001,29,150.64000000000001,368
16081.0,2010-02-03 12:46:00,2011-10-14 13:06:00,8,2203,4367.71,231,545.96375,618
16082.0,2010-02-07 15:16:00,2010-02-07 15:16:00,1,39,106.75,16,106.75,0
16083.0,2010-11-16 11:53:00,2011-08-31 10:47:00,4,1514,2351.42,61,587.855,287
16084.0,2011-02-13 16:05:00,2011-02-13 16:05:00,1,216,436.18,38,436.18,0
16085.0,2010-01-20 14:03:00,2011-11-16 13:24:00,12,1379,2324.71,258,193.72583333333333,664
16086.0,2009-12-02 13:20:00,2011-10-11 13:09:00,10,1526,2864.9900000000002,66,286.499,677
16087.0,2010-01-19 12:30:00,2010-11-15 16:44:00,5,664,1739.92,6,347.98400000000004,300
16088.0,2010-04-27 10:56:00,2010-05-13 10:16:00,2,373,1437.43,3,718.715,15
16089.0,2010-07-18 15:51:00,2010-11-18 13:51:00,2,119,263.49,42,131.745,122
16090.0,2010-03-25 13:05:00,2010-03-25 13:05:00,1,58,180.56,18,180.56,0
16091.0,2011-05-25 09:18:00,2011-07-08 08:45:00,2,154,315.06,16,157.53,43
16092.0,2010-05-09 16:10:00,2011-08-17 10:46:00,6,1188,1587.94,60,264.6566666666667,464
16093.0,2011-08-25 11:09:00,2011-08-25 11:09:00,1,20,17.0,1,17.0,0
16094.0,2010-04-16 14:00:00,2011-11-28 12:45:00,11,2020,3695.56,101,335.96,590
16095.0,2010-09-09 16:54:00,2010-09-09 16:54:00,1,265,447.05,30,447.05,0
16096.0,2010-03-04 15:44:00,2011-03-20 13:38:00,4,697,1567.1200000000001,57,391.78000000000003,380
16097.0,2011-04-13 13:47:00,2011-04-13 13:47:00,1,87,185.04999999999998,10,185.04999999999998,0
16098.0,2009-12-15 09:40:00,2011-09-13 09:59:00,14,2142,4441.3,83,317.2357142857143,637
16099.0,2010-03-03 11:13:00,2011-10-20 13:13:00,7,960,1573.2,44,224.74285714285716,596
16100.0,2010-09-03 11:39:00,2010-09-03 11:39:00,1,438,582.64,37,582.64,0
16101.0,2010-05-27 12:50:00,2011-09-30 10:18:00,4,1844,3229.16,153,807.29,490
16102.0,2011-08-03 12:50:00,2011-10-28 13:19:00,3,942,1842.14,41,614.0466666666667,86
16103.0,2010-01-08 12:08:00,2011-12-02 14:16:00,22,2639,6191.71,111,281.44136363636363,693
16104.0,2009-12-06 10:41:00,2011-10-09 10:23:00,9,1005,2611.36,183,290.1511111111111,671
16105.0,2010-04-14 13:27:00,2011-04-05 10:13:00,5,2109,2351.39,90,470.27799999999996,355
16106.0,2011-10-05 10:37:00,2011-10-05 10:37:00,1,74,108.38,6,108.38,0
16107.0,2011-06-09 18:42:00,2011-11-22 09:40:00,7,1176,3204.1600000000003,16,457.7371428571429,165
16108.0,2010-03-18 14:14:00,2011-09-16 11:48:00,4,1473,2235.92,124,558.98,546
16109.0,2010-01-10 10:37:00,2011-05-05 09:17:00,3,1080,929.52,29,309.84,479
16110.0,2010-07-05 13:04:00,2011-10-25 14:35:00,4,876,1764.19,340,441.0475,477
16111.0,2010-10-07 19:51:00,2010-10-07 19:51:00,1,229,498.33,71,498.33,0
16112.0,2011-01-05 11:47:00,2011-07-19 14:28:00,4,550,175.34,14,43.835,195
16113.0,2011-06-09 16:16:00,2011-06-09 16:16:00,1,176,161.38,30,161.38,0
16114.0,2011-06-22 10:13:00,2011-06-22 10:13:00,1,39,115.95000000000002,7,115.95000000000002,0
16115.0,2010-05-14 11:59:00,2011-11-30 11:32:00,12,1574,2481.95,227,206.82916666666665,564
16116.0,2011-05-12 12:01:00,2011-05-12 12:01:00,1,248,612.78,34,612.78,0
16117.0,2010-04-27 11:50:00,2011-06-03 11:42:00,3,321,654.4,64,218.13333333333333,401
16118.0,2010-02-25 09:40:00,2010-02-25 09:40:00,1,2851,4376.25,41,4376.25,0
16119.0,2009-12-16 11:56:00,2011-12-01 15:11:00,8,811,1720.81,37,215.10125,715
16120.0,2010-10-13 15:07:00,2011-10-11 14:22:00,6,2161,2967.51,84,494.58500000000004,362
16121.0,2010-05-23 10:52:00,2011-10-13 12:59:00,5,879,1450.04,256,290.008,508
16122.0,2010-10-10 15:26:00,2011-09-27 15:34:00,6,1398,1001.34,28,166.89000000000001,352
16123.0,2011-10-19 09:18:00,2011-10-19 09:18:00,1,170,307.78,16,307.78,0
16124.0,2009-12-07 10:33:00,2011-01-26 14:45:00,4,797,1772.49,63,443.1225,415
16125.0,2009-12-14 15:38:00,2010-12-07 15:48:00,14,1936,4548.85,165,324.91785714285714,358
16126.0,2009-12-02 13:34:00,2011-11-10 16:03:00,15,6140,14644.6,144,976.3066666666667,708
16127.0,2009-12-13 12:19:00,2011-10-31 13:58:00,2,391,801.31,75,400.655,687
16128.0,2010-07-16 16:30:00,2011-11-22 11:14:00,11,2445,3801.05,155,345.55,493
16129.0,2010-07-20 12:32:00,2010-10-28 14:29:00,3,1261,1396.05,91,465.34999999999997,100
16130.0,2010-04-01 13:58:00,2010-10-13 15:14:00,4,294,974.78,52,243.695,195
16131.0,2009-12-02 10:09:00,2011-10-19 11:53:00,12,4720,9873.42,130,822.785,686
16132.0,2010-03-22 10:25:00,2010-06-13 13:49:00,2,280,664.1999999999999,14,332.09999999999997,83
16133.0,2010-03-31 12:21:00,2011-12-06 11:24:00,56,13653,22992.260000000002,303,410.5760714285715,614
16134.0,2010-06-17 09:48:00,2011-11-18 10:05:00,5,1609,2095.54,83,419.108,519
16135.0,2010-05-05 09:35:00,2011-03-22 12:30:00,2,395,819.45,35,409.725,321
16136.0,2010-02-14 12:49:00,2011-10-11 09:10:00,4,674,946.8,44,236.7,603
16137.0,2010-01-28 15:04:00,2010-01-28 15:04:00,1,210,422.7,28,422.7,0
16138.0,2010-04-28 09:51:00,2010-11-26 12:13:00,3,774,910.35,35,303.45,212
16139.0,2009-12-03 13:51:00,2011-11-21 08:37:00,5,602,1111.15,47,222.23000000000002,717
16140.0,2010-09-24 12:03:00,2011-10-05 12:15:00,3,1376,1557.6000000000001,50,519.2,376
16141.0,2010-10-18 14:12:00,2011-09-12 13:11:00,2,404,940.64,46,470.32,328
16142.0,2011-04-04 10:16:00,2011-04-04 10:16:00,1,410,520.34,36,520.34,0
16143.0,2009-12-10 09:44:00,2011-12-06 14:13:00,12,1999,4851.43,105,404.28583333333336,726
16144.0,2011-04-07 10:09:00,2011-04-07 10:09:00,1,16,175.2,1,175.2,0
16145.0,2010-05-04 13:31:00,2011-12-01 10:33:00,19,5257,6762.09,214,355.89947368421053,575
16146.0,2010-09-17 10:46:00,2011-07-05 14:20:00,4,544,946.38,34,236.595,291
16147.0,2010-02-05 12:26:00,2011-07-29 09:57:00,5,1395,2398.91,113,479.782,538
16148.0,2010-09-29 10:12:00,2011-02-16 14:01:00,2,250,386.62,9,193.31,140
16149.0,2010-10-06 15:54:00,2011-12-05 11:29:00,3,598,422.22,30,140.74,424
16150.0,2009-12-17 15:33:00,2011-10-28 12:39:00,10,2148,4352.39,141,435.23900000000003,679
16152.0,2011-03-16 09:47:00,2011-03-16 09:47:00,1,570,1752.72,28,1752.72,0
16153.0,2010-05-26 12:41:00,2011-10-21 10:50:00,11,3685,5093.89,159,463.08090909090913,512
16155.0,2010-06-18 11:23:00,2010-11-23 12:03:00,5,495,796.9,45,159.38,158
16156.0,2009-12-02 17:06:00,2011-12-01 12:42:00,20,3205,6188.18,199,309.409,728
16157.0,2011-09-28 11:48:00,2011-11-24 11:41:00,3,347,656.69,12,218.89666666666668,56
16158.0,2009-12-05 15:00:00,2010-07-05 13:55:00,9,182,628.32,29,69.81333333333333,211
16159.0,2009-12-03 11:51:00,2011-03-03 12:27:00,4,635,1232.79,31,308.1975,455
16160.0,2011-09-15 10:53:00,2011-10-05 14:19:00,2,1162,1025.44,20,512.72,20
16161.0,2010-02-08 11:06:00,2011-12-08 12:10:00,43,6338,12687.36,456,295.05488372093026,668
16162.0,2011-04-01 15:03:00,2011-04-01 15:03:00,1,4,37.4,2,37.4,0
16163.0,2009-12-02 10:00:00,2011-04-21 15:15:00,6,768,2849.58,59,474.93,505
16164.0,2011-10-28 09:12:00,2011-11-22 15:04:00,3,433,822.48,27,274.16,25
16165.0,2010-07-22 14:17:00,2010-07-22 14:17:00,1,2,79.9,1,79.9,0
16166.0,2010-01-17 14:16:00,2010-10-07 15:44:00,2,169,408.83,17,204.415,263
16167.0,2009-12-01 10:46:00,2010-10-21 15:33:00,5,1490,1359.1200000000001,50,271.824,324
16168.0,2009-12-03 12:38:00,2011-11-29 12:45:00,66,5087,10621.47,130,160.9313636363636,726
16169.0,2011-09-25 11:33:00,2011-12-01 15:28:00,4,1325,1822.97,71,455.7425,67
16170.0,2010-02-18 13:50:00,2011-10-20 08:21:00,20,5892,6447.599999999999,248,322.38,608
16171.0,2011-10-11 14:51:00,2011-10-11 14:51:00,1,24,73.2,3,73.2,0
16172.0,2010-07-14 15:34:00,2011-09-05 13:22:00,8,1419,1884.55,81,235.56875,417
16173.0,2011-09-02 15:23:00,2011-11-24 10:53:00,6,571,1398.52,69,233.08666666666667,82
16174.0,2010-04-15 15:12:00,2011-08-05 13:26:00,7,1431,2246.75,28,320.9642857142857,476
16175.0,2010-05-25 12:01:00,2011-09-06 14:32:00,7,932,1836.44,59,262.34857142857146,469
16176.0,2010-03-29 14:52:00,2010-10-14 13:54:00,4,952,2052.69,53,513.1725,198
16177.0,2010-03-02 14:03:00,2011-10-20 12:57:00,8,1021,2247.31,79,280.91375,596
16178.0,2010-11-03 14:46:00,2011-07-24 16:05:00,2,304,612.6,24,306.3,263
16179.0,2011-10-10 09:41:00,2011-10-10 09:41:00,1,99,215.83,11,215.83,0
16180.0,2010-06-23 13:19:00,2011-08-31 16:28:00,13,9813,16249.87,171,1249.99,434
16181.0,2011-09-27 13:38:00,2011-09-27 13:38:00,1,152,305.54,11,305.54,0
16182.0,2010-03-09 09:34:00,2011-09-28 13:23:00,9,5887,9971.65,20,1107.961111111111,568
16183.0,2010-10-28 14:43:00,2011-10-03 14:59:00,4,351,1077.81,32,269.4525,340
16184.0,2011-05-12 13:33:00,2011-10-06 17:43:00,6,561,1158.79,26,193.13166666666666,147
16185.0,2010-05-24 11:04:00,2011-11-23 09:41:00,3,321,644.72,39,214.90666666666667,547
16186.0,2009-12-09 15:36:00,2011-11-17 12:43:00,26,6777,8903.710000000001,168,342.4503846153847,707
16187.0,2011-02-28 13:34:00,2011-11-08 09:50:00,15,5048,6911.4400000000005,160,460.7626666666667,252
16188.0,2010-10-27 11:50:00,2011-10-26 12:19:00,5,838,1087.66,72,217.532,364
16189.0,2011-09-15 15:21:00,2011-11-24 11:47:00,2,134,215.48,9,107.74,69
16190.0,2009-12-14 11:59:00,2011-10-30 15:59:00,8,1231,2723.55,89,340.44375,685
16191.0,2009-12-11 12:24:00,2011-12-07 11:26:00,24,9222,15405.12,110,641.88,725
16192.0,2009-12-04 12:28:00,2009-12-04 12:28:00,1,208,351.3,11,351.3,0
16193.0,2010-10-25 10:25:00,2011-04-17 11:45:00,2,379,630.43,38,315.215,174
16194.0,2010-11-29 13:28:00,2010-11-29 13:28:00,1,140,308.59999999999997,8,308.59999999999997,0
16195.0,2009-12-16 14:09:00,2009-12-16 14:09:00,1,123,323.25,16,323.25,0
16196.0,2010-08-08 11:40:00,2010-08-08 11:40:00,1,26,93.3,4,93.3,0
16197.0,2009-12-16 11:44:00,2010-08-27 12:56:00,9,1420,2016.71,52,224.07888888888888,254
16198.0,2010-09-28 13:59:00,2011-09-25 14:58:00,2,383,1030.04,30,515.02,362
16199.0,2010-03-18 18:47:00,2010-11-12 12:55:00,7,321,942.75,2,134.67857142857142,238
16200.0,2009-12-02 15:04:00,2011-12-05 14:40:00,12,3059,5565.15,357,463.7625,732
16201.0,2010-10-20 12:00:00,2011-12-06 16:02:00,5,1421,2112.12,86,422.424,412
16202.0,2009-12-02 10:48:00,2010-12-14 10:43:00,9,1307,2501.9900000000002,105,277.9988888888889,376
16203.0,2010-07-23 13:09:00,2011-10-12 12:31:00,6,607,1114.54,56,185.75666666666666,445
16204.0,2009-12-08 17:44:00,2011-11-16 13:40:00,3,659,888.11,84,296.0366666666667,707
16205.0,2010-06-15 11:58:00,2011-11-09 09:32:00,7,1448,1813.51,146,259.0728571428571,511
16206.0,2010-01-24 15:25:00,2011-10-16 10:41:00,13,1378,2577.12,186,198.23999999999998,629
16207.0,2011-11-14 13:51:00,2011-11-14 13:51:00,1,140,394.38,19,394.38,0
16208.0,2010-02-24 14:24:00,2011-10-26 11:36:00,10,1541,3440.45,180,344.04499999999996,608
16209.0,2010-06-11 11:58:00,2011-09-12 11:58:00,9,1894,4131.78,50,459.08666666666664,458
16210.0,2009-12-02 12:54:00,2011-12-08 12:36:00,33,14261,38469.51,144,1165.7427272727273,735
16211.0,2010-09-27 15:24:00,2011-09-12 12:11:00,3,511,1050.99,34,350.33,349
16212.0,2010-02-07 15:26:00,2011-11-20 13:00:00,4,571,1293.71,71,323.4275,650
16213.0,2011-09-22 10:03:00,2011-09-22 10:03:00,1,48,159.0,6,159.0,0
16214.0,2010-09-30 13:57:00,2011-06-22 11:30:00,4,1308,2038.25,84,509.5625,264
16215.0,2011-09-20 10:18:00,2011-09-20 10:18:00,1,104,242.35,14,242.35,0
16216.0,2011-03-17 15:34:00,2011-03-17 15:34:00,1,254,914.9300000000001,37,914.9300000000001,0
16217.0,2011-03-02 15:28:00,2011-04-18 13:31:00,2,91,304.25,13,152.125,46
16218.0,2010-05-27 16:09:00,2011-11-10 09:59:00,13,3237,4439.97,82,341.53615384615387,531
16219.0,2010-07-27 11:44:00,2010-07-27 11:44:00,1,48,40.8,1,40.8,0
16221.0,2010-08-10 13:32:00,2011-11-03 11:43:00,9,1498,2173.31,175,241.4788888888889,449
16222.0,2009-12-18 14:31:00,2011-01-25 13:38:00,2,463,1272.05,133,636.025,402
16223.0,2010-11-09 12:07:00,2010-11-30 11:50:00,2,643,1087.05,101,543.525,20
16224.0,2010-11-17 13:14:00,2011-10-13 17:51:00,5,1543,1606.58,106,321.316,330
16225.0,2010-02-07 12:41:00,2011-10-26 08:30:00,15,1267,2834.4100000000003,187,188.9606666666667,625
16226.0,2010-10-22 11:19:00,2011-05-20 14:41:00,5,521,672.1700000000001,23,134.43400000000003,210
16227.0,2010-06-22 13:28:00,2011-04-28 13:33:00,3,424,1012.22,27,337.4066666666667,310
16228.0,2010-11-04 18:54:00,2010-11-19 14:20:00,3,553,860.21,44,286.7366666666667,14
16229.0,2010-05-24 12:59:00,2011-09-13 17:16:00,6,1292,2867.86,144,477.9766666666667,477
16230.0,2011-05-03 15:12:00,2011-06-03 10:06:00,2,365,542.03,32,271.015,30
16231.0,2010-04-21 12:06:00,2010-11-25 15:00:00,4,563,1074.47,69,268.6175,218
16232.0,2010-06-07 14:04:00,2011-10-27 12:16:00,7,1849,2712.97,60,387.5671428571428,506
16233.0,2009-12-02 13:23:00,2011-09-29 17:27:00,9,689,1965.71,49,218.41222222222223,666
16234.0,2010-05-27 10:39:00,2010-08-20 14:33:00,3,170,333.18,13,111.06,85
16235.0,2010-08-26 12:10:00,2011-10-30 10:56:00,8,787,2043.71,79,255.46375,429
16236.0,2011-09-22 14:10:00,2011-09-22 14:10:00,1,184,432.2,20,432.2,0
16237.0,2010-09-28 17:02:00,2010-09-28 17:02:00,1,57,136.65,7,136.65,0
16238.0,2010-10-13 12:36:00,2010-10-13 12:36:00,1,85,63.66,6,63.66,0
16239.0,2010-09-02 19:17:00,2011-10-14 08:29:00,6,692,1492.2,24,248.70000000000002,406
16240.0,2011-09-23 13:44:00,2011-11-15 14:30:00,2,1637,3699.0,125,1849.5,53
16241.0,2010-10-25 13:40:00,2011-11-30 11:08:00,16,2345,4260.56,497,266.285,400
16242.0,2010-03-15 16:02:00,2011-12-01 15:12:00,14,3919,7394.75,347,528.1964285714286,625
16243.0,2011-10-16 12:09:00,2011-11-06 12:32:00,2,110,409.1,49,204.55,21
16244.0,2010-12-02 11:41:00,2011-05-12 10:18:00,2,1466,2539.78,87,1269.89,160
16245.0,2011-03-28 09:30:00,2011-11-16 10:14:00,3,1014,1413.66,80,471.22,233
16246.0,2010-02-08 12:32:00,2010-09-06 12:04:00,2,336,821.35,79,410.675,209
16247.0,2011-06-22 14:23:00,2011-06-22 14:23:00,1,182,114.56,16,114.56,0
16248.0,2011-10-09 11:32:00,2011-10-09 11:32:00,1,78,152.94,7,152.94,0
16249.0,2011-04-14 13:50:00,2011-10-18 10:07:00,5,950,1800.07,67,360.014,186
16250.0,2010-11-18 10:43:00,2011-03-23 15:07:00,3,376,791.38,29,263.79333333333335,125
16251.0,2010-07-15 14:55:00,2010-07-15 14:55:00,1,44,128.31,20,128.31,0
16252.0,2010-11-22 11:57:00,2010-11-22 11:57:00,1,146,280.09000000000003,20,280.09000000000003,0
16253.0,2009-12-08 17:24:00,2011-10-04 09:09:00,7,6029,7222.2,217,1031.742857142857,664
16254.0,2010-03-17 15:43:00,2010-11-26 13:22:00,3,543,967.44,65,322.48,253
16255.0,2010-01-24 12:21:00,2011-11-23 12:40:00,15,3037,4859.85,228,323.99,668
16256.0,2010-04-21 10:34:00,2011-03-18 12:18:00,3,1589,1579.37,26,526.4566666666666,331
16257.0,2011-06-16 10:11:00,2011-06-16 10:11:00,1,1,21.95,1,21.95,0
16258.0,2010-03-10 14:19:00,2011-10-25 13:30:00,15,7200,11942.52,253,796.168,593
16259.0,2010-04-13 16:57:00,2010-10-25 14:27:00,3,143,340.94,75,113.64666666666666,194
16260.0,2011-10-20 09:40:00,2011-10-20 09:40:00,1,311,1035.45,18,1035.45,0
16261.0,2010-09-23 16:40:00,2011-11-22 17:23:00,6,394,909.28,113,151.54666666666665,425
16262.0,2010-11-26 13:22:00,2010-11-26 13:22:00,1,434,724.55,44,724.55,0
16263.0,2010-10-12 14:52:00,2010-10-12 14:52:00,1,197,348.16,19,348.16,0
16264.0,2010-09-19 16:14:00,2010-09-27 15:00:00,2,592,762.33,60,381.165,7
16265.0,2010-10-28 15:18:00,2011-11-30 16:41:00,12,3206,6667.32,190,555.61,398
16266.0,2010-02-04 16:21:00,2011-09-27 12:08:00,14,791,1757.95,73,125.56785714285715,599
16267.0,2010-04-27 14:10:00,2010-04-27 14:10:00,1,198,186.66,7,186.66,0
16268.0,2011-09-29 18:30:00,2011-09-29 18:30:00,2,532,617.65,44,308.825,0
16269.0,2010-09-28 11:50:00,2010-09-28 11:50:00,1,579,717.57,53,717.57,0
16270.0,2010-12-21 14:26:00,2010-12-21 14:26:00,1,688,1141.24,54,1141.24,0
16271.0,2010-03-07 12:03:00,2011-11-24 12:12:00,8,2355,3355.92,174,419.49,627
16272.0,2011-08-15 10:53:00,2011-08-15 10:54:00,1,224,411.7,25,411.7,0
16273.0,2010-02-21 16:02:00,2010-03-01 13:24:00,2,40,318.34000000000003,15,159.17000000000002,7
16274.0,2010-12-01 15:35:00,2010-12-01 15:35:00,1,302,663.1,63,663.1,0
16275.0,2010-03-08 14:41:00,2011-05-27 12:41:00,3,1268,2151.11,105,717.0366666666667,444
16276.0,2010-04-11 12:02:00,2011-06-16 09:34:00,3,1467,2629.3900000000003,20,876.4633333333335,430
16277.0,2009-12-06 11:27:00,2009-12-06 11:27:00,1,33,188.69,23,188.69,0
16278.0,2010-07-28 15:40:00,2011-08-31 17:12:00,3,330,1087.24,48,362.41333333333336,399
16279.0,2010-04-22 14:09:00,2011-11-18 15:00:00,9,3647,5637.68,240,626.4088888888889,575
16280.0,2009-12-14 15:49:00,2009-12-14 15:49:00,1,89,223.05,15,223.05,0
16281.0,2010-01-26 13:41:00,2011-09-28 14:57:00,3,1570,3424.02,27,1141.34,610
16282.0,2009-12-21 11:52:00,2011-01-04 11:42:00,3,766,1246.38,29,415.46000000000004,378
16283.0,2010-02-28 14:12:00,2011-12-04 12:08:00,8,2863,4335.92,382,541.99,643
16284.0,2010-11-11 13:27:00,2011-11-08 16:12:00,3,674,1018.48,108,339.49333333333334,362
16285.0,2010-03-03 16:03:00,2010-03-03 16:03:00,1,60,176.9,31,176.9,0
16286.0,2010-03-26 09:58:00,2010-08-19 14:48:00,2,101,328.95,17,164.475,146
16287.0,2010-01-19 09:46:00,2011-06-23 09:08:00,5,1426,1006.98,18,201.39600000000002,519
16288.0,2010-08-26 14:45:00,2010-08-26 14:45:00,1,19,129.85,7,129.85,0
16289.0,2010-09-03 14:02:00,2010-09-03 14:02:00,1,95,134.41,20,134.41,0
16290.0,2010-05-23 11:46:00,2010-09-01 11:52:00,4,939,1935.2,84,483.8,101
16292.0,2010-04-14 13:29:00,2011-08-10 12:24:00,5,688,1253.76,51,250.752,482
16293.0,2009-12-11 09:58:00,2011-11-18 09:58:00,15,2022,4657.95,168,310.53,707
16294.0,2010-08-20 12:01:00,2010-08-20 12:01:00,1,54,126.05000000000001,8,126.05000000000001,0
16295.0,2011-10-06 10:45:00,2011-11-30 08:17:00,4,841,1328.55,70,332.1375,54
16296.0,2009-12-18 12:03:00,2010-03-23 13:11:00,4,641,1293.8700000000001,55,323.46750000000003,95
16297.0,2011-03-16 08:29:00,2011-03-16 08:29:00,1,206,301.9,20,301.9,0
16298.0,2010-09-23 15:23:00,2011-11-17 11:59:00,7,308,1085.7,32,155.1,419
16299.0,2010-08-19 17:46:00,2010-08-19 17:46:00,1,107,193.65,12,193.65,0
16300.0,2010-02-02 11:40:00,2010-10-05 13:14:00,3,641,1364.82,189,454.94,245
16301.0,2009-12-03 10:20:00,2009-12-03 10:20:00,1,41,107.33,6,107.33,0
16302.0,2011-08-05 09:44:00,2011-08-05 09:44:00,1,158,233.22,11,233.22,0
16303.0,2010-03-18 14:12:00,2011-11-14 10:49:00,7,3847,7913.27,155,1130.467142857143,605
16304.0,2010-01-14 08:30:00,2010-01-14 08:30:00,1,228,381.66,25,381.66,0
16305.0,2011-07-24 12:18:00,2011-07-24 12:18:00,1,256,361.21999999999997,22,361.21999999999997,0
16306.0,2010-10-01 09:36:00,2011-05-10 12:12:00,7,742,1192.82,55,170.40285714285713,221
16307.0,2010-05-11 14:40:00,2010-10-06 14:31:00,3,1111,1164.32,67,388.1066666666666,147
16308.0,2009-12-15 15:48:00,2011-11-02 11:24:00,7,16000,5120.0,1,731.4285714285714,686
16309.0,2011-04-13 11:46:00,2011-08-25 15:35:00,2,467,706.57,39,353.285,134
16310.0,2010-03-07 15:41:00,2010-10-21 14:47:00,2,268,434.58,25,217.29,227
16311.0,2011-10-21 13:13:00,2011-11-22 08:54:00,2,394,616.26,35,308.13,31
16312.0,2010-10-03 14:15:00,2010-10-03 14:15:00,1,53,171.15,10,171.15,0
16313.0,2011-10-21 09:04:00,2011-12-06 13:02:00,2,165,274.15000000000003,16,137.07500000000002,46
16314.0,2010-08-24 11:52:00,2010-11-15 12:06:00,3,630,1476.1,57,492.0333333333333,83
16315.0,2010-06-21 13:53:00,2011-01-13 11:57:00,2,143,402.71,21,201.355,205
16316.0,2010-08-03 14:38:00,2011-10-06 13:48:00,13,3053,5725.11,192,440.3930769230769,428
16317.0,2010-05-04 10:17:00,2011-08-12 12:46:00,5,1232,2172.71,102,434.54200000000003,465
16318.0,2011-11-04 13:05:00,2011-11-04 13:05:00,1,199,328.15,19,328.15,0
16319.0,2011-05-06 11:27:00,2011-05-06 11:27:00,1,72,404.40000000000003,3,404.40000000000003,0
16320.0,2010-01-27 13:29:00,2011-06-20 15:25:00,6,3319,5628.99,193,938.165,509
16321.0,2009-12-01 10:36:00,2011-09-28 14:55:00,7,259,604.5500000000001,15,86.36428571428573,666
16322.0,2011-11-03 14:33:00,2011-12-08 15:41:00,2,231,326.75,28,163.375,35
16323.0,2010-05-11 09:48:00,2011-05-27 14:48:00,2,146,353.66,4,176.83,381
16324.0,2011-06-15 14:26:00,2011-08-03 12:58:00,3,270,408.59000000000003,100,136.1966666666667,48
16325.0,2009-12-04 13:21:00,2011-10-24 08:48:00,12,2464,3597.5,104,299.7916666666667,688
16326.0,2010-01-28 13:23:00,2011-12-04 10:11:00,24,1078,4599.65,241,191.6520833333333,674
16327.0,2009-12-14 13:06:00,2011-11-25 13:23:00,16,8431,10570.29,285,660.643125,711
16328.0,2010-05-25 14:02:00,2010-05-25 14:02:00,1,141,310.83,16,310.83,0
16329.0,2009-12-01 11:34:00,2010-10-08 12:44:00,4,797,1664.92,83,416.23,311
16330.0,2010-02-15 12:36:00,2011-11-22 12:24:00,7,324,622.48,104,88.92571428571429,644
16331.0,2010-03-07 10:55:00,2010-10-03 13:47:00,6,756,2037.7,33,339.6166666666667,210
16332.0,2010-04-29 13:41:00,2011-11-11 14:22:00,11,1122,1997.49,157,181.59,561
16333.0,2011-02-03 10:50:00,2011-12-02 12:19:00,22,32184,26626.8,9,1210.3090909090909,302
16334.0,2010-08-04 16:38:00,2010-08-04 16:38:00,1,206,263.73,54,263.73,0
16335.0,2009-12-04 10:18:00,2010-06-06 11:35:00,7,1004,2753.52,193,393.36,184
16336.0,2010-03-18 08:05:00,2010-10-15 12:32:00,4,1473,3517.69,64,879.4225,211
16337.0,2011-11-03 10:03:00,2011-11-03 10:03:00,1,87,151.05,10,151.05,0
16338.0,2011-07-05 13:56:00,2011-07-05 13:56:00,1,94,214.79999999999998,11,214.79999999999998,0
16339.0,2011-02-28 13:41:00,2011-02-28 13:41:00,1,21,94.05,17,94.05,0
16340.0,2010-06-06 13:26:00,2011-08-24 14:53:00,3,1319,1496.24,277,498.74666666666667,444
16341.0,2010-04-09 10:30:00,2011-11-15 09:12:00,7,2986,3758.99,99,536.9985714285714,584
16342.0,2011-06-13 10:10:00,2011-09-25 14:36:00,4,157,322.41,10,80.6025,104
16343.0,2010-10-28 14:15:00,2011-11-23 17:45:00,3,326,555.47,51,185.15666666666667,391
16344.0,2010-02-09 12:16:00,2011-07-04 15:50:00,4,706,842.42,43,210.605,510
16345.0,2010-08-13 17:13:00,2011-10-26 16:03:00,2,611,1178.79,95,589.395,438
16346.0,2010-11-19 15:55:00,2010-11-19 15:55:00,1,289,224.51,15,224.51,0
16347.0,2010-03-12 12:41:00,2011-11-28 13:14:00,11,1691,3381.76,206,307.4327272727273,626
16348.0,2010-10-05 13:57:00,2011-11-07 15:44:00,8,1148,1736.58,177,217.0725,398
16349.0,2011-02-22 12:40:00,2011-02-22 12:40:00,1,9,53.5,9,53.5,0
16350.0,2010-10-07 16:33:00,2011-11-18 15:53:00,9,1077,2253.89,72,250.4322222222222,406
16351.0,2009-12-04 16:12:00,2011-01-11 10:26:00,13,2165,3330.0299999999997,124,256.1561538461538,402
16352.0,2011-11-02 08:44:00,2011-11-22 10:32:00,2,300,494.44,28,247.22,20
16353.0,2009-12-07 13:55:00,2011-12-06 12:23:00,38,3511,9900.460000000001,75,260.5384210526316,728
16354.0,2010-04-27 13:33:00,2011-10-07 14:28:00,5,592,1119.46,116,223.892,528
16355.0,2010-11-29 14:21:00,2010-11-29 14:21:00,1,179,416.35,47,416.35,0
16356.0,2010-06-06 11:26:00,2011-05-26 11:51:00,6,190,415.87,27,69.31166666666667,354
16357.0,2010-11-23 18:52:00,2011-11-06 16:04:00,4,389,868.37,43,217.0925,347
16358.0,2010-11-10 11:36:00,2011-12-08 15:09:00,5,2065,2919.65,118,583.9300000000001,393
16359.0,2010-02-16 10:39:00,2011-12-02 17:04:00,16,1764,2697.75,78,168.609375,654
16360.0,2011-09-12 13:50:00,2011-12-05 12:16:00,6,2110,3450.41,365,575.0683333333333,83
16361.0,2011-09-29 13:13:00,2011-11-30 12:32:00,4,418,891.21,87,222.8025,61
16362.0,2010-09-28 09:24:00,2011-11-07 13:01:00,6,467,922.16,67,153.69333333333333,405
16363.0,2011-10-17 14:14:00,2011-10-17 14:14:00,1,52,109.36000000000001,5,109.36000000000001,0
16364.0,2011-07-25 14:35:00,2011-11-28 11:27:00,2,279,705.79,48,352.895,125
16365.0,2009-12-11 12:41:00,2011-11-22 11:24:00,15,1134,3304.65,96,220.31,710
16366.0,2009-12-16 10:39:00,2011-11-21 08:19:00,4,882,1548.1299999999999,74,387.03249999999997,704
16367.0,2010-11-21 13:23:00,2011-11-02 13:13:00,3,1097,1342.98,195,447.66,345
16368.0,2010-09-30 11:30:00,2011-12-07 13:12:00,3,307,621.44,74,207.14666666666668,433
16369.0,2010-04-07 16:52:00,2011-11-21 16:25:00,7,1585,2654.48,114,379.2114285714286,592
16370.0,2011-04-28 16:40:00,2011-09-18 15:55:00,4,640,1301.91,143,325.4775,142
16371.0,2010-09-17 12:09:00,2010-09-17 12:09:00,1,108,157.2,11,157.2,0
16372.0,2010-04-11 15:20:00,2011-11-06 13:08:00,5,722,1290.31,271,258.062,573
16373.0,2010-10-24 13:10:00,2010-11-22 15:50:00,2,119,309.49,25,154.745,29
16374.0,2010-04-30 13:10:00,2011-10-04 15:21:00,5,756,1681.65,273,336.33000000000004,522
16375.0,2010-08-26 14:12:00,2010-08-26 14:25:00,2,74,104.0,11,52.0,0
16376.0,2011-11-22 16:47:00,2011-12-01 11:38:00,2,691,974.96,104,487.48,8
16377.0,2010-04-01 10:36:00,2011-03-17 15:41:00,2,2928,1308.48,6,654.24,350
16378.0,2011-02-02 12:42:00,2011-04-06 15:07:00,3,267,362.95,22,120.98333333333333,63
16379.0,2011-09-22 09:33:00,2011-12-05 15:38:00,4,1406,2137.6,86,534.4,74
16380.0,2011-10-09 15:40:00,2011-10-09 15:40:00,1,1428,1743.1499999999999,28,1743.1499999999999,0
16381.0,2010-10-17 13:06:00,2010-11-09 09:56:00,2,108,247.85,60,123.925,22
16382.0,2010-06-07 12:42:00,2010-10-27 16:23:00,2,167,353.1,42,176.55,142
16383.0,2010-02-04 13:18:00,2011-09-26 12:45:00,7,1590,2887.99,238,412.57,598
16384.0,2010-04-28 14:01:00,2011-09-11 11:19:00,4,861,1358.95,80,339.7375,500
16385.0,2010-03-18 12:45:00,2011-10-10 13:12:00,5,543,1028.55,94,205.70999999999998,571
16386.0,2010-11-17 11:19:00,2011-11-11 12:28:00,3,700,1068.16,127,356.05333333333334,359
16387.0,2010-03-11 12:22:00,2011-01-21 11:34:00,5,448,882.46,68,176.49200000000002,315
16388.0,2010-02-24 10:20:00,2010-02-24 10:20:00,1,83,186.05,13,186.05,0
16389.0,2011-03-01 15:47:00,2011-10-17 14:41:00,4,1241,1367.07,32,341.7675,229
16390.0,2010-01-29 15:25:00,2010-06-21 10:11:00,3,122,467.5,16,155.83333333333334,142
16391.0,2010-05-27 11:27:00,2010-11-04 12:27:00,4,712,1047.61,259,261.9025,161
16392.0,2010-05-27 11:17:00,2011-03-15 12:11:00,3,603,755.45,124,251.8166666666667,292
16393.0,2009-12-01 12:13:00,2011-12-07 12:51:00,23,3087,5482.57,313,238.37260869565216,736
16394.0,2011-02-23 10:58:00,2011-10-14 09:48:00,5,2604,1555.34,61,311.068,232
16395.0,2009-12-06 12:26:00,2011-10-10 12:50:00,14,2900,3517.56,415,251.25428571428571,673
16396.0,2010-08-20 14:17:00,2010-08-20 14:17:00,1,80,137.8,8,137.8,0
16397.0,2010-03-21 15:36:00,2010-03-21 15:36:00,1,43,123.13,9,123.13,0
16398.0,2011-03-31 09:38:00,2011-07-08 15:16:00,2,758,1705.8,75,852.9,99
16399.0,2010-11-15 15:03:00,2011-11-20 16:12:00,3,422,597.82,94,199.27333333333334,370
16400.0,2009-12-08 12:38:00,2011-09-06 12:27:00,9,2066,3059.85,214,339.98333333333335,636
16401.0,2010-06-02 13:13:00,2011-12-08 18:15:00,23,6033,6847.45,109,297.71521739130435,554
16402.0,2010-12-05 13:42:00,2011-03-20 12:25:00,2,246,473.6,54,236.8,104
16403.0,2011-01-31 13:39:00,2011-01-31 13:39:00,1,114,177.5,10,177.5,0
16404.0,2011-09-30 14:55:00,2011-09-30 14:55:00,1,157,443.05,23,443.05,0
16405.0,2011-02-02 17:08:00,2011-02-10 15:24:00,2,187,167.25,3,83.625,7
16406.0,2010-02-24 11:51:00,2011-11-21 11:57:00,3,257,528.36,135,176.12,635
16407.0,2010-10-03 13:56:00,2011-11-27 11:05:00,14,1448,2761.65,120,197.2607142857143,419
16408.0,2010-04-27 14:08:00,2010-04-27 14:08:00,1,227,231.93,45,231.93,0
16409.0,2009-12-13 15:38:00,2011-11-03 16:45:00,12,3657,5643.99,334,470.3325,690
16410.0,2009-12-05 14:51:00,2009-12-05 14:51:00,1,348,130.32,5,130.32,0
16411.0,2010-10-07 15:09:00,2011-11-20 13:23:00,4,524,869.64,137,217.41,408
16412.0,2010-02-04 13:46:00,2011-10-17 12:35:00,5,288,593.19,84,118.638,619
16413.0,2010-11-29 12:49:00,2011-10-14 12:08:00,2,283,522.03,55,261.015,318
16414.0,2010-01-14 10:21:00,2011-11-18 09:42:00,5,201,551.21,58,110.242,672
16415.0,2010-02-01 12:30:00,2011-10-26 13:35:00,3,508,696.76,120,232.25333333333333,632
16416.0,2010-02-23 12:00:00,2011-11-13 12:50:00,9,2198,2957.88,146,328.65333333333336,628
16417.0,2010-08-04 09:08:00,2010-08-04 09:08:00,1,6,35.7,1,35.7,0
16418.0,2010-10-13 12:31:00,2011-10-26 12:39:00,5,558,1013.44,120,202.68800000000002,378
16419.0,2010-02-09 13:26:00,2011-08-19 12:33:00,8,699,1451.8,61,181.475,555
16420.0,2010-11-08 15:15:00,2010-11-08 15:15:00,1,120,75.0,2,75.0,0
16421.0,2010-08-27 12:02:00,2010-11-28 13:31:00,3,123,526.27,35,175.42333333333332,93
16422.0,2010-01-12 11:57:00,2011-11-22 14:00:00,107,66080,63324.62,109,591.818878504673,679
16423.0,2011-11-15 09:21:00,2011-11-15 09:21:00,1,230,346.12,18,346.12,0
16424.0,2010-11-22 11:24:00,2011-06-01 13:40:00,2,212,443.06,10,221.53,191
16425.0,2011-02-10 14:30:00,2011-02-10 14:30:00,1,199,302.7,21,302.7,0
16426.0,2011-03-08 15:45:00,2011-12-07 14:01:00,10,1214,1857.81,210,185.781,273
16427.0,2011-02-28 15:18:00,2011-03-21 17:10:00,2,156,241.06,8,120.53,21
16428.0,2010-07-30 12:10:00,2010-10-22 12:22:00,3,575,638.49,121,212.83,84
16429.0,2011-08-25 13:54:00,2011-08-25 13:54:00,1,9,284.55,2,284.55,0
16430.0,2010-01-27 12:45:00,2011-10-13 14:47:00,6,303,1085.0900000000001,17,180.84833333333336,624
16431.0,2011-02-15 14:02:00,2011-05-10 14:09:00,3,442,623.28,51,207.76,84
16432.0,2011-10-06 13:59:00,2011-10-06 13:59:00,1,276,287.4,8,287.4,0
16433.0,2010-10-27 12:26:00,2011-11-11 14:09:00,2,214,384.52,33,192.26,380
16434.0,2010-01-17 14:51:00,2011-11-10 14:28:00,12,1305,2628.24,124,219.01999999999998,661
16435.0,2010-07-13 13:29:00,2010-07-15 18:22:00,3,602,990.47,118,330.1566666666667,2
16436.0,2009-12-06 16:02:00,2010-02-09 13:19:00,2,206,265.59,35,132.795,64
16437.0,2010-10-06 12:34:00,2010-11-23 16:59:00,2,197,301.25,17,150.625,48
16438.0,2011-09-18 13:31:00,2011-12-04 10:51:00,5,456,791.7,73,158.34,76
16439.0,2009-12-17 14:22:00,2009-12-17 14:22:00,1,62,280.1,7,280.1,0
16440.0,2010-08-03 11:32:00,2011-12-02 12:02:00,6,2108,3856.9700000000003,202,642.8283333333334,486
16441.0,2010-03-22 18:00:00,2011-10-03 17:48:00,5,429,890.78,62,178.156,559
16442.0,2009-12-13 11:05:00,2011-12-08 11:43:00,5,578,886.88,225,177.376,725
16443.0,2010-07-07 11:57:00,2010-07-07 11:57:00,1,96,162.24,1,162.24,0
16444.0,2010-03-24 14:06:00,2011-10-24 13:50:00,17,1945,3625.88,217,213.2870588235294,578
16445.0,2010-10-24 12:39:00,2011-11-06 12:32:00,4,287,583.16,143,145.79,377
16446.0,2011-05-18 09:52:00,2011-12-09 09:15:00,2,80997,168472.5,3,84236.25,204
16447.0,2010-02-17 14:09:00,2011-07-27 12:45:00,3,315,727.1,59,242.36666666666667,524
16448.0,2010-08-25 16:58:00,2011-05-25 16:28:00,2,176,361.12,45,180.56,272
16449.0,2011-03-04 12:15:00,2011-05-26 10:25:00,2,367,707.69,40,353.845,82
16450.0,2010-02-21 15:46:00,2011-07-13 11:47:00,3,681,1505.73,36,501.91,506
16451.0,2009-12-04 15:11:00,2011-09-13 09:17:00,3,524,1013.15,61,337.71666666666664,647
16452.0,2010-01-15 12:22:00,2010-03-19 12:39:00,2,199,332.17,14,166.085,63
16453.0,2010-06-09 13:15:00,2010-06-27 12:46:00,2,139,251.71,15,125.855,17
16454.0,2010-04-07 15:54:00,2011-10-06 16:57:00,2,3,7.45,2,3.725,547
16455.0,2010-03-30 10:31:00,2011-10-07 12:17:00,11,3099,4371.77,110,397.4336363636364,556
16456.0,2010-03-29 11:16:00,2011-09-01 13:50:00,13,3686,6780.44,224,521.5723076923076,521
16457.0,2011-05-05 13:19:00,2011-05-05 13:19:00,1,140,208.36,9,208.36,0
16458.0,2010-05-26 14:38:00,2011-12-07 09:34:00,30,3395,5690.89,91,189.69633333333334,559
16459.0,2009-12-10 12:42:00,2009-12-10 12:42:00,1,59,71.78999999999999,5,71.78999999999999,0
16460.0,2011-09-19 10:15:00,2011-11-11 13:46:00,3,876,811.23,128,270.41,53
16461.0,2010-03-03 13:57:00,2011-06-15 12:07:00,3,921,1532.33,221,510.77666666666664,468
16462.0,2011-03-01 08:58:00,2011-09-27 10:24:00,3,16,136.0,1,45.333333333333336,210
16463.0,2011-05-19 14:45:00,2011-11-18 14:01:00,4,1163,1422.4,74,355.6,182
16464.0,2011-07-20 13:53:00,2011-11-20 12:11:00,3,951,1292.71,151,430.90333333333336,122
16465.0,2010-09-21 10:46:00,2010-10-15 09:27:00,2,504,746.24,45,373.12,23
16466.0,2010-03-07 14:31:00,2011-11-06 11:35:00,15,1769,3714.89,205,247.65933333333334,608
16467.0,2009-12-02 11:59:00,2010-07-19 11:49:00,7,7384,2869.16,14,409.88,228
16468.0,2010-08-15 13:10:00,2011-09-26 14:13:00,3,371,787.52,38,262.50666666666666,407
16469.0,2010-07-13 13:17:00,2011-11-16 12:25:00,5,332,803.9,167,160.78,490
16470.0,2009-12-11 12:21:00,2011-10-19 12:11:00,11,1332,2410.55,285,219.1409090909091,676
16471.0,2010-02-25 10:07:00,2011-03-10 09:41:00,4,670,1189.98,48,297.495,377
16472.0,2010-04-21 11:48:00,2010-10-01 13:56:00,2,252,789.6,39,394.8,163
16473.0,2010-11-30 16:29:00,2011-06-28 09:10:00,4,296,470.83,26,117.7075,209
16474.0,2011-07-17 14:51:00,2011-12-02 13:02:00,7,906,1802.24,235,257.46285714285716,137
16475.0,2011-03-11 09:39:00,2011-09-12 14:37:00,4,319,544.3,23,136.075,185
16476.0,2010-10-04 10:29:00,2010-10-04 10:29:00,1,187,350.35,24,350.35,0
16477.0,2010-08-12 09:43:00,2011-10-07 09:44:00,11,2632,4320.02,177,392.7290909090909,421
16478.0,2011-10-05 12:02:00,2011-11-14 15:51:00,3,224,331.0,15,110.33333333333333,40
16479.0,2011-11-29 13:04:00,2011-11-29 13:40:00,2,102,300.83,35,150.415,0
16480.0,2011-09-25 11:40:00,2011-09-25 11:40:00,1,443,738.69,49,738.69,0
16481.0,2010-01-26 13:09:00,2010-01-26 13:09:00,1,201,453.38,16,453.38,0
16482.0,2011-11-24 12:33:00,2011-11-24 12:33:00,1,346,220.62,18,220.62,0
16483.0,2011-05-31 13:08:00,2011-05-31 13:08:00,1,44,139.35,19,139.35,0
16484.0,2011-06-02 10:39:00,2011-06-19 12:06:00,2,199,389.3,24,194.65,17
16485.0,2009-12-06 12:28:00,2011-09-23 15:50:00,5,1148,2253.44,125,450.688,656
16486.0,2010-06-20 12:16:00,2010-06-20 12:16:00,1,24,134.36,7,134.36,0
16487.0,2010-02-18 17:36:00,2010-05-11 13:38:00,2,157,201.9,27,100.95,81
16488.0,2011-07-14 11:46:00,2011-11-06 13:42:00,3,728,498.8,28,166.26666666666668,115
16489.0,2010-09-29 15:02:00,2010-11-24 14:40:00,2,38,303.7,4,151.85,55
16490.0,2010-09-29 16:30:00,2010-09-29 16:30:00,1,113,205.41000000000003,13,205.41000000000003,0
16491.0,2010-10-22 15:42:00,2011-10-24 10:18:00,2,1060,1533.16,86,766.58,366
16492.0,2010-06-17 08:20:00,2010-06-17 08:20:00,1,235,385.56,23,385.56,0
16493.0,2010-03-26 13:05:00,2011-09-21 11:10:00,7,1988,2132.09,77,304.5842857142857,543
16494.0,2011-02-16 12:49:00,2011-02-16 12:49:00,1,675,826.53,47,826.53,0
16495.0,2011-03-08 16:38:00,2011-12-06 13:20:00,3,316,617.66,77,205.88666666666666,272
16496.0,2010-07-18 13:42:00,2011-12-01 10:31:00,6,1764,2330.77,120,388.46166666666664,500
16497.0,2009-12-03 14:11:00,2011-10-21 10:55:00,23,2987,6524.43,232,283.6708695652174,686
16498.0,2011-06-30 19:52:00,2011-07-01 15:07:00,2,45,100.97,15,50.485,0
16499.0,2010-06-11 12:22:00,2010-12-14 13:31:00,8,1352,2547.7400000000002,102,318.46750000000003,186
16500.0,2010-06-14 14:54:00,2011-12-05 12:04:00,9,386,843.9100000000001,24,93.76777777777778,538
16501.0,2010-11-21 14:10:00,2010-11-21 14:10:00,1,628,1191.23,181,1191.23,0
16502.0,2010-03-29 13:39:00,2010-03-29 13:44:00,2,220,258.55,41,129.275,0
16503.0,2010-06-21 14:07:00,2011-08-25 11:46:00,11,1535,3614.34,161,328.5763636363636,429
16504.0,2011-11-14 15:18:00,2011-11-14 15:18:00,1,504,450.58,75,450.58,0
16505.0,2011-11-08 12:14:00,2011-11-08 12:14:00,1,576,777.6,4,777.6,0
16506.0,2011-10-30 15:50:00,2011-11-20 12:17:00,2,42,90.30000000000001,3,45.150000000000006,20
16507.0,2010-05-16 12:56:00,2010-05-16 12:56:00,1,111,142.71,37,142.71,0
16508.0,2010-03-19 13:41:00,2010-03-19 13:41:00,1,103,240.95,42,240.95,0
16509.0,2011-02-16 09:25:00,2011-02-16 09:25:00,1,64,363.7,13,363.7,0
16510.0,2010-01-17 12:30:00,2010-12-02 13:39:00,6,1019,2005.35,93,334.22499999999997,319
16511.0,2010-03-01 12:21:00,2011-11-18 10:41:00,6,760,1737.34,232,289.5566666666667,626
16513.0,2011-10-27 14:56:00,2011-12-05 10:18:00,4,407,874.59,33,218.6475,38
16515.0,2010-06-17 12:17:00,2011-10-18 13:10:00,10,1573,3179.06,184,317.906,488
16516.0,2011-11-09 14:59:00,2011-11-09 14:59:00,1,58,101.69999999999999,6,101.69999999999999,0
16517.0,2011-03-07 13:50:00,2011-03-07 13:50:00,1,96,162.7,17,162.7,0
16518.0,2010-06-01 13:31:00,2011-10-09 15:04:00,4,512,944.37,60,236.0925,495
16519.0,2010-03-01 13:51:00,2011-11-14 15:41:00,4,161,510.06,30,127.515,623
16520.0,2010-03-02 16:50:00,2011-06-06 13:24:00,6,1262,2474.14,251,412.3566666666666,460
16521.0,2010-03-01 13:22:00,2010-10-20 13:09:00,3,1011,1132.16,210,377.3866666666667,232
16522.0,2010-09-15 13:32:00,2010-09-30 10:54:00,2,212,433.36,16,216.68,14
16523.0,2010-01-24 13:14:00,2011-12-08 09:06:00,28,4979,11916.33,180,425.5832142857143,682
16524.0,2010-01-17 13:16:00,2010-09-19 13:37:00,2,258,300.24,49,150.12,245
16525.0,2009-12-02 13:53:00,2011-12-07 15:07:00,48,14604,24463.14,114,509.64875,735
16526.0,2010-05-04 16:34:00,2011-06-21 12:02:00,2,279,717.21,30,358.605,412
16527.0,2010-10-11 13:25:00,2011-09-19 16:21:00,2,708,1232.94,66,616.47,343
16528.0,2011-12-06 12:45:00,2011-12-06 12:45:00,1,171,244.41,17,244.41,0
16529.0,2010-06-27 13:29:00,2011-06-02 17:23:00,4,739,1986.8,87,496.7,340
16530.0,2010-02-09 15:30:00,2010-02-09 15:30:00,1,17,48.349999999999994,3,48.349999999999994,0
16531.0,2010-09-24 09:49:00,2011-11-17 16:29:00,11,1863,2298.33,109,208.9390909090909,419
16532.0,2010-03-29 10:26:00,2011-11-22 11:08:00,5,2544,8756.64,2,1751.328,603
16533.0,2011-10-02 15:07:00,2011-11-20 13:08:00,3,609,1072.91,111,357.6366666666667,48
16534.0,2010-03-07 15:47:00,2010-03-07 15:47:00,1,168,635.9,36,635.9,0
16535.0,2010-11-19 13:01:00,2011-12-04 15:18:00,2,663,952.04,66,476.02,380
16536.0,2011-08-21 15:54:00,2011-08-21 15:54:00,1,250,548.12,49,548.12,0
16537.0,2010-03-08 13:41:00,2010-03-08 13:41:00,1,19,10.55,2,10.55,0
16538.0,2010-04-23 16:25:00,2010-06-16 16:59:00,3,254,395.07,35,131.69,54
16539.0,2010-06-25 15:24:00,2011-12-07 08:41:00,10,1315,3732.01,83,373.201,529
16540.0,2010-10-21 17:22:00,2010-10-21 17:22:00,1,105,205.75,25,205.75,0
16541.0,2009-12-04 13:22:00,2009-12-04 13:22:00,1,173,424.03,38,424.03,0
16542.0,2010-11-03 14:44:00,2011-10-17 10:47:00,2,142,257.32,13,128.66,347
16543.0,2010-04-27 11:38:00,2010-04-27 11:38:00,1,317,292.21,18,292.21,0
16544.0,2010-02-15 13:20:00,2010-07-08 11:11:00,4,150,376.70000000000005,8,94.17500000000001,142
16545.0,2010-11-29 10:39:00,2011-06-28 10:37:00,2,322,689.82,6,344.91,210
16546.0,2010-09-23 15:43:00,2011-02-22 11:20:00,5,4367,5606.47,75,1121.294,151
16547.0,2010-06-11 13:02:00,2010-06-11 13:02:00,1,107,98.30999999999999,24,98.30999999999999,0
16548.0,2010-04-19 16:15:00,2010-04-19 16:15:00,1,6,30.15,6,30.15,0
16549.0,2010-03-28 15:45:00,2011-11-29 15:06:00,34,7078,12746.65,832,374.90147058823527,610
16550.0,2009-12-02 11:24:00,2011-08-23 11:12:00,18,5660,9362.34,273,520.13,628
16551.0,2009-12-13 16:12:00,2011-09-05 09:38:00,7,2076,2237.12,67,319.5885714285714,630
16552.0,2010-12-01 12:36:00,2011-04-11 10:04:00,2,258,475.02000000000004,17,237.51000000000002,130
16553.0,2010-02-11 18:46:00,2011-06-29 15:42:00,33,16427,16584.01,195,502.54575757575753,502
16554.0,2009-12-15 09:42:00,2011-10-28 14:51:00,8,1346,2841.72,108,355.215,682
16555.0,2010-07-22 13:39:00,2011-11-04 14:31:00,6,1816,1915.68,59,319.28000000000003,470
16556.0,2009-12-07 10:51:00,2011-10-04 11:36:00,17,4347,7976.88,279,469.22823529411767,666
16557.0,2011-07-25 13:28:00,2011-11-15 14:04:00,2,111,281.85,11,140.925,113
16558.0,2009-12-03 18:11:00,2011-12-09 10:20:00,38,7961,13646.98,377,359.13105263157894,735
16559.0,2010-11-07 13:52:00,2010-11-07 13:52:00,1,61,175.0,17,175.0,0
16560.0,2009-12-08 12:05:00,2011-11-13 10:35:00,8,1603,3048.38,140,381.0475,704
16561.0,2011-10-11 09:53:00,2011-12-04 11:50:00,2,244,511.12,29,255.56,54
16562.0,2010-08-20 11:45:00,2010-08-20 11:45:00,1,246,177.96,31,177.96,0
16563.0,2009-12-01 18:35:00,2011-10-17 11:51:00,6,2572,4381.96,53,730.3266666666667,684
16564.0,2010-05-19 14:41:00,2010-05-19 14:41:00,1,40,87.8,5,87.8,0
16565.0,2010-06-02 12:47:00,2010-12-10 15:21:00,4,201,713.55,6,178.3875,191
16566.0,2011-02-20 10:29:00,2011-11-24 16:34:00,5,362,614.66,14,122.93199999999999,277
16567.0,2011-01-07 09:31:00,2011-05-29 13:57:00,2,993,847.75,33,423.875,142
16568.0,2010-03-08 14:51:00,2010-10-08 10:54:00,2,366,1020.9000000000001,5,510.45000000000005,213
16569.0,2009-12-16 15:05:00,2011-12-06 15:32:00,5,988,1455.23,27,291.046,720
16570.0,2010-03-30 09:32:00,2011-11-24 17:02:00,20,4276,7359.51,112,367.9755,604
16571.0,2010-03-18 09:12:00,2011-11-13 11:46:00,10,3703,4248.74,151,424.87399999999997,605
16572.0,2011-03-09 12:04:00,2011-08-04 16:34:00,3,524,970.0,39,323.3333333333333,148
16573.0,2011-02-22 15:14:00,2011-09-16 09:13:00,2,360,663.61,40,331.805,205
16574.0,2010-02-19 11:46:00,2011-09-29 13:39:00,3,1002,1301.78,86,433.9266666666667,587
16576.0,2010-07-06 10:42:00,2010-10-15 13:37:00,2,311,525.87,31,262.935,101
16577.0,2010-02-11 09:45:00,2010-02-11 09:45:00,1,130,365.0,22,365.0,0
16578.0,2010-03-23 15:11:00,2010-03-23 15:11:00,1,108,156.6,9,156.6,0
16579.0,2010-10-10 11:58:00,2010-10-10 11:58:00,1,119,295.05,14,295.05,0
16581.0,2011-06-10 10:05:00,2011-06-10 10:05:00,1,134,105.84,9,105.84,0
16582.0,2011-08-18 17:02:00,2011-08-18 17:02:00,1,164,313.62,6,313.62,0
16583.0,2010-02-04 12:18:00,2010-12-01 12:03:00,2,264,531.4,18,265.7,299
16584.0,2010-02-16 10:41:00,2011-09-20 13:45:00,5,1909,3136.37,60,627.274,581
16585.0,2010-01-13 13:31:00,2010-04-25 10:34:00,2,151,341.59,16,170.795,101
16586.0,2010-03-14 11:24:00,2011-04-05 09:32:00,3,348,1462.78,27,487.5933333333333,386
16587.0,2011-04-21 15:51:00,2011-04-21 15:51:00,1,71,225.15,13,225.15,0
16588.0,2010-05-14 13:43:00,2010-11-18 17:56:00,4,882,1361.28,64,340.32,188
16589.0,2010-09-15 14:56:00,2011-09-29 14:50:00,4,536,612.36,39,153.09,378
16590.0,2010-10-21 12:09:00,2010-11-04 09:06:00,2,240,605.9,26,302.95,13
16591.0,2011-10-02 10:43:00,2011-10-02 10:43:00,1,41,213.5,10,213.5,0
16592.0,2009-12-18 15:57:00,2011-12-05 13:49:00,28,5444,7654.91,219,273.38964285714286,716
16593.0,2009-12-05 10:44:00,2011-10-20 12:41:00,8,371,1035.44,56,129.43,684
16594.0,2011-09-25 14:08:00,2011-09-25 14:08:00,1,64,181.09,53,181.09,0
16595.0,2010-01-17 12:12:00,2011-10-09 13:15:00,5,1331,1757.75,337,351.55,630
16596.0,2009-12-10 13:09:00,2011-11-24 10:02:00,4,227,579.63,23,144.9075,713
16597.0,2011-12-05 15:44:00,2011-12-05 15:44:00,1,184,90.04,7,90.04,0
16598.0,2011-02-27 11:42:00,2011-02-27 11:42:00,1,73,145.04999999999998,10,145.04999999999998,0
16599.0,2010-11-19 12:45:00,2010-11-19 12:45:00,1,159,172.8,12,172.8,0
16600.0,2009-12-18 12:59:00,2011-12-05 16:00:00,13,2358,2103.19,103,161.78384615384616,717
16601.0,2010-03-26 13:39:00,2011-10-30 11:09:00,3,376,645.23,57,215.07666666666668,582
16602.0,2010-11-16 09:13:00,2011-11-03 15:54:00,2,429,763.33,37,381.665,352
16603.0,2011-09-09 13:02:00,2011-09-26 10:06:00,2,480,482.47,34,241.235,16
16604.0,2010-05-20 16:34:00,2010-05-26 09:10:00,2,175,432.45,10,216.225,5
16605.0,2009-12-15 19:03:00,2009-12-15 19:03:00,1,144,60.48,1,60.48,0
16606.0,2010-10-01 13:21:00,2010-10-31 13:57:00,2,148,357.66,16,178.83,30
16607.0,2010-04-29 14:01:00,2011-11-22 10:24:00,25,4436,5706.87,212,228.2748,571
16608.0,2010-02-14 11:57:00,2010-09-12 11:44:00,2,612,1286.6200000000001,94,643.3100000000001,209
16609.0,2011-04-01 10:11:00,2011-11-24 13:32:00,7,2416,5466.86,154,780.9799999999999,237
16610.0,2011-05-04 13:13:00,2011-05-04 13:13:00,1,66,75.66,6,75.66,0
16611.0,2010-03-10 16:07:00,2011-06-06 15:46:00,6,874,1785.13,86,297.5216666666667,452
16612.0,2009-12-03 15:54:00,2011-11-07 07:38:00,9,1419,3245.43,105,360.6033333333333,703
16613.0,2011-09-30 15:52:00,2011-09-30 15:52:00,1,293,618.59,30,618.59,0
16614.0,2010-05-10 15:18:00,2011-06-10 11:36:00,3,349,1179.79,37,393.2633333333333,395
16615.0,2010-03-23 15:13:00,2010-03-23 15:13:00,1,207,264.5,18,264.5,0
16616.0,2011-07-05 13:38:00,2011-11-24 16:31:00,2,370,500.42,31,250.21,142
16617.0,2011-04-18 10:35:00,2011-04-18 10:35:00,1,91,151.85,5,151.85,0
16618.0,2011-01-21 11:55:00,2011-11-08 13:52:00,5,1363,2647.59,79,529.518,291
16619.0,2010-02-22 12:05:00,2011-03-21 08:18:00,4,1055,1938.33,103,484.5825,391
16620.0,2009-12-01 14:35:00,2011-12-06 12:19:00,6,1110,1698.33,75,283.055,734
16621.0,2011-03-07 11:32:00,2011-10-19 11:38:00,4,302,813.48,22,203.37,226
16622.0,2010-06-14 10:44:00,2010-06-14 10:44:00,1,44,225.4,12,225.4,0
16623.0,2010-04-26 14:04:00,2011-04-08 10:09:00,4,442,1015.24,44,253.81,346
16624.0,2011-05-26 14:20:00,2011-09-20 12:39:00,2,488,810.5699999999999,44,405.28499999999997,116
16625.0,2010-06-14 11:56:00,2011-03-10 12:50:00,5,1057,1654.03,82,330.806,269
16626.0,2011-03-18 12:27:00,2011-12-09 11:56:00,17,2690,4413.1,86,259.59411764705885,265
16627.0,2011-09-21 14:38:00,2011-09-21 14:38:00,1,162,322.8,20,322.8,0
16628.0,2010-03-08 12:24:00,2011-11-10 12:45:00,7,1260,2318.1,84,331.15714285714284,612
16629.0,2011-09-04 16:12:00,2011-09-27 10:34:00,2,488,406.98,57,203.49,22
16630.0,2010-10-28 14:30:00,2010-10-28 14:30:00,1,72,106.80000000000001,4,106.80000000000001,0
16631.0,2010-02-26 10:49:00,2010-08-15 11:20:00,7,775,1892.52,46,270.36,170
16632.0,2010-05-07 16:46:00,2010-08-11 11:39:00,2,256,406.4,22,203.2,95
16633.0,2011-04-19 14:36:00,2011-11-22 13:41:00,6,1135,2851.6,113,475.26666666666665,216
16634.0,2010-01-21 09:30:00,2011-05-01 12:09:00,6,1321,1814.61,72,302.435,465
16635.0,2010-10-29 09:41:00,2010-10-29 09:41:00,1,277,473.0,25,473.0,0
16636.0,2010-03-03 14:06:00,2010-09-27 13:13:00,4,2186,3802.04,62,950.51,207
16637.0,2011-04-28 10:20:00,2011-11-07 13:17:00,4,927,1154.47,66,288.6175,193
16638.0,2010-08-18 13:33:00,2011-11-17 11:09:00,15,1651,2430.53,130,162.03533333333334,455
16639.0,2010-10-26 18:23:00,2011-11-08 13:20:00,4,751,1747.98,76,436.995,377
16640.0,2010-11-07 10:48:00,2010-11-07 10:48:00,1,146,179.4,13,179.4,0
16641.0,2010-01-07 12:22:00,2011-08-26 12:49:00,2,454,554.5,36,277.25,596
16642.0,2010-10-20 14:22:00,2011-12-05 11:31:00,3,775,1077.45,50,359.15000000000003,410
16643.0,2010-10-13 09:47:00,2011-04-08 08:24:00,2,553,923.11,48,461.555,176
16644.0,2011-05-11 12:53:00,2011-06-15 12:39:00,2,826,833.78,62,416.89,34
16645.0,2009-12-04 09:49:00,2009-12-04 09:49:00,1,117,160.39,14,160.39,0
16646.0,2010-09-16 13:28:00,2010-09-16 13:28:00,1,1072,678.8,29,678.8,0
16647.0,2010-06-13 15:52:00,2011-06-23 11:47:00,4,396,541.9,28,135.475,374
16648.0,2010-04-28 14:58:00,2011-10-28 08:58:00,3,503,672.8,37,224.26666666666665,547
16649.0,2010-07-07 15:41:00,2010-07-07 15:41:00,1,82,306.58000000000004,20,306.58000000000004,0
16650.0,2010-07-08 14:18:00,2011-09-29 09:51:00,7,1511,1916.11,71,273.72999999999996,447
16651.0,2010-05-02 11:46:00,2010-05-02 11:46:00,1,60,136.2,6,136.2,0
16652.0,2010-03-17 10:22:00,2011-10-12 09:38:00,15,7181,16873.59,120,1124.906,573
16653.0,2011-09-29 13:38:00,2011-11-23 14:51:00,2,733,1212.66,67,606.33,55
16654.0,2010-04-06 13:29:00,2011-07-21 15:23:00,8,655,1605.27,61,200.65875,471
16655.0,2010-01-31 15:40:00,2011-11-22 11:25:00,13,3936,6413.36,407,493.3353846153846,659
16656.0,2009-12-04 12:59:00,2011-11-17 14:43:00,30,15409,16702.37,21,556.7456666666666,713
16657.0,2011-03-30 12:02:00,2011-11-30 11:48:00,4,1129,868.48,157,217.12,244
16658.0,2010-03-30 16:24:00,2010-12-06 13:47:00,5,309,804.07,48,160.81400000000002,250
16659.0,2011-06-03 15:03:00,2011-06-03 15:03:00,1,72,39.12,2,39.12,0
16660.0,2010-01-14 11:09:00,2011-11-23 14:53:00,7,985,1843.85,19,263.40714285714284,678
16661.0,2009-12-17 15:39:00,2010-06-17 15:24:00,4,364,932.76,50,233.19,181
16662.0,2010-11-10 16:56:00,2010-11-10 16:56:00,1,35,151.05,28,151.05,0
16663.0,2009-12-10 13:12:00,2009-12-10 13:12:00,1,100,165.0,1,165.0,0
16664.0,2010-05-19 17:11:00,2010-05-19 17:11:00,1,24,109.2,8,109.2,0
16665.0,2010-12-12 14:03:00,2010-12-12 14:03:00,1,59,135.39999999999998,9,135.39999999999998,0
16666.0,2010-03-28 15:13:00,2011-11-20 14:01:00,2,354,217.71,42,108.855,601
16667.0,2011-02-28 12:57:00,2011-10-02 15:26:00,2,232,547.38,51,273.69,216
16668.0,2010-03-18 18:25:00,2011-11-24 17:43:00,13,773,862.42,28,66.34,615
16669.0,2011-09-22 14:13:00,2011-11-16 12:26:00,2,871,1344.48,140,672.24,54
16670.0,2009-12-10 15:28:00,2011-11-23 09:34:00,20,4381,7907.3,253,395.365,712
16671.0,2011-06-28 11:20:00,2011-11-11 13:40:00,3,875,1692.27,3,564.09,136
16672.0,2011-03-18 10:15:00,2011-12-07 16:29:00,20,2832,8134.9400000000005,22,406.747,264
16673.0,2010-01-29 14:22:00,2010-01-29 14:22:00,1,95,171.13,19,171.13,0
16674.0,2011-09-02 13:59:00,2011-10-16 11:31:00,2,178,289.79,87,144.895,43
16675.0,2010-08-18 13:11:00,2010-09-24 12:15:00,2,296,608.86,21,304.43,36
16676.0,2010-10-17 13:07:00,2011-11-06 12:01:00,6,888,2293.05,102,382.175,384
16677.0,2010-02-25 16:11:00,2010-10-24 14:53:00,2,457,880.62,45,440.31,240
16678.0,2011-03-02 09:24:00,2011-12-07 12:17:00,12,2397,3109.99,92,259.1658333333333,280
16679.0,2010-06-10 18:35:00,2010-12-08 13:51:00,3,276,793.06,15,264.3533333333333,180
16680.0,2010-06-23 09:30:00,2011-10-27 17:35:00,3,377,821.45,24,273.81666666666666,491
16681.0,2010-03-08 14:10:00,2011-09-28 11:11:00,7,1258,1357.54,20,193.93428571428572,568
16682.0,2011-06-05 11:02:00,2011-12-05 12:13:00,5,1040,1028.0,15,205.6,183
16683.0,2010-06-24 10:36:00,2010-06-24 10:36:00,1,190,320.25,18,320.25,0
16684.0,2009-12-07 12:56:00,2011-12-05 14:06:00,55,102914,139900.17,181,2543.6394545454546,728
16685.0,2011-10-09 13:44:00,2011-10-09 13:58:00,2,396,324.24,60,162.12,0
16686.0,2009-12-06 15:48:00,2011-10-23 13:49:00,16,3400,4848.67,546,303.041875,685
16687.0,2010-11-14 11:46:00,2010-11-14 11:46:00,1,141,157.63,8,157.63,0
16688.0,2011-10-10 12:23:00,2011-12-08 15:24:00,4,804,1260.86,52,315.215,59
16689.0,2011-09-18 13:29:00,2011-09-25 11:39:00,2,330,422.59999999999997,12,211.29999999999998,6
16690.0,2010-09-14 15:00:00,2011-09-28 15:02:00,4,209,353.03,12,88.2575,379
16691.0,2010-05-27 14:55:00,2010-10-17 15:03:00,2,92,178.83,11,89.415,143
16692.0,2010-09-24 11:31:00,2011-03-28 14:46:00,4,877,1764.6999999999998,2,441.17499999999995,185
16693.0,2010-02-21 12:42:00,2011-10-02 11:10:00,5,658,1179.48,149,235.89600000000002,587
16694.0,2009-12-16 15:45:00,2009-12-16 15:45:00,1,26,98.30000000000001,3,98.30000000000001,0
16695.0,2010-05-27 12:24:00,2010-05-27 12:36:00,2,178,176.6,28,88.3,0
16696.0,2011-04-05 15:20:00,2011-07-27 14:23:00,4,146,657.9000000000001,7,164.47500000000002,112
16697.0,2011-04-12 17:12:00,2011-04-12 17:12:00,1,27,112.75,20,112.75,0
16698.0,2011-03-31 13:33:00,2011-04-27 10:52:00,2,840,1998.0,4,999.0,26
16699.0,2009-12-04 13:31:00,2010-11-24 14:38:00,7,640,994.6,51,142.0857142857143,355
16700.0,2009-12-02 10:51:00,2011-12-01 11:00:00,25,6852,9091.210000000001,259,363.64840000000004,729
16701.0,2009-12-01 19:19:00,2011-12-01 11:10:00,26,10830,9687.77,153,372.6065384615385,729
16702.0,2009-12-07 16:40:00,2010-10-20 14:10:00,4,690,1109.53,83,277.3825,316
16704.0,2010-02-05 14:14:00,2010-03-31 14:02:00,2,415,641.66,49,320.83,53
16705.0,2009-12-09 13:34:00,2011-12-09 12:08:00,42,21965,42718.25,391,1017.1011904761905,729
16706.0,2011-08-17 15:53:00,2011-11-02 13:50:00,3,244,501.59999999999997,107,167.2,76
16707.0,2010-03-09 15:16:00,2010-11-04 14:39:00,4,378,503.11,61,125.7775,239
16708.0,2011-10-25 12:20:00,2011-10-25 12:20:00,1,285,656.63,27,656.63,0
16709.0,2009-12-09 13:16:00,2011-09-16 10:56:00,14,3213,8952.21,217,639.4435714285713,645
16710.0,2009-12-04 13:41:00,2011-11-20 14:50:00,22,4359,6252.72,538,284.2145454545455,716
16711.0,2009-12-02 13:22:00,2011-12-06 16:32:00,8,1167,2600.73,25,325.09125,734
16712.0,2010-11-03 15:45:00,2011-11-30 13:48:00,13,2065,4209.92,299,323.84000000000003,391
16713.0,2009-12-15 12:49:00,2011-11-21 12:36:00,32,8656,14488.34,536,452.760625,705
16714.0,2010-02-07 11:17:00,2011-01-26 13:46:00,3,815,1451.73,92,483.91,353
16715.0,2010-05-26 12:35:00,2011-09-22 18:15:00,2,1174,625.52,27,312.76,484
16716.0,2010-03-19 11:05:00,2011-03-18 10:03:00,3,912,2149.6800000000003,7,716.5600000000001,363
16717.0,2009-12-07 15:55:00,2011-11-16 12:16:00,14,3214,6935.2300000000005,273,495.37357142857144,708
16718.0,2009-12-06 13:07:00,2010-12-05 13:03:00,5,2283,3489.73,119,697.946,363
16719.0,2009-12-13 10:59:00,2011-11-25 09:27:00,14,2425,3841.8,199,274.4142857142857,711
16720.0,2009-12-17 17:54:00,2011-11-13 16:22:00,3,454,566.74,129,188.91333333333333,695
16721.0,2011-03-22 16:08:00,2011-03-22 16:08:00,1,172,292.47,37,292.47,0
16722.0,2009-12-03 19:23:00,2011-11-22 13:28:00,22,8580,8989.08,145,408.5945454545454,718
16723.0,2009-12-04 13:23:00,2011-09-09 13:01:00,4,958,1231.36,108,307.84,643
16724.0,2010-10-31 11:40:00,2010-10-31 11:40:00,1,69,147.35,17,147.35,0
16725.0,2009-12-13 15:54:00,2011-02-10 16:52:00,13,716,1703.51,238,131.03923076923076,424
16726.0,2010-10-24 16:09:00,2011-11-13 14:53:00,7,1323,2063.88,150,294.84000000000003,384
16727.0,2010-01-20 10:48:00,2010-12-10 13:48:00,4,1064,1364.27,156,341.0675,324
16728.0,2011-03-20 13:28:00,2011-10-24 14:36:00,4,661,1033.84,214,258.46,218
16729.0,2011-04-12 14:22:00,2011-11-01 14:29:00,21,5638,7139.61,231,339.9814285714286,203
16730.0,2011-01-24 14:01:00,2011-10-18 14:11:00,3,994,743.11,75,247.70333333333335,267
16731.0,2010-03-01 15:05:00,2010-03-01 15:05:00,1,121,166.55,39,166.55,0
16732.0,2009-12-08 13:04:00,2011-11-08 09:54:00,4,2414,4387.64,199,1096.91,699
16733.0,2010-06-28 10:12:00,2010-06-28 10:12:00,1,109,241.83,11,241.83,0
16734.0,2011-08-17 15:00:00,2011-10-18 13:44:00,3,345,646.76,44,215.58666666666667,61
16735.0,2009-12-08 09:24:00,2011-09-22 11:49:00,14,4180,6064.41,174,433.17214285714283,653
16736.0,2009-12-03 16:12:00,2010-07-22 10:09:00,5,1047,2938.71,115,587.742,230
16737.0,2010-05-11 09:53:00,2011-10-17 13:03:00,2,576,835.1999999999999,1,417.59999999999997,524
16738.0,2011-02-15 09:46:00,2011-02-15 09:46:00,1,3,3.75,1,3.75,0
16739.0,2010-06-21 09:38:00,2011-06-16 09:17:00,2,387,766.63,32,383.315,359
16740.0,2010-11-09 13:34:00,2010-11-09 13:34:00,1,110,226.91,30,226.91,0
16741.0,2010-03-24 15:15:00,2010-03-24 15:15:00,1,81,173.06,11,173.06,0
16742.0,2009-12-16 17:22:00,2010-08-04 10:52:00,13,2557,2334.97,50,179.6130769230769,230
16743.0,2010-04-22 13:21:00,2011-11-10 13:13:00,14,3707,4212.15,118,300.86785714285713,566
16744.0,2011-06-19 15:13:00,2011-11-28 13:06:00,7,791,1257.26,197,179.60857142857142,161
16745.0,2011-02-01 11:31:00,2011-09-14 11:58:00,17,6629,6787.2,146,399.2470588235294,225
16746.0,2009-12-04 13:00:00,2011-12-05 12:33:00,42,11888,17985.55,388,428.22738095238094,730
16747.0,2011-10-03 10:18:00,2011-11-02 11:37:00,2,583,836.06,34,418.03,30
16748.0,2009-12-10 12:28:00,2011-11-22 10:17:00,14,2127,3637.33,55,259.8092857142857,711
16749.0,2009-12-15 14:05:00,2010-04-27 13:06:00,2,1850,3860.88,52,1930.44,132
16750.0,2011-04-21 16:53:00,2011-10-26 12:48:00,5,214,623.93,74,124.78599999999999,187
16751.0,2011-11-09 10:48:00,2011-11-09 10:48:00,1,1031,1764.72,24,1764.72,0
16752.0,2010-12-02 12:18:00,2010-12-02 12:18:00,1,108,415.0,9,415.0,0
16753.0,2011-10-12 13:14:00,2011-10-12 13:14:00,1,189,223.92000000000002,34,223.92000000000002,0
16754.0,2010-03-08 11:32:00,2010-12-02 17:38:00,29,67831,67502.47,38,2327.671379310345,269
16755.0,2009-12-09 14:25:00,2011-08-17 13:21:00,7,1985,2864.68,219,409.23999999999995,615
16756.0,2010-03-09 15:56:00,2011-05-09 09:33:00,7,707,1312.3700000000001,64,187.48142857142858,425
16757.0,2010-10-26 15:09:00,2011-01-25 11:59:00,2,180,270.48,13,135.24,90
16758.0,2011-10-05 14:47:00,2011-10-05 14:47:00,1,203,369.34000000000003,22,369.34000000000003,0
16759.0,2011-11-09 09:06:00,2011-12-02 12:42:00,3,609,789.79,40,263.2633333333333,23
16760.0,2010-10-05 15:55:00,2010-10-05 15:55:00,1,168,228.0,17,228.0,0
16761.0,2011-09-04 11:15:00,2011-09-04 11:15:00,1,341,316.62,13,316.62,0
16762.0,2011-07-18 12:52:00,2011-11-20 11:43:00,3,480,1207.24,51,402.41333333333336,124
16763.0,2009-12-01 15:26:00,2011-05-25 11:52:00,2,492,964.6999999999999,44,482.34999999999997,539
16764.0,2011-07-19 17:17:00,2011-12-06 11:41:00,13,1250,2776.1,208,213.54615384615383,139
16765.0,2010-11-22 13:42:00,2011-02-18 15:41:00,2,311,454.75,52,227.375,88
16766.0,2011-03-11 13:34:00,2011-03-11 15:22:00,2,536,1145.6,17,572.8,0
16767.0,2010-04-28 16:49:00,2011-11-09 09:42:00,15,7051,7946.21,206,529.7473333333334,559
16768.0,2009-12-07 11:47:00,2011-10-23 10:38:00,9,774,1698.57,108,188.73,684
16769.0,2009-12-14 11:10:00,2011-03-24 13:41:00,4,295,1117.05,76,279.2625,465
16770.0,2010-08-22 16:08:00,2011-10-13 12:21:00,9,1108,1909.73,202,212.19222222222223,416
16771.0,2009-12-09 11:52:00,2011-11-06 13:28:00,10,2276,3861.0,299,386.1,697
16772.0,2009-12-18 10:50:00,2010-10-12 13:19:00,3,687,3698.0499999999997,54,1232.6833333333332,298
16773.0,2009-12-06 15:01:00,2011-10-13 14:37:00,3,249,412.69,51,137.56333333333333,675
16774.0,2010-02-16 16:53:00,2011-10-03 12:41:00,8,756,1521.58,87,190.1975,593
16775.0,2010-09-23 17:34:00,2011-11-29 15:22:00,16,1019,3052.7400000000002,132,190.79625000000001,431
16776.0,2010-10-20 12:13:00,2011-10-10 13:04:00,2,435,592.51,105,296.255,355
16777.0,2010-03-17 12:42:00,2011-09-20 13:41:00,5,470,1292.18,125,258.43600000000004,552
16778.0,2011-03-10 15:21:00,2011-09-26 13:48:00,2,194,245.94,16,122.97,199
16779.0,2009-12-03 13:03:00,2011-12-07 14:54:00,53,19292,32120.74,291,606.0516981132075,734
16780.0,2010-10-28 19:41:00,2011-08-31 16:09:00,3,352,596.4,73,198.79999999999998,306
16781.0,2010-02-08 13:56:00,2010-12-02 14:26:00,2,301,914.45,35,457.225,297
16782.0,2009-12-09 11:58:00,2011-11-29 13:20:00,38,4109,9990.37,572,262.90447368421053,720
16783.0,2010-09-29 11:53:00,2010-09-29 11:53:00,1,163,391.95,25,391.95,0
16784.0,2010-03-28 12:55:00,2011-11-20 12:20:00,5,494,892.33,138,178.466,601
16785.0,2010-10-26 10:36:00,2010-10-26 10:36:00,1,313,533.78,35,533.78,0
16786.0,2010-11-11 08:25:00,2010-11-11 08:25:00,1,72,51.839999999999996,1,51.839999999999996,0
16787.0,2010-01-10 11:12:00,2010-11-07 11:01:00,4,472,1017.53,102,254.3825,300
16788.0,2010-02-07 12:40:00,2011-08-08 14:53:00,5,947,1887.83,340,377.566,547
16789.0,2011-12-01 15:12:00,2011-12-01 15:12:00,1,32,80.8,5,80.8,0
16790.0,2011-11-02 11:23:00,2011-12-06 11:53:00,6,898,1545.6200000000001,88,257.60333333333335,34
16791.0,2009-12-03 18:08:00,2011-11-10 19:12:00,15,1849,3927.08,389,261.80533333333335,707
16792.0,2010-01-04 13:47:00,2011-03-02 14:41:00,5,319,609.71,88,121.94200000000001,422
16793.0,2011-10-13 15:08:00,2011-10-13 15:08:00,1,146,243.84,16,243.84,0
16794.0,2010-03-25 15:17:00,2011-12-08 17:54:00,15,1564,1996.23,242,133.082,623
16795.0,2010-01-25 13:14:00,2010-12-09 14:08:00,3,1452,2473.54,305,824.5133333333333,318
16796.0,2011-09-11 14:01:00,2011-09-11 14:01:00,1,186,305.62,18,305.62,0
16797.0,2009-12-02 13:33:00,2010-11-11 19:14:00,5,897,1795.27,288,359.054,344
16798.0,2009-12-10 19:35:00,2010-06-03 19:01:00,3,203,827.46,139,275.82,174
16799.0,2010-09-12 12:46:00,2010-10-03 14:28:00,2,162,452.78000000000003,81,226.39000000000001,21
16800.0,2011-11-28 14:06:00,2011-11-28 14:06:00,1,524,1162.65,148,1162.65,0
16801.0,2011-03-11 13:56:00,2011-06-29 15:33:00,4,493,1594.23,72,398.5575,110
16802.0,2009-12-09 13:00:00,2010-01-29 13:44:00,2,369,582.61,48,291.305,51
16803.0,2011-10-05 14:28:00,2011-10-05 14:28:00,1,245,332.3,24,332.3,0
16804.0,2011-03-14 15:48:00,2011-11-16 16:43:00,3,242,513.19,58,171.06333333333336,247
16805.0,2009-12-14 15:17:00,2011-06-19 11:23:00,4,1119,1076.34,212,269.085,551
16806.0,2011-04-14 19:59:00,2011-08-28 15:27:00,4,343,705.61,65,176.4025,135
16807.0,2010-03-26 14:38:00,2011-07-20 12:00:00,6,1432,2108.88,106,351.48,480
16808.0,2011-03-10 19:05:00,2011-09-01 19:34:00,2,195,285.87,20,142.935,175
16809.0,2010-04-13 15:34:00,2011-11-16 15:45:00,9,1093,1727.43,113,191.93666666666667,582
16810.0,2010-10-15 15:32:00,2011-05-31 15:32:00,2,372,842.0400000000001,34,421.02000000000004,228
16811.0,2011-11-22 17:19:00,2011-12-05 11:39:00,2,477,547.07,26,273.535,12
16812.0,2010-11-22 14:36:00,2010-12-14 12:35:00,4,1116,2392.0,98,598.0,21
16813.0,2011-05-19 13:28:00,2011-12-01 14:03:00,10,1501,1652.18,248,165.21800000000002,196
16814.0,2010-04-11 12:45:00,2011-11-25 13:27:00,36,4831,11874.94,238,329.8594444444445,593
16815.0,2010-06-21 12:05:00,2010-09-12 10:59:00,2,237,406.02,66,203.01,82
16816.0,2010-12-16 17:01:00,2011-08-28 14:16:00,4,274,417.06,28,104.265,254
16817.0,2010-10-04 09:06:00,2011-12-07 11:03:00,13,1561,2785.1,106,214.23846153846154,429
16818.0,2011-05-18 11:42:00,2011-11-29 10:41:00,11,2152,3338.17,171,303.47,194
16819.0,2010-08-31 17:31:00,2010-08-31 17:37:00,2,253,182.59,17,91.295,0
16820.0,2011-09-05 12:06:00,2011-09-05 12:06:00,1,307,497.61,26,497.61,0
16821.0,2010-11-23 10:04:00,2010-11-23 10:04:00,1,13,113.35,7,113.35,0
16822.0,2010-01-22 14:22:00,2010-01-22 14:22:00,1,171,181.39,11,181.39,0
16823.0,2009-12-02 09:57:00,2011-04-26 15:00:00,7,1126,2127.4900000000002,144,303.9271428571429,510
16824.0,2010-11-11 12:21:00,2011-11-24 12:38:00,3,388,669.74,33,223.24666666666667,378
16825.0,2010-06-23 13:14:00,2011-11-01 11:51:00,5,1297,1826.89,48,365.37800000000004,495
16826.0,2011-10-19 14:05:00,2011-10-19 14:05:00,1,158,341.7,22,341.7,0
16827.0,2010-04-29 19:07:00,2010-11-11 14:04:00,5,124,387.18,9,77.436,195
16828.0,2011-08-19 13:24:00,2011-08-19 13:24:00,1,58,113.5,7,113.5,0
16829.0,2010-11-16 18:11:00,2011-07-06 10:48:00,2,215,513.32,25,256.66,231
16830.0,2009-12-13 12:11:00,2011-11-01 11:35:00,4,699,1207.5,65,301.875,687
16831.0,2010-05-24 09:08:00,2010-05-24 09:08:00,1,48,91.8,6,91.8,0
16832.0,2010-09-07 12:35:00,2011-06-08 15:36:00,5,179,417.61,19,83.522,274
16833.0,2010-03-26 15:31:00,2011-12-08 14:39:00,6,878,2409.04,87,401.50666666666666,621
16834.0,2010-02-03 14:24:00,2011-04-26 09:37:00,2,760,898.96,43,449.48,446
16835.0,2010-05-19 08:41:00,2011-08-03 13:50:00,6,515,1538.41,58,256.4016666666667,441
16836.0,2010-05-14 12:52:00,2011-10-31 10:05:00,4,539,782.37,42,195.5925,534
16837.0,2011-04-08 08:48:00,2011-11-08 14:27:00,11,1536,3137.17,121,285.1972727272727,214
16838.0,2010-02-14 15:27:00,2011-05-26 13:13:00,4,505,1132.61,52,283.1525,465
16839.0,2010-02-11 15:02:00,2011-12-01 09:03:00,44,11399,21763.29,130,494.6202272727273,657
16840.0,2010-02-03 12:42:00,2010-04-15 15:48:00,2,117,139.85,9,69.925,71
16841.0,2010-01-12 11:32:00,2011-11-03 11:51:00,12,3412,3904.0,182,325.3333333333333,660
16842.0,2011-02-10 14:51:00,2011-08-31 10:42:00,3,693,1264.19,45,421.3966666666667,201
16843.0,2009-12-10 11:40:00,2011-10-28 09:06:00,35,18182,18817.23,312,537.6351428571428,686
16844.0,2010-05-06 09:16:00,2010-05-26 10:29:00,2,281,614.34,26,307.17,20
16845.0,2010-03-31 13:09:00,2010-03-31 13:09:00,1,167,253.88,20,253.88,0
16846.0,2010-03-10 12:03:00,2011-10-20 13:55:00,3,505,817.21,45,272.40333333333336,589
16847.0,2010-03-31 13:32:00,2011-10-27 13:29:00,2,255,614.89,37,307.445,574
16848.0,2010-10-03 11:01:00,2011-10-18 08:42:00,4,768,1381.02,73,345.255,379
16849.0,2011-06-06 09:16:00,2011-06-06 09:16:00,1,33,124.57,8,124.57,0
16850.0,2011-01-10 11:09:00,2011-01-10 11:09:00,1,249,332.41,19,332.41,0
16851.0,2011-10-19 09:48:00,2011-12-05 13:32:00,3,271,342.45,17,114.14999999999999,47
16852.0,2011-06-16 15:49:00,2011-11-29 13:22:00,2,56,144.91000000000003,9,72.45500000000001,165
16854.0,2010-03-09 14:32:00,2010-10-18 16:31:00,2,997,1408.96,72,704.48,223
16855.0,2011-10-27 16:31:00,2011-11-16 12:03:00,2,164,328.4,19,164.2,19
16856.0,2010-09-23 13:11:00,2011-11-25 08:59:00,3,171,358.49,16,119.49666666666667,427
16857.0,2010-09-23 10:49:00,2010-09-23 10:49:00,1,168,352.8,11,352.8,0
16858.0,2009-12-15 11:09:00,2010-12-06 09:52:00,10,1494,4569.28,74,456.928,355
16859.0,2010-03-04 12:37:00,2011-07-18 12:19:00,7,1898,1917.41,86,273.9157142857143,500
16860.0,2010-02-15 13:46:00,2010-09-13 10:05:00,3,625,1610.62,35,536.8733333333333,209
16861.0,2010-07-19 11:44:00,2011-10-11 09:05:00,5,604,915.99,37,183.198,448
16862.0,2010-01-07 12:57:00,2010-06-10 13:05:00,4,513,662.33,34,165.5825,154
16863.0,2010-10-26 10:03:00,2011-11-08 15:26:00,3,745,998.52,43,332.84,378
16864.0,2010-04-20 11:56:00,2010-10-01 16:16:00,2,283,409.25,17,204.625,164
16865.0,2010-11-03 11:34:00,2010-11-03 11:34:00,1,151,115.65,14,115.65,0
16866.0,2011-07-01 12:34:00,2011-07-22 10:06:00,3,60,207.73999999999998,10,69.24666666666666,20
16867.0,2010-01-19 09:11:00,2010-01-19 09:11:00,1,58,76.74000000000001,6,76.74000000000001,0
16868.0,2010-04-25 11:31:00,2010-11-10 13:17:00,3,112,384.56,47,128.18666666666667,199
16869.0,2011-06-17 13:01:00,2011-11-17 12:02:00,4,577,787.42,112,196.855,152
16870.0,2010-08-27 13:53:00,2010-08-27 13:53:00,1,278,450.15999999999997,28,450.15999999999997,0
16871.0,2011-03-14 10:31:00,2011-11-17 19:27:00,6,1247,2797.04,130,466.17333333333335,248
16872.0,2010-09-02 17:36:00,2011-09-23 16:05:00,6,1079,1213.13,12,202.18833333333336,385
16873.0,2010-02-09 14:17:00,2011-12-05 12:05:00,12,8529,14449.39,247,1204.1158333333333,663
16874.0,2010-11-25 13:08:00,2010-11-25 13:08:00,1,78,209.89000000000001,31,209.89000000000001,0
16875.0,2010-01-05 09:16:00,2011-10-03 13:39:00,11,2099,4234.53,161,384.9572727272727,636
16876.0,2010-11-01 11:59:00,2010-11-01 11:59:00,1,181,136.01,32,136.01,0
16877.0,2011-05-15 16:13:00,2011-11-27 13:47:00,6,454,826.82,110,137.80333333333334,195
16878.0,2011-09-16 17:39:00,2011-09-16 17:39:00,1,12,13.3,3,13.3,0
16880.0,2010-08-03 13:54:00,2011-11-09 11:33:00,8,893,1785.16,128,223.145,462
16881.0,2011-10-04 10:33:00,2011-10-04 10:33:00,1,600,432.0,1,432.0,0
16882.0,2011-01-26 17:43:00,2011-10-04 10:42:00,3,424,705.12,39,235.04,250
16883.0,2009-12-04 12:07:00,2011-06-05 12:51:00,19,1070,2374.09,159,124.9521052631579,548
16884.0,2010-05-18 12:00:00,2011-11-02 11:52:00,4,518,1059.07,63,264.7675,532
16885.0,2010-11-19 12:51:00,2011-11-24 13:40:00,4,356,677.4,119,169.35,370
16886.0,2010-09-09 15:08:00,2010-09-09 15:08:00,1,48,134.0,8,134.0,0
16887.0,2009-12-01 13:41:00,2011-11-04 14:07:00,3,422,653.22,93,217.74,703
16888.0,2010-01-07 13:07:00,2010-11-04 12:39:00,3,142,431.34999999999997,43,143.78333333333333,300
16889.0,2010-05-23 10:46:00,2011-05-29 11:05:00,6,1611,2526.65,163,421.10833333333335,371
16890.0,2010-05-06 16:27:00,2010-08-20 11:23:00,3,241,277.91,16,92.63666666666667,105
16891.0,2009-12-04 12:37:00,2011-12-08 11:15:00,11,731,1918.55,332,174.41363636363636,733
16892.0,2009-12-08 14:20:00,2011-12-08 13:18:00,7,367,754.75,119,107.82142857142857,729
16893.0,2010-11-28 15:14:00,2010-12-08 12:06:00,2,178,395.40000000000003,79,197.70000000000002,9
16894.0,2010-06-22 14:21:00,2010-07-25 15:43:00,3,499,1275.96,183,425.32,33
16895.0,2010-02-12 11:07:00,2011-10-06 12:15:00,5,421,1102.9,135,220.58,601
16896.0,2010-06-02 15:40:00,2010-06-02 15:40:00,1,17,98.0,17,98.0,0
16897.0,2011-01-30 11:52:00,2011-02-13 15:02:00,2,73,289.78,37,144.89,14
16898.0,2010-05-12 12:18:00,2011-11-13 15:44:00,5,787,995.39,222,199.078,550
16899.0,2010-11-07 15:00:00,2011-12-02 12:03:00,8,811,1695.77,101,211.97125,389
16900.0,2011-10-07 13:17:00,2011-11-23 10:32:00,3,832,882.16,77,294.05333333333334,46
16901.0,2009-12-10 16:30:00,2009-12-10 16:30:00,1,42,204.26,23,204.26,0
16902.0,2011-08-15 14:17:00,2011-08-15 14:17:00,1,627,1694.98,42,1694.98,0
16903.0,2010-10-20 14:42:00,2011-11-10 15:32:00,3,714,1022.6999999999999,145,340.9,386
16904.0,2010-10-24 16:03:00,2011-12-05 13:10:00,20,2734,4989.31,481,249.46550000000002,406
16905.0,2009-12-10 20:04:00,2011-12-04 14:01:00,17,2008,4893.22,169,287.83647058823533,723
16906.0,2010-05-13 13:23:00,2011-09-19 11:49:00,7,586,1399.02,176,199.85999999999999,493
16907.0,2010-07-01 17:30:00,2011-11-10 18:04:00,9,518,1650.81,109,183.42333333333332,497
16908.0,2009-12-17 13:35:00,2009-12-17 13:35:00,1,61,252.59,20,252.59,0
16909.0,2011-09-28 16:45:00,2011-09-28 16:45:00,1,436,379.14,18,379.14,0
16910.0,2011-09-09 14:14:00,2011-12-05 12:51:00,8,884,1508.96,318,188.62,86
16911.0,2010-02-16 16:12:00,2010-03-14 12:18:00,2,161,255.25,30,127.625,25
16912.0,2009-12-09 12:32:00,2011-11-11 12:18:00,15,1689,4460.51,130,297.36733333333336,701
16913.0,2010-02-26 12:06:00,2011-02-22 12:56:00,3,229,423.90999999999997,18,141.3033333333333,361
16914.0,2011-11-03 15:27:00,2011-11-03 15:27:00,1,112,183.76,25,183.76,0
16915.0,2010-05-19 13:32:00,2011-11-30 16:39:00,11,190,1543.18,54,140.2890909090909,560
16916.0,2010-10-20 12:56:00,2011-11-16 12:08:00,4,737,1061.95,176,265.4875,391
16917.0,2010-03-17 15:24:00,2011-03-08 11:55:00,2,772,1817.48,43,908.74,355
16918.0,2009-12-03 12:27:00,2011-10-21 12:50:00,16,2066,3206.54,280,200.40875,687
16919.0,2010-08-19 15:28:00,2011-07-06 13:35:00,24,2403,5093.16,229,212.215,320
16920.0,2010-10-24 14:07:00,2010-10-24 14:07:00,1,77,304.45,22,304.45,0
16921.0,2010-04-18 15:34:00,2011-10-09 16:22:00,3,275,409.21,78,136.40333333333334,539
16922.0,2010-05-16 11:24:00,2010-05-16 11:24:00,1,280,605.13,121,605.13,0
16923.0,2010-01-31 11:14:00,2011-11-27 13:00:00,32,6186,13137.33,430,410.5415625,665
16924.0,2011-09-16 12:54:00,2011-11-18 12:53:00,3,467,829.89,69,276.63,62
16925.0,2010-06-17 15:03:00,2010-06-17 15:03:00,1,123,125.65,18,125.65,0
16926.0,2010-07-01 12:57:00,2010-12-03 13:42:00,5,232,1399.8600000000001,63,279.97200000000004,155
16927.0,2010-12-13 11:57:00,2011-08-16 11:10:00,3,993,543.05,5,181.01666666666665,245
16928.0,2010-02-03 12:30:00,2011-09-20 15:10:00,26,2654,3912.43,132,150.4780769230769,594
16929.0,2011-07-07 12:39:00,2011-12-06 08:37:00,7,929,1295.39,51,185.0557142857143,151
16930.0,2011-10-02 14:25:00,2011-11-13 16:13:00,3,339,378.89,47,126.29666666666667,42
16931.0,2010-11-07 13:24:00,2011-12-04 13:15:00,23,3427,5153.67,464,224.07260869565218,391
16932.0,2010-05-17 14:15:00,2011-10-17 14:12:00,3,217,412.55,116,137.51666666666668,517
16933.0,2009-12-09 15:03:00,2011-12-08 12:54:00,9,1527,3084.0,212,342.6666666666667,728
16934.0,2010-03-28 12:43:00,2011-10-16 12:40:00,6,935,2076.39,127,346.065,566
16935.0,2010-10-14 13:09:00,2010-11-23 09:16:00,3,273,530.86,55,176.95333333333335,39
16936.0,2010-11-19 11:54:00,2011-11-14 11:04:00,2,337,543.19,121,271.595,359
16937.0,2010-07-28 17:56:00,2010-07-28 17:56:00,1,120,178.4,48,178.4,0
16938.0,2010-02-17 14:47:00,2011-12-01 10:20:00,9,5021,6882.31,542,764.7011111111111,651
16939.0,2010-02-28 13:33:00,2010-08-08 12:24:00,3,229,433.85,38,144.61666666666667,160
16940.0,2009-12-08 13:08:00,2011-10-18 13:15:00,8,4489,6333.16,358,791.645,679
16941.0,2010-04-07 11:13:00,2010-04-07 11:13:00,1,12,33.0,2,33.0,0
16942.0,2011-04-26 11:59:00,2011-11-27 12:40:00,9,793,1874.39,157,208.26555555555558,215
16943.0,2011-01-25 14:00:00,2011-05-12 11:57:00,3,133,786.13,21,262.04333333333335,106
16944.0,2010-04-09 11:03:00,2010-04-09 11:03:00,1,27,101.36,7,101.36,0
16945.0,2009-12-09 11:33:00,2011-11-18 11:39:00,33,5889,8548.16,231,259.0351515151515,709
16946.0,2010-03-02 10:49:00,2010-11-21 14:06:00,5,509,1222.04,69,244.408,264
16947.0,2010-03-03 10:54:00,2011-04-18 09:38:00,4,654,946.71,49,236.6775,410
16948.0,2010-02-21 13:48:00,2011-07-24 12:46:00,7,2091,868.77,20,124.11,517
16949.0,2011-01-27 12:11:00,2011-12-06 11:07:00,6,791,1286.27,57,214.37833333333333,312
16950.0,2010-01-24 11:26:00,2011-10-14 09:06:00,10,2456,3705.77,110,370.577,627
16951.0,2011-02-08 14:58:00,2011-07-28 12:05:00,3,1318,1277.75,73,425.9166666666667,169
16952.0,2009-12-11 13:52:00,2011-08-22 13:03:00,5,336,767.78,73,153.55599999999998,618
16953.0,2011-11-09 15:54:00,2011-11-09 15:54:00,1,10,20.8,1,20.8,0
16954.0,2010-01-18 14:49:00,2011-12-09 09:46:00,20,4086,6081.88,83,304.094,689
16955.0,2010-01-31 11:38:00,2011-06-08 10:36:00,6,823,1309.41,33,218.235,492
16956.0,2011-11-22 08:56:00,2011-11-22 08:56:00,1,114,308.74,16,308.74,0
16957.0,2011-03-03 09:25:00,2011-04-14 13:56:00,2,172,416.64,15,208.32,42
16958.0,2010-09-30 14:25:00,2010-09-30 14:25:00,1,499,730.04,67,730.04,0
16959.0,2011-09-13 15:03:00,2011-09-13 15:03:00,1,49,117.35000000000001,7,117.35000000000001,0
16960.0,2010-03-02 13:36:00,2011-11-01 11:35:00,8,1489,1988.93,333,248.61625,608
16961.0,2010-06-25 14:36:00,2011-08-15 13:46:00,3,476,779.26,51,259.75333333333333,415
16962.0,2010-10-26 11:36:00,2010-10-26 11:36:00,1,158,251.04,15,251.04,0
16963.0,2011-06-05 13:48:00,2011-06-05 13:48:00,1,35,110.55000000000001,7,110.55000000000001,0
16964.0,2009-12-06 12:51:00,2009-12-06 12:53:00,2,49,207.85,6,103.925,0
16965.0,2011-04-27 12:08:00,2011-04-27 12:08:00,1,243,192.07,25,192.07,0
16966.0,2011-04-13 14:17:00,2011-12-01 13:40:00,7,1981,2154.97,8,307.8528571428571,231
16967.0,2011-06-03 14:24:00,2011-06-03 14:24:00,1,333,319.02,21,319.02,0
16968.0,2011-08-24 10:51:00,2011-12-05 15:02:00,2,326,439.43,31,219.715,103
16969.0,2011-06-01 12:10:00,2011-10-31 13:12:00,3,815,635.41,41,211.8033333333333,152
16970.0,2010-03-23 13:50:00,2010-03-23 13:50:00,1,12,71.4,2,71.4,0
16971.0,2011-11-01 15:06:00,2011-11-01 15:06:00,1,72,357.21,40,357.21,0
16972.0,2010-09-09 11:20:00,2010-11-22 10:59:00,2,183,749.0,54,374.5,73
16973.0,2010-11-18 13:56:00,2010-11-18 13:56:00,1,60,127.0,6,127.0,0
16974.0,2010-05-24 10:43:00,2010-07-05 10:18:00,2,52,258.40000000000003,4,129.20000000000002,41
16975.0,2010-07-22 11:38:00,2010-10-12 17:53:00,3,586,926.12,44,308.70666666666665,82
16976.0,2011-03-17 16:33:00,2011-03-17 16:33:00,1,88,251.51999999999998,2,251.51999999999998,0
16977.0,2010-03-18 11:06:00,2010-11-09 13:17:00,4,142,496.0,25,124.0,236
16978.0,2010-02-11 16:27:00,2011-09-23 12:50:00,3,285,768.88,65,256.29333333333335,588
16979.0,2010-09-15 14:30:00,2011-12-06 12:21:00,9,1451,2859.74,82,317.74888888888887,446
16980.0,2010-10-07 14:05:00,2011-03-29 16:36:00,3,990,1422.8300000000002,91,474.2766666666667,173
16982.0,2011-10-10 12:28:00,2011-10-10 12:28:00,1,182,384.06,22,384.06,0
16983.0,2010-09-19 12:38:00,2011-11-27 12:10:00,11,2422,3654.02,151,332.18363636363637,433
16984.0,2010-03-07 15:34:00,2011-09-12 13:43:00,9,5105,10278.73,661,1142.081111111111,553
16985.0,2009-12-10 13:34:00,2011-11-22 13:33:00,23,3069,10834.36,124,471.0591304347826,711
16986.0,2010-02-04 14:46:00,2011-11-10 11:55:00,11,2539,4888.75,65,444.4318181818182,643
16987.0,2009-12-02 14:34:00,2011-12-06 17:26:00,11,669,2498.2,153,227.1090909090909,734
16988.0,2010-11-25 09:22:00,2011-12-04 16:02:00,2,158,382.67,20,191.335,374
16989.0,2011-07-12 09:11:00,2011-12-02 16:39:00,6,1233,1133.25,7,188.875,143
16990.0,2010-10-13 11:42:00,2011-05-05 08:30:00,2,200,344.0,1,172.0,203
16991.0,2010-10-14 14:08:00,2010-10-14 14:08:00,1,793,1041.21,74,1041.21,0
16992.0,2010-02-11 12:36:00,2011-11-29 11:50:00,13,2049,5445.900000000001,210,418.91538461538465,655
16993.0,2010-05-12 13:55:00,2010-09-02 12:16:00,2,285,1950.9499999999998,19,975.4749999999999,112
16996.0,2010-10-18 12:24:00,2011-11-09 16:43:00,9,919,2123.61,32,235.95666666666668,387
16997.0,2011-01-18 11:51:00,2011-02-24 17:28:00,3,360,702.0,7,234.0,37
16998.0,2010-09-21 14:39:00,2011-07-13 09:44:00,5,104,402.0,2,80.4,294
16999.0,2011-09-26 15:43:00,2011-11-16 13:53:00,2,294,484.82,21,242.41,50
17000.0,2010-10-27 14:16:00,2010-11-08 13:35:00,2,305,406.3,26,203.15,11
17001.0,2010-03-25 12:41:00,2011-12-09 09:38:00,19,3782,6640.8,108,349.5157894736842,623
17002.0,2010-03-08 15:46:00,2011-09-15 12:40:00,7,1253,2540.95,62,362.99285714285713,555
17003.0,2010-05-10 11:20:00,2010-11-02 13:15:00,4,494,828.21,90,207.0525,176
17004.0,2010-10-11 15:43:00,2011-10-24 14:25:00,4,1233,2324.36,48,581.09,377
17005.0,2010-04-30 10:55:00,2010-08-26 10:57:00,2,691,622.36,14,311.18,118
17006.0,2010-03-05 13:33:00,2011-12-05 12:09:00,8,571,1620.27,102,202.53375,639
17007.0,2010-09-28 13:51:00,2011-10-20 10:47:00,7,717,1120.1,63,160.0142857142857,386
17008.0,2010-10-06 15:19:00,2010-10-06 15:19:00,1,24,81.36,1,81.36,0
17009.0,2010-06-06 16:01:00,2010-06-06 16:01:00,1,336,242.06,10,242.06,0
17010.0,2011-11-21 14:49:00,2011-11-21 14:49:00,1,118,195.36,11,195.36,0
17011.0,2010-02-26 09:47:00,2011-11-09 13:30:00,3,792,671.7,27,223.9,621
17012.0,2009-12-14 17:34:00,2009-12-14 17:34:00,1,251,360.61,34,360.61,0
17014.0,2011-10-04 11:36:00,2011-12-01 14:09:00,3,243,583.4300000000001,63,194.4766666666667,58
17015.0,2011-06-07 13:19:00,2011-11-11 10:45:00,3,1978,1838.6100000000001,182,612.87,156
17016.0,2010-05-12 12:32:00,2010-05-12 12:32:00,1,309,552.4,41,552.4,0
17017.0,2009-12-03 13:22:00,2011-12-07 09:32:00,29,10573,14064.71,118,484.98999999999995,733
17018.0,2009-12-05 10:27:00,2011-10-30 11:42:00,6,456,2287.7,26,381.2833333333333,694
17019.0,2009-12-02 11:52:00,2011-11-28 13:06:00,11,2595,3879.5099999999998,338,352.6827272727273,726
17020.0,2010-03-03 12:27:00,2010-06-15 13:06:00,2,860,935.62,64,467.81,104
17021.0,2010-04-29 20:05:00,2010-09-23 20:01:00,6,989,1179.3700000000001,34,196.5616666666667,146
17022.0,2010-10-03 10:27:00,2011-11-08 17:09:00,2,180,260.0,16,130.0,401
17023.0,2010-01-11 15:09:00,2010-10-18 15:37:00,3,530,800.18,48,266.72666666666663,280
17024.0,2011-07-05 09:31:00,2011-10-25 13:47:00,3,69,95.85,2,31.95,112
17025.0,2010-03-08 13:37:00,2011-10-10 09:06:00,5,1024,1510.6399999999999,31,302.128,580
17026.0,2010-10-18 15:22:00,2011-06-07 14:28:00,3,132,208.98,4,69.66,231
17027.0,2009-12-10 12:10:00,2011-09-22 12:24:00,9,644,1305.68,125,145.07555555555555,651
17028.0,2009-12-18 14:28:00,2010-05-07 15:33:00,3,856,1593.83,85,531.2766666666666,140
17029.0,2010-02-14 10:19:00,2011-08-21 11:06:00,7,1265,2137.3,19,305.3285714285715,553
17030.0,2011-10-07 08:49:00,2011-10-07 08:49:00,1,146,146.87,11,146.87,0
17031.0,2010-05-07 14:52:00,2011-11-28 10:23:00,6,1595,2773.85,34,462.30833333333334,569
17032.0,2009-12-10 15:36:00,2010-04-15 14:14:00,5,1663,2889.94,179,577.988,125
17033.0,2010-11-07 12:55:00,2011-09-14 14:34:00,4,871,1332.79,33,333.1975,311
17034.0,2010-07-14 12:55:00,2011-11-23 15:14:00,5,693,1261.42,48,252.28400000000002,497
17035.0,2009-12-03 10:37:00,2011-04-08 11:23:00,4,327,613.59,29,153.3975,491
17036.0,2010-11-21 14:26:00,2010-11-21 14:26:00,1,76,176.9,12,176.9,0
17037.0,2011-09-13 12:49:00,2011-09-13 12:49:00,1,652,1247.52,74,1247.52,0
17038.0,2010-10-20 16:04:00,2011-11-09 13:50:00,2,535,743.17,61,371.585,384
17039.0,2010-04-14 12:56:00,2010-04-14 12:56:00,1,689,1954.99,44,1954.99,0
17040.0,2010-06-07 15:08:00,2011-07-25 10:19:00,2,189,463.25,15,231.625,412
17041.0,2010-04-18 14:25:00,2011-11-13 11:21:00,6,1303,1655.2,93,275.8666666666667,573
17042.0,2011-04-06 14:53:00,2011-12-07 12:26:00,5,990,1036.58,74,207.31599999999997,244
17043.0,2009-12-09 15:20:00,2011-11-07 15:33:00,8,1570,2483.39,170,310.42375,698
17044.0,2009-12-07 12:25:00,2011-11-14 14:28:00,12,5578,11659.9,90,971.6583333333333,707
17045.0,2010-10-06 14:52:00,2011-08-18 17:09:00,5,294,827.6800000000001,44,165.536,316
17046.0,2010-03-29 13:46:00,2011-07-05 14:24:00,5,1636,1906.07,76,381.214,463
17047.0,2009-12-08 08:48:00,2011-09-15 13:27:00,6,1184,2289.23,114,381.53833333333336,646
17048.0,2010-01-18 13:55:00,2011-08-14 11:49:00,7,1068,2071.68,88,295.9542857142857,572
17049.0,2010-03-04 10:23:00,2011-12-07 10:48:00,19,4262,9870.68,313,519.5094736842105,643
17050.0,2010-01-26 14:54:00,2011-09-04 13:48:00,10,2425,4318.76,190,431.87600000000003,585
17051.0,2010-03-21 14:55:00,2011-05-29 14:13:00,4,505,704.91,106,176.2275,433
17052.0,2011-11-11 14:50:00,2011-11-11 14:50:00,1,251,399.09,72,399.09,0
17053.0,2011-08-01 10:23:00,2011-08-01 10:23:00,1,110,447.48,12,447.48,0
17054.0,2011-04-08 13:14:00,2011-11-11 12:56:00,5,804,1356.33,64,271.26599999999996,216
17055.0,2010-09-20 12:21:00,2010-09-20 12:21:00,1,83,232.85,24,232.85,0
17056.0,2009-12-01 12:55:00,2009-12-01 12:55:00,1,26,128.60000000000002,8,128.60000000000002,0
17057.0,2010-04-22 19:21:00,2010-04-22 19:21:00,1,122,288.79,47,288.79,0
17058.0,2011-04-14 09:18:00,2011-09-19 10:13:00,3,592,1179.89,51,393.2966666666667,158
17059.0,2010-01-26 14:43:00,2011-11-10 12:27:00,9,3576,5575.03,348,619.4477777777778,652
17060.0,2011-03-18 13:27:00,2011-03-18 13:27:00,1,216,234.24,5,234.24,0
17061.0,2011-04-21 13:29:00,2011-09-27 11:24:00,11,1526,5232.2300000000005,57,475.65727272727275,158
17062.0,2010-09-26 11:57:00,2011-01-30 11:01:00,6,866,1169.06,81,194.84333333333333,125
17063.0,2009-12-01 12:36:00,2011-11-18 16:19:00,13,1887,3607.9300000000003,148,277.5330769230769,717
17064.0,2011-01-16 16:10:00,2011-10-12 10:18:00,3,316,855.45,53,285.15000000000003,268
17065.0,2010-03-12 11:40:00,2010-03-12 11:41:00,2,78,174.89999999999998,5,87.44999999999999,0
17066.0,2009-12-13 13:24:00,2009-12-13 13:24:00,1,93,228.34,17,228.34,0
17067.0,2009-12-08 12:03:00,2009-12-15 08:39:00,3,322,454.54,8,151.51333333333335,6
17068.0,2010-03-28 14:26:00,2011-11-27 13:14:00,47,4420,9140.08,249,194.46978723404254,608
17069.0,2009-12-03 12:27:00,2011-11-11 17:13:00,14,3269,5691.08,199,406.5057142857143,708
17070.0,2010-10-25 15:57:00,2011-08-17 17:01:00,2,232,437.42,102,218.71,296
17071.0,2010-01-24 13:05:00,2011-11-11 16:31:00,13,1924,3738.21,139,287.5546153846154,656
17072.0,2010-03-24 16:33:00,2010-03-24 16:33:00,1,212,273.35,20,273.35,0
17073.0,2011-08-22 14:37:00,2011-11-22 11:47:00,4,758,1444.84,141,361.21,91
17074.0,2010-05-26 12:04:00,2010-05-26 12:04:00,1,19,203.05,4,203.05,0
17075.0,2009-12-14 11:24:00,2011-11-22 11:58:00,10,773,2206.03,152,220.603,708
17076.0,2009-12-04 12:12:00,2011-11-03 17:53:00,6,510,1215.75,30,202.625,699
17077.0,2010-05-10 16:36:00,2010-05-10 16:36:00,1,36,306.0,1,306.0,0
17078.0,2011-11-03 18:49:00,2011-11-03 19:17:00,2,782,375.86,27,187.93,0
17079.0,2011-09-22 15:34:00,2011-09-22 15:34:00,1,24,118.80000000000001,2,118.80000000000001,0
17080.0,2010-07-01 16:03:00,2011-11-17 12:59:00,7,569,957.53,26,136.79,503
17081.0,2010-02-22 13:19:00,2011-11-14 12:56:00,6,380,939.44,165,156.57333333333335,629
17082.0,2009-12-15 11:25:00,2011-11-06 15:17:00,6,2525,4727.08,116,787.8466666666667,691
17083.0,2010-02-09 11:46:00,2011-08-22 15:43:00,9,1955,4049.79,30,449.9766666666667,559
17084.0,2010-11-08 14:20:00,2011-11-04 14:54:00,3,3175,4986.36,262,1662.12,361
17085.0,2009-12-06 12:16:00,2011-08-08 14:15:00,28,3548,7829.52,408,279.6257142857143,610
17086.0,2011-10-07 11:22:00,2011-12-02 13:54:00,6,1858,2035.08,75,339.18,56
17087.0,2009-12-02 10:41:00,2009-12-02 10:41:00,1,113,221.53,12,221.53,0
17088.0,2011-03-31 09:48:00,2011-11-11 14:23:00,4,864,1971.21,95,492.8025,225
17089.0,2010-11-18 15:33:00,2010-11-18 15:33:00,1,35,128.45,4,128.45,0
17090.0,2010-07-19 16:02:00,2011-12-05 13:44:00,11,1032,2370.98,51,215.54363636363635,503
17091.0,2009-12-16 15:45:00,2011-12-07 10:43:00,19,3827,7773.900000000001,241,409.1526315789474,720
17092.0,2010-02-02 16:42:00,2011-10-20 19:51:00,11,3765,5491.16,272,499.1963636363636,625
17093.0,2010-04-26 10:22:00,2010-04-26 10:22:00,1,114,235.88,13,235.88,0
17094.0,2010-10-12 10:48:00,2011-01-21 13:09:00,2,212,402.20000000000005,18,201.10000000000002,101
17095.0,2009-12-15 12:32:00,2011-11-17 12:21:00,7,1689,2540.55,108,362.9357142857143,701
17096.0,2010-06-02 14:48:00,2011-11-24 15:01:00,11,1555,3678.13,161,334.37545454545455,540
17097.0,2010-10-05 14:09:00,2011-12-07 17:05:00,9,646,1303.23,181,144.80333333333334,428
17098.0,2010-06-17 10:30:00,2010-11-23 12:13:00,3,121,540.0699999999999,9,180.0233333333333,159
17099.0,2010-06-24 16:25:00,2010-06-24 16:25:00,1,317,582.17,40,582.17,0
17100.0,2011-11-21 16:36:00,2011-11-21 16:36:00,2,800,971.74,65,485.87,0
17101.0,2010-06-07 15:12:00,2011-11-29 13:57:00,7,1175,2507.05,54,358.15000000000003,539
17102.0,2011-03-23 10:08:00,2011-03-23 10:08:00,1,2,25.5,1,25.5,0
17103.0,2009-12-17 14:08:00,2009-12-17 14:08:00,1,471,424.3,32,424.3,0
17104.0,2010-10-12 12:21:00,2010-10-12 12:21:00,1,149,474.03,19,474.03,0
17105.0,2011-02-06 14:46:00,2011-07-03 15:53:00,2,693,665.78,80,332.89,147
17106.0,2010-11-15 14:11:00,2010-11-15 14:11:00,1,153,481.58,51,481.58,0
17107.0,2010-01-31 15:47:00,2011-11-06 14:14:00,10,7523,16018.07,375,1601.807,643
17108.0,2010-02-14 12:22:00,2010-02-14 12:22:00,1,31,174.95,9,174.95,0
17109.0,2010-07-30 12:42:00,2011-11-10 16:59:00,8,786,1284.81,122,160.60125,468
17110.0,2010-04-08 13:32:00,2011-06-27 12:58:00,3,136,499.9,38,166.63333333333333,444
17111.0,2010-10-10 15:21:00,2011-10-23 15:59:00,2,581,459.58,44,229.79,378
17112.0,2010-07-25 11:14:00,2010-07-25 11:14:00,1,130,197.57,44,197.57,0
17113.0,2010-01-11 10:14:00,2010-05-14 13:59:00,6,898,2262.84,119,377.14000000000004,123
17114.0,2011-01-09 11:39:00,2011-12-04 12:17:00,8,215,801.12,85,100.14,329
17115.0,2009-12-05 12:13:00,2011-12-01 14:30:00,7,873,2690.89,99,384.41285714285715,726
17116.0,2010-03-01 16:29:00,2010-03-01 16:29:00,1,386,382.28,46,382.28,0
17117.0,2011-02-24 13:54:00,2011-02-24 13:54:00,1,68,116.19999999999999,9,116.19999999999999,0
17118.0,2011-01-26 12:19:00,2011-01-26 12:19:00,1,154,157.02,10,157.02,0
17119.0,2011-10-11 11:03:00,2011-12-06 14:40:00,2,329,572.11,33,286.055,56
17120.0,2011-04-20 15:21:00,2011-04-20 15:21:00,1,120,307.46,18,307.46,0
17121.0,2010-11-02 11:47:00,2010-11-02 11:47:00,1,106,314.74,12,314.74,0
17122.0,2010-07-28 09:34:00,2011-08-12 14:33:00,4,368,570.5,23,142.625,380
17123.0,2010-05-16 11:52:00,2011-07-01 10:47:00,3,651,966.67,36,322.2233333333333,410
17124.0,2011-06-07 14:02:00,2011-06-07 14:02:00,1,129,294.24,31,294.24,0
17125.0,2011-10-20 14:41:00,2011-10-20 14:41:00,1,281,230.5,34,230.5,0
17126.0,2010-08-31 13:41:00,2011-07-10 13:52:00,9,1418,2003.83,293,222.64777777777778,313
17127.0,2009-12-04 15:18:00,2010-10-07 09:54:00,5,340,1155.0300000000002,27,231.00600000000003,306
17128.0,2011-01-09 12:02:00,2011-01-09 12:02:00,1,76,157.09,14,157.09,0
17129.0,2010-07-07 13:46:00,2010-07-07 13:46:00,1,5,31.85,2,31.85,0
17131.0,2011-09-25 12:42:00,2011-12-04 12:52:00,5,983,2463.17,78,492.634,70
17132.0,2010-08-08 13:49:00,2010-09-13 16:31:00,2,963,1220.9099999999999,62,610.4549999999999,36
17133.0,2010-03-21 12:31:00,2011-11-24 12:27:00,12,10035,14546.01,21,1212.1675,612
17134.0,2010-09-23 18:32:00,2011-08-25 09:53:00,3,144,625.3,31,208.4333333333333,335
17135.0,2010-05-09 16:03:00,2011-11-23 16:48:00,10,1904,1931.96,97,193.196,563
17136.0,2010-02-15 13:13:00,2010-02-15 13:13:00,1,253,213.82999999999998,13,213.82999999999998,0
17137.0,2010-01-31 12:27:00,2010-10-19 14:51:00,6,673,1081.96,123,180.32666666666668,261
17138.0,2010-02-04 14:19:00,2011-03-09 11:54:00,7,2020,4390.27,233,627.1814285714287,397
17139.0,2010-01-11 11:31:00,2011-11-24 10:12:00,25,9811,19430.86,441,777.2344,681
17140.0,2011-04-06 13:33:00,2011-04-06 13:33:00,1,296,454.12,16,454.12,0
17141.0,2010-01-24 14:19:00,2010-10-17 14:54:00,4,423,727.58,138,181.895,266
17142.0,2010-01-24 15:23:00,2011-04-14 18:22:00,4,322,1275.25,78,318.8125,445
17143.0,2010-07-12 13:26:00,2010-10-18 15:27:00,2,314,880.97,82,440.485,98
17144.0,2011-09-16 12:50:00,2011-12-08 17:57:00,2,483,984.57,42,492.285,83
17145.0,2010-02-19 12:07:00,2010-07-15 09:02:00,4,2591,3120.91,168,780.2275,145
17146.0,2010-02-02 09:39:00,2011-08-26 12:44:00,13,2185,5834.79,163,448.83,570
17147.0,2010-01-11 09:38:00,2011-11-17 12:32:00,9,1308,3199.95,99,355.54999999999995,675
17148.0,2011-10-19 09:59:00,2011-10-19 09:59:00,1,82,124.88,9,124.88,0
17149.0,2010-09-14 14:56:00,2010-09-14 14:56:00,1,18,143.10000000000002,6,143.10000000000002,0
17150.0,2009-12-06 10:51:00,2010-11-28 11:27:00,6,394,1341.1000000000001,62,223.51666666666668,357
17151.0,2009-12-04 14:56:00,2009-12-04 14:56:00,1,42,231.90000000000003,4,231.90000000000003,0
17152.0,2010-10-10 12:40:00,2011-05-29 12:19:00,4,577,2016.5,9,504.125,230
17153.0,2011-11-15 13:42:00,2011-11-15 13:42:00,1,104,213.78,14,213.78,0
17154.0,2011-09-25 13:42:00,2011-09-25 13:42:00,1,490,329.34,23,329.34,0
17155.0,2009-12-03 11:34:00,2011-11-22 12:38:00,7,987,892.46,43,127.49428571428572,719
17156.0,2010-08-05 11:30:00,2010-08-05 11:30:00,1,391,591.87,39,591.87,0
17157.0,2009-12-04 13:00:00,2011-12-02 09:10:00,19,2068,5121.9,77,269.5736842105263,727
17158.0,2010-03-07 15:50:00,2011-11-07 15:15:00,5,1147,1980.0,74,396.0,609
17159.0,2010-03-04 14:53:00,2011-11-18 10:52:00,5,1348,2099.59,115,419.918,623
17160.0,2009-12-04 10:57:00,2011-11-08 14:05:00,17,8388,10179.16,214,598.7741176470588,704
17161.0,2010-09-21 16:44:00,2010-09-21 16:44:00,1,537,856.01,52,856.01,0
17162.0,2011-02-07 12:27:00,2011-11-11 11:34:00,10,1001,1715.46,81,171.546,276
17163.0,2010-02-02 10:39:00,2011-11-18 08:57:00,4,531,699.78,27,174.945,653
17164.0,2011-03-11 14:26:00,2011-11-07 09:14:00,7,1477,2406.15,89,343.7357142857143,240
17165.0,2009-12-11 09:18:00,2011-02-28 16:39:00,6,785,1776.47,76,296.0783333333333,444
17166.0,2011-05-20 08:18:00,2011-11-01 09:46:00,2,78,206.34,11,103.17,165
17167.0,2010-09-20 14:02:00,2010-11-25 10:05:00,3,428,861.16,63,287.05333333333334,65
17168.0,2010-07-29 12:33:00,2010-07-29 12:33:00,1,220,400.2,21,400.2,0
17169.0,2010-05-10 13:00:00,2011-10-13 10:25:00,3,671,1156.73,64,385.57666666666665,520
17170.0,2010-11-15 16:23:00,2010-11-30 15:55:00,2,152,178.68,8,89.34,14
17171.0,2010-02-16 12:02:00,2011-02-23 16:37:00,2,225,384.59,25,192.295,372
17172.0,2009-12-13 11:46:00,2011-09-22 09:36:00,3,1215,956.5699999999999,39,318.8566666666666,647
17173.0,2011-07-31 15:26:00,2011-12-04 14:40:00,8,1098,3664.6,35,458.075,125
17174.0,2011-05-06 11:47:00,2011-05-06 11:47:00,1,41,59.9,4,59.9,0
17175.0,2011-02-16 14:56:00,2011-10-26 15:31:00,4,866,1443.69,42,360.9225,252
17176.0,2010-01-31 15:49:00,2011-05-22 12:41:00,3,558,856.42,34,285.4733333333333,475
17177.0,2010-07-22 14:53:00,2010-07-22 14:53:00,1,40,119.5,29,119.5,0
17178.0,2009-12-08 16:20:00,2009-12-08 16:20:00,1,94,425.46,30,425.46,0
17179.0,2010-05-26 11:22:00,2011-06-14 16:48:00,6,609,1466.46,73,244.41,384
17180.0,2010-01-21 17:43:00,2011-10-14 15:46:00,11,1809,2236.77,189,203.34272727272727,630
17181.0,2010-04-23 11:21:00,2011-10-13 14:48:00,3,484,465.37,28,155.12333333333333,538
17182.0,2009-12-21 15:22:00,2010-10-13 10:09:00,2,30,178.5,3,89.25,295
17183.0,2011-08-26 15:25:00,2011-12-02 10:07:00,6,1296,3347.31,42,557.885,97
17184.0,2009-12-09 14:17:00,2010-05-19 14:24:00,2,73,198.41000000000003,14,99.20500000000001,161
17185.0,2010-04-20 13:49:00,2010-04-27 12:15:00,3,119,229.46,38,76.48666666666666,6
17186.0,2011-10-10 12:52:00,2011-10-24 10:20:00,2,200,144.0,1,72.0,13
17187.0,2010-07-01 14:38:00,2011-04-27 12:39:00,2,426,467.71,21,233.855,299
17188.0,2009-12-08 19:16:00,2011-11-28 13:53:00,13,2521,4470.53,134,343.88692307692304,719
17189.0,2009-12-02 11:45:00,2011-08-25 19:39:00,5,598,945.98,100,189.196,631
17190.0,2010-03-05 13:21:00,2011-10-12 11:33:00,7,2214,1724.73,159,246.39000000000001,585
17191.0,2009-12-01 16:34:00,2011-11-11 16:58:00,15,2526,4810.55,268,320.7033333333333,710
17192.0,2010-06-21 16:07:00,2010-06-21 16:07:00,1,45,75.28,20,75.28,0
17193.0,2009-12-02 10:02:00,2011-11-04 12:47:00,9,1668,2310.04,28,256.6711111111111,702
17194.0,2010-06-27 13:16:00,2010-12-14 12:06:00,2,413,776.66,56,388.33,169
17195.0,2010-02-22 13:05:00,2010-02-22 13:05:00,1,486,562.98,31,562.98,0
17196.0,2010-10-08 11:31:00,2010-10-08 11:31:00,1,154,327.75,84,327.75,0
17197.0,2011-11-10 10:32:00,2011-11-10 10:32:00,1,191,1013.01,29,1013.01,0
17198.0,2010-12-03 14:54:00,2011-11-16 10:39:00,3,597,1208.78,88,402.9266666666667,347
17199.0,2010-05-06 13:53:00,2010-05-06 13:53:00,1,232,135.04000000000002,8,135.04000000000002,0
17200.0,2010-02-25 13:23:00,2010-11-17 13:04:00,4,367,356.71,25,89.1775,264
17201.0,2010-02-10 12:26:00,2011-10-17 11:55:00,4,962,1091.85,149,272.9625,613
17202.0,2010-10-15 11:25:00,2010-10-15 11:25:00,1,55,160.65,8,160.65,0
17203.0,2010-11-16 12:52:00,2011-11-04 12:27:00,10,4560,5469.74,192,546.9739999999999,352
17204.0,2010-06-10 11:37:00,2011-06-17 14:46:00,9,2651,5504.6900000000005,110,611.6322222222223,372
17205.0,2010-05-24 15:36:00,2011-10-17 12:46:00,3,2214,999.35,27,333.1166666666667,510
17206.0,2011-10-17 13:25:00,2011-10-17 13:25:00,1,76,204.24,7,204.24,0
17207.0,2010-02-25 19:08:00,2010-02-25 19:08:00,1,229,280.52,53,280.52,0
17208.0,2010-11-09 12:50:00,2010-11-09 12:50:00,1,101,111.15,21,111.15,0
17209.0,2009-12-03 11:10:00,2010-02-28 16:01:00,3,722,582.95,35,194.3166666666667,87
17210.0,2010-11-12 12:15:00,2010-11-12 12:15:00,1,242,251.72,47,251.72,0
17211.0,2009-12-13 13:17:00,2011-11-13 12:03:00,13,2339,4007.9500000000003,214,308.30384615384617,699
17212.0,2010-08-10 09:22:00,2011-03-31 19:42:00,3,679,748.81,28,249.60333333333332,233
17213.0,2009-12-15 10:28:00,2011-10-30 14:53:00,13,2179,5182.3,130,398.63846153846157,684
17214.0,2010-12-15 15:14:00,2011-10-10 13:17:00,6,272,1059.1200000000001,79,176.52,298
17215.0,2010-09-01 13:39:00,2010-09-01 13:39:00,1,104,186.15,11,186.15,0
17216.0,2010-06-03 13:03:00,2010-06-03 13:03:00,1,21,63.6,13,63.6,0
17217.0,2010-03-30 13:35:00,2011-04-19 17:19:00,2,92,206.35000000000002,26,103.17500000000001,385
17218.0,2010-01-25 16:12:00,2011-12-05 13:52:00,18,2178,4107.78,244,228.20999999999998,678
17219.0,2010-10-19 11:29:00,2011-11-08 11:25:00,2,186,254.03,42,127.015,384
17220.0,2010-01-20 11:57:00,2011-11-15 13:47:00,21,2614,4331.56,404,206.2647619047619,664
17221.0,2010-04-11 15:34:00,2011-12-02 13:35:00,5,713,976.62,115,195.324,599
17222.0,2010-01-10 15:24:00,2011-10-05 13:58:00,6,855,1563.6100000000001,93,260.6016666666667,632
17223.0,2010-11-29 17:19:00,2011-02-02 15:57:00,3,217,780.88,61,260.29333333333335,64
17224.0,2010-07-26 13:30:00,2010-07-26 13:30:00,1,65,100.86,8,100.86,0
17225.0,2010-05-07 11:38:00,2010-05-07 11:38:00,1,36,131.15,5,131.15,0
17226.0,2010-02-12 14:31:00,2011-02-04 11:52:00,3,852,888.72,50,296.24,356
17227.0,2010-01-15 15:05:00,2011-11-21 10:51:00,12,1773,2021.18,58,168.43166666666667,674
17228.0,2010-03-12 11:54:00,2011-11-24 10:24:00,13,2547,3130.08,195,240.7753846153846,621
17229.0,2011-07-20 12:38:00,2011-09-04 13:56:00,2,185,318.76,39,159.38,46
17230.0,2009-12-08 13:41:00,2011-03-20 16:12:00,18,3717,9296.69,139,516.4827777777778,467
17231.0,2009-12-07 16:38:00,2011-11-27 15:18:00,25,3681,7064.8,509,282.592,719
17232.0,2011-11-25 12:24:00,2011-12-07 12:21:00,2,202,417.77,30,208.885,11
17233.0,2009-12-15 12:03:00,2011-11-04 14:06:00,3,298,560.86,56,186.95333333333335,689
17234.0,2011-06-10 11:20:00,2011-06-10 11:20:00,1,55,149.89000000000001,14,149.89000000000001,0
17235.0,2010-06-04 17:01:00,2011-11-14 15:51:00,8,971,1904.8799999999999,52,238.10999999999999,527
17236.0,2010-03-07 13:00:00,2011-11-27 12:00:00,12,804,1929.26,123,160.77166666666668,629
17237.0,2010-11-23 11:45:00,2011-11-28 15:02:00,4,414,994.13,76,248.5325,370
17238.0,2009-12-01 10:59:00,2011-12-07 11:35:00,32,3651,7623.71,478,238.2409375,736
17239.0,2010-07-01 10:53:00,2011-01-31 09:41:00,4,515,1189.45,18,297.3625,213
17240.0,2010-04-22 15:44:00,2010-04-22 15:44:00,1,108,130.6,7,130.6,0
17241.0,2010-02-15 14:47:00,2010-11-19 13:01:00,12,844,2638.59,113,219.88250000000002,276
17242.0,2010-01-24 10:27:00,2011-08-23 14:55:00,5,1459,2889.28,44,577.856,576
17243.0,2009-12-01 15:36:00,2011-12-08 13:26:00,69,7977,20364.48,355,295.13739130434783,736
17244.0,2009-12-06 11:27:00,2011-10-17 15:19:00,5,1419,1826.04,109,365.20799999999997,680
17245.0,2010-01-19 15:39:00,2011-05-19 10:43:00,2,307,371.63,24,185.815,484
17246.0,2009-12-01 17:45:00,2010-06-11 12:36:00,2,36,38.92,6,19.46,191
17247.0,2011-11-24 15:21:00,2011-11-24 15:21:00,1,105,280.09000000000003,53,280.09000000000003,0
17248.0,2010-08-15 11:55:00,2011-08-11 13:34:00,2,276,500.54,85,250.27,361
17249.0,2010-10-07 11:33:00,2010-10-07 11:33:00,1,79,68.03,27,68.03,0
17250.0,2011-03-23 16:45:00,2011-12-06 12:15:00,2,167,381.97,55,190.985,257
17251.0,2009-12-15 10:36:00,2010-12-12 11:06:00,3,363,763.28,62,254.42666666666665,362
17252.0,2011-06-06 16:41:00,2011-08-15 09:45:00,2,192,348.91,86,174.455,69
17253.0,2011-11-21 12:59:00,2011-11-21 12:59:00,1,43,178.26,18,178.26,0
17254.0,2010-11-03 14:00:00,2011-12-05 12:46:00,3,397,469.48,129,156.49333333333334,396
17255.0,2010-09-19 15:53:00,2011-10-30 12:18:00,4,583,781.7,163,195.425,405
17256.0,2010-04-18 13:40:00,2011-08-24 13:30:00,5,299,498.93,20,99.786,492
17257.0,2010-09-29 12:49:00,2010-09-29 12:51:00,2,187,189.78,14,94.89,0
17258.0,2010-02-12 15:51:00,2010-11-08 12:37:00,2,188,417.3,46,208.65,268
17259.0,2010-02-22 13:38:00,2011-07-14 15:01:00,6,1086,1776.24,176,296.04,507
17260.0,2010-10-24 13:21:00,2010-10-24 13:21:00,1,23,120.95,6,120.95,0
17261.0,2010-07-18 11:49:00,2010-07-18 11:49:00,1,95,221.59,43,221.59,0
17262.0,2009-12-15 11:26:00,2011-10-18 12:56:00,11,709,2757.62,12,250.69272727272727,672
17263.0,2011-05-15 14:32:00,2011-05-15 14:32:00,1,36,63.440000000000005,23,63.440000000000005,0
17264.0,2010-10-11 12:52:00,2010-10-11 12:52:00,1,217,268.28,70,268.28,0
17265.0,2011-06-12 12:00:00,2011-07-24 10:49:00,2,387,540.11,105,270.055,41
17266.0,2010-03-09 10:42:00,2011-12-07 14:12:00,5,243,501.71999999999997,95,100.344,638
17267.0,2011-08-04 17:19:00,2011-08-04 17:22:00,2,158,317.2,37,158.6,0
17268.0,2009-12-08 11:46:00,2011-08-24 10:06:00,11,1395,1733.8899999999999,26,157.62636363636364,623
17269.0,2010-11-19 11:12:00,2010-11-19 11:12:00,1,314,491.81,110,491.81,0
17270.0,2009-12-07 17:18:00,2010-08-27 14:09:00,2,420,601.4499999999999,45,300.72499999999997,262
17271.0,2009-12-03 13:49:00,2009-12-03 13:49:00,1,113,204.3,46,204.3,0
17272.0,2011-03-22 12:05:00,2011-10-28 16:37:00,4,1778,2148.63,70,537.1575,220
17273.0,2010-10-11 15:57:00,2010-10-11 15:57:00,1,133,141.12,12,141.12,0
17274.0,2010-11-09 12:06:00,2011-11-04 13:16:00,2,271,573.22,76,286.61,360
17275.0,2010-11-21 13:26:00,2010-11-21 13:26:00,1,71,114.1,23,114.1,0
17276.0,2010-11-02 16:20:00,2010-11-02 16:20:00,1,186,501.24,49,501.24,0
17277.0,2011-01-21 12:37:00,2011-04-26 12:47:00,2,418,1034.75,65,517.375,95
17278.0,2010-05-23 13:49:00,2011-04-12 13:10:00,2,192,253.39,16,126.695,323
17279.0,2011-10-13 11:58:00,2011-10-13 11:58:00,1,48,187.82999999999998,8,187.82999999999998,0
17280.0,2010-09-27 16:46:00,2010-09-27 16:46:00,1,74,118.85999999999999,6,118.85999999999999,0
17281.0,2010-02-04 13:00:00,2010-11-30 18:05:00,6,295,797.8499999999999,2,132.975,299
17282.0,2010-06-09 12:07:00,2011-08-01 14:29:00,5,2332,2308.54,168,461.70799999999997,418
17283.0,2010-11-26 11:53:00,2010-11-26 11:53:00,1,179,188.46,15,188.46,0
17284.0,2010-11-15 17:14:00,2011-10-10 14:38:00,7,2031,2464.25,278,352.0357142857143,328
17285.0,2010-02-14 14:10:00,2010-03-21 13:38:00,2,132,400.44,40,200.22,34
17286.0,2010-11-04 13:43:00,2011-11-18 12:47:00,3,368,389.18,89,129.72666666666666,378
17287.0,2009-12-03 12:45:00,2011-11-13 13:27:00,21,2062,4036.81,278,192.2290476190476,710
17288.0,2010-11-10 14:44:00,2011-11-30 16:09:00,11,1699,2468.43,233,224.40272727272725,385
17289.0,2010-03-08 12:52:00,2011-11-08 12:01:00,9,1234,2034.15,199,226.01666666666668,609
17290.0,2009-12-13 13:28:00,2011-12-06 12:38:00,8,994,1421.53,182,177.69125,722
17291.0,2011-02-04 13:04:00,2011-02-04 13:04:00,1,72,550.8000000000001,1,550.8000000000001,0
17292.0,2010-05-09 14:52:00,2010-08-24 17:14:00,2,131,271.75,14,135.875,107
17293.0,2009-12-03 15:09:00,2011-12-01 14:37:00,17,2228,3750.63,148,220.62529411764706,727
17294.0,2010-02-08 14:21:00,2010-02-08 16:12:00,2,297,467.78999999999996,17,233.89499999999998,0
17295.0,2011-10-06 12:22:00,2011-11-11 10:49:00,3,293,547.0,53,182.33333333333334,35
17296.0,2009-12-09 14:01:00,2009-12-09 14:01:00,1,212,287.13,31,287.13,0
17297.0,2011-11-22 14:43:00,2011-11-22 14:43:00,1,65,128.18,49,128.18,0
17298.0,2010-03-08 08:56:00,2011-08-30 16:43:00,5,850,938.36,60,187.672,540
17299.0,2010-08-15 16:00:00,2011-11-28 12:01:00,6,919,993.23,96,165.53833333333333,469
17300.0,2010-08-15 11:02:00,2010-11-14 10:56:00,2,467,393.64,37,196.82,90
17301.0,2010-03-25 13:16:00,2011-11-18 13:43:00,2,216,294.39,107,147.195,603
17302.0,2011-02-07 10:14:00,2011-11-25 09:36:00,5,569,1120.33,67,224.06599999999997,290
17303.0,2010-12-13 13:32:00,2010-12-13 13:32:00,1,144,250.04,53,250.04,0
17304.0,2010-06-23 16:23:00,2010-06-23 16:23:00,1,73,111.5,5,111.5,0
17305.0,2010-03-01 12:47:00,2010-03-01 12:47:00,1,1006,2135.46,9,2135.46,0
17306.0,2010-11-01 11:38:00,2011-11-29 12:14:00,21,13207,8648.35,15,411.8261904761905,393
17307.0,2010-01-19 16:38:00,2010-11-09 13:40:00,11,3667,3999.8900000000003,22,363.6263636363637,293
17308.0,2010-09-13 09:35:00,2010-11-11 13:19:00,2,5148,4511.76,5,2255.88,59
17309.0,2010-02-04 15:49:00,2011-09-05 15:20:00,3,178,282.14,32,94.04666666666667,577
17310.0,2010-06-23 11:38:00,2010-11-17 16:00:00,2,402,1025.1,1,512.55,147
17311.0,2010-02-03 12:38:00,2011-09-22 14:11:00,6,2755,3566.56,124,594.4266666666666,596
17312.0,2011-07-03 13:12:00,2011-07-24 11:52:00,3,372,644.3,11,214.76666666666665,20
17313.0,2011-11-08 15:45:00,2011-11-08 15:45:00,1,1402,2328.84,24,2328.84,0
17314.0,2009-12-03 11:25:00,2011-11-15 09:41:00,17,3654,4871.28,198,286.54588235294113,711
17315.0,2010-09-27 12:45:00,2011-12-08 12:15:00,41,5054,9544.62,381,232.79560975609758,436
17316.0,2010-10-15 14:35:00,2010-10-15 14:35:00,1,44,124.45,35,124.45,0
17317.0,2011-09-11 12:45:00,2011-10-24 17:19:00,3,1146,2600.34,8,866.7800000000001,43
17318.0,2009-12-14 13:11:00,2009-12-14 13:11:00,1,54,152.57999999999998,16,152.57999999999998,0
17319.0,2010-02-08 15:47:00,2010-02-08 15:47:00,1,14,29.1,3,29.1,0
17320.0,2010-01-21 16:29:00,2011-08-31 13:31:00,6,1374,2849.87,84,474.9783333333333,586
17321.0,2010-05-11 12:10:00,2011-12-01 13:41:00,6,790,1665.21,241,277.535,569
17322.0,2009-12-03 11:46:00,2010-11-28 14:41:00,5,631,922.59,115,184.518,360
17323.0,2010-01-10 11:58:00,2011-11-24 17:29:00,12,1422,1547.64,167,128.97,683
17324.0,2009-12-18 15:29:00,2011-11-22 10:34:00,12,1536,2298.12,111,191.51,703
17325.0,2010-03-08 11:31:00,2011-03-04 13:09:00,3,465,609.5699999999999,39,203.18999999999997,361
17326.0,2010-06-28 14:05:00,2010-10-27 15:38:00,2,135,310.25,81,155.125,121
17327.0,2010-05-26 11:20:00,2010-10-26 09:54:00,2,59,152.35,3,76.175,152
17328.0,2010-02-04 17:11:00,2010-02-04 17:11:00,1,80,97.2,5,97.2,0
17329.0,2009-12-03 16:09:00,2011-11-25 14:24:00,5,430,998.53,80,199.706,721
17330.0,2010-03-02 09:20:00,2011-11-17 08:56:00,4,122,423.8,7,105.95,624
17331.0,2011-08-08 11:55:00,2011-08-08 11:55:00,1,16,175.2,1,175.2,0
17332.0,2010-02-21 14:41:00,2010-06-29 16:10:00,5,767,815.87,80,163.174,128
17333.0,2011-09-15 10:11:00,2011-09-15 10:11:00,1,375,494.25,28,494.25,0
17334.0,2010-10-29 12:16:00,2011-02-10 14:59:00,3,566,635.15,20,211.71666666666667,104
17335.0,2010-01-24 11:15:00,2010-11-21 10:17:00,2,210,497.04,34,248.52,300
17336.0,2010-08-24 15:37:00,2010-08-24 15:37:00,1,48,81.12,1,81.12,0
17337.0,2011-02-02 17:06:00,2011-07-11 14:55:00,4,1224,1947.43,415,486.8575,158
17338.0,2010-03-10 16:09:00,2011-11-22 14:23:00,17,5653,11484.14,580,675.5376470588235,621
17339.0,2010-07-18 13:08:00,2011-09-06 13:29:00,3,188,362.36,10,120.78666666666668,415
17340.0,2010-02-14 14:54:00,2011-11-10 10:45:00,18,11161,22286.670000000002,321,1238.1483333333335,633
17341.0,2010-06-17 18:17:00,2011-07-06 12:33:00,5,1047,1612.32,197,322.464,383
17342.0,2010-02-08 09:16:00,2010-11-25 11:07:00,4,509,1196.94,29,299.235,290
17343.0,2009-12-03 18:30:00,2010-12-19 15:07:00,6,454,1259.94,61,209.99,380
17344.0,2009-12-11 12:31:00,2011-10-24 12:56:00,2,199,450.61,63,225.305,682
17345.0,2009-12-01 16:17:00,2011-11-24 15:03:00,10,2008,1586.6299999999999,174,158.66299999999998,722
17346.0,2010-04-18 12:18:00,2011-12-06 12:18:00,26,3518,5118.99,514,196.88423076923075,597
17347.0,2011-09-14 13:12:00,2011-09-14 13:12:00,1,216,228.96,1,228.96,0
17348.0,2010-03-10 12:13:00,2011-11-25 11:25:00,9,2722,2395.29,323,266.1433333333333,624
17349.0,2010-03-18 14:26:00,2011-06-13 14:29:00,5,772,772.41,74,154.482,452
17350.0,2010-02-01 15:38:00,2011-12-01 15:47:00,7,1177,1893.7,123,270.5285714285714,668
17351.0,2009-12-10 18:43:00,2011-11-03 18:45:00,12,380,1964.38,44,163.69833333333335,693
17352.0,2010-01-12 16:13:00,2010-01-12 16:13:00,1,15,36.25,5,36.25,0
17353.0,2010-03-25 12:52:00,2011-08-02 17:19:00,4,2168,3242.0,7,810.5,495
17354.0,2010-10-07 13:22:00,2011-10-20 10:34:00,4,2531,3133.96,85,783.49,377
17355.0,2010-11-18 13:18:00,2010-11-18 13:18:00,1,249,273.31,28,273.31,0
17356.0,2010-01-20 12:14:00,2011-02-01 11:07:00,5,925,946.47,73,189.294,376
17357.0,2011-11-15 16:29:00,2011-11-15 16:30:00,2,152,384.39,41,192.195,0
17358.0,2010-02-24 16:42:00,2011-02-09 16:57:00,5,427,836.36,124,167.272,350
17359.0,2010-03-01 14:48:00,2011-11-28 14:37:00,2,237,284.46,36,142.23,636
17360.0,2010-10-01 12:07:00,2011-11-22 13:11:00,6,618,1187.91,188,197.985,417
17361.0,2010-02-01 14:30:00,2011-10-21 15:43:00,5,380,871.79,51,174.358,627
17362.0,2010-01-06 10:53:00,2011-04-14 14:43:00,7,494,886.39,94,126.62714285714286,463
17363.0,2010-11-02 17:25:00,2010-11-09 17:11:00,3,499,920.46,34,306.82,6
17364.0,2009-12-07 15:28:00,2011-12-09 09:00:00,27,7462,11601.7,511,429.69259259259263,731
17365.0,2010-02-01 11:56:00,2011-11-27 12:13:00,15,7988,8140.0,391,542.6666666666666,664
17366.0,2010-09-09 19:46:00,2010-10-03 16:04:00,2,504,1077.24,120,538.62,23
17367.0,2011-04-15 14:21:00,2011-04-15 14:21:00,1,129,151.75,32,151.75,0
17368.0,2009-12-15 17:45:00,2011-11-16 15:26:00,14,2318,2752.34,194,196.5957142857143,700
17369.0,2010-09-10 09:49:00,2010-09-10 09:49:00,1,1152,979.1999999999999,1,979.1999999999999,0
17370.0,2011-06-23 11:50:00,2011-09-28 10:14:00,4,540,446.18,31,111.545,96
17371.0,2009-12-08 12:25:00,2011-11-22 13:30:00,6,249,613.87,133,102.31166666666667,714
17372.0,2009-12-03 18:41:00,2011-10-30 11:37:00,27,1854,4301.31,409,159.3077777777778,695
17373.0,2010-02-28 14:17:00,2011-10-30 15:28:00,7,738,1167.5,65,166.78571428571428,609
17374.0,2010-11-09 17:14:00,2011-05-05 09:05:00,3,155,727.11,34,242.37,176
17375.0,2010-10-04 09:14:00,2011-05-24 15:45:00,4,480,660.55,77,165.1375,232
17376.0,2010-07-05 11:11:00,2011-09-30 12:36:00,4,244,453.64,41,113.41,452
17377.0,2009-12-02 12:39:00,2011-11-16 11:17:00,78,7510,18223.33,502,233.63243589743593,713
17378.0,2010-11-30 18:46:00,2010-11-30 18:46:00,1,1,10.95,1,10.95,0
17379.0,2011-11-28 13:56:00,2011-11-28 13:56:00,1,623,389.71999999999997,71,389.71999999999997,0
17380.0,2010-06-23 11:24:00,2010-10-01 16:42:00,3,252,645.0,5,215.0,100
17381.0,2010-06-09 12:55:00,2011-12-01 11:59:00,38,45767,40002.37,50,1052.693947368421,539
17382.0,2010-05-19 11:33:00,2011-10-05 13:05:00,8,456,887.28,15,110.91,504
17383.0,2010-09-12 14:54:00,2011-12-05 17:36:00,2,160,304.09,51,152.045,449
17384.0,2010-08-29 16:01:00,2011-11-20 15:48:00,3,121,507.55,15,169.18333333333334,447
17385.0,2011-11-25 11:02:00,2011-11-25 11:02:00,1,193,252.31,41,252.31,0
17386.0,2010-11-19 13:40:00,2011-12-02 11:28:00,7,1955,2812.77,32,401.82428571428574,377
17387.0,2011-11-06 11:25:00,2011-11-20 11:00:00,2,522,746.81,71,373.405,13
17388.0,2009-12-10 11:45:00,2011-09-23 10:31:00,11,2549,2660.07,40,241.82454545454547,651
17389.0,2009-12-04 12:06:00,2011-12-09 09:38:00,61,17880,57215.33,63,937.9562295081968,734
17390.0,2010-10-15 11:29:00,2010-10-15 11:29:00,1,49,149.3,12,149.3,0
17391.0,2011-06-28 12:21:00,2011-06-29 09:58:00,2,480,508.8,2,254.4,0
17392.0,2010-09-15 16:17:00,2011-02-06 12:48:00,3,448,579.92,65,193.30666666666664,143
17393.0,2010-08-08 15:53:00,2010-10-25 11:10:00,2,238,381.15,45,190.575,77
17394.0,2011-05-04 13:22:00,2011-05-04 13:22:00,1,241,203.86999999999998,4,203.86999999999998,0
17395.0,2010-07-19 15:34:00,2010-07-19 15:34:00,1,66,97.5,3,97.5,0
17396.0,2010-09-24 13:04:00,2011-10-31 14:12:00,13,2418,8789.1,28,676.0846153846154,402
17397.0,2010-10-19 13:20:00,2011-11-17 14:08:00,3,685,1182.98,131,394.32666666666665,394
17398.0,2011-03-29 13:04:00,2011-08-17 09:48:00,3,310,653.38,30,217.79333333333332,140
17400.0,2009-12-17 15:41:00,2011-08-05 15:38:00,8,2135,4480.9800000000005,340,560.1225000000001,595
17401.0,2010-06-16 16:54:00,2010-06-16 16:54:00,1,34,114.85,11,114.85,0
17402.0,2009-12-16 17:40:00,2011-12-05 10:15:00,22,1569,5060.53,104,230.0240909090909,718
17403.0,2010-09-15 12:29:00,2011-11-03 15:18:00,2,188,382.87,45,191.435,414
17404.0,2010-01-07 11:31:00,2011-12-05 16:26:00,21,50506,46806.52,122,2228.8819047619045,697
17405.0,2011-07-12 14:17:00,2011-12-08 17:12:00,3,714,1000.8100000000001,75,333.60333333333335,149
17406.0,2009-12-06 13:45:00,2011-01-10 15:07:00,13,2108,4855.9,153,373.5307692307692,400
17407.0,2010-10-24 11:57:00,2010-10-24 11:57:00,1,426,552.9,23,552.9,0
17408.0,2010-07-13 14:02:00,2011-06-29 12:53:00,3,163,316.09000000000003,7,105.36333333333334,350
17409.0,2009-12-11 12:17:00,2011-06-08 10:36:00,10,4085,7773.71,49,777.371,543
17410.0,2011-05-08 15:21:00,2011-11-23 15:46:00,5,616,1214.72,57,242.94400000000002,199
17411.0,2009-12-03 12:02:00,2011-11-27 14:25:00,5,608,1425.38,69,285.076,724
17412.0,2009-12-02 13:51:00,2011-12-07 11:36:00,16,2568,4325.72,157,270.3575,734
17413.0,2010-05-19 11:11:00,2010-10-31 12:33:00,2,302,560.14,10,280.07,165
17414.0,2009-12-03 16:49:00,2011-10-27 12:13:00,6,6256,2249.52,6,374.92,692
17415.0,2011-09-21 12:50:00,2011-09-21 12:50:00,1,114,507.84,14,507.84,0
17416.0,2009-12-14 16:29:00,2011-11-10 12:47:00,22,8757,17267.85,322,784.9022727272727,695
17417.0,2010-06-09 10:00:00,2010-06-09 10:00:00,1,76,164.18,16,164.18,0
17418.0,2010-11-17 13:42:00,2011-10-28 13:00:00,3,521,670.0600000000001,40,223.35333333333335,344
17419.0,2010-01-25 13:19:00,2011-11-28 13:47:00,18,3087,6500.52,203,361.14000000000004,672
17420.0,2010-11-03 13:09:00,2011-10-20 14:52:00,6,499,1084.43,43,180.73833333333334,351
17421.0,2009-12-04 15:43:00,2010-11-18 16:57:00,3,807,1059.41,46,353.1366666666667,349
17422.0,2010-06-23 10:19:00,2011-11-23 13:27:00,11,3538,3594.76,149,326.79636363636365,518
17423.0,2010-11-11 12:26:00,2011-10-24 13:36:00,3,790,1118.95,39,372.98333333333335,347
17425.0,2011-10-10 11:37:00,2011-11-20 15:30:00,2,407,759.17,42,379.585,41
17426.0,2010-02-17 13:39:00,2011-12-01 18:07:00,13,5183,8050.77,247,619.2900000000001,652
17427.0,2011-09-29 11:29:00,2011-09-29 11:29:00,1,34,100.8,2,100.8,0
17428.0,2009-12-01 17:28:00,2011-12-09 09:45:00,45,17179,31326.23,411,696.1384444444444,737
17429.0,2010-10-06 12:30:00,2011-08-03 13:22:00,5,1286,1357.46,80,271.492,301
17430.0,2010-08-17 11:52:00,2011-11-07 09:24:00,4,515,735.17,30,183.7925,446
17431.0,2011-01-30 14:36:00,2011-01-30 14:36:00,1,286,388.0,40,388.0,0
17432.0,2009-12-03 19:13:00,2011-11-21 17:33:00,9,1008,1728.99,213,192.11,717
17433.0,2010-11-19 13:37:00,2011-09-12 14:24:00,2,305,569.96,81,284.98,297
17434.0,2011-09-15 13:54:00,2011-12-07 13:16:00,7,1693,2373.82,100,339.1171428571429,82
17435.0,2010-10-24 13:55:00,2010-10-24 13:55:00,1,185,296.25,13,296.25,0
17436.0,2010-04-25 11:53:00,2011-12-08 12:30:00,3,34,166.86,2,55.620000000000005,592
17437.0,2010-06-28 11:11:00,2010-06-28 11:11:00,1,277,354.38,51,354.38,0
17438.0,2010-03-08 16:53:00,2011-03-31 10:26:00,5,553,1422.77,49,284.554,387
17439.0,2010-02-22 12:48:00,2010-02-22 12:48:00,1,370,325.74,8,325.74,0
17440.0,2010-06-08 14:40:00,2011-07-06 11:54:00,4,282,323.58,4,80.895,392
17441.0,2009-12-07 13:32:00,2009-12-07 13:32:00,1,245,293.35,21,293.35,0
17442.0,2010-02-15 15:54:00,2011-11-03 09:17:00,15,3094,4508.7,184,300.58,625
17444.0,2011-06-20 09:04:00,2011-07-11 10:33:00,2,2092,2322.4,128,1161.2,21
17446.0,2011-02-02 14:40:00,2011-06-16 10:42:00,2,198,120.9,6,60.45,133
17447.0,2011-09-29 10:10:00,2011-10-30 14:18:00,2,443,541.53,33,270.765,31
17448.0,2010-03-04 17:29:00,2010-06-28 13:58:00,41,11490,14392.66,566,351.04048780487807,115
17449.0,2009-12-09 14:16:00,2011-12-07 16:56:00,13,2482,4865.15,291,374.2423076923077,728
17450.0,2010-09-27 16:59:00,2011-12-01 13:29:00,51,82591,236246.36,143,4632.281568627451,429
17451.0,2011-08-26 11:54:00,2011-12-08 15:02:00,7,1199,1701.6000000000001,82,243.08571428571432,104
17453.0,2011-10-06 17:02:00,2011-11-22 09:42:00,2,219,486.71999999999997,19,243.35999999999999,46
17454.0,2010-01-15 15:40:00,2011-05-31 13:58:00,10,727,1547.94,98,154.794,500
17455.0,2011-05-20 12:31:00,2011-05-20 12:31:00,1,66,131.7,8,131.7,0
17456.0,2010-09-09 15:28:00,2010-12-09 15:23:00,2,730,1225.42,59,612.71,90
17457.0,2009-12-07 14:52:00,2011-08-05 12:48:00,14,2623,5908.49,29,422.03499999999997,605
17458.0,2010-11-23 11:43:00,2011-11-24 13:01:00,2,281,521.33,80,260.665,366
17459.0,2011-10-10 17:00:00,2011-10-27 13:25:00,2,537,657.3,88,328.65,16
17460.0,2010-01-22 13:25:00,2011-09-06 15:04:00,16,980,2228.27,93,139.266875,592
17461.0,2011-11-10 12:01:00,2011-11-17 10:21:00,3,770,735.82,104,245.27333333333334,6
17462.0,2011-02-28 17:01:00,2011-10-10 13:56:00,2,223,655.89,24,327.945,223
17463.0,2010-04-29 17:57:00,2011-11-23 13:40:00,7,1480,2535.26,234,362.18,572
17464.0,2010-03-30 13:15:00,2011-07-04 13:19:00,3,600,859.54,34,286.5133333333333,461
17465.0,2009-12-03 13:25:00,2010-10-10 11:56:00,7,1441,2450.9900000000002,99,350.1414285714286,310
17466.0,2011-09-22 09:16:00,2011-11-29 13:15:00,2,302,743.48,40,371.74,68
17467.0,2010-11-09 12:58:00,2010-11-09 12:58:00,1,20,102.6,4,102.6,0
17468.0,2010-11-29 17:25:00,2011-11-29 15:33:00,3,184,194.8,8,64.93333333333334,364
17469.0,2009-12-16 15:06:00,2011-11-23 13:15:00,17,2298,5035.95,164,296.2323529411765,706
17470.0,2010-07-19 16:16:00,2011-10-26 12:42:00,11,2687,2738.75,108,248.97727272727272,463
17471.0,2010-08-22 11:53:00,2010-08-22 11:53:00,1,153,321.65000000000003,19,321.65000000000003,0
17472.0,2010-03-21 13:27:00,2011-06-01 14:57:00,4,547,909.95,181,227.4875,437
17473.0,2010-09-09 19:03:00,2010-10-27 11:45:00,2,270,607.0,33,303.5,47
17474.0,2010-04-19 10:43:00,2010-04-19 10:43:00,1,200,1047.0,6,1047.0,0
17475.0,2011-09-21 14:55:00,2011-09-21 14:55:00,1,178,194.37,14,194.37,0
17476.0,2009-12-02 12:09:00,2010-11-09 10:21:00,2,224,489.86,29,244.93,341
17477.0,2010-03-02 11:53:00,2010-04-06 10:06:00,2,225,1144.3,44,572.15,34
17478.0,2010-03-16 14:19:00,2010-10-27 15:01:00,2,516,1272.8,40,636.4,225
17479.0,2010-03-17 09:26:00,2010-03-17 09:26:00,1,266,389.26000000000005,18,389.26000000000005,0
17480.0,2010-09-21 12:31:00,2011-09-23 11:39:00,2,581,882.23,50,441.115,366
17481.0,2011-09-07 09:57:00,2011-12-06 12:28:00,4,1061,1255.59,69,313.8975,90
17482.0,2010-05-10 14:10:00,2010-08-09 15:33:00,2,240,775.64,50,387.82,91
17483.0,2010-10-21 12:43:00,2011-10-05 13:10:00,4,265,591.73,23,147.9325,349
17484.0,2010-03-25 16:17:00,2010-05-12 15:41:00,2,339,209.57,14,104.785,47
17486.0,2011-03-23 14:00:00,2011-03-23 14:00:00,1,191,396.87,24,396.87,0
17487.0,2009-12-11 15:06:00,2009-12-11 15:06:00,1,37,160.55,8,160.55,0
17488.0,2010-03-08 14:07:00,2010-03-08 14:07:00,1,136,336.5,18,336.5,0
17489.0,2011-05-11 11:34:00,2011-10-12 08:56:00,2,428,376.64,28,188.32,153
17490.0,2010-05-19 12:40:00,2011-12-09 09:08:00,9,1519,2700.7,92,300.0777777777778,568
17491.0,2010-04-28 11:57:00,2011-12-08 16:18:00,17,3630,5981.07,105,351.8276470588235,589
17492.0,2010-07-09 13:27:00,2011-04-05 15:21:00,3,450,1122.42,32,374.14000000000004,270
17493.0,2010-11-19 16:57:00,2010-11-19 16:57:00,1,62,100.91000000000001,8,100.91000000000001,0
17494.0,2010-07-26 10:06:00,2010-07-26 10:06:00,1,26,54.699999999999996,3,54.699999999999996,0
17495.0,2010-11-14 11:50:00,2011-12-02 12:08:00,3,325,699.62,36,233.20666666666668,383
17496.0,2010-01-14 13:36:00,2010-12-16 08:39:00,4,671,1385.89,53,346.4725,335
17497.0,2010-04-08 08:01:00,2010-11-14 14:17:00,2,59,287.25,7,143.625,220
17498.0,2011-09-25 12:25:00,2011-09-25 12:25:00,1,394,272.22,17,272.22,0
17499.0,2010-05-27 09:59:00,2011-02-23 09:14:00,2,1086,1341.39,66,670.695,271
17500.0,2011-11-10 09:08:00,2011-11-22 14:25:00,3,15,1121.5,2,373.8333333333333,12
17501.0,2011-05-03 09:46:00,2011-05-03 09:47:00,2,160,288.6,18,144.3,0
17502.0,2011-11-10 16:39:00,2011-11-30 13:13:00,4,376,689.1,25,172.275,19
17503.0,2011-11-01 11:12:00,2011-12-07 09:18:00,2,486,558.96,36,279.48,35
17504.0,2010-02-08 09:22:00,2011-05-17 12:59:00,18,5420,9490.17,244,527.2316666666667,463
17505.0,2010-04-13 16:33:00,2011-07-01 12:50:00,5,1230,2404.88,81,480.976,443
17506.0,2011-09-25 11:39:00,2011-09-25 11:39:00,1,139,302.2,14,302.2,0
17507.0,2011-02-03 18:08:00,2011-03-23 11:48:00,2,359,605.58,79,302.79,47
17508.0,2009-12-07 11:46:00,2011-03-04 08:10:00,8,2879,4564.23,198,570.52875,451
17509.0,2011-10-07 13:14:00,2011-10-13 10:26:00,8,3512,6083.64,75,760.455,5
17510.0,2010-10-15 10:20:00,2011-11-15 10:00:00,2,422,514.56,28,257.28,395
17511.0,2009-12-02 10:52:00,2011-12-07 10:12:00,60,119152,174610.91,650,2910.1818333333335,734
17512.0,2009-12-10 19:35:00,2011-11-11 12:11:00,18,5432,5451.320000000001,101,302.85111111111115,700
17513.0,2010-08-17 15:08:00,2011-09-28 16:42:00,3,440,1158.8,18,386.26666666666665,407
17514.0,2010-02-08 14:00:00,2011-08-03 15:45:00,2,284,522.0,72,261.0,541
17515.0,2010-06-07 13:29:00,2011-11-08 14:04:00,9,527,1602.51,91,178.05666666666667,519
17516.0,2010-11-26 12:50:00,2011-11-24 16:51:00,6,518,937.3,148,156.21666666666667,363
17517.0,2011-02-04 11:48:00,2011-02-04 11:48:00,1,102,153.94,11,153.94,0
17518.0,2010-03-28 13:31:00,2010-10-10 12:40:00,2,266,328.17,70,164.085,195
17519.0,2009-12-01 09:57:00,2011-11-22 16:43:00,15,3412,5096.17,141,339.74466666666666,721
17520.0,2011-10-17 12:04:00,2011-10-17 12:04:00,1,365,546.81,30,546.81,0
17521.0,2010-10-01 11:49:00,2011-11-10 11:22:00,5,806,1278.06,65,255.612,404
17522.0,2011-05-05 16:31:00,2011-12-08 12:31:00,5,1022,1066.15,58,213.23000000000002,216
17523.0,2011-11-20 13:40:00,2011-11-28 13:20:00,4,872,652.74,25,163.185,7
17524.0,2010-09-27 16:20:00,2010-12-13 14:32:00,3,362,539.14,37,179.71333333333334,76
17525.0,2010-10-07 09:12:00,2010-12-15 12:05:00,3,338,1161.9,19,387.3,69
17526.0,2009-12-17 16:18:00,2011-12-05 11:05:00,12,1476,4150.74,66,345.895,717
17527.0,2011-05-05 13:43:00,2011-10-17 12:32:00,4,488,939.37,45,234.8425,164
17528.0,2011-09-29 13:04:00,2011-12-08 13:27:00,8,2138,3628.5,183,453.5625,70
17529.0,2010-01-11 12:29:00,2010-04-08 17:51:00,2,790,1240.25,78,620.125,87
17530.0,2009-12-06 16:17:00,2011-12-08 18:42:00,12,1896,2995.94,354,249.66166666666666,732
17531.0,2010-03-31 12:57:00,2011-06-02 19:17:00,3,472,1266.82,54,422.2733333333333,428
17532.0,2010-11-19 08:13:00,2010-11-19 08:13:00,1,30,65.34,4,65.34,0
17533.0,2010-10-01 09:14:00,2010-10-01 09:14:00,1,24,34.8,1,34.8,0
17534.0,2010-02-25 16:55:00,2011-10-17 12:47:00,5,842,1622.93,74,324.586,598
17535.0,2011-03-04 15:20:00,2011-03-04 15:20:00,1,136,164.4,13,164.4,0
17536.0,2010-01-26 12:00:00,2011-06-15 13:23:00,3,201,364.83,16,121.61,505
17537.0,2011-02-09 13:37:00,2011-11-10 10:56:00,2,699,887.67,74,443.835,273
17538.0,2011-11-14 12:12:00,2011-11-14 12:12:00,1,134,98.42,9,98.42,0
17539.0,2009-12-13 12:36:00,2010-03-21 15:23:00,3,701,1146.54,129,382.18,98
17540.0,2010-04-19 09:47:00,2011-11-15 11:56:00,6,588,1590.6000000000001,41,265.1,575
17541.0,2010-07-18 11:36:00,2010-07-18 11:36:00,1,44,119.86,31,119.86,0
17542.0,2010-03-08 12:08:00,2011-03-15 11:45:00,3,323,340.85,57,113.61666666666667,371
17543.0,2010-06-08 12:41:00,2010-06-08 12:41:00,1,62,120.05,13,120.05,0
17544.0,2010-11-14 14:47:00,2010-11-14 15:08:00,3,408,932.92,79,310.9733333333333,0
17545.0,2010-05-11 10:04:00,2011-10-27 14:04:00,6,682,1409.8600000000001,204,234.9766666666667,534
17547.0,2010-02-12 14:34:00,2010-11-29 09:41:00,2,223,727.85,22,363.925,289
17548.0,2010-11-08 16:19:00,2011-04-20 12:01:00,4,494,731.26,22,182.815,162
17549.0,2011-10-19 10:05:00,2011-11-16 09:59:00,2,210,148.86,5,74.43,27
17550.0,2010-02-07 15:07:00,2011-05-26 14:09:00,9,968,2506.64,250,278.5155555555555,472
17551.0,2010-12-15 14:12:00,2010-12-15 14:12:00,1,142,290.34,39,290.34,0
17552.0,2010-03-22 09:19:00,2011-10-10 17:00:00,12,2095,3085.29,78,257.1075,567
17553.0,2010-04-08 09:44:00,2011-08-02 10:00:00,4,2288,3757.6,2,939.4,481
17554.0,2011-07-14 20:01:00,2011-12-08 14:15:00,5,1679,1754.45,56,350.89,146
17555.0,2010-05-02 16:02:00,2011-11-20 12:22:00,5,727,1015.14,218,203.028,566
17556.0,2010-11-25 17:00:00,2011-05-18 10:48:00,2,184,300.67,13,150.335,173
17557.0,2009-12-07 10:15:00,2011-11-25 12:57:00,4,310,575.46,28,143.865,718
17558.0,2010-11-11 14:36:00,2010-11-11 14:36:00,1,54,259.17,28,259.17,0
17559.0,2010-07-15 12:02:00,2010-07-15 12:02:00,1,270,167.62,12,167.62,0
17560.0,2010-02-17 12:11:00,2011-09-06 09:18:00,8,1588,1895.8,37,236.975,565
17561.0,2009-12-06 13:29:00,2011-11-20 12:53:00,4,381,703.02,163,175.755,713
17562.0,2011-06-19 13:06:00,2011-11-25 14:21:00,7,817,1122.38,48,160.34,159
17563.0,2010-04-07 10:02:00,2010-05-10 14:54:00,2,256,392.38,27,196.19,33
17564.0,2011-09-20 14:00:00,2011-11-15 13:27:00,3,146,454.01,38,151.33666666666667,55
17565.0,2010-05-02 11:54:00,2010-05-02 11:54:00,1,67,131.83,30,131.83,0
17566.0,2011-11-14 13:42:00,2011-12-01 19:54:00,2,497,869.77,113,434.885,17
17567.0,2010-09-24 10:48:00,2011-12-02 15:48:00,9,3152,5356.03,128,595.1144444444444,434
17568.0,2010-03-16 16:45:00,2010-03-16 16:45:00,1,275,374.45,61,374.45,0
17569.0,2011-01-11 14:15:00,2011-01-11 14:15:00,1,159,344.14,29,344.14,0
17571.0,2010-06-15 12:50:00,2011-10-20 15:57:00,5,990,1629.66,289,325.932,492
17572.0,2009-12-15 10:00:00,2011-09-29 17:53:00,10,351,723.01,14,72.301,653
17573.0,2011-09-07 10:36:00,2011-11-10 13:01:00,3,308,380.6,24,126.86666666666667,64
17574.0,2011-04-11 09:47:00,2011-04-11 09:47:00,1,77,185.65,8,185.65,0
17575.0,2010-02-10 13:48:00,2010-02-10 13:48:00,1,72,171.7,5,171.7,0
17576.0,2009-12-03 16:54:00,2011-12-01 17:56:00,41,4624,8800.5,414,214.64634146341464,728
17577.0,2010-02-09 10:10:00,2010-03-04 13:01:00,2,179,348.75,20,174.375,23
17578.0,2010-06-28 11:55:00,2011-05-05 18:38:00,7,481,1028.6100000000001,56,146.94428571428574,311
17579.0,2010-05-10 14:28:00,2011-12-05 12:28:00,4,374,740.53,88,185.1325,573
17580.0,2010-10-13 14:28:00,2011-04-01 12:41:00,5,222,538.07,77,107.614,169
17581.0,2009-12-03 12:34:00,2011-12-09 12:21:00,43,9932,18656.95,383,433.8825581395349,735
17582.0,2010-03-26 12:23:00,2011-04-17 13:18:00,5,603,1446.95,92,289.39,387
17583.0,2010-05-28 14:24:00,2010-05-28 14:24:00,1,55,135.95,7,135.95,0
17584.0,2010-01-25 08:17:00,2011-12-02 17:12:00,6,2464,5309.42,85,884.9033333333333,676
17585.0,2010-08-18 16:39:00,2011-08-22 13:30:00,7,2485,2029.76,292,289.9657142857143,368
17586.0,2010-03-30 13:12:00,2010-03-30 13:12:00,1,68,167.4,8,167.4,0
17587.0,2010-03-21 14:16:00,2010-03-21 14:16:00,1,66,173.76,41,173.76,0
17588.0,2010-03-12 12:34:00,2011-08-31 13:37:00,7,1379,2939.55,35,419.9357142857143,537
17589.0,2010-03-07 13:48:00,2011-10-10 16:58:00,18,8661,13806.27,600,767.015,582
17590.0,2011-10-30 14:05:00,2011-12-07 12:55:00,3,814,1436.47,159,478.8233333333333,37
17591.0,2010-01-17 16:09:00,2011-09-27 13:42:00,8,1151,2722.37,92,340.29625,617
17592.0,2009-12-01 10:49:00,2009-12-01 10:49:00,1,38,148.3,13,148.3,0
17593.0,2009-12-04 14:35:00,2011-12-06 10:30:00,11,5550,7962.57,307,723.87,731
17594.0,2010-04-14 08:53:00,2011-09-15 16:34:00,4,1368,2497.88,70,624.47,519
17595.0,2011-11-02 16:19:00,2011-11-27 16:08:00,2,228,386.69,68,193.345,24
17596.0,2009-12-15 13:21:00,2011-11-16 14:11:00,13,7537,4870.53,273,374.6561538461538,701
17597.0,2010-05-05 15:33:00,2011-05-10 11:54:00,5,2191,3422.89,107,684.578,369
17598.0,2010-11-23 17:43:00,2010-11-23 17:43:00,1,114,379.38,8,379.38,0
17599.0,2010-08-19 12:50:00,2010-08-19 12:50:00,1,11,52.05,3,52.05,0
17600.0,2011-11-22 09:43:00,2011-11-22 09:43:00,1,144,161.67000000000002,13,161.67000000000002,0
17601.0,2010-11-24 14:29:00,2011-04-14 18:02:00,2,294,412.65999999999997,68,206.32999999999998,141
17602.0,2010-03-30 17:25:00,2011-12-07 13:53:00,14,5841,7258.88,445,518.4914285714286,616
17603.0,2009-12-10 09:44:00,2011-09-22 14:18:00,4,634,1773.38,103,443.345,651
17604.0,2010-01-27 12:19:00,2011-05-06 13:43:00,6,602,911.78,140,151.96333333333334,464
17605.0,2010-04-28 14:45:00,2010-04-28 14:45:00,1,71,160.75,13,160.75,0
17606.0,2009-12-02 13:32:00,2009-12-02 13:32:00,1,42,87.30000000000001,6,87.30000000000001,0
17607.0,2010-11-28 13:11:00,2010-11-28 13:11:00,1,269,333.81,22,333.81,0
17608.0,2010-04-11 13:37:00,2011-11-06 13:06:00,4,523,481.71,132,120.4275,573
17609.0,2010-04-09 16:54:00,2011-10-30 12:28:00,11,1282,1875.36,316,170.4872727272727,568
17610.0,2009-12-06 16:07:00,2010-06-17 16:34:00,5,891,1498.44,113,299.688,193
17611.0,2009-12-01 13:29:00,2011-12-02 13:29:00,28,5250,8172.18,713,291.86357142857145,731
17612.0,2009-12-17 11:59:00,2011-10-17 14:59:00,18,3479,5287.76,209,293.76444444444445,669
17613.0,2011-02-07 11:20:00,2011-11-17 10:51:00,14,2489,4542.6,210,324.4714285714286,282
17614.0,2011-10-13 16:01:00,2011-10-13 16:01:00,1,235,386.32,97,386.32,0
17615.0,2010-08-11 12:54:00,2011-08-01 14:06:00,6,377,711.85,46,118.64166666666667,355
17616.0,2010-09-14 10:43:00,2011-06-19 10:11:00,4,416,1060.8,1,265.2,277
17617.0,2010-05-30 12:48:00,2010-05-30 12:48:00,1,249,385.19,18,385.19,0
17618.0,2010-01-24 11:03:00,2011-12-04 11:50:00,11,1785,3926.09,199,356.91727272727275,679
17619.0,2011-01-31 14:18:00,2011-01-31 14:18:00,1,118,199.07,70,199.07,0
17620.0,2011-10-11 12:08:00,2011-10-11 12:08:00,1,60,81.44,4,81.44,0
17621.0,2010-10-04 09:37:00,2011-11-18 17:11:00,6,1110,3175.12,61,529.1866666666666,410
17622.0,2010-04-20 13:38:00,2010-04-21 12:36:00,2,379,1130.21,19,565.105,0
17623.0,2009-12-14 14:36:00,2011-11-07 11:32:00,7,799,2365.77,130,337.96714285714285,692
17624.0,2009-12-20 12:35:00,2011-11-25 10:52:00,4,955,1550.78,90,387.695,704
17625.0,2009-12-15 11:49:00,2011-11-21 13:36:00,8,3504,5973.95,428,746.74375,706
17626.0,2010-04-16 12:15:00,2010-04-16 12:15:00,1,202,254.0,18,254.0,0
17627.0,2010-08-18 11:27:00,2010-08-18 11:27:00,1,676,296.36,10,296.36,0
17628.0,2011-09-19 15:21:00,2011-09-19 15:21:00,1,79,75.75,5,75.75,0
17629.0,2010-10-14 13:35:00,2011-12-04 10:56:00,10,1896,2438.18,127,243.81799999999998,415
17630.0,2011-04-21 14:03:00,2011-06-23 11:58:00,2,158,503.59999999999997,24,251.79999999999998,62
17631.0,2009-12-09 14:15:00,2011-12-08 09:47:00,7,587,978.69,65,139.81285714285715,728
17633.0,2010-11-15 14:55:00,2011-11-08 13:25:00,7,891,2017.79,82,288.2557142857143,357
17634.0,2011-01-06 12:45:00,2011-11-03 13:09:00,9,838,2358.59,209,262.0655555555556,301
17635.0,2010-04-28 10:51:00,2010-10-11 15:12:00,3,770,1265.58,60,421.85999999999996,166
17636.0,2011-11-20 14:40:00,2011-11-20 14:40:00,1,182,285.56,20,285.56,0
17637.0,2011-08-16 13:25:00,2011-11-08 12:51:00,2,280,547.0600000000001,35,273.53000000000003,83
17638.0,2009-12-18 09:58:00,2010-03-02 14:32:00,2,432,842.4,2,421.2,74
17639.0,2010-08-13 11:59:00,2011-03-08 15:22:00,6,576,615.17,59,102.52833333333332,207
17640.0,2010-03-23 09:15:00,2011-09-14 09:13:00,6,1692,3168.94,48,528.1566666666666,539
17642.0,2009-12-05 16:01:00,2011-08-12 09:11:00,5,1475,1824.49,88,364.898,614
17643.0,2010-07-22 13:07:00,2010-12-01 14:38:00,2,297,541.25,30,270.625,132
17644.0,2010-02-16 08:44:00,2011-12-08 13:43:00,20,3469,6028.6,160,301.43,660
17646.0,2009-12-16 09:37:00,2011-05-04 13:17:00,12,1390,4046.29,121,337.19083333333333,504
17647.0,2010-02-08 14:39:00,2011-10-05 15:38:00,3,79,316.81,11,105.60333333333334,604
17648.0,2010-11-19 16:41:00,2011-10-10 09:41:00,5,954,2216.37,114,443.274,324
17649.0,2010-08-24 13:01:00,2011-07-24 15:53:00,3,719,1559.09,87,519.6966666666666,334
17650.0,2011-11-18 14:52:00,2011-11-18 14:52:00,1,150,166.08,8,166.08,0
17651.0,2010-07-01 12:17:00,2011-11-28 10:29:00,16,4082,5683.72,197,355.2325,514
17652.0,2011-03-03 14:05:00,2011-11-14 12:55:00,12,2494,4763.32,115,396.9433333333333,255
17653.0,2011-08-11 15:24:00,2011-11-03 12:46:00,4,1408,1192.56,43,298.14,83
17654.0,2011-03-07 13:17:00,2011-03-07 13:17:00,1,41,117.55,22,117.55,0
17655.0,2010-10-19 10:20:00,2011-11-29 11:34:00,9,1542,3652.48,75,405.8311111111111,406
17656.0,2011-08-03 10:45:00,2011-09-27 13:04:00,5,1399,1674.69,67,334.938,55
17657.0,2010-10-05 14:52:00,2010-10-05 14:52:00,1,60,126.0,7,126.0,0
17658.0,2011-05-12 15:23:00,2011-11-14 12:07:00,2,616,595.42,17,297.71,185
17659.0,2010-11-18 14:20:00,2011-11-22 13:29:00,14,1814,3818.29,149,272.735,368
17660.0,2009-12-02 16:02:00,2011-07-21 13:37:00,2,259,342.22,75,171.11,595
17662.0,2009-12-17 09:54:00,2010-02-16 09:38:00,2,184,412.92,14,206.46,60
17663.0,2010-03-04 11:42:00,2011-11-14 08:56:00,17,2290,5138.18,151,302.2458823529412,619
17664.0,2010-03-29 17:17:00,2011-11-21 11:29:00,4,1058,1166.23,68,291.5575,601
17665.0,2010-08-03 13:12:00,2010-08-03 13:12:00,1,690,563.1,19,563.1,0
17666.0,2010-06-30 12:03:00,2011-12-06 09:06:00,5,1552,2047.8,30,409.56,523
17667.0,2010-02-23 09:57:00,2011-10-04 14:32:00,9,2184,3903.9,138,433.76666666666665,588
17668.0,2011-11-01 14:45:00,2011-12-08 13:25:00,2,93,347.75,14,173.875,36
17669.0,2010-04-01 18:48:00,2011-10-28 08:53:00,10,3499,6127.05,84,612.705,574
17670.0,2011-04-26 09:12:00,2011-04-26 09:12:00,1,110,205.7,11,205.7,0
17671.0,2010-11-29 11:53:00,2011-11-24 12:21:00,5,1177,2403.34,54,480.668,360
17672.0,2010-03-08 13:17:00,2011-10-20 14:18:00,6,2757,5663.74,178,943.9566666666666,591
17673.0,2010-03-19 14:02:00,2011-12-08 12:50:00,13,3260,4122.28,191,317.0984615384615,628
17674.0,2010-12-06 10:20:00,2011-09-26 13:35:00,2,1021,851.7,19,425.85,294
17675.0,2009-12-10 16:10:00,2011-12-08 18:03:00,70,16391,38125.8,342,544.6542857142857,728
17676.0,2010-03-30 10:49:00,2011-12-05 15:16:00,10,1922,2749.34,85,274.934,615
17677.0,2009-12-16 11:23:00,2011-12-08 09:56:00,54,21762,36224.01,343,670.815,721
17678.0,2010-04-15 13:54:00,2011-03-21 11:52:00,2,368,599.76,27,299.88,339
17679.0,2009-12-03 17:32:00,2011-10-18 07:43:00,5,1419,2784.41,63,556.882,683
17680.0,2010-07-16 16:07:00,2011-11-16 12:42:00,3,155,497.45,20,165.81666666666666,487
17681.0,2010-01-15 11:53:00,2010-04-21 17:22:00,5,450,731.2,12,146.24,96
17682.0,2010-03-08 09:49:00,2011-11-29 15:59:00,11,2467,4426.78,84,402.43454545454546,631
17683.0,2010-06-03 17:15:00,2010-11-19 10:11:00,3,781,819.01,41,273.00333333333333,168
17684.0,2011-10-27 11:10:00,2011-10-27 11:10:00,1,145,239.41,15,239.41,0
17685.0,2010-02-11 13:44:00,2011-11-23 11:36:00,12,3805,5907.47,124,492.2891666666667,649
17686.0,2010-06-24 09:49:00,2011-12-02 15:39:00,9,3517,8206.09,279,911.7877777777778,526
17687.0,2010-10-15 12:30:00,2010-10-15 12:30:00,1,210,432.68,26,432.68,0
17688.0,2010-11-11 10:41:00,2010-11-11 10:41:00,1,114,304.2,19,304.2,0
17689.0,2010-08-22 13:54:00,2010-11-16 13:22:00,2,300,317.08,17,158.54,85
17690.0,2010-02-03 14:26:00,2011-11-09 15:17:00,20,3090,7352.95,233,367.6475,644
17691.0,2010-06-11 11:50:00,2010-12-16 17:20:00,4,373,780.0500000000001,37,195.01250000000002,188
17692.0,2010-06-17 11:14:00,2011-08-04 14:01:00,11,2284,2930.74,88,266.4309090909091,413
17693.0,2011-07-25 15:48:00,2011-07-25 15:48:00,1,231,200.47,16,200.47,0
17694.0,2010-05-26 08:27:00,2011-07-21 12:00:00,3,1493,1695.97,54,565.3233333333334,421
17695.0,2010-01-28 09:27:00,2011-07-31 10:40:00,5,1737,1689.16,45,337.832,549
17696.0,2009-12-10 17:09:00,2011-11-01 13:43:00,27,5887,7659.79,190,283.6959259259259,690
17697.0,2011-04-17 15:40:00,2011-04-17 15:40:00,1,85,299.35,18,299.35,0
17698.0,2011-03-24 11:34:00,2011-03-24 11:34:00,1,93,154.95,8,154.95,0
17699.0,2010-05-27 11:53:00,2010-08-20 09:39:00,2,208,442.0,17,221.0,84
17700.0,2009-12-01 11:37:00,2011-11-23 11:51:00,14,3457,6649.37,257,474.955,722
17701.0,2011-04-01 12:25:00,2011-04-01 12:25:00,1,109,417.95,24,417.95,0
17702.0,2010-11-04 12:09:00,2011-11-09 16:03:00,6,2153,3144.04,120,524.0066666666667,370
17703.0,2010-10-17 16:16:00,2011-11-04 15:51:00,4,897,1094.84,63,273.71,382
17704.0,2011-04-14 09:28:00,2011-06-24 09:40:00,2,343,885.19,27,442.595,71
17705.0,2010-05-12 09:47:00,2011-12-06 13:45:00,11,1301,2083.9,74,189.44545454545457,573
17706.0,2010-01-19 12:13:00,2011-12-05 13:34:00,31,7899,20391.36,402,657.7858064516129,685
17707.0,2009-12-07 12:19:00,2011-06-07 15:03:00,8,540,596.7,8,74.5875,547
17708.0,2010-10-12 12:13:00,2011-06-05 10:12:00,4,386,882.9300000000001,56,220.73250000000002,235
17709.0,2010-04-15 14:48:00,2011-06-23 11:55:00,5,295,671.01,37,134.202,433
17710.0,2010-10-12 07:49:00,2010-10-12 07:49:00,1,158,293.5,20,293.5,0
17711.0,2011-02-23 11:32:00,2011-11-29 11:40:00,2,246,385.1,22,192.55,279
17712.0,2011-10-26 12:28:00,2011-10-26 12:28:00,1,215,522.91,29,522.91,0
17713.0,2010-06-09 09:33:00,2010-11-22 16:50:00,4,989,1198.09,55,299.5225,166
17714.0,2010-07-14 10:41:00,2011-01-23 10:32:00,5,596,1395.18,68,279.036,192
17715.0,2010-04-26 12:17:00,2011-05-23 12:32:00,2,576,489.59999999999997,1,244.79999999999998,392
17716.0,2009-12-02 17:18:00,2011-11-17 12:00:00,24,8819,15956.97,334,664.87375,714
17717.0,2010-10-14 12:54:00,2010-10-14 12:54:00,1,344,376.92,26,376.92,0
17718.0,2010-03-05 08:01:00,2011-04-21 13:39:00,2,274,439.18,22,219.59,412
17719.0,2011-03-29 11:29:00,2011-11-02 10:36:00,15,2235,5226.99,106,348.466,217
17720.0,2010-05-10 09:58:00,2011-11-13 15:04:00,10,1607,2753.61,80,275.361,552
17721.0,2010-02-18 15:18:00,2010-02-18 15:18:00,1,107,307.21000000000004,11,307.21000000000004,0
17722.0,2010-11-29 09:44:00,2011-09-04 15:22:00,5,2933,4410.56,162,882.1120000000001,279
17723.0,2010-11-29 10:35:00,2011-08-04 18:37:00,7,912,3378.4000000000005,6,482.6285714285715,248
17724.0,2011-07-24 13:26:00,2011-09-29 15:26:00,3,300,1033.0,38,344.3333333333333,67
17725.0,2011-03-17 19:47:00,2011-11-23 16:34:00,11,2090,3298.68,113,299.88,250
17726.0,2010-01-26 14:58:00,2010-11-09 13:37:00,7,438,1079.46,51,154.20857142857145,286
17727.0,2011-11-24 17:06:00,2011-11-24 17:06:00,1,641,1040.45,65,1040.45,0
17728.0,2010-09-12 14:58:00,2011-12-06 08:52:00,5,2146,4238.76,196,847.7520000000001,449
17729.0,2010-04-22 15:03:00,2010-04-22 15:03:00,1,247,438.65000000000003,23,438.65000000000003,0
17730.0,2010-04-29 11:48:00,2011-12-06 15:43:00,20,5272,7652.0,176,382.6,586
17731.0,2010-02-09 12:37:00,2011-09-21 15:02:00,6,707,1708.99,82,284.83166666666665,589
17732.0,2010-08-09 08:41:00,2010-12-02 09:29:00,8,1139,2455.39,89,306.92375,115
17733.0,2011-03-23 09:54:00,2011-11-01 08:16:00,2,463,692.19,33,346.095,222
17734.0,2010-03-07 13:55:00,2011-10-17 12:33:00,6,741,1442.32,76,240.38666666666666,588
17735.0,2010-07-30 13:25:00,2011-12-07 16:47:00,26,10757,17123.49,386,658.5957692307693,495
17736.0,2011-08-18 14:33:00,2011-11-30 15:36:00,3,238,377.44,24,125.81333333333333,104
17737.0,2011-10-12 14:42:00,2011-11-30 15:16:00,2,108,168.24,8,84.12,49
17738.0,2010-03-19 10:07:00,2011-11-20 15:05:00,13,2752,4122.36,170,317.1046153846154,611
17739.0,2009-12-07 10:48:00,2011-11-28 09:12:00,18,2323,7715.59,55,428.6438888888889,720
17740.0,2010-01-11 13:11:00,2010-11-15 16:33:00,6,222,426.9,5,71.14999999999999,308
17741.0,2010-05-28 12:11:00,2010-10-29 11:59:00,2,114,101.1,6,50.55,153
17742.0,2009-12-01 13:16:00,2011-08-18 15:28:00,11,653,2098.48,52,190.7709090909091,625
17743.0,2010-09-17 14:54:00,2010-09-17 14:54:00,1,96,229.2,3,229.2,0
17744.0,2010-11-24 09:34:00,2011-12-06 12:11:00,7,3826,2649.14,121,378.4485714285714,377
17745.0,2010-06-02 09:03:00,2010-08-19 12:30:00,2,164,600.34,27,300.17,78
17746.0,2010-04-08 12:54:00,2011-04-13 14:31:00,4,688,904.1800000000001,32,226.04500000000002,370
17747.0,2011-08-19 08:13:00,2011-08-19 08:13:00,1,12,71.4,1,71.4,0
17748.0,2010-06-30 13:49:00,2010-06-30 13:49:00,1,111,358.15,17,358.15,0
17749.0,2010-06-11 14:56:00,2011-06-14 15:45:00,3,446,1026.18,52,342.06,368
17750.0,2011-06-28 15:44:00,2011-12-04 14:09:00,9,3687,1676.61,99,186.29,158
17751.0,2010-10-14 13:57:00,2010-10-14 13:57:00,1,147,157.85999999999999,31,157.85999999999999,0
17752.0,2010-12-15 16:19:00,2010-12-15 16:19:00,1,192,80.64,1,80.64,0
17753.0,2010-01-06 14:20:00,2010-09-01 15:49:00,4,124,382.06,63,95.515,238
17754.0,2009-12-11 15:52:00,2011-12-09 11:20:00,13,4366,4451.22,185,342.4015384615385,727
17756.0,2010-11-10 12:54:00,2010-11-29 12:20:00,3,399,728.75,54,242.91666666666666,18
17757.0,2010-01-13 15:56:00,2011-12-08 15:31:00,56,5142,9327.75,359,166.56696428571428,693
17758.0,2010-05-20 13:18:00,2011-11-20 14:45:00,12,3199,4964.03,403,413.6691666666666,549
17759.0,2010-05-05 11:40:00,2011-11-22 16:02:00,5,964,1260.63,113,252.12600000000003,566
17760.0,2010-02-28 12:15:00,2011-11-18 10:56:00,6,690,911.43,57,151.905,627
17761.0,2011-11-07 10:23:00,2011-11-07 10:23:00,1,398,712.78,19,712.78,0
17762.0,2010-09-09 17:40:00,2010-09-09 17:40:00,1,129,129.75,16,129.75,0
17763.0,2010-02-18 14:32:00,2011-03-21 14:25:00,4,41,86.15,11,21.5375,395
17764.0,2009-12-03 14:28:00,2011-10-20 11:03:00,5,640,1428.17,122,285.634,685
17765.0,2010-09-17 12:45:00,2011-07-04 12:41:00,4,192,504.05,70,126.0125,289
17766.0,2010-11-23 14:17:00,2010-11-23 14:29:00,2,155,299.61,21,149.805,0
17767.0,2010-10-25 16:22:00,2011-11-24 14:42:00,2,198,413.05,35,206.525,394
17768.0,2009-12-02 12:26:00,2011-12-01 13:22:00,7,2339,3292.73,134,470.39,729
17769.0,2010-01-19 11:33:00,2011-11-27 11:18:00,17,3124,6939.83,326,408.2252941176471,676
17770.0,2011-03-02 13:35:00,2011-05-25 12:34:00,5,365,1143.27,33,228.654,83
17771.0,2010-04-29 13:21:00,2011-10-14 11:43:00,4,369,386.93,62,96.7325,532
17772.0,2010-11-12 11:31:00,2011-11-29 11:05:00,3,112,348.0,93,116.0,381
17773.0,2010-01-18 14:32:00,2010-07-13 14:07:00,2,254,575.37,48,287.685,175
17774.0,2010-02-08 16:06:00,2011-09-04 12:49:00,9,1527,3117.43,277,346.38111111111107,572
17775.0,2011-03-30 10:50:00,2011-03-30 10:50:00,1,72,56.4,3,56.4,0
17776.0,2009-12-16 14:59:00,2010-11-18 12:14:00,2,267,326.45,72,163.225,336
17777.0,2011-08-31 14:35:00,2011-11-15 12:02:00,3,501,647.56,141,215.85333333333332,75
17778.0,2010-02-16 12:44:00,2010-02-16 12:44:00,1,214,197.70000000000002,10,197.70000000000002,0
17779.0,2011-07-19 12:19:00,2011-11-18 14:15:00,3,396,650.32,73,216.77333333333334,122
17780.0,2010-01-24 11:21:00,2010-02-10 13:43:00,3,156,346.56,76,115.52,17
17781.0,2011-03-31 19:54:00,2011-07-03 16:00:00,2,34,188.02,12,94.01,93
17782.0,2010-11-22 10:03:00,2010-11-22 11:15:00,2,538,679.02,29,339.51,0
17783.0,2010-07-15 12:50:00,2011-09-28 16:07:00,3,437,371.01,90,123.67,440
17784.0,2010-06-07 16:08:00,2010-06-07 16:08:00,1,72,112.86,19,112.86,0
17785.0,2010-05-23 13:01:00,2011-10-17 13:43:00,3,227,403.38,48,134.46,512
17786.0,2011-01-26 14:35:00,2011-09-15 12:51:00,2,195,266.85,57,133.425,231
17787.0,2010-12-03 13:43:00,2011-07-10 11:24:00,4,1246,2546.32,93,636.58,218
17788.0,2011-08-02 10:38:00,2011-09-27 10:09:00,2,210,1112.95,2,556.475,55
17789.0,2010-02-16 13:16:00,2011-03-03 13:14:00,2,199,397.15,27,198.575,379
17790.0,2010-06-13 13:30:00,2011-11-13 11:30:00,20,1382,2763.26,186,138.163,517
17791.0,2011-11-10 12:09:00,2011-11-10 12:09:00,1,46,106.1,10,106.1,0
17792.0,2010-08-18 13:08:00,2010-08-29 14:30:00,2,149,368.35,45,184.175,11
17793.0,2011-11-14 14:24:00,2011-11-14 14:24:00,1,225,287.59,48,287.59,0
17794.0,2010-01-20 12:17:00,2010-01-22 10:18:00,2,46,147.3,7,73.65,1
17795.0,2011-03-20 12:02:00,2011-06-13 12:36:00,2,305,342.83,43,171.415,85
17796.0,2010-10-14 13:37:00,2011-10-30 15:38:00,7,362,1286.69,148,183.81285714285715,381
17797.0,2009-12-15 14:30:00,2011-11-17 13:21:00,8,1085,1965.12,221,245.64,701
17798.0,2010-05-07 11:42:00,2010-05-07 11:42:00,1,136,172.17,42,172.17,0
17799.0,2009-12-13 16:03:00,2011-11-17 15:16:00,20,3669,6217.18,477,310.85900000000004,703
17800.0,2011-01-09 13:50:00,2011-11-02 12:57:00,9,731,1186.21,50,131.8011111111111,296
17801.0,2010-01-17 11:31:00,2010-09-14 14:32:00,3,812,762.43,65,254.14333333333332,240
17802.0,2009-12-13 13:39:00,2011-09-18 14:56:00,10,2765,4997.97,280,499.797,644
17803.0,2010-11-12 13:53:00,2010-11-12 13:53:00,1,98,184.66,27,184.66,0
17804.0,2009-12-01 12:22:00,2010-11-28 14:01:00,3,192,381.28000000000003,81,127.09333333333335,362
17805.0,2010-04-08 14:36:00,2011-09-27 11:49:00,2,1126,927.03,10,463.515,536
17806.0,2011-11-28 14:12:00,2011-11-28 14:12:00,1,727,546.04,43,546.04,0
17807.0,2010-01-04 14:00:00,2010-11-09 16:21:00,3,262,437.87,88,145.95666666666668,309
17808.0,2010-05-07 16:26:00,2010-06-09 10:44:00,4,143,262.64,29,65.66,32
17809.0,2009-12-02 14:52:00,2011-11-23 12:59:00,20,3329,11206.59,58,560.3295,720
17810.0,2010-01-25 10:26:00,2010-02-09 10:47:00,2,117,343.21,50,171.605,15
17811.0,2010-09-20 11:24:00,2011-12-05 13:46:00,47,5267,9489.4,535,201.90212765957446,441
17812.0,2010-06-27 13:34:00,2011-11-27 11:47:00,7,565,1089.99,161,155.71285714285713,517
17813.0,2011-09-29 15:57:00,2011-11-25 16:13:00,5,752,1698.07,297,339.614,57
17814.0,2010-10-13 14:03:00,2010-11-29 14:21:00,2,1435,1609.37,112,804.685,47
17815.0,2010-11-11 14:39:00,2010-11-11 14:39:00,1,612,591.96,13,591.96,0
17816.0,2009-12-15 15:27:00,2011-11-03 11:34:00,6,96,112.32,41,18.72,687
17817.0,2010-10-13 15:07:00,2011-12-05 14:39:00,6,348,775.4,112,129.23333333333332,417
17818.0,2009-12-02 11:34:00,2009-12-02 11:34:00,1,86,124.78,42,124.78,0
17819.0,2009-12-13 15:24:00,2011-09-29 10:52:00,12,1810,6306.07,65,525.5058333333333,654
17820.0,2010-11-30 17:43:00,2010-11-30 17:43:00,1,111,180.60999999999999,39,180.60999999999999,0
17821.0,2010-10-29 13:20:00,2010-10-29 13:20:00,1,162,334.62,6,334.62,0
17822.0,2010-05-28 12:15:00,2010-10-15 13:47:00,5,1372,2154.08,151,430.816,140
17823.0,2010-10-14 16:14:00,2010-10-14 16:24:00,2,245,428.0,86,214.0,0
17824.0,2011-10-19 14:14:00,2011-10-19 14:14:00,1,408,298.4,13,298.4,0
17825.0,2009-12-14 12:09:00,2010-04-20 12:01:00,4,516,701.96,24,175.49,126
17826.0,2010-11-30 13:23:00,2010-11-30 13:23:00,1,84,133.34,33,133.34,0
17827.0,2010-03-28 12:20:00,2011-12-04 15:00:00,6,1579,2366.92,238,394.4866666666667,616
17828.0,2011-06-08 08:31:00,2011-11-17 08:41:00,4,655,1165.09,53,291.2725,162
17829.0,2010-02-22 15:39:00,2011-02-14 12:46:00,5,3009,4756.74,121,951.348,356
17830.0,2011-02-24 10:15:00,2011-12-08 12:28:00,3,92,398.7,18,132.9,287
17831.0,2011-11-06 15:09:00,2011-11-06 15:09:00,1,12,35.400000000000006,2,35.400000000000006,0
17832.0,2011-10-21 11:43:00,2011-10-21 11:43:00,1,208,155.37,61,155.37,0
17833.0,2009-12-16 13:40:00,2009-12-16 13:40:00,1,143,338.46000000000004,28,338.46000000000004,0
17834.0,2010-09-20 15:32:00,2010-10-21 12:09:00,2,639,689.6700000000001,54,344.83500000000004,30
17835.0,2011-11-16 16:30:00,2011-12-07 11:48:00,3,344,342.24,45,114.08,20
17836.0,2011-10-23 16:13:00,2011-10-23 16:13:00,1,87,109.83,22,109.83,0
17837.0,2011-06-29 16:44:00,2011-10-28 16:13:00,8,495,1503.78,106,187.9725,120
17838.0,2010-03-19 09:53:00,2011-11-13 11:20:00,13,3987,6462.5,139,497.11538461538464,604
17839.0,2011-10-28 17:27:00,2011-10-28 17:27:00,1,257,318.15,50,318.15,0
17840.0,2010-09-22 12:24:00,2010-09-22 12:24:00,1,128,175.9,44,175.9,0
17841.0,2009-12-02 15:41:00,2011-12-08 12:07:00,210,37066,69654.21,2099,331.6867142857143,735
17842.0,2010-04-16 14:23:00,2010-04-16 14:23:00,1,89,430.69,18,430.69,0
17843.0,2010-10-24 10:56:00,2011-02-09 15:33:00,2,221,307.9,56,153.95,108
17844.0,2011-08-25 11:27:00,2011-08-25 11:27:00,1,52,51.559999999999995,5,51.559999999999995,0
17845.0,2010-05-12 13:04:00,2010-06-02 15:20:00,4,195,596.09,42,149.0225,21
17847.0,2010-03-04 12:57:00,2010-07-12 10:00:00,2,28,125.74000000000001,8,62.870000000000005,129
17848.0,2009-12-06 13:19:00,2011-09-19 16:49:00,30,1369,3500.21,103,116.67366666666666,652
17849.0,2010-03-14 15:17:00,2011-05-05 13:46:00,8,213,923.51,23,115.43875,416
17850.0,2009-12-05 12:28:00,2010-12-02 15:27:00,155,21597,53041.58,93,342.2037419354839,362
17851.0,2009-12-03 17:46:00,2010-10-13 15:13:00,6,933,1552.35,185,258.72499999999997,313
17852.0,2009-12-08 12:51:00,2011-11-28 12:36:00,5,372,657.8100000000001,82,131.562,719
17853.0,2009-12-03 15:09:00,2010-10-28 15:29:00,3,607,1545.59,82,515.1966666666666,329
17854.0,2009-12-08 11:13:00,2011-06-07 16:21:00,6,607,1068.5,113,178.08333333333334,546
17855.0,2010-12-02 09:44:00,2010-12-02 09:44:00,1,394,417.94,17,417.94,0
17856.0,2011-03-03 11:40:00,2011-12-08 09:40:00,4,841,1403.03,11,350.7575,279
17857.0,2010-03-08 12:09:00,2011-12-05 13:13:00,23,17626,27104.74,20,1178.4669565217391,637
17858.0,2009-12-06 15:41:00,2011-12-04 11:56:00,30,5353,11866.35,169,395.545,727
17859.0,2011-02-08 10:32:00,2011-02-08 10:32:00,1,102,141.92000000000002,23,141.92000000000002,0
17860.0,2009-12-11 16:48:00,2010-12-06 12:41:00,4,787,941.94,126,235.485,359
17861.0,2009-12-10 11:27:00,2011-12-06 16:21:00,18,4507,5001.59,327,277.86611111111114,726
17862.0,2010-05-25 17:22:00,2011-01-20 12:23:00,4,439,1248.94,89,312.235,239
17863.0,2010-02-25 12:01:00,2011-10-11 13:45:00,12,4940,5714.6,153,476.2166666666667,593
17864.0,2010-10-08 11:49:00,2011-11-27 11:15:00,5,1009,861.27,92,172.254,414
17865.0,2009-12-01 10:49:00,2011-11-09 12:08:00,46,12859,25954.49,381,564.2280434782609,708
17866.0,2009-12-14 16:01:00,2011-07-20 11:07:00,3,535,1134.95,20,378.31666666666666,582
17867.0,2009-12-02 13:39:00,2011-11-09 14:15:00,14,635,1554.77,116,111.05499999999999,707
17868.0,2010-11-18 18:55:00,2010-11-18 18:55:00,1,85,227.15,18,227.15,0
17869.0,2010-06-10 13:47:00,2011-08-24 16:16:00,7,558,1027.96,72,146.85142857142858,440
17870.0,2010-11-23 11:39:00,2011-12-07 15:07:00,13,1827,3079.69,215,236.89923076923077,379
17871.0,2010-01-15 14:48:00,2011-05-19 11:32:00,5,592,993.88,61,198.776,488
17872.0,2010-11-23 12:02:00,2010-11-23 12:02:00,1,176,235.87,15,235.87,0
17873.0,2009-12-16 15:11:00,2011-09-20 16:41:00,18,4275,6340.900000000001,64,352.27222222222224,643
17874.0,2011-03-29 11:25:00,2011-06-07 12:54:00,6,203,637.5600000000001,36,106.26,70
17875.0,2010-01-20 15:30:00,2010-01-20 15:30:00,1,98,167.1,25,167.1,0
17876.0,2010-02-02 13:00:00,2010-11-05 10:52:00,3,1958,3424.02,3,1141.34,275
17877.0,2011-06-22 13:00:00,2011-06-22 13:00:00,1,98,237.61,12,237.61,0
17878.0,2010-11-09 13:50:00,2011-10-27 11:24:00,3,1014,1378.93,82,459.6433333333334,351
17879.0,2011-06-19 12:36:00,2011-06-19 12:36:00,1,45,178.51999999999998,6,178.51999999999998,0
17880.0,2009-12-09 16:13:00,2010-12-10 10:21:00,3,466,824.9200000000001,43,274.97333333333336,365
17881.0,2011-02-08 17:16:00,2011-02-08 17:16:00,1,32,133.35000000000002,8,133.35000000000002,0
17882.0,2010-11-25 14:35:00,2010-11-25 14:40:00,2,130,291.56,47,145.78,0
17883.0,2010-02-25 20:07:00,2011-12-06 17:49:00,7,476,988.42,155,141.20285714285714,648
17884.0,2009-12-04 16:23:00,2011-12-06 11:33:00,20,2959,2954.79,302,147.7395,731
17885.0,2011-11-27 14:40:00,2011-11-27 14:40:00,1,108,151.24,49,151.24,0
17886.0,2010-04-29 11:10:00,2011-11-08 10:09:00,6,699,1541.95,136,256.9916666666667,557
17887.0,2011-08-02 17:29:00,2011-08-02 17:29:00,1,24,96.05,9,96.05,0
17888.0,2009-12-21 16:34:00,2011-11-18 13:45:00,25,1519,1766.09,138,70.64359999999999,696
17889.0,2010-03-31 10:54:00,2011-05-11 16:26:00,7,400,732.42,95,104.63142857142857,406
17890.0,2010-12-13 15:12:00,2011-01-21 11:19:00,2,396,574.29,87,287.145,38
17891.0,2011-06-30 20:08:00,2011-06-30 20:08:00,1,393,203.85999999999999,34,203.85999999999999,0
17892.0,2011-07-07 12:56:00,2011-10-14 16:49:00,3,109,244.1,27,81.36666666666666,99
17893.0,2011-04-28 13:50:00,2011-04-28 13:50:00,1,149,107.21,15,107.21,0
17894.0,2010-08-27 14:13:00,2011-09-29 09:23:00,18,973,2405.83,212,133.65722222222223,397
17895.0,2011-10-26 17:00:00,2011-10-26 17:00:00,1,127,95.45,15,95.45,0
17896.0,2011-11-16 13:59:00,2011-11-16 13:59:00,1,288,256.32,2,256.32,0
17897.0,2010-05-12 16:03:00,2011-06-20 11:23:00,9,1005,2455.66,208,272.8511111111111,403
17898.0,2010-05-21 17:22:00,2011-09-15 14:56:00,4,239,268.58,47,67.145,481
17899.0,2011-07-03 14:58:00,2011-07-03 14:58:00,1,170,154.55,29,154.55,0
17900.0,2011-06-02 14:28:00,2011-06-02 14:38:00,2,72,97.19999999999999,3,48.599999999999994,0
17901.0,2010-07-06 10:54:00,2011-11-10 17:29:00,3,38,260.08,22,86.69333333333333,492
17902.0,2010-06-11 12:25:00,2010-06-11 12:25:00,1,526,216.39999999999998,24,216.39999999999998,0
17903.0,2010-11-10 15:39:00,2010-11-10 15:39:00,1,130,355.89,43,355.89,0
17904.0,2011-11-18 12:57:00,2011-11-18 12:57:00,1,59,181.07,33,181.07,0
17905.0,2010-01-28 17:54:00,2011-09-29 17:33:00,13,1343,2356.97,127,181.3053846153846,608
17906.0,2011-04-06 17:25:00,2011-04-06 17:25:00,1,26,72.9,12,72.9,0
17907.0,2010-03-09 12:33:00,2010-03-09 12:33:00,1,1046,291.76,13,291.76,0
17908.0,2009-12-14 12:24:00,2010-12-01 11:45:00,5,837,1369.4,176,273.88,351
17909.0,2009-12-02 13:10:00,2009-12-02 13:10:00,1,33,90.15,6,90.15,0
17910.0,2009-12-13 16:04:00,2009-12-13 16:04:00,1,115,254.2,24,254.2,0
17911.0,2011-11-30 14:52:00,2011-11-30 14:52:00,1,223,366.23,39,366.23,0
17912.0,2010-11-29 13:53:00,2011-02-02 14:25:00,6,210,371.6,47,61.93333333333334,65
17913.0,2009-12-03 13:02:00,2011-10-12 10:45:00,14,1712,3409.84,221,243.56,677
17914.0,2011-12-06 11:58:00,2011-12-06 11:58:00,1,457,329.36,72,329.36,0
17915.0,2010-06-06 13:22:00,2010-06-06 13:22:00,1,184,225.78,27,225.78,0
17916.0,2009-12-06 14:10:00,2010-03-21 12:26:00,2,90,43.87,15,21.935,104
17917.0,2010-12-12 12:08:00,2011-10-25 13:20:00,3,184,335.03,77,111.67666666666666,317
17918.0,2010-07-22 14:20:00,2010-07-27 11:51:00,3,351,388.44,33,129.48,4
17919.0,2010-09-27 10:40:00,2011-09-12 13:41:00,2,1452,1840.32,37,920.16,350
17920.0,2009-12-06 10:37:00,2011-12-05 14:29:00,54,12412,23641.54,709,437.8062962962963,729
17921.0,2010-07-15 20:05:00,2011-10-06 18:56:00,10,987,2384.16,229,238.416,447
17922.0,2010-06-14 16:32:00,2010-06-14 16:32:00,1,49,170.4,8,170.4,0
17923.0,2010-06-13 13:58:00,2011-03-02 15:15:00,3,140,497.0,2,165.66666666666666,262
17924.0,2010-10-21 12:17:00,2011-11-28 09:11:00,8,1268,3536.7000000000003,27,442.08750000000003,402
17925.0,2010-12-02 10:10:00,2010-12-02 10:10:00,1,144,488.16,1,488.16,0
17926.0,2010-05-09 14:07:00,2011-07-29 14:39:00,5,572,1035.49,27,207.098,446
17927.0,2009-12-18 11:03:00,2009-12-18 11:03:00,1,108,294.0,10,294.0,0
17928.0,2010-05-17 15:30:00,2011-10-25 13:52:00,3,150,313.16,26,104.38666666666667,525
17929.0,2009-12-09 11:40:00,2011-11-28 16:01:00,12,434,3082.1,6,256.84166666666664,719
17930.0,2010-03-04 10:41:00,2011-11-04 10:23:00,13,3795,4275.22,39,328.86307692307696,609
17931.0,2010-02-16 15:47:00,2011-07-28 18:33:00,14,1913,3377.74,270,241.26714285714283,527
17932.0,2011-05-12 13:58:00,2011-11-10 19:49:00,3,789,1331.57,84,443.8566666666666,182
17933.0,2010-03-17 15:11:00,2010-03-17 15:11:00,1,57,105.99,11,105.99,0
17934.0,2010-10-29 12:23:00,2011-10-19 11:16:00,3,628,1049.15,36,349.7166666666667,354
17935.0,2009-12-04 14:33:00,2011-07-24 13:18:00,7,231,652.64,57,93.23428571428572,596
17936.0,2011-12-04 13:32:00,2011-12-04 13:32:00,1,257,380.13,68,380.13,0
17937.0,2010-12-12 14:43:00,2011-12-01 11:45:00,7,1706,4039.62,18,577.0885714285714,353
17938.0,2010-10-15 14:27:00,2010-10-15 14:27:00,1,53,144.29,29,144.29,0
17939.0,2011-07-03 12:27:00,2011-07-03 12:27:00,1,40,99.14,12,99.14,0
17940.0,2009-12-03 12:31:00,2011-10-21 13:27:00,14,85146,28389.58,9,2027.827142857143,687
17941.0,2010-01-06 15:37:00,2011-08-01 08:30:00,4,1108,1433.28,5,358.32,571
17942.0,2011-12-02 10:45:00,2011-12-02 10:45:00,1,38,77.50000000000001,2,77.50000000000001,0
17944.0,2010-10-12 16:25:00,2010-10-12 16:25:00,1,84,74.99,24,74.99,0
17945.0,2010-01-12 11:33:00,2010-01-12 11:40:00,3,243,359.5,65,119.83333333333333,0
17946.0,2011-03-25 14:34:00,2011-04-20 17:00:00,2,75,149.57999999999998,18,74.78999999999999,26
17947.0,2011-11-02 13:05:00,2011-11-02 13:05:00,1,168,176.68,9,176.68,0
17948.0,2011-07-15 12:58:00,2011-07-15 12:58:00,1,144,358.56000000000006,1,358.56000000000006,0
17949.0,2009-12-02 11:07:00,2011-12-08 18:46:00,116,60560,109147.48,56,940.9265517241379,736
17950.0,2010-01-04 17:39:00,2011-09-28 15:18:00,7,845,1429.46,133,204.20857142857145,631
17951.0,2010-10-31 15:15:00,2011-10-31 12:30:00,4,862,1560.48,23,390.12,364
17952.0,2010-06-16 11:54:00,2010-11-26 13:54:00,4,477,788.46,85,197.115,163
17953.0,2010-06-17 15:08:00,2010-06-17 15:08:00,1,67,133.37,18,133.37,0
17954.0,2009-12-09 13:22:00,2011-12-04 14:15:00,19,3238,3924.56,477,206.5557894736842,725
17955.0,2010-02-12 16:27:00,2011-05-25 12:00:00,6,681,949.9,16,158.31666666666666,466
17956.0,2011-04-04 13:47:00,2011-04-04 13:47:00,1,1,12.75,1,12.75,0
17957.0,2011-10-04 14:58:00,2011-10-04 14:58:00,1,271,100.52,26,100.52,0
17958.0,2009-12-11 15:37:00,2011-08-15 12:19:00,2,284,973.88,35,486.94,611
17959.0,2010-04-26 14:12:00,2010-04-26 14:12:00,1,49,140.75,2,140.75,0
17960.0,2010-03-08 12:22:00,2011-06-21 14:15:00,3,60,135.08,37,45.02666666666667,470
17961.0,2009-12-01 14:48:00,2011-11-18 16:55:00,100,1534,2985.79,484,29.8579,717
17962.0,2010-01-13 15:24:00,2011-07-20 14:16:00,4,628,638.91,143,159.7275,552
17963.0,2010-01-19 17:25:00,2010-08-25 15:58:00,4,341,643.16,98,160.79,217
17964.0,2010-12-02 13:32:00,2011-11-08 10:44:00,2,488,712.22,83,356.11,340
17965.0,2009-12-14 13:19:00,2011-11-02 09:31:00,29,4371,6927.75,578,238.88793103448276,687
17966.0,2010-01-18 13:24:00,2011-11-02 10:26:00,10,3918,1963.92,82,196.392,652
17967.0,2010-10-19 13:19:00,2010-12-03 11:19:00,2,184,335.69,59,167.845,44
17968.0,2010-07-15 15:01:00,2010-12-01 12:23:00,4,503,855.54,106,213.885,138
17969.0,2009-12-06 13:53:00,2011-06-26 13:00:00,20,998,2247.09,110,112.3545,566
17970.0,2011-05-12 20:03:00,2011-05-12 20:03:00,1,513,562.79,27,562.79,0
17971.0,2010-06-09 14:04:00,2010-06-09 14:04:00,1,26,70.14,15,70.14,0
17972.0,2011-04-12 12:16:00,2011-04-12 12:16:00,1,36,135.19,30,135.19,0
17973.0,2011-10-19 10:34:00,2011-10-19 10:34:00,1,176,337.04,15,337.04,0
17974.0,2010-10-28 20:03:00,2011-11-15 11:37:00,6,1189,1739.09,279,289.8483333333333,382
17975.0,2010-08-06 11:24:00,2011-11-24 13:27:00,24,2263,7007.13,242,291.96375,475
17976.0,2010-12-02 13:49:00,2010-12-02 13:49:00,1,186,643.58,56,643.58,0
17977.0,2010-11-04 14:26:00,2011-11-10 13:28:00,2,1948,1511.45,94,755.725,370
17978.0,2009-12-08 13:27:00,2010-12-09 14:05:00,4,1796,1460.9099999999999,62,365.22749999999996,366
17979.0,2011-03-25 11:34:00,2011-11-04 12:05:00,4,379,729.01,115,182.2525,224
17980.0,2010-11-11 14:42:00,2011-06-27 12:01:00,4,771,1012.72,41,253.18,227
17981.0,2010-10-25 10:40:00,2010-10-25 10:40:00,1,260,239.12,17,239.12,0
17982.0,2010-01-28 09:38:00,2010-01-28 09:38:00,1,117,138.18,13,138.18,0
17983.0,2010-11-09 13:23:00,2010-11-09 13:24:00,1,108,171.71,23,171.71,0
17984.0,2009-12-01 11:51:00,2011-07-17 15:59:00,5,930,1107.89,206,221.57800000000003,593
17985.0,2011-11-17 14:24:00,2011-11-17 14:24:00,1,171,631.35,20,631.35,0
17986.0,2011-10-14 14:22:00,2011-10-14 14:22:00,1,10,20.8,1,20.8,0
17987.0,2010-06-07 11:23:00,2011-06-07 14:22:00,5,981,965.4399999999999,139,193.088,365
17988.0,2009-12-07 13:35:00,2011-11-28 11:00:00,13,177,476.49,112,36.653076923076924,720
17989.0,2010-11-25 13:49:00,2010-11-25 13:49:00,1,300,207.32999999999998,26,207.32999999999998,0
17990.0,2009-12-07 15:19:00,2011-04-17 11:44:00,6,777,1527.6100000000001,40,254.6016666666667,495
17991.0,2010-04-27 12:46:00,2011-04-28 15:58:00,3,86,283.35,35,94.45,366
17992.0,2010-11-15 13:04:00,2010-11-15 13:04:00,1,130,252.88,49,252.88,0
17993.0,2010-04-01 14:23:00,2010-04-01 14:23:00,1,106,223.49,59,223.49,0
17994.0,2010-03-29 10:37:00,2011-08-10 11:41:00,11,2178,2264.0299999999997,226,205.82090909090905,499
17995.0,2010-11-17 17:01:00,2011-03-03 12:30:00,3,263,495.48,28,165.16,105
17996.0,2010-06-11 11:48:00,2010-11-25 11:00:00,3,520,448.48,60,149.49333333333334,166
17997.0,2011-06-28 17:28:00,2011-09-26 16:13:00,8,2273,1962.46,133,245.3075,89
17998.0,2009-12-01 13:07:00,2010-11-24 15:31:00,3,561,639.24,57,213.08,358
17999.0,2010-11-26 13:16:00,2011-11-02 15:56:00,3,366,701.9,123,233.96666666666667,341
18000.0,2010-05-24 17:34:00,2010-05-24 17:34:00,1,109,124.25,6,124.25,0
18001.0,2009-12-02 15:38:00,2011-11-27 16:02:00,6,874,924.14,120,154.02333333333334,725
18002.0,2009-12-08 11:07:00,2010-11-29 10:57:00,4,70,237.62,51,59.405,355
18003.0,2010-11-28 15:09:00,2010-11-28 15:09:00,1,297,353.51,23,353.51,0
18004.0,2010-12-12 13:47:00,2010-12-12 13:47:00,1,75,157.92,32,157.92,0
18005.0,2011-10-23 14:40:00,2011-12-06 11:51:00,2,85,220.52,51,110.26,43
18006.0,2009-12-17 12:27:00,2011-11-16 16:52:00,4,388,927.86,56,231.965,699
18007.0,2010-11-12 11:08:00,2010-11-12 11:08:00,1,246,215.22,46,215.22,0
18008.0,2010-01-06 12:35:00,2011-09-30 15:17:00,23,7825,19759.079999999998,77,859.0904347826087,632
18009.0,2010-02-25 11:49:00,2011-04-18 13:36:00,8,615,2052.43,142,256.55375,417
18010.0,2011-03-28 12:27:00,2011-03-28 12:27:00,1,60,174.8,14,174.8,0
18011.0,2010-05-21 13:28:00,2010-12-01 17:35:00,2,196,513.58,63,256.79,194
18012.0,2009-12-16 13:16:00,2009-12-16 13:16:00,1,63,115.3,13,115.3,0
18013.0,2011-07-07 14:08:00,2011-07-07 14:11:00,2,285,187.29,31,93.645,0
18014.0,2011-11-11 15:28:00,2011-11-11 15:28:00,1,61,144.07,26,144.07,0
18015.0,2011-12-05 14:49:00,2011-12-05 14:49:00,1,157,120.03,46,120.03,0
18016.0,2010-01-27 16:00:00,2011-11-07 13:25:00,7,1207,1954.56,115,279.22285714285715,648
18017.0,2010-10-04 15:11:00,2011-09-19 16:15:00,4,400,688.0,1,172.0,350
18018.0,2010-10-15 11:05:00,2011-08-23 17:37:00,4,186,297.99,43,74.4975,312
18019.0,2011-10-19 12:10:00,2011-10-19 12:10:00,1,7,38.45,5,38.45,0
18020.0,2010-06-14 12:31:00,2010-06-14 12:31:00,1,37,113.98,10,113.98,0
18021.0,2010-07-15 18:47:00,2010-07-18 10:52:00,2,162,208.91,31,104.455,2
18022.0,2010-06-11 13:59:00,2011-11-04 12:45:00,5,1308,1506.62,305,301.32399999999996,510
18024.0,2011-07-10 12:28:00,2011-07-10 12:40:00,2,184,389.78,21,194.89,0
18025.0,2010-03-30 17:33:00,2010-11-25 12:37:00,6,1053,1177.72,83,196.28666666666666,239
18026.0,2010-07-22 16:21:00,2010-07-27 10:37:00,2,530,2074.07,12,1037.035,4
18027.0,2011-09-02 10:38:00,2011-09-02 10:38:00,1,72,100.01,20,100.01,0
18028.0,2010-05-05 13:28:00,2010-05-05 13:28:00,1,133,192.05,4,192.05,0
18029.0,2010-03-07 15:30:00,2010-03-07 15:30:00,1,253,433.77,18,433.77,0
18030.0,2011-10-28 13:55:00,2011-12-05 16:37:00,2,67,230.64999999999998,8,115.32499999999999,38
18031.0,2010-11-26 11:00:00,2010-11-26 11:00:00,1,298,451.3,49,451.3,0
18032.0,2011-01-09 15:32:00,2011-01-09 15:32:00,1,42,73.5,5,73.5,0
18033.0,2011-10-05 17:28:00,2011-10-05 17:28:00,1,252,93.82000000000001,32,93.82000000000001,0
18034.0,2010-11-29 12:36:00,2011-11-18 12:22:00,3,949,747.4,180,249.13333333333333,353
18035.0,2010-11-19 13:42:00,2011-11-04 12:39:00,5,1134,1260.23,52,252.046,349
18036.0,2009-12-18 12:04:00,2011-11-07 14:40:00,11,741,1545.49,221,140.4990909090909,689
18037.0,2009-12-01 13:48:00,2011-07-08 13:39:00,15,36,162.47,30,10.831333333333333,583
18038.0,2010-06-01 15:59:00,2010-06-01 15:59:00,1,80,141.48,25,141.48,0
18039.0,2010-03-09 11:19:00,2010-11-30 13:07:00,4,555,548.22,137,137.055,266
18040.0,2011-04-08 08:27:00,2011-11-20 14:20:00,2,148,357.20000000000005,18,178.60000000000002,226
18041.0,2010-01-14 10:04:00,2011-11-28 11:39:00,38,7784,8633.66,464,227.2015789473684,683
18042.0,2010-06-16 10:53:00,2011-10-17 11:49:00,2,69,281.15,13,140.575,488
18043.0,2010-12-08 12:35:00,2011-11-15 12:48:00,3,422,817.2,106,272.40000000000003,342
18044.0,2010-05-28 15:31:00,2011-12-05 14:26:00,18,1568,3429.11,126,190.50611111111112,555
18045.0,2011-10-25 13:07:00,2011-10-25 13:07:00,1,138,178.34,43,178.34,0
18046.0,2010-02-28 11:36:00,2010-02-28 11:36:00,1,44,189.63,26,189.63,0
18047.0,2010-11-23 12:57:00,2010-11-23 13:11:00,2,130,326.09,74,163.045,0
18048.0,2010-08-03 13:03:00,2011-05-20 14:58:00,3,256,394.93,56,131.64333333333335,290
18049.0,2010-04-28 13:24:00,2010-09-28 14:26:00,2,400,500.5,81,250.25,153
18050.0,2010-11-11 15:51:00,2010-12-15 14:25:00,2,250,412.06,22,206.03,33
18051.0,2009-12-09 12:17:00,2010-03-15 13:58:00,7,1637,2180.28,40,311.46857142857147,96
18052.0,2010-05-24 11:11:00,2010-05-24 11:11:00,1,17766,10877.18,16,10877.18,0
18053.0,2010-06-30 12:36:00,2011-09-30 09:05:00,3,331,372.17,22,124.05666666666667,456
18054.0,2010-11-12 08:18:00,2010-11-12 08:18:00,1,96,176.5,11,176.5,0
18055.0,2010-10-22 13:27:00,2011-12-02 14:25:00,14,3824,11092.12,319,792.2942857142858,406
18056.0,2010-03-31 12:29:00,2011-02-24 14:27:00,2,334,554.6,28,277.3,330
18057.0,2010-01-18 12:42:00,2010-11-11 16:55:00,3,930,1168.14,120,389.38000000000005,297
18058.0,2010-02-10 09:38:00,2011-11-30 08:38:00,3,394,774.06,12,258.02,657
18059.0,2011-10-03 09:30:00,2011-11-16 16:49:00,3,258,306.46,17,102.15333333333332,44
18060.0,2010-05-24 08:34:00,2010-10-27 16:41:00,2,893,1152.31,72,576.155,156
18061.0,2009-12-04 11:36:00,2011-11-18 11:20:00,28,3607,6488.97,30,231.7489285714286,713
18062.0,2010-04-21 08:55:00,2011-06-19 14:47:00,6,831,1632.67,46,272.1116666666667,424
18063.0,2010-03-16 13:05:00,2010-11-14 10:46:00,2,48,186.60000000000002,2,93.30000000000001,242
18064.0,2010-02-01 15:01:00,2011-07-29 16:39:00,11,2685,4481.83,53,407.4390909090909,543
18065.0,2009-12-09 16:00:00,2011-12-04 10:30:00,28,2237,5742.38,190,205.085,724
18066.0,2010-10-20 11:42:00,2011-09-25 15:30:00,3,535,1440.4,37,480.1333333333334,340
18067.0,2011-10-30 15:58:00,2011-10-30 15:58:00,1,189,396.33,36,396.33,0
18068.0,2011-02-23 14:50:00,2011-02-23 14:50:00,1,6,101.69999999999999,1,101.69999999999999,0
18069.0,2010-02-28 16:14:00,2011-11-13 16:03:00,11,3163,4430.77,599,402.79727272727274,622
18070.0,2010-02-08 13:28:00,2010-02-08 13:28:00,1,86,314.1,9,314.1,0
18071.0,2009-12-05 10:31:00,2011-03-27 11:59:00,6,835,1428.63,52,238.10500000000002,477
18072.0,2011-06-07 10:44:00,2011-06-07 10:44:00,1,264,200.64,17,200.64,0
18073.0,2011-05-26 19:38:00,2011-08-17 14:02:00,12,3098,3799.82,22,316.6516666666667,82
18074.0,2010-07-22 10:31:00,2010-12-01 09:53:00,2,551,1509.04,37,754.52,131
18075.0,2010-07-29 11:47:00,2011-11-16 15:21:00,20,3278,5768.4400000000005,179,288.422,475
18076.0,2010-11-24 14:02:00,2010-11-24 14:02:00,1,164,151.49,8,151.49,0
18077.0,2009-12-07 11:40:00,2011-12-01 13:32:00,18,2945,3656.36,137,203.13111111111112,724
18078.0,2010-03-21 15:50:00,2011-05-06 14:32:00,4,370,725.53,65,181.3825,410
18079.0,2010-08-05 12:19:00,2011-10-25 15:27:00,5,8730,4203.93,107,840.7860000000001,446
18080.0,2011-04-11 10:10:00,2011-11-21 08:02:00,2,642,1231.5,2,615.75,223
18081.0,2011-07-29 11:56:00,2011-11-03 16:30:00,3,195,343.45,14,114.48333333333333,97
18082.0,2011-11-14 12:45:00,2011-11-14 12:45:00,1,608,680.84,62,680.84,0
18083.0,2010-11-07 11:44:00,2010-11-07 11:44:00,1,262,387.03,35,387.03,0
18084.0,2010-11-16 08:09:00,2011-11-23 13:57:00,3,755,795.2299999999999,7,265.07666666666665,372
18085.0,2010-03-21 11:57:00,2011-01-13 15:17:00,4,582,1627.9,41,406.975,298
18086.0,2011-03-10 13:34:00,2011-03-10 13:34:00,1,106,101.34,7,101.34,0
18087.0,2009-12-01 09:43:00,2011-02-22 10:43:00,16,7774,13908.72,43,869.295,448
18088.0,2011-10-09 13:41:00,2011-10-09 13:41:00,1,107,166.03,35,166.03,0
18089.0,2010-09-19 11:57:00,2010-09-19 11:57:00,1,89,392.75,8,392.75,0
18090.0,2010-10-14 12:32:00,2010-10-14 12:32:00,1,307,321.9,47,321.9,0
18091.0,2010-04-25 13:18:00,2010-04-25 13:18:00,1,539,360.85,25,360.85,0
18092.0,2009-12-04 12:37:00,2011-12-07 13:14:00,18,8350,15238.64,38,846.5911111111111,733
18093.0,2010-03-31 10:27:00,2011-09-07 15:43:00,8,2925,3394.31,37,424.28875,525
18094.0,2010-01-07 11:16:00,2011-09-19 09:28:00,13,4152,6310.52,54,485.42461538461544,619
18095.0,2010-04-19 14:09:00,2011-01-31 12:50:00,5,1623,2303.09,37,460.61800000000005,286
18096.0,2010-07-14 14:30:00,2011-11-28 12:44:00,6,1379,1635.61,297,272.60166666666663,501
18097.0,2009-12-17 11:06:00,2011-12-02 11:16:00,11,2704,4578.12,85,416.19272727272727,715
18098.0,2010-11-08 16:31:00,2010-11-08 16:31:00,1,215,527.94,85,527.94,0
18099.0,2011-08-04 15:52:00,2011-08-04 15:52:00,1,149,168.31,19,168.31,0
18100.0,2010-06-07 14:19:00,2010-06-07 14:19:00,1,440,451.56,30,451.56,0
18101.0,2010-02-03 13:52:00,2011-11-28 13:37:00,5,247,622.01,89,124.402,662
18102.0,2009-12-01 09:24:00,2011-12-09 11:50:00,145,181488,595861.93,372,4109.392620689656,738
18103.0,2010-06-08 13:36:00,2010-06-08 13:36:00,1,23,105.8,10,105.8,0
18104.0,2011-11-02 14:07:00,2011-11-02 14:07:00,1,362,754.64,38,754.64,0
18105.0,2011-11-02 12:04:00,2011-11-02 12:04:00,1,46,113.48000000000002,18,113.48000000000002,0
18106.0,2010-01-15 11:36:00,2011-01-14 12:23:00,6,506,1441.06,126,240.17666666666665,364
18107.0,2010-09-23 13:03:00,2010-09-23 13:03:00,1,65,165.88,38,165.88,0
18108.0,2009-12-02 12:47:00,2011-03-30 13:56:00,3,261,848.8100000000001,43,282.93666666666667,483
18109.0,2010-07-01 12:13:00,2011-12-08 11:36:00,38,4869,9793.56,201,257.72526315789474,524
18110.0,2010-10-24 14:21:00,2011-11-20 12:34:00,2,169,392.28000000000003,58,196.14000000000001,391
18111.0,2010-04-29 12:58:00,2010-04-29 12:58:00,1,232,405.85,27,405.85,0
18112.0,2010-06-06 12:40:00,2011-11-27 14:43:00,4,443,773.36,59,193.34,539
18113.0,2010-12-06 12:31:00,2010-12-06 12:31:00,1,144,152.64000000000001,1,152.64000000000001,0
18114.0,2011-02-22 13:20:00,2011-02-22 13:20:00,1,54,214.15,27,214.15,0
18115.0,2010-01-11 11:57:00,2010-01-11 11:57:00,1,3,9.700000000000001,3,9.700000000000001,0
18116.0,2010-10-24 15:29:00,2011-10-03 11:00:00,13,1238,2105.56,307,161.96615384615384,343
18117.0,2011-11-14 12:47:00,2011-11-14 12:47:00,1,604,314.4,67,314.4,0
18118.0,2010-11-23 13:36:00,2011-11-29 11:32:00,29,3372,6627.28,441,228.52689655172412,370
18119.0,2010-12-07 11:59:00,2010-12-07 11:59:00,1,248,361.4,29,361.4,0
18120.0,2011-05-09 13:45:00,2011-05-09 13:45:00,1,31,111.15,17,111.15,0
18121.0,2011-07-08 12:14:00,2011-07-13 12:53:00,2,438,653.3,28,326.65,5
18122.0,2011-07-12 11:37:00,2011-12-01 13:08:00,6,1215,1791.84,238,298.64,142
18123.0,2010-07-14 12:47:00,2011-11-15 14:23:00,3,616,666.64,53,222.21333333333334,489
18124.0,2010-08-24 17:21:00,2010-08-24 17:21:00,1,47,102.65,20,102.65,0
18125.0,2011-01-27 15:02:00,2011-11-10 12:29:00,4,800,1131.75,164,282.9375,286
18126.0,2011-10-10 12:19:00,2011-10-10 12:19:00,1,128,190.33,50,190.33,0
18127.0,2010-11-01 13:56:00,2011-11-20 14:05:00,4,250,556.13,56,139.0325,384
18128.0,2010-06-20 13:19:00,2010-06-20 13:19:00,1,214,387.39,41,387.39,0
18129.0,2011-04-10 14:16:00,2011-04-10 14:16:00,1,48,112.55000000000001,13,112.55000000000001,0
18130.0,2011-10-13 15:58:00,2011-11-24 14:40:00,3,812,1035.99,57,345.33,41
18131.0,2010-03-18 08:48:00,2010-03-18 08:48:00,1,552,222.95999999999998,4,222.95999999999998,0
18132.0,2010-07-23 16:54:00,2010-07-23 16:54:00,1,212,220.13,60,220.13,0
18133.0,2011-05-11 14:14:00,2011-05-11 14:14:00,1,1350,931.4999999999999,1,931.4999999999999,0
18134.0,2010-01-14 11:59:00,2010-04-20 14:02:00,2,128,445.0,27,222.5,96
18135.0,2010-03-15 13:55:00,2011-11-10 19:32:00,10,753,1249.6200000000001,23,124.96200000000002,605
18136.0,2010-09-14 15:50:00,2011-10-07 15:40:00,5,848,1616.3600000000001,76,323.27200000000005,387
18137.0,2010-06-06 13:45:00,2010-06-06 14:18:00,2,59,145.99,26,72.995,0
18138.0,2011-02-17 14:51:00,2011-02-17 14:51:00,1,38,152.65,8,152.65,0
18139.0,2011-11-21 14:06:00,2011-11-22 10:44:00,6,5557,8438.34,35,1406.39,0
18140.0,2010-08-23 11:58:00,2010-08-23 11:58:00,1,395,536.41,49,536.41,0
18141.0,2010-04-29 15:32:00,2010-11-03 11:44:00,2,433,882.47,38,441.235,187
18142.0,2011-05-08 12:31:00,2011-07-05 13:19:00,2,1276,1019.52,9,509.76,58
18143.0,2011-07-21 10:44:00,2011-08-15 12:07:00,2,570,1000.16,59,500.08,25
18144.0,2009-12-16 15:57:00,2011-12-02 12:46:00,19,2227,5047.8,50,265.67368421052635,715
18145.0,2009-12-08 12:30:00,2011-11-27 11:22:00,11,5086,5563.84,247,505.8036363636364,718
18146.0,2011-05-03 16:35:00,2011-07-22 12:08:00,2,153,160.35000000000002,10,80.17500000000001,79
18147.0,2011-08-23 12:22:00,2011-10-25 11:46:00,2,203,179.33999999999997,7,89.66999999999999,62
18148.0,2010-03-03 11:40:00,2010-03-03 11:40:00,1,63,112.85000000000001,9,112.85000000000001,0
18149.0,2010-03-14 12:41:00,2011-10-20 12:04:00,7,869,1553.96,54,221.99428571428572,584
18150.0,2011-05-22 10:47:00,2011-11-07 16:49:00,3,332,566.58,29,188.86,169
18151.0,2010-03-04 10:47:00,2011-07-28 11:35:00,6,956,1755.74,93,292.62333333333333,511
18152.0,2010-03-03 15:26:00,2010-03-03 15:26:00,1,75,426.69,10,426.69,0
18153.0,2010-02-18 15:50:00,2010-02-18 15:50:00,1,200,246.22,17,246.22,0
18154.0,2010-08-06 09:18:00,2011-12-06 16:41:00,5,626,932.6,34,186.52,487
18155.0,2011-02-21 10:36:00,2011-09-25 13:32:00,3,266,371.62,19,123.87333333333333,216
18156.0,2010-12-05 12:29:00,2011-11-27 12:24:00,2,347,842.72,99,421.36,356
18157.0,2010-05-17 14:09:00,2010-05-17 14:09:00,1,145,213.9,25,213.9,0
18158.0,2011-09-12 09:03:00,2011-11-30 16:19:00,2,354,453.4,24,226.7,79
18159.0,2011-02-11 14:26:00,2011-02-11 14:26:00,1,139,530.15,23,530.15,0
18160.0,2010-11-18 16:33:00,2011-10-13 15:50:00,3,515,984.08,55,328.0266666666667,328
18161.0,2010-11-25 15:55:00,2011-11-24 16:40:00,6,961,1783.3,56,297.21666666666664,364
18162.0,2009-12-07 13:24:00,2009-12-07 13:24:00,1,332,371.51,45,371.51,0
18163.0,2010-05-04 14:51:00,2010-05-04 14:51:00,1,452,728.84,33,728.84,0
18164.0,2011-11-02 12:56:00,2011-11-02 12:56:00,1,180,379.85,23,379.85,0
18165.0,2011-06-15 13:23:00,2011-06-15 13:23:00,1,254,302.46000000000004,10,302.46000000000004,0
18166.0,2010-03-26 12:26:00,2010-03-26 12:26:00,1,90,175.5,10,175.5,0
18167.0,2011-08-26 11:40:00,2011-11-16 15:56:00,3,370,1333.8600000000001,23,444.62000000000006,82
18168.0,2009-12-03 17:29:00,2011-06-16 19:21:00,16,2128,3698.8,209,231.175,560
18169.0,2011-10-10 12:18:00,2011-10-10 12:18:00,1,61,202.65,9,202.65,0
18170.0,2010-01-08 14:10:00,2011-11-06 14:35:00,9,1184,2878.0,59,319.77777777777777,667
18171.0,2010-01-05 10:46:00,2011-10-12 09:13:00,9,991,2437.31,76,270.8122222222222,644
18172.0,2009-12-11 09:58:00,2011-11-25 11:12:00,52,7395,17452.24,175,335.62,714
18173.0,2010-04-06 10:43:00,2011-09-14 11:26:00,5,1730,2696.36,34,539.272,526
18174.0,2010-04-15 12:17:00,2011-12-02 16:56:00,2,80,162.5,1,81.25,596
18175.0,2010-02-02 10:25:00,2010-02-02 10:25:00,1,70,176.1,7,176.1,0
18176.0,2010-12-16 15:45:00,2010-12-16 15:45:00,1,283,476.35,30,476.35,0
18177.0,2009-12-15 18:57:00,2011-11-08 14:44:00,9,1238,2216.32,66,246.2577777777778,692
18178.0,2010-02-18 14:25:00,2011-08-03 09:30:00,11,3838,6088.74,203,553.5218181818182,530
18179.0,2010-02-14 15:51:00,2011-11-30 16:23:00,8,1811,2547.55,101,318.44375,654
18180.0,2011-07-20 08:59:00,2011-12-05 08:39:00,6,1721,1843.75,108,307.2916666666667,137
18181.0,2009-12-04 15:30:00,2011-11-15 15:08:00,5,509,1187.39,138,237.478,710
18182.0,2010-09-02 14:25:00,2010-09-02 14:25:00,1,167,291.13,10,291.13,0
18183.0,2011-03-10 10:08:00,2011-04-26 15:26:00,2,371,632.07,36,316.035,47
18184.0,2011-11-24 15:28:00,2011-11-24 15:28:00,1,60,49.8,1,49.8,0
18185.0,2011-04-04 13:42:00,2011-04-04 13:42:00,1,183,304.25,17,304.25,0
18186.0,2009-12-17 10:22:00,2009-12-17 10:22:00,1,338,329.58,11,329.58,0
18187.0,2010-03-18 09:49:00,2010-03-18 09:49:00,1,307,707.04,47,707.04,0
18188.0,2010-03-26 11:37:00,2011-11-24 16:46:00,6,1828,3127.59,92,521.265,608
18189.0,2010-03-24 09:57:00,2011-09-23 12:40:00,3,824,1388.73,78,462.91,548
18190.0,2009-12-22 12:05:00,2011-05-31 14:48:00,5,490,745.62,34,149.124,525
18191.0,2010-08-19 17:42:00,2011-03-23 12:08:00,2,332,529.4,15,264.7,215
18192.0,2011-09-29 09:53:00,2011-09-29 09:53:00,1,339,957.97,45,957.97,0
18193.0,2010-09-23 13:33:00,2011-06-27 13:58:00,3,926,1207.35,66,402.45,277
18194.0,2010-01-28 15:30:00,2011-09-18 13:29:00,6,1774,4162.04,23,693.6733333333333,597
18195.0,2010-11-17 15:03:00,2010-11-17 15:03:00,1,60,101.16,5,101.16,0
18196.0,2010-03-17 14:55:00,2011-09-05 16:22:00,4,1006,1378.77,203,344.6925,537
18197.0,2010-05-13 10:46:00,2010-05-13 10:46:00,1,166,230.1,9,230.1,0
18198.0,2011-01-07 13:39:00,2011-12-05 14:49:00,17,4074,5425.56,81,319.15058823529415,332
18199.0,2010-01-25 11:32:00,2010-01-25 11:32:00,1,99,344.75,20,344.75,0
18200.0,2011-08-25 18:45:00,2011-08-25 18:45:00,1,104,150.35,29,150.35,0
18201.0,2009-12-17 08:55:00,2009-12-17 08:55:00,1,191,447.53000000000003,27,447.53000000000003,0
18202.0,2011-02-01 13:36:00,2011-05-24 12:12:00,3,581,1396.99,55,465.66333333333336,111
18203.0,2009-12-08 13:19:00,2011-07-05 13:07:00,4,109,482.52,39,120.63,573
18204.0,2011-05-31 15:26:00,2011-09-29 16:44:00,3,1190,1975.35,159,658.4499999999999,121
18205.0,2011-09-26 12:02:00,2011-11-03 13:22:00,2,192,517.36,30,258.68,38
18206.0,2010-06-04 13:47:00,2010-06-04 13:47:00,1,246,314.65999999999997,19,314.65999999999997,0
18207.0,2010-07-28 14:26:00,2010-07-28 14:26:00,1,325,544.47,31,544.47,0
18208.0,2010-05-23 11:54:00,2010-05-23 11:54:00,1,82,360.08,17,360.08,0
18209.0,2011-11-11 12:07:00,2011-11-11 12:07:00,1,58,139.10000000000002,8,139.10000000000002,0
18210.0,2010-11-22 09:39:00,2011-12-08 11:02:00,7,1499,2768.83,116,395.54714285714283,381
18211.0,2011-03-06 12:09:00,2011-11-14 08:10:00,5,359,600.07,37,120.01400000000001,252
18212.0,2010-01-31 14:42:00,2011-01-17 16:14:00,2,158,514.37,40,257.185,351
18213.0,2011-04-17 10:21:00,2011-04-17 10:21:00,1,232,232.48000000000002,15,232.48000000000002,0
18214.0,2010-06-03 19:47:00,2010-06-27 11:21:00,4,989,1780.34,38,445.085,23
18215.0,2010-03-26 13:03:00,2011-09-11 16:05:00,5,1131,2232.4900000000002,53,446.49800000000005,534
18216.0,2011-11-08 16:55:00,2011-11-08 16:55:00,1,200,481.75,26,481.75,0
18217.0,2010-07-01 15:39:00,2011-11-10 13:18:00,4,736,925.24,32,231.31,496
18218.0,2010-02-17 15:11:00,2011-05-12 12:53:00,4,1028,1121.84,25,280.46,448
18219.0,2009-12-07 13:17:00,2011-12-07 11:43:00,17,1605,3440.4900000000002,83,202.38176470588238,729
18220.0,2009-12-15 11:42:00,2011-04-27 09:03:00,6,1352,1921.76,17,320.29333333333335,497
18221.0,2010-11-14 15:46:00,2011-11-17 14:40:00,6,1000,1424.94,71,237.49,367
18222.0,2011-09-08 10:45:00,2011-09-08 10:45:00,1,335,443.0,19,443.0,0
18223.0,2009-12-04 12:20:00,2011-12-05 09:11:00,26,6623,13875.9,191,533.6884615384615,730
18224.0,2011-03-21 10:30:00,2011-03-21 10:30:00,1,69,158.95000000000002,10,158.95000000000002,0
18225.0,2009-12-04 16:52:00,2011-12-06 13:27:00,26,7298,13044.8,266,501.7230769230769,731
18226.0,2010-03-05 10:05:00,2011-10-26 13:36:00,26,7879,11863.88,298,456.3030769230769,600
18227.0,2010-08-12 16:45:00,2011-05-06 12:23:00,2,22,388.75,6,194.375,266
18228.0,2011-09-21 10:48:00,2011-10-14 09:21:00,2,238,779.9,23,389.95,22
18229.0,2009-12-03 14:42:00,2011-11-28 09:48:00,28,3087,10703.87,70,382.28107142857147,724
18230.0,2010-07-02 10:01:00,2011-11-30 13:22:00,9,1996,4291.06,42,476.7844444444445,516
18231.0,2010-01-10 12:13:00,2011-05-31 14:18:00,28,2913,6848.27,217,244.58107142857145,506
18232.0,2011-05-26 16:30:00,2011-09-19 11:49:00,4,298,573.1700000000001,30,143.29250000000002,115
18233.0,2011-01-18 08:44:00,2011-01-18 08:44:00,1,4,440.0,1,440.0,0
18234.0,2010-06-06 11:22:00,2010-06-06 11:22:00,1,78,169.7,29,169.7,0
18235.0,2011-05-06 13:35:00,2011-09-29 08:27:00,3,1578,1796.48,100,598.8266666666667,145
18236.0,2010-04-15 13:39:00,2011-11-10 08:06:00,12,696,1795.3500000000001,80,149.6125,573
18237.0,2011-07-28 13:05:00,2011-12-07 12:49:00,5,622,987.1,40,197.42000000000002,131
18238.0,2010-07-12 12:51:00,2010-07-12 12:51:00,1,114,270.92,14,270.92,0
18239.0,2010-10-13 10:11:00,2011-05-05 12:38:00,6,1052,2150.36,85,358.3933333333334,204
18240.0,2011-10-24 13:06:00,2011-10-24 13:06:00,1,66,125.58000000000001,5,125.58000000000001,0
18241.0,2010-04-01 11:55:00,2011-11-30 12:10:00,21,1471,2986.9900000000002,101,142.23761904761906,608
18242.0,2010-01-11 08:49:00,2011-09-28 13:43:00,8,2013,3565.61,112,445.70125,625
18243.0,2010-10-21 14:29:00,2010-10-21 14:29:00,1,221,515.78,26,515.78,0
18244.0,2010-07-25 10:30:00,2010-10-05 11:15:00,2,856,568.64,19,284.32,72
18245.0,2010-03-08 15:26:00,2011-12-02 14:48:00,20,5080,6252.9800000000005,333,312.649,633
18246.0,2010-04-09 10:19:00,2011-11-16 11:49:00,3,214,758.8199999999999,3,252.93999999999997,586
18247.0,2010-03-18 15:52:00,2010-10-21 09:49:00,3,335,839.73,28,279.91,216
18248.0,2011-06-06 13:18:00,2011-08-09 10:19:00,2,511,804.02,39,402.01,63
18249.0,2011-11-22 15:07:00,2011-11-22 15:07:00,1,128,95.34,8,95.34,0
18250.0,2011-02-02 13:16:00,2011-02-02 13:16:00,1,199,349.27,21,349.27,0
18251.0,2009-12-22 12:01:00,2011-09-13 15:03:00,9,39639,26278.86,87,2919.8733333333334,630
18252.0,2009-12-18 16:13:00,2011-10-20 12:43:00,7,922,1475.19,123,210.74142857142857,670
18253.0,2010-03-07 12:38:00,2010-03-07 12:38:00,1,128,317.88,7,317.88,0
18254.0,2010-05-07 14:37:00,2010-05-07 14:37:00,1,188,267.9,16,267.9,0
18255.0,2010-09-09 16:31:00,2011-09-11 13:16:00,2,201,303.15,16,151.575,366
18256.0,2010-11-17 08:53:00,2010-11-17 08:53:00,1,180,110.7,10,110.7,0
18257.0,2010-02-18 16:20:00,2011-10-31 14:48:00,12,2368,4585.15,218,382.0958333333333,619
18258.0,2010-05-16 11:35:00,2010-09-01 14:20:00,6,1873,1938.3500000000001,29,323.05833333333334,108
18259.0,2009-12-08 08:38:00,2011-11-15 12:34:00,7,1390,4318.200000000001,51,616.8857142857144,707
18260.0,2009-12-15 13:50:00,2011-06-20 12:37:00,23,5244,9947.26,212,432.4895652173913,551
18261.0,2011-09-05 09:34:00,2011-10-27 15:36:00,2,146,324.24,19,162.12,52
18262.0,2010-04-16 09:05:00,2011-07-22 16:04:00,3,552,577.54,40,192.51333333333332,462
18263.0,2011-04-01 11:48:00,2011-11-14 09:00:00,3,1444,1194.2,58,398.06666666666666,226
18264.0,2010-07-29 10:02:00,2010-07-29 10:02:00,1,241,603.25,36,603.25,0
18265.0,2011-07-04 15:26:00,2011-09-28 14:10:00,2,305,751.71,42,375.855,85
18266.0,2010-10-01 15:33:00,2010-10-01 15:33:00,1,138,251.1,14,251.1,0
18267.0,2010-02-05 08:43:00,2010-02-05 08:43:00,1,135,269.37,17,269.37,0
18268.0,2009-12-11 10:27:00,2011-07-28 19:13:00,6,609,1305.55,35,217.59166666666667,594
18269.0,2010-12-08 13:53:00,2010-12-08 13:53:00,1,152,337.2,7,337.2,0
18270.0,2010-10-03 10:49:00,2011-11-01 13:57:00,3,209,444.55,17,148.18333333333334,394
18271.0,2009-12-08 11:27:00,2010-04-09 09:26:00,2,319,680.85,19,340.425,121
18272.0,2010-03-04 12:53:00,2011-12-07 12:43:00,9,2732,4310.02,142,478.8911111111112,642
18273.0,2010-04-28 12:24:00,2011-12-07 13:16:00,4,140,357.0,1,89.25,588
18274.0,2011-11-09 17:03:00,2011-11-09 17:03:00,1,84,156.12,10,156.12,0
18275.0,2009-12-08 16:23:00,2010-05-10 15:46:00,2,417,741.85,19,370.925,152
18276.0,2009-12-10 17:14:00,2011-10-27 10:54:00,6,1246,1656.52,81,276.08666666666664,685
18277.0,2010-08-02 10:26:00,2011-10-12 15:22:00,5,441,1131.05,51,226.20999999999998,436
18278.0,2010-10-31 12:13:00,2011-09-27 11:58:00,2,140,414.20000000000005,22,207.10000000000002,330
18279.0,2010-07-08 14:48:00,2010-07-08 14:48:00,1,630,231.33999999999997,13,231.33999999999997,0
18280.0,2010-11-10 15:51:00,2011-03-07 09:52:00,2,194,488.15000000000003,28,244.07500000000002,116
18281.0,2010-05-11 10:49:00,2011-06-12 10:53:00,2,146,201.14,17,100.57,397
18282.0,2011-08-05 13:35:00,2011-12-02 11:43:00,2,103,178.05,12,89.025,118
18283.0,2010-02-19 17:16:00,2011-12-06 12:02:00,22,1677,2658.95,351,120.86136363636363,654
18284.0,2010-10-04 11:33:00,2010-10-04 11:33:00,1,493,411.68,27,411.68,0
18285.0,2010-02-17 10:24:00,2010-02-17 10:24:00,1,144,377.0,11,377.0,0
18286.0,2009-12-16 10:45:00,2010-08-20 11:57:00,2,607,1246.43,66,623.215,247
18287.0,2010-05-17 11:55:00,2011-10-28 09:29:00,7,3012,4132.99,119,590.4271428571428,528
