StockCode,canonical_description,total_units_sold,gross_revenue,number_of_orders,number_of_customers,return_value,net_revenue
10002,INFLATABLE POLITICAL GLOBE ,8831.0,7093.65,362.0,164.0,-883.5500000000001,6210.099999999999
10002R,ROBOT PENCIL SHARPNER,4.0,20.57,3.0,0.0,0.0,20.57
10080,GROOVY CACTUS INFLATABLE,315.0,129.29,27.0,23.0,0.0,129.29
10109,BENDY COLOUR PENCILS,4.0,1.68,1.0,1.0,0.0,1.68
10120,DOGGY RUBBER,679.0,145.89,73.0,52.0,-6.3,139.58999999999997
10123C,HEARTS WRAPPING TAPE ,651.0,255.06,63.0,39.0,-12.540000000000001,242.52
10123G,ARMY CAMO WRAPPING TAPE,2251.0,165.55999999999997,16.0,12.0,-66.24,99.31999999999998
10124A,SPOTS ON RED BOOKCOVER TAPE,62.0,26.04,18.0,18.0,0.0,26.04
10124G,ARMY CAMO BOOKCOVER TAPE,38.0,16.38,10.0,9.0,0.0,16.38
10125,MINI FUNKY DESIGN TAPES,2148.0,1755.65,167.0,87.0,0.0,1755.65
10133,COLOURING PENCILS BROWN TUBE,3871.0,2402.97,289.0,153.0,-12.7,2390.27
10134,COLOURING PENCILS BROWN TUBE,625.0,721.13,52.0,44.0,-12.5,708.63
10135,COLOURING PENCILS BROWN TUBE,4271.0,4640.1,324.0,178.0,-13.75,4626.35
10138,ASSORTED COLOUR JUMBO PEN,261.0,111.22,21.0,14.0,-81.9,29.319999999999993
11001,ASSTD DESIGN RACING CAR PEN,4882.0,7504.9,251.0,118.0,-1095.08,6409.82
15030,FAN BLACK FRAME ,254.0,73.66,26.0,23.0,0.0,73.66
15034,PAPER POCKET TRAVELING FAN ,10182.0,1422.45,255.0,123.0,-116.06000000000002,1306.39
15036,ASSORTED COLOURS SILK FAN,44365.0,33041.55,991.0,303.0,-644.03,32397.520000000004
15039,SANDALWOOD FAN,5117.0,4360.03,306.0,127.0,-22.95,4337.08
15044A,PINK PAPER PARASOL ,4964.0,13210.85,250.0,116.0,-8.05,13202.800000000001
15044B,BLUE PAPER PARASOL ,1673.0,4655.94,189.0,97.0,-2.95,4652.99
15044C,PURPLE PAPER PARASOL,970.0,3042.03,231.0,100.0,-13.95,3028.0800000000004
15044D,RED PAPER PARASOL,1597.0,4565.56,227.0,105.0,-26.150000000000002,4539.410000000001
15056N,EDWARDIAN PARASOL NATURAL,11366.0,58403.79,1033.0,347.0,-840.55,57563.24
15056P,EDWARDIAN PARASOL PINK,2526.0,12479.470000000001,344.0,186.0,-1091.05,11388.420000000002
15056n,EDWARDIAN PARASOL NATURAL,180.0,2259.44,116.0,0.0,0.0,2259.44
15056p,EDWARDIAN PARASOL PINK,50.0,628.72,38.0,0.0,0.0,628.72
15058A,BLUE POLKADOT GARDEN PARASOL,476.0,3153.73,148.0,76.0,-120.75,3032.98
15058B,PINK POLKADOT GARDEN PARASOL,438.0,3327.67,156.0,65.0,-69.15,3258.52
15058C,ICE CREAM DESIGN GARDEN PARASOL,470.0,2753.72,122.0,56.0,-23.8,2729.9199999999996
15059A,ENGLISH ROSE EDWARDIAN PARASOL,509.0,1567.0,4.0,1.0,0.0,1567.0
15060B,FAIRY CAKE DESIGN UMBRELLA,1437.0,6554.83,449.0,174.0,-42.22,6512.61
15060b,FAIRY CAKE DESIGN UMBRELLA,5.0,41.81,5.0,0.0,0.0,41.81
16008,SMALL FOLDING SCISSOR(POINTED EDGE),3143.0,423.46,85.0,64.0,0.0,423.46
16010,FOLDING CAMPING SCISSOR W/KNIF & S,44.0,5.279999999999999,4.0,4.0,0.0,5.279999999999999
16011,ANIMAL STICKERS,3858.0,808.98,112.0,83.0,-5.04,803.94
16012,FOOD/DRINK SPONGE STICKERS,2925.0,613.05,83.0,67.0,0.0,613.05
16014,SMALL CHINESE STYLE SCISSOR,30370.0,9839.4,93.0,46.0,0.0,9839.4
16015,MEDIUM CHINESE STYLE SCISSOR,1573.0,711.88,65.0,40.0,0.0,711.88
16016,LARGE CHINESE STYLE SCISSOR,2338.0,1891.1,106.0,57.0,0.0,1891.1
16020C,CLEAR STATIONERY BOX SET ,160.0,134.5,39.0,22.0,0.0,134.5
16033,MINI HIGHLIGHTER PENS,15121.0,1544.52,50.0,43.0,-57.599999999999994,1486.92
16043,POP ART PUSH DOWN RUBBER ,2145.0,180.29999999999998,13.0,11.0,-67.67999999999999,112.61999999999999
16044,POP-ART FLUORESCENT PENS,6193.0,389.22,3.0,2.0,0.0,389.22
16045,POPART WOODEN PENCILS ASST,9312.0,429.44,74.0,65.0,0.0,429.44
16046,TEATIME PEN CASE & PENS,10057.0,1224.35,59.0,44.0,-389.03999999999996,835.31
16047,POP ART PEN CASE & PENS,10612.0,1054.7,31.0,21.0,-414.72,639.98
16048,TEATIME ROUND PENCIL SHARPENER ,3461.0,537.06,105.0,59.0,0.0,537.06
16049,TEATIME GEL PENS ASST,3169.0,560.48,32.0,22.0,0.0,560.48
16050,TEATIME PENCIL WITH RUBBER,151.0,46.45,8.0,4.0,0.0,46.45
16051,TEATIME PENCIL W STAMP ASST,941.0,84.69,4.0,3.0,0.0,84.69
16052,TEATIME PUSH DOWN RUBBER,850.0,283.0,35.0,18.0,-10.08,272.92
16053,POPART COL BALLPOINT PEN ASST,4313.0,185.73,10.0,8.0,-60.0,125.72999999999999
16054,POPART RECT PENCIL SHARPENER ASST,1210.0,159.0,39.0,32.0,-12.959999999999999,146.04
16119,FUNKY GIRL ADDRESS BOOK,273.0,130.71,8.0,7.0,0.0,130.71
16151A,FLOWERS HANDBAG blue and orange,52.0,72.5,5.0,5.0,0.0,72.5
16156L,"WRAP, CAROUSEL",950.0,399.0,36.0,33.0,0.0,399.0
16156N,"WRAP, FRIENDSHIP ON GREEN",1475.0,619.5,56.0,51.0,0.0,619.5
16156S,WRAP PINK FAIRY CAKES ,16761.0,6600.62,419.0,271.0,-61.32,6539.3
16161C,WRAP SPEED DEMONS ,450.0,45.0,2.0,2.0,0.0,45.0
16161E,WRAP BOUDOIR ,750.0,75.0,9.0,8.0,0.0,75.0
16161G,WRAP BAD HAIR DAY,975.0,97.5,33.0,31.0,0.0,97.5
16161M,WRAP  PINK FLOCK,1075.0,449.5,39.0,36.0,-10.5,439.0
16161P,WRAP ENGLISH ROSE ,13223.0,5445.9,440.0,289.0,-10.5,5435.4
16161U,WRAP SUKI AND FRIENDS,10076.0,4105.92,318.0,203.0,-31.5,4074.42
16162L,THE KING GIFT BAG,8101.0,570.4300000000001,30.0,16.0,-187.20000000000002,383.23
16162M,THE KING GIFT BAG 25x24x12cm,88.0,36.96,13.0,10.0,0.0,36.96
16168M,FUNKY MONKEY GIFT BAG MEDIUM,1713.0,525.01,101.0,42.0,0.0,525.01
16168S,FUNKY MONKEY GIFT BAG SMALL,1283.0,126.82999999999998,11.0,4.0,0.0,126.82999999999998
16169A,WRAP CHRISTMAS DECOUPAGE,25.0,10.5,1.0,1.0,0.0,10.5
16169C,WRAP BLUE REINDEER,1350.0,567.0,43.0,42.0,0.0,567.0
16169D,WRAP WINTER FOREST,250.0,105.0,9.0,9.0,0.0,105.0
16169E,WRAP 50'S  CHRISTMAS,4563.0,1892.46,149.0,143.0,-52.5,1839.96
16169F,WRAP BLIZZARD,975.0,409.5,34.0,34.0,0.0,409.5
16169G,WRAP ROMANTIC DECOUPAGE,25.0,10.5,1.0,1.0,0.0,10.5
16169K,WRAP FOLK ART,2100.0,669.25,60.0,56.0,0.0,669.25
16169M,WRAP DAISY CARPET ,2060.0,640.95,59.0,56.0,0.0,640.95
16169N,WRAP BLUE RUSSIAN FOLKART,2050.0,636.75,56.0,52.0,0.0,636.75
16169P,WRAP GREEN RUSSIAN FOLKART ,1750.0,533.75,48.0,46.0,-10.5,523.25
16192,PINK BALLET OPENING CUBE BOX ,3.0,12.899999999999999,1.0,0.0,0.0,12.899999999999999
16201A,PASTEL PINK PHOTO ALBUM,101.0,213.37,9.0,7.0,-3.9,209.47
16201B,PASTEL BLUE PHOTO ALBUM,34.0,81.1,5.0,2.0,0.0,81.1
16202A,PASTEL PINK PHOTO ALBUM ,662.0,290.45,21.0,16.0,-97.80000000000001,192.64999999999998
16202B,PASTEL BLUE PHOTO ALBUM ,1039.0,528.56,22.0,13.0,-144.48000000000002,384.0799999999999
16202C,BEIGE PHOTO ALBUM,97.0,230.59,12.0,10.0,0.0,230.59
16202E,BLACK PHOTO ALBUM ,82.0,162.73,14.0,12.0,-11.1,151.63
16206B,RED PURSE WITH PINK HEART,96.0,116.4,16.0,14.0,0.0,116.4
16207A,PINK STRAWBERRY HANDBAG ,143.0,423.53000000000003,76.0,17.0,0.0,423.53000000000003
16207B,PINK HEART RED HANDBAG,265.0,457.65000000000003,46.0,12.0,0.0,457.65000000000003
16212,FUNKY GIRLZ ASST MAGNETIC MEMO PAD,366.0,287.01,37.0,29.0,0.0,287.01
16215,FUNKY GIRLZ MAGNETIC TO DO LIST ,8.0,5.2,3.0,3.0,0.0,5.2
16216,LETTER SHAPE PENCIL SHARPENER,4158.0,371.64,88.0,69.0,-17.6,354.03999999999996
16218,CARTOON  PENCIL SHARPENERS,4632.0,454.52,98.0,60.0,0.0,454.52
16219,HOUSE SHAPE PENCIL SHARPENER,3358.0,501.25,128.0,58.0,-2.88,498.37
16225,RATTLE SNAKE EGGS,1527.0,1295.18,165.0,90.0,0.0,1295.18
16235,RECYCLED PENCIL WITH RABBIT ERASER,5906.0,1354.5,310.0,124.0,-27.93,1326.57
16236,KITTY PENCIL ERASERS,2666.0,599.31,260.0,108.0,-5.88,593.43
16237,SLEEPING CAT ERASERS,10935.0,2337.0299999999997,580.0,209.0,-19.11,2317.9199999999996
16238,PARTY TIME PENCIL ERASERS,2523.0,579.68,236.0,104.0,0.0,579.68
16239,BALLERINA HEART DECORATION.,347.0,492.17,21.0,13.0,0.0,492.17
16243B,BROWN COZY SQUARE PHOTO ALBUM,212.0,441.77,8.0,1.0,0.0,441.77
16244A,MAXWELL 2 TONE PINK 60 PAGE PHOTO A,186.0,479.40999999999997,28.0,6.0,0.0,479.40999999999997
16244B,MAXWELL 2 TONE BLUE 60 PAGE PHOTO A,345.0,765.02,28.0,8.0,0.0,765.02
16245A,PINK MINI STATIONERY SET W CASE,11.0,13.75,7.0,7.0,0.0,13.75
16248B,BLUE HOLE PUNCH,81.0,101.25,12.0,12.0,0.0,101.25
16254,TRANSPARENT ACRYLIC TAPE DISPENSER,941.0,305.66,40.0,17.0,0.0,305.66
16256B,FLOWER PENCIL/RUBBER+5 MINI PENCILS,524.0,232.35,35.0,17.0,0.0,232.35
16256C,HEARTS PENCIL/RUBBER+5 MINI PENCILS,169.0,70.98,10.0,8.0,-5.88,65.10000000000001
16258A,SWIRLY CIRCULAR RUBBERS IN BAG,1068.0,379.28999999999996,101.0,58.0,-0.42,378.86999999999995
16258B,DAISY ERASERS IN BAG,1016.0,221.06,15.0,13.0,0.0,221.06
16259,PIECE OF CAMO STATIONERY SET,5473.0,766.09,55.0,46.0,-14.100000000000001,751.99
17001,HEAVENS SCENT FRAGRANCE OILS ASSTD,1211.0,299.34999999999997,23.0,20.0,-1.7399999999999998,297.60999999999996
17003,BROCADE RING PURSE ,71394.0,14948.75,456.0,215.0,-215.78,14732.97
17007B,S/3 POT POURI CUSHIONS BLUE COLOURS,46.0,96.60000000000001,6.0,6.0,0.0,96.60000000000001
17011A,ORIGAMI VANILLA INCENSE+FLOWER ,261.0,179.56,12.0,6.0,0.0,179.56
17011B,ORIGAMI JASMINE INCENSE+FLOWER ,19.0,11.100000000000001,2.0,2.0,0.0,11.100000000000001
17011C,ORIGAMI LAVENDER INCENSE+FLOWER,335.0,221.4,2.0,1.0,0.0,221.4
17011D,ORIGAMI ROSE INCENSE+FLOWER,209.0,135.70000000000002,4.0,2.0,0.0,135.70000000000002
17011E,ORIGAMI OPIUM SCENT INCENSE+FLOWER,124.0,80.60000000000001,1.0,1.0,0.0,80.60000000000001
17011F,ORIGAMI SANDLEWOOD INCENSE+FLOWER,386.0,340.41,20.0,15.0,0.0,340.41
17012A,ORIGAMI VANILLA INCENSE/CANDLE SET ,731.0,818.7099999999999,95.0,30.0,0.0,818.7099999999999
17012B,ORIGAMI JASMINE INCENSE/CANDLE SET,728.0,885.02,126.0,43.0,0.0,885.02
17012C,ORIGAMI LAVENDER INCENSE/CANDL SET ,861.0,962.9499999999999,113.0,47.0,0.0,962.9499999999999
17012D,ORIGAMI ROSE INCENSE/CANDLE SET ,522.0,663.74,116.0,41.0,0.0,663.74
17012E,ORIGAMI OPIUM INCENSE/CANDLE SET ,270.0,314.35999999999996,29.0,12.0,0.0,314.35999999999996
17012F,ORIGAMI SANDLEWOOD INCENSE/CAND SET,591.0,693.1999999999999,107.0,38.0,0.0,693.1999999999999
17013B,ORIGAMI JASMINE INCENSE IN TUBE,256.0,221.03,3.0,2.0,0.0,221.03
17013C,ORIGAMI LAVENDER INCENSE IN TUBE,213.0,89.46000000000001,2.0,2.0,-40.32,49.14000000000001
17013D,ORIGAMI ROSE INCENSE IN TUBE,1069.0,575.76,31.0,17.0,-1.57,574.1899999999999
17013F,ORIGAMI SANDLEWOOD INCENSE IN TUBE,62.0,26.7,5.0,4.0,0.0,26.7
17014A,ORIGAMI VANILLA INCENSE CONES,277.0,173.48999999999998,16.0,9.0,0.0,173.48999999999998
17014C,ORIGAMI LAVENDER INCENSE CONES,97.0,43.75,2.0,1.0,0.0,43.75
17014D,ORIGAMI ROSE INCENSE CONES,479.0,204.36,8.0,5.0,0.0,204.36
17014E,ORIGAMI OPIUM INCENSE CONES,95.0,36.599999999999994,6.0,4.0,0.0,36.599999999999994
17014F,ORIGAMI SANDLEWOOD INCENSE CONES,61.0,23.699999999999996,4.0,4.0,0.0,23.699999999999996
17021,NAMASTE SWAGAT INCENSE,4322.0,1128.84,76.0,45.0,-23.4,1105.4399999999998
17027A,INCENSE BAZAAR CANNABIS,228.0,84.84,2.0,1.0,0.0,84.84
17028J,INCENSE BAZAAR PEACH,6.0,2.52,1.0,1.0,0.0,2.52
17033,"BROCADE PURSE,SMALL ARCH BUTTON",3280.0,867.8399999999999,69.0,58.0,-10.44,857.3999999999999
17038,PORCELAIN BUDAH INCENSE HOLDER,2659.0,261.51,55.0,21.0,0.0,261.51
17039,INLAID WOOD INCENSE HOLDER,3707.0,837.88,43.0,20.0,0.0,837.88
17061,ASSORTED SHAPED STENCIL FOR HENNA,52.0,2.08,1.0,1.0,0.0,2.08
17084A,TRANQUILITY MASALA INCENSE,442.0,92.82,18.0,14.0,0.0,92.82
17084G,MOON INCENSE,50.0,10.5,2.0,2.0,0.0,10.5
17084J,LOVE POTION MASALA INCENSE,481.0,101.01,20.0,17.0,0.0,101.01
17084N,FAIRY DREAMS INCENSE ,2798.0,647.66,187.0,42.0,0.0,647.66
17084P,DRAGONS BLOOD INCENSE,1016.0,228.43,70.0,23.0,0.0,228.43
17084R,ASSORTED INCENSE PACK,12065.0,2198.85,66.0,29.0,0.0,2198.85
17090A,LAVENDER INCENSE 40 CONES IN TIN,215.0,220.75,26.0,24.0,0.0,220.75
17090D,VANILLA INCENSE 40 CONES IN TIN,95.0,113.95,28.0,21.0,0.0,113.95
17091A,LAVENDER INCENSE IN TIN,2092.0,1294.6399999999999,117.0,78.0,0.0,1294.6399999999999
17091B,JASMINE TEA INCENSE IN TIN,276.0,316.98,51.0,35.0,0.0,316.98
17091F,SANDALWOOD INCENSE IN TIN,19.0,27.71,8.0,6.0,0.0,27.71
17091J,VANILLA INCENSE IN TIN,4086.0,2297.99,178.0,108.0,0.0,2297.99
17096,ASSORTED LAQUERED INCENSE HOLDERS,6241.0,1117.52,76.0,25.0,0.0,1117.52
17107D,"FLOWER FAIRY,5 SUMMER B'DRAW LINERS",330.0,841.5,86.0,68.0,-5.1,836.4
17108D,FLOWER FAIRY SUMMER BOUQUET SACHET,355.0,149.1,23.0,17.0,0.0,149.1
17109A,FLOWER FAIRY INCENSE LILY,709.0,333.61,13.0,12.0,0.0,333.61
17109B,FLOWER FAIRY INCENSE LAVENDER,4542.0,896.3399999999999,17.0,13.0,0.0,896.3399999999999
17109C,FLOWER FAIRY INCENSE ROSE,3124.0,661.23,15.0,13.0,-1.69,659.54
17109D,FLOWER FAIRY INCENSE BOUQUET,1259.0,601.69,38.0,33.0,-1.69,600.0
17129C,SKY BLUE COLOUR GLASS GEMS IN BAG,86.0,57.98,11.0,7.0,0.0,57.98
17129D,CLEAR COLOUR GLASS GEMS IN BAG,1125.0,1351.1799999999998,39.0,12.0,0.0,1351.1799999999998
17129F,BLUE GLASS GEMS IN BAG,1584.0,1691.2199999999998,145.0,19.0,-11.659999999999998,1679.5599999999997
17136A,BLUE STONES ON WIRE FOR CANDLE,743.0,61.78,34.0,28.0,0.0,61.78
17164B,ASS COL SMALL SAND GECKO P'WEIGHT,1622.0,647.4,81.0,64.0,-0.84,646.56
17164D,ASS COL SMALL SAND FROG P'WEIGHT,1150.0,447.0,28.0,26.0,0.0,447.0
17165B,ASS COL LARGE SAND GECKO P'WEIGHT,810.0,751.6800000000001,57.0,43.0,-4.2,747.48
17165D,ASS COL LARGE SAND FROG P'WEIGHT,716.0,682.32,89.0,62.0,-6.300000000000001,676.0200000000001
17174,ASSTD RASTA KEY-CHAINS,36.0,15.120000000000001,7.0,7.0,0.0,15.120000000000001
17178,FLAT PALM T-LIGHT HOLDER,133.0,156.65,24.0,20.0,0.0,156.65
17181,CIRCLE OF FRIENDS CANDLE HOLDER,353.0,642.66,65.0,26.0,0.0,642.66
17191A,ROSE FLOWER CANDLE+INCENSE 16X16CM,33.0,123.75,12.0,9.0,0.0,123.75
18007,ESSENTIAL BALM 3.5g TIN IN ENVELOPE,11423.0,1048.58,72.0,40.0,-120.0,928.5799999999999
18010,ASSORTED FRAGRANCE BATH CONFETTI,64.0,30.16,9.0,6.0,0.0,30.16
18094C,WHITE AND BLUE CERAMIC OIL BURNER,446.0,616.91,98.0,22.0,-1.25,615.66
18096C,WHITE ROUND PORCELAIN TLIGHT HOLDER,117.0,298.7,20.0,12.0,-30.599999999999998,268.09999999999997
18096c,WHITE ROUND PORCELAIN TLIGHT HOLDER,8.0,41.14,6.0,0.0,0.0,41.14
18097A,PINK TALL PORCELAIN T-LIGHT HOLDER ,18.0,45.9,12.0,10.0,0.0,45.9
18097B,BLUE TALL PORCELAIN T-LIGHT HOLDER,7.0,17.849999999999998,3.0,3.0,0.0,17.849999999999998
18097C,WHITE TALL PORCELAIN T-LIGHT HOLDER,1811.0,4049.83,211.0,110.0,-571.8000000000001,3478.0299999999997
18098A,PINK PORCELAIN B'FLY OIL BURNER,2.0,5.9,2.0,2.0,0.0,5.9
18098B,BLUE PORCELAIN B'FLY OIL BURNER,3.0,8.850000000000001,3.0,3.0,0.0,8.850000000000001
18098C,PORCELAIN BUTTERFLY OIL BURNER,1252.0,3340.36,236.0,104.0,-70.80000000000001,3269.56
18098c,PORCELAIN BUTTERFLY OIL BURNER,332.0,1682.01,135.0,0.0,0.0,1682.01
20615,BLUE POLKADOT PASSPORT COVER,647.0,1111.47,195.0,59.0,0.0,1111.47
20616,CHERRY BLOSSOM PASSPORT COVER,287.0,461.88,121.0,31.0,0.0,461.88
20617,FIRST CLASS PASSPORT COVER ,499.0,997.2,105.0,59.0,0.0,997.2
20618,QUEEN OF THE SKIES PASSPORT COVER ,298.0,650.64,137.0,50.0,0.0,650.64
20619,TROPICAL PASSPORT COVER ,579.0,1018.63,194.0,46.0,0.0,1018.63
20620,RED SPOTTY PASSPORT COVER,15.0,61.76,14.0,1.0,0.0,61.76
20621,ECONOMY PASSPORT COVER ,207.0,451.67,33.0,23.0,0.0,451.67
20622,VIPPASSPORT COVER ,586.0,1144.43,128.0,59.0,0.0,1144.43
20652,BLUE POLKADOT LUGGAGE TAG ,1520.0,1034.81,172.0,73.0,0.0,1034.81
20653,CHERRY BLOSSOM LUGGAGE TAG,2006.0,533.79,81.0,26.0,0.0,533.79
20654,FIRST CLASS LUGGAGE TAG ,398.0,505.41,120.0,65.0,0.0,505.41
20655,QUEEN OF SKIES LUGGAGE TAG,420.0,618.5,189.0,55.0,0.0,618.5
20657,TROPICAL LUGGAGE TAG,1878.0,727.72,118.0,54.0,0.0,727.72
20658,RED SPOTTY LUGGAGE TAG,1613.0,2296.43,353.0,153.0,-45.0,2251.43
20659,ECONOMY LUGGAGE TAG,370.0,534.76,138.0,55.0,0.0,534.76
20660,VIP LUGGAGE TAG ,71.0,88.75,26.0,22.0,0.0,88.75
20661,BLUE SPOTTY PURSE ,899.0,983.0100000000001,123.0,37.0,-210.3,772.71
20662,FIRST CLASS HOLIDAY PURSE ,730.0,476.35,49.0,23.0,-51.00000000000001,425.35
20663,QUEEN OF THE SKIES HOLIDAY PURSE ,1076.0,374.43,44.0,13.0,-93.85,280.58000000000004
20664,TROPICAL HOLIDAY PURSE ,57.0,155.41,31.0,11.0,0.0,155.41
20665,RED RETROSPOT PURSE ,1366.0,4371.47,348.0,167.0,-94.40000000000002,4277.070000000001
20666,ECONOMY HOLIDAY PURSE,911.0,412.45000000000005,46.0,22.0,-68.0,344.45000000000005
20667,CHERRY BLOSSOM PURSE,40.0,108.69,24.0,6.0,0.0,108.69
20668,DISCO BALL CHRISTMAS DECORATION,21748.0,2550.65,367.0,181.0,-0.36,2550.29
20669,RED HEART LUGGAGE TAG,818.0,1145.7,214.0,103.0,0.0,1145.7
20670,VIP HOLIDAY PURSE,694.0,378.85,48.0,20.0,-86.4,292.45000000000005
20671,BLUE TEATIME PRINT BOWL ,796.0,1051.22,143.0,70.0,0.0,1051.22
20672,PINK TEATIME PRINT BOWL,138.0,201.0,36.0,21.0,0.0,201.0
20673,STRAWBERRIES PRINT BOWL,5.0,6.25,2.0,2.0,0.0,6.25
20674,GREEN POLKADOT BOWL,3437.0,4383.55,463.0,196.0,-18.560000000000002,4364.99
20675,BLUE POLKADOT BOWL,6564.0,8179.16,693.0,281.0,-59.81,8119.349999999999
20676,RED RETROSPOT BOWL,10620.0,13279.16,966.0,372.0,-166.81,13112.35
20677,PINK POLKADOT BOWL,7888.0,9936.140000000001,760.0,268.0,-17.310000000000002,9918.830000000002
20678,LARGE BLACK DIAMANTE HAIRSLIDE,4.0,6.6,1.0,1.0,0.0,6.6
20679,EDWARDIAN PARASOL RED,6256.0,30649.47,715.0,271.0,-107.1,30542.370000000003
20680,PINK FLOWERS CHILDS UMBRELLA,6.0,19.5,4.0,4.0,0.0,19.5
20681,PINK SPOTTY CHILDS UMBRELLA,1429.0,4859.79,341.0,184.0,-99.75,4760.04
20682,RED RETROSPOT CHILDRENS UMBRELLA,3123.0,10388.78,589.0,296.0,-178.75,10210.03
20683,RAIN GIRL CHILDS UMBRELLA,1.0,3.25,1.0,1.0,0.0,3.25
20684,STRAWBERRY DREAM CHILDS UMBRELLA,584.0,1933.62,176.0,117.0,-36.5,1897.12
20685,DOORMAT RED RETROSPOT,9968.0,67812.32,1725.0,626.0,-640.48,67171.84000000001
20686,DOLLY MIXTURE CHILDREN'S UMBRELLA,602.0,2059.44,186.0,117.0,-25.0,2034.44
20688,BEAUTY SPEED EXPRESSO CUPS,464.0,332.9,11.0,9.0,0.0,332.9
20689,RETRO SISTERS EXPRESSO CUPS,429.0,614.1,41.0,25.0,-23.4,590.7
20692,FLORAL ELEPHANT SOFT TOY,908.0,3682.76,139.0,75.0,-8.5,3674.26
20693,FLORAL DINOSAUR GREEN,33.0,161.89000000000001,18.0,10.0,-4.25,157.64000000000001
20694,FLORAL PINK MONSTER,166.0,622.33,54.0,23.0,-15.0,607.33
20695,FLORAL BLUE MONSTER,143.0,608.83,61.0,24.0,-17.0,591.83
20696,FLORAL SOFT CAR TOY,153.0,633.18,60.0,28.0,0.0,633.18
20697,LITTLE GREEN MONSTER SOFT TOY,42.0,101.7,21.0,17.0,0.0,101.7
20698,LITTLE PINK MONSTER SOFT TOY,47.0,114.44999999999999,21.0,17.0,0.0,114.44999999999999
20699,MOUSEY LONG LEGS SOFT TOY,300.0,825.81,88.0,42.0,0.0,825.81
20700,GREEN CAT FLORAL CUSHION COVER ,421.0,1135.22,103.0,11.0,-7.5,1127.72
20701,PINK CAT FLORAL CUSHION COVER ,353.0,721.49,50.0,12.0,0.0,721.49
20702,PINK PADDED MOBILE,795.0,3351.95,245.0,151.0,-46.75,3305.2
20703,BLUE PADDED SOFT MOBILE,471.0,1993.47,169.0,122.0,-136.0,1857.47
20704,MR ROBOT SOFT TOY,361.0,1371.42,80.0,60.0,-27.8,1343.6200000000001
20705,MRS ROBOT SOFT TOY,273.0,996.19,53.0,47.0,-1.95,994.24
20707,CRAZY DAISY HEART DECORATION,1615.0,1247.44,199.0,48.0,-8.75,1238.69
20711,JUMBO BAG TOYS ,12836.0,26183.0,1052.0,326.0,-70.31,26112.69
20712,JUMBO BAG WOODLAND ANIMALS,17936.0,37988.94,1415.0,387.0,-447.61,37541.33
20713,JUMBO BAG OWLS,21170.0,41332.89,1314.0,371.0,-448.98,40883.909999999996
20714,POSY SHOPPER BAG,1580.0,649.8199999999999,28.0,10.0,0.0,649.8199999999999
20715,LITTLE FLOWER SHOPPER BAG,400.0,424.0,1.0,1.0,-424.0,0.0
20716,PARTY FOOD SHOPPER BAG,1538.0,1933.81,246.0,121.0,-13.75,1920.06
20717,STRAWBERRY SHOPPER BAG,6337.0,7834.73,757.0,283.0,-137.25,7697.48
20718,RED RETROSPOT SHOPPER BAG,13481.0,17730.0,1213.0,428.0,-71.74,17658.26
20719,WOODLAND CHARLOTTE BAG,24901.0,28249.92,1573.0,365.0,-106.82,28143.1
20721,OWLS CHARLOTTE BAG,1.0,0.85,1.0,1.0,0.0,0.85
20723,STRAWBERRY CHARLOTTE BAG,18441.0,20640.22,1379.0,356.0,-157.78,20482.440000000002
20724,RED RETROSPOT CHARLOTTE BAG,32443.0,35558.229999999996,2035.0,524.0,-252.82999999999998,35305.399999999994
20725,LUNCH BAG RED RETROSPOT,40752.0,72001.35,3056.0,845.0,-1383.75,70617.6
20726,LUNCH BAG WOODLAND,22301.0,38883.729999999996,1926.0,585.0,-1497.95,37385.78
20727,LUNCH BAG  BLACK SKULL.,27042.0,46283.89,2351.0,705.0,-1778.95,44504.94
20728,LUNCH BAG CARS BLUE,24838.0,42695.64,2067.0,702.0,-1678.0,41017.64
20729,RED SPOTTY CANDY BAG,5262.0,1778.12,121.0,39.0,-27.5,1750.62
20730,STRAWBERRY CANDY BAG,2218.0,1011.7,102.0,34.0,-13.75,997.95
20731,POSY CANDY BAG,4143.0,1254.17,73.0,40.0,-58.300000000000004,1195.8700000000001
20733,GOLD MINI TAPE MEASURE ,1957.0,1477.7,294.0,67.0,-216.0,1261.7
20734,SILVER MINI TAPE MEASURE ,1598.0,1485.6799999999998,117.0,50.0,-0.85,1484.83
20735,BLACK MINI TAPE MEASURE ,1545.0,1589.03,202.0,30.0,0.0,1589.03
20736,PINK MINI TAPE MEASURE ,290.0,233.5,19.0,18.0,0.0,233.5
20737,RED MINI TAPE MEASURE ,1.0,1.7,1.0,0.0,0.0,1.7
20738,GREEN MINI TAPE MEASURE ,1610.0,1301.72,74.0,46.0,0.0,1301.72
20739,*USB Office Glitter Lamp,1.0,8.65,1.0,0.0,0.0,8.65
20747,PICCADILLY TEA SET,683.0,9224.92,108.0,48.0,-55.4,9169.52
20749,ASSORTED COLOUR MINI CASES,3143.0,22703.16,766.0,426.0,-101.75,22601.41
20750,RED RETROSPOT MINI CASES,3772.0,27523.12,909.0,471.0,-144.6,27378.52
20751,FUNKY WASHING UP GLOVES ASSORTED,2875.0,6103.080000000001,471.0,264.0,-6.300000000000001,6096.780000000001
20752,BLUE POLKADOT WASHING UP GLOVES,1526.0,2939.6800000000003,358.0,188.0,-6.300000000000001,2933.38
20753,RETRO PINK SPOT WASHING UP GLOVES,218.0,509.00000000000006,56.0,30.0,-4.2,504.80000000000007
20754,RETROSPOT RED WASHING UP GLOVES,5157.0,10604.550000000001,852.0,363.0,-66.30000000000001,10538.250000000002
20755,BLUE PAISLEY POCKET BOOK,5161.0,1104.95,122.0,74.0,0.0,1104.95
20756,GREEN FERN POCKET BOOK,5728.0,851.5600000000001,64.0,40.0,0.0,851.5600000000001
20757,RED DAISY POCKET BOOK ,5360.0,901.75,78.0,49.0,0.0,901.75
20758,ABSTRACT CIRCLES POCKET BOOK,5438.0,964.4699999999999,95.0,61.0,-0.85,963.6199999999999
20759,CHRYSANTHEMUM POCKET BOOK ,5782.0,895.38,63.0,35.0,0.0,895.38
20760,GARDEN PATH POCKET BOOK,5554.0,1317.06,81.0,47.0,0.0,1317.06
20761,BLUE PAISLEY SKETCHBOOK,466.0,1460.2,146.0,93.0,-15.0,1445.2
20762,GREEN FERN SKETCHBOOK ,466.0,1381.53,136.0,88.0,-15.0,1366.53
20763,DAISY SKETCHBOOK ,269.0,714.23,74.0,54.0,-15.0,699.23
20764,ABSTRACT CIRCLES SKETCHBOOK ,690.0,2153.51,193.0,107.0,-15.0,2138.51
20765,CHRYSANTHEMUM SKETCHBOOK ,448.0,1287.56,146.0,96.0,-18.75,1268.81
20766,GARDEN PATH SKETCHBOOK,523.0,1571.09,155.0,100.0,-15.0,1556.09
20767,BLUE PAISLEY JOURNAL ,814.0,1746.71,179.0,112.0,-17.849999999999998,1728.8600000000001
20768,GREEN FERN JOURNAL ,770.0,1541.84,149.0,98.0,0.0,1541.84
20769,DAISY JOURNAL ,442.0,819.01,79.0,48.0,0.0,819.01
20770,ABSTRACT CIRCLE JOURNAL ,1055.0,2215.81,201.0,94.0,-20.099999999999998,2195.71
20771,CHRYSANTHEMUM  JOURNAL,609.0,1209.33,140.0,91.0,-15.299999999999999,1194.03
20772,GARDEN PATH JOURNAL,974.0,1863.9499999999998,161.0,105.0,-320.25000000000006,1543.6999999999998
20773,BLUE PAISLEY NOTEBOOK,3356.0,992.03,117.0,78.0,-1.65,990.38
20774,GREEN FERN NOTEBOOK,3492.0,975.68,119.0,68.0,-1.65,974.03
20775,DAISY NOTEBOOK ,3606.0,931.55,112.0,43.0,0.0,931.55
20776,ABSTRACT CIRCLES NOTEBOOK,3258.0,832.66,84.0,50.0,0.0,832.66
20777,CHRYSANTHEMUM NOTEBOOK,3669.0,1280.97,169.0,78.0,-4.949999999999999,1276.02
20778,GARDEN PATH NOTEBOOK ,3615.0,950.9599999999999,90.0,66.0,-4.949999999999999,946.0099999999999
20779,PINK EAR MUFF HEADPHONES,0.0,0.0,0.0,0.0,-14.790000000000001,-14.790000000000001
20780,BLACK EAR MUFF HEADPHONES,247.0,1417.25,98.0,35.0,-5.49,1411.76
20781,GOLD EAR MUFF HEADPHONES,106.0,596.4,61.0,34.0,-32.94,563.46
20782,CAMOUFLAGE EAR MUFF HEADPHONES,169.0,1094.46,87.0,39.0,-38.43,1056.03
20783,HEART EAR MUFF HEADPHONES,165.0,1051.4,55.0,20.0,-21.12,1030.2800000000002
20784,RED RETRO BAR STOOL,101.0,3570.87,37.0,6.0,-39.95,3530.92
20785,FUSCHIA RETRO BAR STOOL,102.0,3672.35,36.0,14.0,-39.95,3632.4
20786,BLACK RETRO BAR STOOL,99.0,3533.9,31.0,9.0,-79.9,3454.0
20787,BLUE RETRO BAR STOOL,69.0,2535.1,30.0,7.0,0.0,2535.1
20791,BLUE TILED SET OF 3 DRAWERS,5.0,63.75,1.0,1.0,-63.75,0.0
20793,BLUE TILED TRAY,281.0,518.5,22.0,13.0,-33.75,484.75
20794,BLUE  TILE HOOK,213.0,596.0799999999999,48.0,27.0,-45.9,550.18
20795,LARGE BLUE PROVENCAL CERAMIC BALL,135.0,308.7,29.0,15.0,-14.7,294.0
20796,SMALL BLUE PROVENCAL CERAMIC BALL,99.0,182.15999999999997,22.0,11.0,0.0,182.15999999999997
20798,CLEAR MILKSHAKE GLASS,565.0,1337.55,83.0,35.0,-146.85,1190.7
20799,PINK MILKSHAKE GLASS,200.0,355.33,26.0,11.0,-29.459999999999997,325.87
20800,LARGE GLASS SUNDAE DISH CLEAR,1005.0,303.96,5.0,2.0,0.0,303.96
20801,LARGE PINK GLASS SUNDAE DISH,1094.0,1432.12,111.0,61.0,-24.0,1408.12
20802,SMALL GLASS SUNDAE DISH CLEAR,1067.0,1630.05,116.0,68.0,-34.92,1595.1299999999999
20803,SMALL PINK GLASS SUNDAE DISH,1154.0,891.26,84.0,50.0,-38.459999999999994,852.8
20804,GLASS CHICKEN BUTTER DISH,325.0,579.31,61.0,21.0,-69.6,509.7099999999999
20812,EMBOSSED FLOWER TRELLIS PHOTO FRAME,5.0,12.75,3.0,3.0,0.0,12.75
20814,SILVER FINCH DECORATION,189.0,208.89000000000001,13.0,7.0,-16.25,192.64000000000001
20816,GOLD FLOWER CUSHION COVER ,24.0,123.6,7.0,5.0,-33.75,89.85
20818,GOLD TEDDY BEAR,87.0,268.5,30.0,20.0,0.0,268.5
20819,SILVER TEDDY BEAR,229.0,635.24,65.0,39.0,0.0,635.24
20820,SILVER LOOKING MIRROR,14.0,69.30000000000001,8.0,6.0,0.0,69.30000000000001
20821,GOLDIE LOOKING MIRROR,42.0,286.42,25.0,10.0,-69.30000000000001,217.12
20822,SILVER WINE GOBLET,2.0,9.3,1.0,1.0,-9.3,0.0
20823,GOLD WINE GOBLET,253.0,533.71,19.0,14.0,-18.6,515.11
20825,GOLD WINE GLASS,361.0,1255.08,7.0,5.0,-22.5,1232.58
20826,SILVER APERITIF GLASS,355.0,290.72,14.0,11.0,0.0,290.72
20827,GOLD APERITIF GLASS,173.0,209.36,8.0,5.0,0.0,209.36
20828,GLITTER BUTTERFLY CLIPS,4468.0,11062.76,607.0,261.0,-76.5,10986.26
20829,GLITTER HANGING BUTTERFLY STRING,4842.0,9875.44,481.0,207.0,-1804.06,8071.380000000001
20830,SILVER PHOTO FRAME,407.0,964.61,82.0,36.0,-27.32,937.29
20831,GOLD PHOTO FRAME,474.0,927.96,79.0,34.0,-12.600000000000001,915.36
20832,RED FLOCK LOVE HEART PHOTO FRAME,1690.0,1134.35,158.0,86.0,-6.8,1127.55
20833,SHAKER THROW  QUILTED,52.0,811.8,5.0,3.0,-49.95,761.8499999999999
20835,FRENCH LATTICE CUSHION COVER ,81.0,98.03999999999999,10.0,8.0,0.0,98.03999999999999
20836,FRENCH PAISLEY CUSHION COVER,224.0,250.0,22.0,18.0,-45.36000000000001,204.64
20837,FRENCH FLORAL CUSHION COVER ,165.0,188.07,18.0,17.0,0.0,188.07
20838,FRENCH LATTICE CUSHION COVER ,446.0,565.8,63.0,36.0,-10.2,555.5999999999999
20839,FRENCH PAISLEY CUSHION COVER ,642.0,1063.77,118.0,53.0,0.0,1063.77
20840,FRENCH FLORAL CUSHION COVER ,886.0,1428.4099999999999,93.0,50.0,-365.85,1062.56
20845,ZINC HEART LATTICE 2 WALL PLANTER,76.0,502.27,24.0,15.0,0.0,502.27
20846,ZINC HEART LATTICE T-LIGHT HOLDER,1470.0,1999.48,169.0,105.0,0.0,1999.48
20847,ZINC HEART LATTICE CHARGER LARGE,81.0,341.97,27.0,17.0,-7.62,334.35
20848,ZINC HEART LATTICE CHARGER SMALL,39.0,115.05000000000001,12.0,10.0,0.0,115.05000000000001
20849,ZINC HEART LATTICE DOUBLE PLANTER,674.0,593.03,24.0,15.0,0.0,593.03
20850,ZINC HEART LATTICE PLANTER BOWL,820.0,713.8000000000001,23.0,19.0,0.0,713.8000000000001
20851,ZINC HEART LATTICE TRAY OVAL ,335.0,429.57,28.0,21.0,-11.9,417.67
20854,BLUE PATCH PURSE PINK HEART,459.0,742.78,107.0,66.0,-24.749999999999996,718.03
20855,PINK PATCH PURSE BLUE HEART,142.0,234.29999999999998,47.0,41.0,-1.65,232.64999999999998
20856,DENIM PATCH PURSE PINK BUTTERFLY,417.0,688.9399999999999,122.0,70.0,-18.15,670.79
20857,BLUE ROSE PATCH PURSE PINK BUTTERFL,255.0,420.75,73.0,57.0,-26.4,394.35
20858,SILVER PURSE GOLD PINK BUTTERFLY,4.0,6.6,1.0,1.0,0.0,6.6
20860,GOLD COSMETICS BAG WITH BUTTERFLY,20.0,42.0,11.0,10.0,0.0,42.0
20861,GOLD COSMETIC BAG PINK STAR,47.0,98.7,16.0,15.0,0.0,98.7
20862,PINK PATCH PENCIL CASE BLUE HEART,325.0,691.1400000000001,37.0,21.0,-2.1,689.0400000000001
20863,BLUE PATCH PENCIL CASE PINK HEART,293.0,601.53,50.0,35.0,-2.1,599.43
20864,DENIM PATCH PENCIL CASE BUTTERFLY,252.0,498.14000000000004,29.0,20.0,-2.1,496.04
20865,PATCHWORK PENCIL CASE BUTTERFLY ,251.0,500.49,33.0,24.0,-145.47,355.02
20866,BLUE ROSE FABRIC MIRROR,1284.0,1377.69,191.0,76.0,-127.2,1250.49
20867,PINK ROSE FABRIC MIRROR,1140.0,1153.2,153.0,68.0,0.0,1153.2
20868,SILVER FABRIC MIRROR,882.0,518.07,71.0,40.0,0.0,518.07
20869,GOLD FABRIC MIRROR,529.0,295.12,53.0,30.0,0.0,295.12
20870,OPULENT VELVET CANDLE IN BOX,29.0,52.2,7.0,4.0,-2.1,50.1
20871,OPULENT VELVET SET/3 CANDLES,1273.0,1978.0500000000002,127.0,72.0,-4.2,1973.8500000000001
20877,MODERN CHRISTMAS BAUBLE CANDLE ,12.0,5.04,5.0,3.0,0.0,5.04
20878,SET/9 CHRISTMAS T-LIGHTS SCENTED ,761.0,982.51,85.0,61.0,0.0,982.51
20879,TREE OF NOAH FESTIVE SCENTED CANDLE,57.0,67.8,11.0,8.0,-201.60000000000002,-133.8
20881,MODERN CHRISTMAS TREE CANDLE,3.0,2.55,2.0,1.0,0.0,2.55
20882,MODERN CHRISTMAS TREE CANDLE,3.0,8.850000000000001,2.0,1.0,0.0,8.850000000000001
20884,MODERN CHRISTMAS TREE CANDLE ,3.0,6.300000000000001,3.0,2.0,0.0,6.300000000000001
20885,BOX OF 3 PEBBLE CANDLES,1.0,2.95,1.0,1.0,-2.95,0.0
20886,BOX OF 9 PEBBLE CANDLES,1787.0,3577.7999999999997,308.0,163.0,-11.7,3566.1
20887,BOX OF 6 PEBBLE CANDLES,18.0,118.39,8.0,4.0,0.0,118.39
20888,SET 3 JARDIN DE FEMME SCENT CANDLES,367.0,547.74,19.0,10.0,0.0,547.74
20889,JARDIN DE FEMME SCENTED CANDLE,657.0,398.03999999999996,13.0,12.0,0.0,398.03999999999996
20890,SMALL GLASS ROSE SCENTED CANDLE,605.0,202.62,4.0,1.0,0.0,202.62
20891,LARGE GLASS ROSE SCENTED CANDLE ,684.0,236.32999999999998,3.0,1.0,0.0,236.32999999999998
20892,SET/3 TALL GLASS CANDLE HOLDER PINK,105.0,1159.08,38.0,21.0,-206.15,952.93
20893,HANGING BAUBLE T-LIGHT HOLDER SMALL,667.0,1535.39,76.0,41.0,-310.05000000000007,1225.3400000000001
20894,HANGING BAUBLE T-LIGHT HOLDER LARGE,271.0,839.1,79.0,47.0,-16.9,822.2
20895,VINTAGE NOTEBOOK FRENCH LETTER ,16.0,47.20000000000001,4.0,3.0,0.0,47.20000000000001
20896,VINTAGE NOTEBOOK PINK FLOWER,39.0,115.05000000000001,14.0,13.0,0.0,115.05000000000001
20897,VINTAGE NOTEBOOK PARIS DAYS,358.0,872.3100000000001,75.0,29.0,-53.10000000000001,819.21
20898,VINTAGE NOTEBOOK TRAVELOGUE,327.0,693.9200000000001,53.0,35.0,-17.700000000000003,676.22
20899,VINTAGE NOTEBOOK RED ROSE,44.0,129.8,12.0,12.0,0.0,129.8
20901,VINTAGE KEEPSAKE BOX PINK FLOWER,91.0,806.58,67.0,14.0,-12.7,793.88
20902,VINTAGE KEEPSAKE BOX PARIS DAYS,212.0,1588.8,116.0,11.0,0.0,1588.8
20903,VINTAGE KEEPSAKE BOX TRAVELOGUE,189.0,932.5,86.0,19.0,-6.35,926.15
20905,VINTAGE KEEPSAKE BOX BEAUTY GIRL,10.0,63.5,4.0,3.0,0.0,63.5
20906,VINTAGE NOTEBOOK BEAUTY GIRL,102.0,371.19,47.0,25.0,0.0,371.19
20910,VINTAGE PHOTO ALBUM PARIS DAYS,108.0,781.8199999999999,47.0,11.0,0.0,781.8199999999999
20913,SET/5 BLUE SPOTTY LID GLASS BOWLS,314.0,898.7199999999999,43.0,26.0,0.0,898.7199999999999
20914,SET/5 RED RETROSPOT LID GLASS BOWLS,18952.0,53335.66,2030.0,647.0,-1095.35,52240.310000000005
20931,BLUE POT PLANT CANDLE ,676.0,2260.9300000000003,157.0,91.0,-87.55000000000001,2173.38
20932,PINK POT PLANT CANDLE,333.0,1143.97,81.0,54.0,-55.75,1088.22
20933,YELLOW POT PLANT CANDLE,505.0,1329.4900000000002,52.0,38.0,0.0,1329.4900000000002
20934,SET/3 POT PLANT CANDLES,197.0,1185.07,74.0,44.0,-107.5,1077.57
20935,ROUND CACTUS CANDLE,300.0,574.48,46.0,35.0,-17.700000000000003,556.78
20936,FORKED CACTUS CANDLE,340.0,867.0000000000001,76.0,42.0,-28.700000000000003,838.3000000000001
20939,ORANGE CANDLE,12.0,10.2,1.0,1.0,0.0,10.2
20940,SET/6 GARDEN GNOME T-LIGHT CANDLES,118.0,342.75,22.0,15.0,-106.2,236.55
20941,FROG CANDLE,999.0,898.79,124.0,54.0,-41.35,857.4399999999999
20942,SET/6 GINGERBREAD TREE T-LIGHTS,6.0,7.5,4.0,4.0,-1.25,6.25
20943,SET/6 GINGERBREAD STAR T-LIGHTS,381.0,540.21,71.0,46.0,-1.25,538.96
20950,SET/6  ANGEL T-LIGHTS WHITE/GOLD,687.0,353.39,83.0,57.0,0.0,353.39
20952,PORCELAIN CHERUB BELL SMALL,329.0,150.72,24.0,19.0,-119.16,31.560000000000002
20953,PORCELAIN CHERUB BELL LARGE,33.0,54.449999999999996,9.0,7.0,0.0,54.449999999999996
20954,*USB Office Mirror Ball,3.0,25.590000000000003,3.0,0.0,0.0,25.590000000000003
20956,PORCELAIN T-LIGHT HOLDERS ASSORTED,2381.0,3160.25,236.0,117.0,-37.5,3122.75
20957,PORCELAIN HANGING BELL SMALL,126.0,184.60999999999999,15.0,12.0,-2.9,181.70999999999998
20958,PORCELAIN HANGING BELL LARGE,38.0,70.5,10.0,9.0,0.0,70.5
20960,WATERMELON BATH SPONGE,1908.0,2570.92,215.0,85.0,0.0,2570.92
20961,STRAWBERRY BATH SPONGE ,3672.0,4886.57,514.0,177.0,-88.75,4797.82
20963,APPLE BATH SPONGE,3642.0,4932.62,509.0,168.0,-12.5,4920.12
20964,POLYESTER FILLER PAD 60x40cm,20.0,50.99999999999999,6.0,6.0,0.0,50.99999999999999
20966,SANDWICH BATH SPONGE,3151.0,4500.68,420.0,137.0,-1.25,4499.43
20967,GREY FLORAL FELTCRAFT SHOULDER BAG,1139.0,4320.08,296.0,187.0,-75.0,4245.08
20968,GREEN FLORAL FELTCRAFT SHOULDER BAG,43.0,185.11,19.0,14.0,0.0,185.11
20969,RED FLORAL FELTCRAFT SHOULDER BAG,3290.0,12300.1,613.0,285.0,-491.91,11808.19
20970,PINK FLORAL FELTCRAFT SHOULDER BAG,2543.0,9617.0,574.0,278.0,-11.25,9605.75
20971,PINK BLUE FELT CRAFT TRINKET BOX,22580.0,28966.21,1148.0,490.0,-2739.3199999999997,26226.89
20972,PINK CREAM FELT CRAFT TRINKET BOX ,20704.0,25080.59,1397.0,568.0,-1553.39,23527.2
20973,12 PENCIL SMALL TUBE WOODLAND,10047.0,6918.120000000001,658.0,309.0,-5.85,6912.27
20974,12 PENCILS SMALL TUBE SKULL,13493.0,8883.54,822.0,370.0,-397.8,8485.740000000002
20975,12 PENCILS SMALL TUBE RED RETROSPOT,18668.0,12255.730000000001,902.0,460.0,-858.35,11397.380000000001
20976,12 PENCILS SMALL TUBE POSY,549.0,376.34000000000003,76.0,51.0,0.0,376.34000000000003
20977,36 PENCILS TUBE WOODLAND,3847.0,5138.74,485.0,242.0,-95.0,5043.74
20978,36 PENCILS TUBE SKULLS,4149.0,5479.83,557.0,253.0,-22.5,5457.33
20979,36 PENCILS TUBE RED RETROSPOT,8213.0,10343.06,709.0,310.0,-463.18,9879.88
20980,36 PENCILS TUBE POSY,234.0,283.56,58.0,35.0,-11.25,272.31
20981,12 PENCILS TALL TUBE WOODLAND,4773.0,4118.34,513.0,290.0,-67.14999999999999,4051.19
20982,12 PENCILS TALL TUBE SKULLS,4915.0,4298.2,576.0,316.0,-24.65,4273.55
20983,12 PENCILS TALL TUBE RED RETROSPOT,6326.0,5508.179999999999,641.0,359.0,-26.349999999999998,5481.829999999999
20984,12 PENCILS TALL TUBE POSY,5875.0,1947.7599999999998,245.0,178.0,-44.760000000000005,1902.9999999999998
20985,HEART CALCULATOR,2386.0,3070.5099999999998,291.0,162.0,-54.43,3016.08
20986,BLUE CALCULATOR RULER,1246.0,1584.84,204.0,94.0,0.0,1584.84
20987,GEISHA GIRL CHOPSTICKS SET/5,131.0,288.35,22.0,11.0,0.0,288.35
20988,TRELLIS FLOWER CHOPSTICKS SET/5,24.0,46.8,9.0,8.0,0.0,46.8
20989,URBAN CHIC CHOPSTICKS SET/5,407.0,782.18,57.0,29.0,-3.9,778.28
20990,SPRING FLOWER CHOPSTICKS SET/5,895.0,1706.1399999999999,103.0,54.0,-1.95,1704.1899999999998
20991,JAZZ HEARTS MAGNETIC MEMO PAD,7084.0,884.5600000000002,32.0,12.0,0.0,884.5600000000002
20992,JAZZ HEARTS PURSE NOTEBOOK,6196.0,3262.7,433.0,222.0,0.0,3262.7
20993,JAZZ HEARTS MEMO PAD,10967.0,1334.1100000000001,32.0,23.0,0.0,1334.1100000000001
20994,JAZZ HEARTS SPIRAL NOTEPAD,47.0,39.949999999999996,12.0,12.0,0.0,39.949999999999996
20996,JAZZ HEARTS ADDRESS BOOK,6337.0,1705.28,335.0,179.0,-5.88,1699.3999999999999
20997,ROSE DU SUD CUSHION COVER ,170.0,796.74,83.0,25.0,0.0,796.74
20998,ROSE DU SUD OVEN GLOVE,332.0,969.23,127.0,52.0,0.0,969.23
21000,ROSE DU SUD COSMETICS BAG,695.0,1762.67,94.0,37.0,0.0,1762.67
21001,ROSE DU SUD WASHBAG ,148.0,749.01,90.0,29.0,0.0,749.01
21002,ROSE DU SUD DRAWSTRING BAG,429.0,1547.54,184.0,25.0,0.0,1547.54
21003,ROSE DU SUD CUSHION COVER,109.0,647.75,64.0,10.0,0.0,647.75
21004,ROSE DU SUD CHILDS APRON,137.0,625.07,70.0,40.0,0.0,625.07
21007,ETCHED GLASS DROPLET DECORATION,1927.0,914.6700000000001,48.0,36.0,0.0,914.6700000000001
21008,ETCHED GLASS HEART TREE DECORATION,1.0,2.51,1.0,0.0,0.0,2.51
21009,ETCHED GLASS STAR TREE DECORATION,1047.0,1494.99,102.0,72.0,-18.75,1476.24
21010,ETCHED GLASS BIRD TREE DECORATION,850.0,1114.76,83.0,62.0,-15.0,1099.76
21011,GLITTER SNOW PEAR TREE DECORATION,1858.0,1399.8999999999999,118.0,84.0,-4.35,1395.55
21012,ANTIQUE ALL GLASS CANDLESTICK,2362.0,4450.7,299.0,112.0,-10.5,4440.2
21014,SWISS CHALET TREE DECORATION ,1973.0,1038.6599999999999,189.0,91.0,-0.72,1037.9399999999998
21015,DARK BIRD HOUSE TREE DECORATION,1720.0,797.3299999999999,186.0,80.0,-1.16,796.17
21016,LIGHT BIRD HOUSE TREE DECORATION,834.0,582.85,82.0,58.0,-1.68,581.1700000000001
21017,RED BIRD HOUSE TREE DECORATION,659.0,535.89,87.0,32.0,0.0,535.89
21018,BIRD BOX CHRISTMAS TREE DECORATION,235.0,203.07,42.0,30.0,0.0,203.07
21025,SPACE FROG,313.0,414.89,81.0,30.0,0.0,414.89
21026,SPACE OWL,553.0,724.25,124.0,48.0,0.0,724.25
21027,NINJA RABBIT PINK,357.0,437.37,77.0,39.0,0.0,437.37
21028,NINJA RABBIT BLACK,324.0,426.41,92.0,31.0,0.0,426.41
21030,SPACE CADET RED,240.0,292.15,51.0,37.0,0.0,292.15
21031,SPACE CADET BLACK,146.0,180.46,39.0,23.0,-1.25,179.21
21032,SPACE CADET WHITE,205.0,254.66,50.0,28.0,-3.75,250.91
21033,JUMBO BAG CHARLIE AND LOLA TOYS,4623.0,10240.04,573.0,163.0,-31.29,10208.75
21034,REX CASH+CARRY JUMBO SHOPPER,4080.0,3876.0,1902.0,800.0,-26.599999999999998,3849.4
21035,SET/2 RED RETROSPOT TEA TOWELS ,6079.0,18951.77,929.0,327.0,-570.65,18381.12
21036,SET/2 TEA TOWELS MODERN VINTAGE,1.0,2.55,1.0,1.0,0.0,2.55
21038,SET/4 MODERN VINTAGE COTTON NAPKINS,170.0,367.28000000000003,52.0,39.0,-5.9,361.38000000000005
21039,RED RETROSPOT SHOPPING BAG,1319.0,3445.6699999999996,228.0,141.0,-40.8,3404.8699999999994
21040,MODERN VINTAGE COTTON SHOPPING BAG,895.0,1128.3999999999999,68.0,43.0,0.0,1128.3999999999999
21041,RED RETROSPOT OVEN GLOVE DOUBLE,2724.0,9279.59,525.0,191.0,-38.35,9241.24
21042,RED RETROSPOT APRON ,1500.0,8884.73,399.0,200.0,-105.80000000000001,8778.93
21043,APRON MODERN VINTAGE COTTON,677.0,1921.03,141.0,81.0,-17.85,1903.18
21051,RIBBONS PURSE ,758.0,1498.7800000000002,127.0,79.0,-12.600000000000001,1486.1800000000003
21053,ZINC HEART HANGER WITH HOOKS,0.0,0.0,0.0,0.0,-4.25,-4.25
21054,NURSE'S BAG SOFT TOY,390.0,3609.6,182.0,119.0,-17.9,3591.7
21055,TOOL BOX SOFT TOY ,404.0,4032.31,222.0,122.0,-62.64999999999999,3969.66
21056,DOCTOR'S BAG SOFT TOY,558.0,5077.679999999999,195.0,119.0,-693.9,4383.78
21058,PARTY INVITES WOODLAND,2413.0,2070.85,275.0,148.0,-10.2,2060.65
21059,PARTY INVITES DINOSAURS,1620.0,1368.9599999999998,221.0,158.0,-20.4,1348.5599999999997
21060,PARTY INVITES BALLOON GIRL,1288.0,962.75,151.0,102.0,0.0,962.75
21061,PARTY INVITES FOOTBALL,1432.0,1077.1599999999999,163.0,104.0,-10.2,1066.9599999999998
21062,PARTY INVITES SPACEMAN,1077.0,896.27,136.0,102.0,0.0,896.27
21063,PARTY INVITES JAZZ HEARTS,1492.0,1286.87,238.0,143.0,-3.4,1283.4699999999998
21064,BOOM BOX SPEAKER BOYS,904.0,4557.84,171.0,75.0,-53.550000000000004,4504.29
21065,BOOM BOX SPEAKER GIRLS,610.0,1473.18,118.0,44.0,-39.910000000000004,1433.27
21066,VINTAGE RED MUG,2286.0,1499.69,131.0,81.0,-30.0,1469.69
21067,VINTAGE RED TEATIME MUG,4792.0,3873.2200000000003,266.0,130.0,-39.760000000000005,3833.46
21068,VINTAGE BILLBOARD LOVE/HATE MUG,4396.0,4585.41,373.0,149.0,-98.33000000000001,4487.08
21069,VINTAGE BILLBOARD TEA MUG,5148.0,5474.43,279.0,110.0,-770.8900000000001,4703.54
21070,VINTAGE BILLBOARD MUG ,2050.0,2108.5,229.0,107.0,-33.32,2075.18
21071,VINTAGE BILLBOARD DRINK ME MUG,4450.0,5221.45,472.0,163.0,-13.67,5207.78
21076,SET/20 COLLAGE PAPER NAPKIN ,843.0,714.55,92.0,60.0,-0.85,713.6999999999999
21077,SET/20 WOODLAND PAPER NAPKINS ,2790.0,2058.1,192.0,111.0,0.0,2058.1
21078,SET/20 STRAWBERRY PAPER NAPKINS ,7227.0,6200.639999999999,741.0,342.0,-1.7,6198.94
21080,SET/20 RED RETROSPOT PAPER NAPKINS ,31801.0,26013.27,2123.0,798.0,-433.66999999999996,25579.600000000002
21081,SET/20 POSIES PAPER NAPKINS,4.0,3.4,4.0,4.0,0.0,3.4
21082,SET/20 FRUIT SALAD PAPER NAPKINS ,7183.0,1960.45,163.0,94.0,-523.94,1436.51
21084,SET/6 COLLAGE PAPER CUPS,2929.0,1008.8100000000001,223.0,113.0,-4.5600000000000005,1004.2500000000001
21085,SET/6 WOODLAND PAPER CUPS,13731.0,1872.68,66.0,42.0,0.0,1872.68
21086,SET/6 RED SPOTTY PAPER CUPS,16887.0,10939.75,843.0,311.0,-422.64000000000004,10517.11
21087,SET/6 POSIES PAPER CUPS,260.0,168.08,32.0,19.0,0.0,168.08
21088,SET/6 FRUIT SALAD PAPER CUPS,16615.0,1816.73,136.0,95.0,-572.52,1244.21
21089,SET/6 GREEN SPRING PAPER CUPS,325.0,113.84,40.0,32.0,0.0,113.84
21090,SET/6 COLLAGE PAPER PLATES,3109.0,1730.79,278.0,129.0,-14.04,1716.75
21091,SET/6 WOODLAND PAPER PLATES,13700.0,1868.7,47.0,31.0,0.0,1868.7
21092,SET/6 STRAWBERRY PAPER PLATES,12846.0,1571.5,28.0,15.0,-20.4,1551.1
21094,SET/6 RED SPOTTY PAPER PLATES,20160.0,15723.119999999999,984.0,328.0,-495.24,15227.88
21095,SET/6 POSIES PAPER PLATES,303.0,281.37,40.0,24.0,0.0,281.37
21096,SET/6 FRUIT SALAD  PAPER PLATES,15919.0,2711.71,143.0,91.0,-911.0400000000001,1800.67
21097,SET/6 GREEN SPRING  PAPER PLATE,32.0,27.2,7.0,5.0,0.0,27.2
21098,CHRISTMAS TOILET ROLL,9007.0,14174.210000000001,596.0,269.0,-246.39000000000001,13927.820000000002
21099,SET/6 STRAWBERRY PAPER CUPS,13290.0,1516.64,33.0,20.0,-78.0,1438.64
21100,CHARLIE AND LOLA CHARLOTTE BAG,2546.0,3812.58,269.0,119.0,-6.6,3805.98
21102,"CANDLE IN JAR COLLAGE , VANILLA",82.0,221.07999999999998,20.0,10.0,-79.05,142.02999999999997
21106,CREAM SLICE FLANNEL CHOCOLATE SPOT ,801.0,2455.09,169.0,98.0,0.0,2455.09
21107,CREAM SLICE FLANNEL PINK SPOT ,2452.0,7042.950000000001,313.0,167.0,0.0,7042.950000000001
21108,FAIRY CAKE FLANNEL ASSORTED COLOUR,13087.0,25859.050000000003,613.0,325.0,-6614.370000000001,19244.68
21109,"LARGE CAKE TOWEL, CHOCOLATE SPOTS",1181.0,4550.95,223.0,131.0,-13.5,4537.45
21110,LARGE CAKE TOWEL PINK SPOTS,1651.0,7824.08,329.0,173.0,-38.9,7785.18
21111,"SWISS ROLL TOWEL, CHOCOLATE  SPOTS",1408.0,3299.35,214.0,109.0,-20.650000000000002,3278.7
21112,"SWISS ROLL TOWEL, PINK  SPOTS",2234.0,5531.5,189.0,104.0,-507.29999999999995,5024.2
21114,LAVENDER SCENTED FABRIC HEART,5733.0,7399.66,494.0,359.0,-75.0,7324.66
21115,ROSE CARAVAN DOORSTOP,1257.0,8046.38,431.0,266.0,-6.75,8039.63
21116,OWL DOORSTOP,1385.0,8094.27,534.0,164.0,-4.95,8089.320000000001
21117,BLOND DOLL DOORSTOP,328.0,502.08,26.0,23.0,0.0,502.08
21118,SHOPPING BAG DOORSTOP,69.0,104.25,7.0,7.0,0.0,104.25
21119,Glow In The Dark Shot Glasses ,3.0,41.01,3.0,0.0,0.0,41.01
21120,*Boombox Ipod Classic,2.0,33.96,1.0,0.0,0.0,33.96
21121,SET/10 RED POLKADOT PARTY CANDLES,15639.0,18930.58,873.0,466.0,-212.5,18718.08
21122,SET/10 PINK POLKADOT PARTY CANDLES,12601.0,15280.06,807.0,441.0,-91.25,15188.81
21123,SET/10 IVORY POLKADOT PARTY CANDLES,2781.0,3430.56,252.0,125.0,-60.0,3370.56
21124,SET/10 BLUE SPOTTY PARTY CANDLES,10084.0,12242.800000000001,629.0,406.0,-61.25,12181.550000000001
21125,SET 6 FOOTBALL CELEBRATION CANDLES,2161.0,2260.14,246.0,162.0,-18.75,2241.39
21126,SET OF 6 GIRLS CELEBRATION CANDLES,2339.0,2367.98,285.0,169.0,-17.5,2350.48
21127,COLOURFUL FISHING GNOME,297.0,998.0300000000001,48.0,25.0,-5.95,992.08
21128,GOLD FISHING GNOME,129.0,868.25,57.0,22.0,0.0,868.25
21129,SILVER FISHING GNOME ,124.0,949.44,60.0,24.0,-34.75,914.69
21130,COLOURFUL STANDING GNOME,721.0,1200.93,49.0,29.0,-3.45,1197.48
21131,GOLD STANDING GNOME,276.0,1098.86,49.0,18.0,0.0,1098.86
21132,SILVER STANDING GNOME   ,97.0,493.61,47.0,25.0,0.0,493.61
21133,PAINTED BIRD ASSORTED CHRISTMAS,410.0,712.91,42.0,38.0,0.0,712.91
21134,VICTORIAN METAL POSTCARD CHRISTMAS,377.0,646.4399999999999,46.0,40.0,0.0,646.4399999999999
21135,VICTORIAN  METAL POSTCARD SPRING,6038.0,8656.81,405.0,251.0,-182.8,8474.01
21136,PAINTED METAL PEARS ASSORTED,10606.0,17661.149999999998,739.0,449.0,-329.36999999999995,17331.78
21137,BLACK RECORD COVER FRAME,19945.0,69295.72,634.0,198.0,-82.29,69213.43000000001
21143,ANTIQUE GLASS HEART DECORATION ,2233.0,4483.88,182.0,128.0,-39.0,4444.88
21144,PINK POODLE HANGING DECORATION ,545.0,294.19,60.0,40.0,-4.5600000000000005,289.63
21145,ANTIQUE GLASS PLACE SETTING,869.0,1256.21,49.0,34.0,-16.25,1239.96
21146,ANTIQUE GLASS RIDGED HANGING BALL,789.0,1513.6699999999998,58.0,47.0,-3.9,1509.7699999999998
21147,JINGLE BELLS TREE DECORATION,488.0,896.86,118.0,33.0,-4.2,892.66
21153,RED SPOTTY TABLECLOTH ,393.0,4294.6900000000005,139.0,91.0,-21.3,4273.39
21154,RED RETROSPOT OVEN GLOVE ,8396.0,12100.22,903.0,327.0,-240.75,11859.47
21155,RED RETROSPOT PEG BAG,6726.0,16475.41,969.0,364.0,-562.69,15912.72
21156,RETROSPOT CHILDRENS APRON,9391.0,17487.36,930.0,472.0,-142.35,17345.010000000002
21157,RED SPOTTY WASHBAG,713.0,1688.45,176.0,66.0,-12.600000000000001,1675.8500000000001
21158,MOODY GIRL DOOR HANGER ,2606.0,1827.85,310.0,184.0,-38.17,1789.6799999999998
21159,MOODY BOY  DOOR HANGER ,2117.0,1462.77,250.0,146.0,-34.61,1428.16
21160,KEEP OUT GIRLS DOOR HANGER ,794.0,557.49,58.0,44.0,-30.259999999999998,527.23
21161,KEEP OUT BOYS DOOR HANGER ,2383.0,1843.22,206.0,120.0,-47.66,1795.56
21162,TOXIC AREA  DOOR HANGER ,2404.0,1660.6899999999998,285.0,172.0,-44.76,1615.9299999999998
21163,DO NOT TOUCH MY STUFF DOOR HANGER ,2817.0,1788.3,253.0,158.0,-46.01,1742.29
21164,HOME SWEET HOME METAL SIGN ,6040.0,16812.300000000003,721.0,356.0,-64.9,16747.4
21165,BEWARE OF THE CAT METAL SIGN ,9445.0,15351.35,966.0,321.0,-82.59,15268.76
21166,COOK WITH WINE METAL SIGN ,20063.0,38428.21,1425.0,475.0,-969.18,37459.03
21167,WHITE SAGE INCENSE,2495.0,600.17,114.0,32.0,-10.5,589.67
21169,YOU'RE CONFUSING ME METAL SIGN ,8924.0,14397.69,772.0,278.0,-54.57,14343.12
21171,BATHROOM METAL SIGN ,1858.0,2599.0299999999997,260.0,142.0,0.0,2599.0299999999997
21172,PARTY METAL SIGN ,7738.0,11461.769999999999,971.0,420.0,-110.85,11350.919999999998
21173,LOO ROLL  METAL SIGN ,340.0,607.9599999999999,77.0,44.0,-19.799999999999997,588.16
21174,POTTERING IN THE SHED METAL SIGN,9800.0,19838.71,1135.0,402.0,-7.8,19830.91
21175,GIN + TONIC DIET METAL SIGN,20856.0,44282.23,1659.0,553.0,-3785.58,40496.65
21179,NO JUNK MAIL METAL SIGN,4312.0,3559.23,505.0,231.0,-4.68,3554.55
21181,PLEASE ONE PERSON METAL SIGN,25028.0,50818.920000000006,1810.0,598.0,-225.90000000000003,50593.020000000004
21185, HOME SWEET HOME  BLACKBOARD,132.0,876.29,44.0,34.0,-44.449999999999996,831.8399999999999
21186,WHITE DOVE HONEYCOMB PAPER GARLAND,5272.0,8532.17,369.0,187.0,-14.5,8517.67
21187,WHITE BELL HONEYCOMB PAPER GARLAND ,1440.0,2399.4199999999996,144.0,90.0,0.0,2399.4199999999996
21188,3D HEARTS  HONEYCOMB PAPER GARLAND,918.0,2806.8,128.0,69.0,-89.64999999999999,2717.15
21189,WHITE HONEYCOMB PAPER GARLAND ,813.0,1752.6399999999999,123.0,53.0,0.0,1752.6399999999999
21190,PINK HEARTS PAPER GARLAND,918.0,1500.3899999999999,111.0,71.0,-111.65,1388.7399999999998
21191,LARGE WHITE HONEYCOMB PAPER BELL  ,1544.0,3610.52,201.0,96.0,0.0,3610.52
21192,WHITE BELL HONEYCOMB PAPER ,2235.0,4040.5899999999997,216.0,96.0,-69.6,3970.99
21193,WHITE HONEYCOMB PAPER FAN ,111.0,274.37,22.0,14.0,0.0,274.37
21194,PINK  HONEYCOMB PAPER FAN,578.0,751.5,95.0,51.0,-6.5,745.0
21195,PINK  HONEYCOMB PAPER BALL ,1017.0,2194.2000000000003,150.0,49.0,0.0,2194.2000000000003
21196,ROUND WHITE CONFETTI IN TUBE,178.0,306.89,22.0,16.0,0.0,306.89
21197,MULTICOLOUR  CONFETTI IN TUBE,466.0,683.2599999999999,45.0,29.0,-34.65,648.6099999999999
21198,WHITE HEART CONFETTI IN TUBE,1282.0,1472.3,118.0,75.0,-64.71,1407.59
21199,PINK  HEART CONFETTI IN TUBE,1305.0,1495.6999999999998,149.0,86.0,-20.16,1475.5399999999997
21200,MULTICOLOUR HONEYCOMB PAPER GARLAND,1424.0,2070.11,126.0,64.0,-40.6,2029.5100000000002
21201,TROPICAL  HONEYCOMB PAPER GARLAND ,2755.0,6555.37,235.0,109.0,-33.15,6522.22
21202,DOLLY HONEYCOMB GARLAND,855.0,1105.1299999999999,66.0,53.0,-74.55,1030.58
21203,BUTTERFLIES  HONEYCOMB GARLAND,1539.0,2526.9999999999995,145.0,85.0,-71.25,2455.7499999999995
21204,DAISIES  HONEYCOMB GARLAND ,1609.0,2686.35,205.0,109.0,-71.25,2615.1
21205,MULTICOLOUR 3D BALLS GARLAND,677.0,1772.3899999999999,144.0,86.0,-53.55,1718.84
21206,STRAWBERRY HONEYCOMB  GARLAND ,2168.0,3089.35,238.0,117.0,-18.15,3071.2
21207,SKULL AND CROSSBONES  GARLAND ,3617.0,5627.24,282.0,167.0,-709.25,4917.99
21208,PASTEL COLOUR HONEYCOMB FAN,1079.0,980.27,120.0,65.0,-17.64,962.63
21209,MULTICOLOUR HONEYCOMB FAN,1477.0,1369.6899999999998,137.0,66.0,-38.029999999999994,1331.6599999999999
21210,SET OF 72 RETROSPOT PAPER  DOILIES,15243.0,21948.559999999998,1161.0,508.0,-214.95,21733.609999999997
21211,SET OF 72 SKULL PAPER  DOILIES,2419.0,3385.94,237.0,139.0,-17.4,3368.54
21212,PACK OF 72 RETROSPOT CAKE CASES,96472.0,52948.8,3118.0,1115.0,-549.66,52399.14
21213,PACK OF 72 SKULL CAKE CASES,40563.0,21661.75,1481.0,528.0,-48.95,21612.8
21214,SET OF 72 IVORY PAPER DOILIES,2006.0,2920.8199999999997,199.0,106.0,-1.45,2919.37
21215,IVORY PAPER CUP CAKE CASES ,4497.0,2603.4500000000003,291.0,127.0,-17.64,2585.8100000000004
21217,RED RETROSPOT ROUND CAKE TINS,2952.0,30393.48,928.0,423.0,-514.3499999999999,29879.13
21218,RED SPOTTY BISCUIT TIN,5299.0,21079.56,897.0,313.0,-288.5,20791.06
21219,SET/4 BADGES BALLOON GIRL,1028.0,1328.32,176.0,77.0,-12.5,1315.82
21220,SET/4 BADGES DOGS,663.0,898.72,159.0,65.0,0.0,898.72
21221,SET/4 BADGES CUTE CREATURES,547.0,728.4399999999999,107.0,55.0,0.0,728.4399999999999
21222,SET/4 BADGES BEETLES,623.0,809.67,133.0,70.0,0.0,809.67
21223,SET/4 BADGES WOODLAND ANIMAL,492.0,587.08,43.0,33.0,0.0,587.08
21224,SET/4 SKULL BADGES,2205.0,2739.45,312.0,140.0,-27.5,2711.95
21225,POCKET MIRROR BUTTERFLY ,2.0,2.5,2.0,2.0,0.0,2.5
21226,POCKET MIRROR WOODLAND,214.0,231.79999999999998,37.0,17.0,0.0,231.79999999999998
21228,"POCKET MIRROR ""GLAMOROUS""",97.0,122.57,31.0,25.0,0.0,122.57
21231,SWEETHEART CERAMIC TRINKET BOX,19672.0,24499.38,1482.0,500.0,-388.93,24110.45
21232,STRAWBERRY CERAMIC TRINKET BOX,38901.0,50660.48,2435.0,689.0,-1102.73,49557.75
21238,RED RETROSPOT CUP,9568.0,8248.68,903.0,324.0,-133.19,8115.490000000001
21239,PINK  POLKADOT CUP,7444.0,6509.59,751.0,266.0,-44.07,6465.52
21240,BLUE POLKADOT CUP,7634.0,6593.22,769.0,287.0,-44.79,6548.43
21241,GREEN SPOTTY CUP,2213.0,1869.07,260.0,129.0,-0.85,1868.22
21242,RED RETROSPOT PLATE ,7120.0,11979.4,657.0,289.0,-84.5,11894.9
21243,PINK  POLKADOT PLATE ,5657.0,9323.19,503.0,210.0,-27.04,9296.15
21244,BLUE POLKADOT PLATE ,5159.0,8448.69,445.0,207.0,-52.39,8396.300000000001
21245,GREEN POLKADOT PLATE ,2577.0,4285.26,304.0,146.0,-6.76,4278.5
21246,RED RETROSPOT BIG BOWL,751.0,3695.53,209.0,99.0,-39.6,3655.9300000000003
21247,SET OF RED SALAD SERVERS ,422.0,664.73,81.0,44.0,0.0,664.73
21248,DOOR HANGER  MUM + DADS ROOM,1043.0,1299.55,158.0,106.0,-33.160000000000004,1266.3899999999999
21249,WOODLAND  HEIGHT CHART STICKERS ,1679.0,4841.39,259.0,156.0,-46.400000000000006,4794.990000000001
21250,SET OF SKULL WALL STICKERS,404.0,1003.45,60.0,47.0,0.0,1003.45
21251,DINOSAUR HEIGHT CHART STICKER SET,598.0,1701.66,132.0,91.0,0.0,1701.66
21252,SET OF MEADOW  FLOWER STICKERS,168.0,408.66,22.0,14.0,0.0,408.66
21253,SET OF PICTURE FRAME  STICKERS,341.0,1260.6000000000001,122.0,41.0,0.0,1260.6000000000001
21254,SET OF KITCHEN WALL  STICKERS,0.0,0.0,0.0,0.0,-11.8,-11.8
21255,"FRENCH BOTTLE , LAVENDER",476.0,860.0799999999999,96.0,46.0,-21.449999999999996,838.6299999999999
21256,"FRENCH BOTTLE, BRASSERIE DES ARTIST",326.0,588.64,65.0,31.0,0.0,588.64
21257,VICTORIAN SEWING BOX MEDIUM,1587.0,14434.18,532.0,206.0,-205.3,14228.880000000001
21258,VICTORIAN SEWING BOX LARGE,1687.0,24089.84,526.0,186.0,-1504.3,22585.54
21259,VICTORIAN SEWING BOX SMALL ,2395.0,14456.980000000001,655.0,300.0,-155.65,14301.330000000002
21260,FIRST AID TIN,3577.0,11775.68,534.0,303.0,-197.25,11578.43
21261,GREEN GOOSE FEATHER CHRISTMAS TREE ,292.0,1214.7,77.0,37.0,0.0,1214.7
21262,WHITE GOOSE FEATHER CHRISTMAS TREE ,637.0,2574.2200000000003,132.0,69.0,-88.45,2485.7700000000004
21263,GREEN GOOSE FEATHER TREE 60CM,302.0,676.02,56.0,39.0,-3.9,672.12
21264,WHITE GOOSE FEATHER TREE 60CM ,392.0,923.76,68.0,51.0,-15.6,908.16
21265,PINK GOOSE FEATHER TREE 60CM,323.0,717.41,34.0,26.0,-55.0,662.41
21266,VINTAGE SILVER TINSEL REEL,23.0,98.9,9.0,0.0,0.0,98.9
21267,VINTAGE PINK TINSEL REEL ,24.0,74.6,10.0,3.0,0.0,74.6
21268,VINTAGE BLUE TINSEL REEL,399.0,262.5,49.0,31.0,0.0,262.5
21269,ANTIQUE CREAM CUTLERY SHELF ,115.0,1053.82,65.0,52.0,0.0,1053.82
21270,ANTIQUE CREAM CUTLERY CUPBOARD,76.0,874.43,51.0,24.0,0.0,874.43
21272,SALLE DE BAIN HOOK,2376.0,3153.65,339.0,167.0,-16.25,3137.4
21274,EMBOSSED HEART 3 DRAWER SHELF,175.0,2420.69,105.0,61.0,-12.75,2407.94
21275,ZINC TOP  2 DOOR WOODEN SHELF ,250.0,1731.43,55.0,45.0,-215.2,1516.23
21276,TWO EMBOSSED HEART MINI DRAWERS,677.0,1558.94,29.0,24.0,-76.2,1482.74
21277,FRENCH STYLE EMBOSSED HEART CABINET,55.0,1331.34,48.0,36.0,-87.8,1243.54
21278,VINTAGE KITCHEN PRINT PUDDINGS,2758.0,1654.4499999999998,118.0,63.0,-320.4,1334.0499999999997
21279,VINTAGE KITCHEN PRINT FRUITS,3530.0,1637.01,101.0,51.0,-425.84999999999997,1211.16
21280,VINTAGE KITCHEN PRINT VEGETABLES,3333.0,1800.44,70.0,44.0,-312.0,1488.44
21281,VINTAGE KITCHEN PRINT SEAFOOD,3689.0,1747.28,67.0,34.0,-384.0,1363.28
21282,NATURAL BARK CANDLE LARGE,356.0,1522.28,69.0,49.0,-51.0,1471.28
21283,NATURAL BARK CANDLE SMALL,512.0,1629.2,81.0,59.0,-39.0,1590.2
21284,RETROSPOT CANDLE  SMALL,1560.0,1692.3600000000001,140.0,80.0,-70.92,1621.44
21285,RETROSPOT CANDLE  MEDIUM,1012.0,1383.67,99.0,56.0,-66.0,1317.67
21286,RETROSPOT CANDLE  LARGE,1009.0,1638.1899999999998,101.0,56.0,-30.599999999999998,1607.59
21287,SCENTED VELVET LOUNGE CANDLE ,4134.0,1893.75,93.0,67.0,0.0,1893.75
21288,STRIPEY CHOCOLATE NESTING BOXES,990.0,2586.9900000000002,224.0,105.0,-64.14999999999999,2522.84
21289,LARGE STRIPES CHOCOLATE GIFT BAG,1432.0,1573.06,102.0,52.0,-25.0,1548.06
21290,LARGE SPOTTY CHOCOLATE GIFT BAG,2.0,2.5,1.0,0.0,0.0,2.5
21291,SMALL POLKADOT CHOCOLATE GIFT BAG ,2506.0,2161.11,153.0,95.0,-56.95,2104.1600000000003
21292,SMALL STRIPES CHOCOLATE GIFT BAG ,2477.0,1450.9099999999999,91.0,69.0,-13.6,1437.31
21293,MIRRORED DOVE WALL DECORATION,343.0,872.34,85.0,29.0,-4.2,868.14
21294,ETCHED GLASS COASTER,2342.0,1773.75,139.0,83.0,0.0,1773.75
21298,EDWARDIAN 2 DRAWER WALL CABINET ,52.0,755.8,14.0,14.0,-99.7,656.0999999999999
21299,EDWARDIAN TOILET ROLL UNIT ,166.0,966.35,34.0,25.0,-33.4,932.95
21300,ANTIQUE EDWARDIAN DRESSER,53.0,841.7,12.0,11.0,-127.5,714.2
21303,FILIGREE WALL MIRROR  ANTIQUE WHITE,96.0,985.54,30.0,24.0,-76.44999999999999,909.0899999999999
21304,ARCHED GREY MIRROR,86.0,591.58,18.0,16.0,0.0,591.58
21306,SET/4 DAISY MIRROR MAGNETS,684.0,350.36,68.0,48.0,-7.32,343.04
21307,SET/4 BUTTERFLY MIRROR MAGNETS,751.0,654.2700000000001,72.0,41.0,-2.1,652.1700000000001
21308,LOUVRE VANITY MIRROR,132.0,705.9,6.0,3.0,-15.9,690.0
21309,LOUVRE CHALKBOARD,49.0,325.6,5.0,5.0,-9.95,315.65000000000003
21310,CAPIZ CHANDELIER,6.0,179.7,4.0,3.0,-29.95,149.75
21311,SET/4 BIRD MIRROR MAGNETS ,707.0,552.27,94.0,62.0,-7.83,544.4399999999999
21312,LARGE CHUNKY GLASS ROMAN BOWL,299.0,1179.17,26.0,19.0,-25.35,1153.8200000000002
21313,GLASS HEART T-LIGHT HOLDER ,6862.0,5903.599999999999,415.0,173.0,-110.14999999999999,5793.45
21314,SMALL GLASS HEART TRINKET POT,11647.0,25253.850000000002,1066.0,369.0,-2303.1000000000004,22950.75
21315,LARGE GLASS HEART TRINKET POT,0.0,0.0,0.0,0.0,-17.0,-17.0
21316,SMALL CHUNKY GLASS ROMAN  BOWL,694.0,1152.02,47.0,33.0,-5.9,1146.12
21317,GLASS SPHERE CANDLE STAND MEDIUM,358.0,1464.42,74.0,56.0,-15.850000000000001,1448.5700000000002
21318,GLASS CHALICE BLUE SMALL ,972.0,900.42,93.0,70.0,-40.059999999999995,860.36
21319,GLASS CHALICE GREEN  SMALL ,510.0,750.3299999999999,65.0,44.0,-56.949999999999996,693.3799999999999
21320,GLASS CHALICE GREEN  LARGE ,398.0,913.34,56.0,31.0,-52.5,860.84
21321,GLASS CHALICE BLUE  LARGE ,122.0,301.8,18.0,10.0,-34.2,267.6
21322,GLASS SPHERE CANDLE STAND LARGE ,301.0,590.45,14.0,12.0,0.0,590.45
21323,HANGING MEDINA LANTERN LARGE,740.0,2506.89,80.0,46.0,-12.75,2494.14
21324,HANGING MEDINA LANTERN SMALL,1023.0,2875.2200000000003,175.0,101.0,-140.1,2735.1200000000003
21326,AGED GLASS SILVER T-LIGHT HOLDER,18224.0,11886.68,643.0,307.0,-66.3,11820.380000000001
21327,SKULLS WRITING SET ,1962.0,3468.6899999999996,495.0,212.0,0.0,3468.6899999999996
21328,BALLOONS  WRITING SET ,2523.0,4816.33,643.0,257.0,0.0,4816.33
21329,DINOSAURS  WRITING SET ,2119.0,3845.6499999999996,555.0,253.0,-33.0,3812.6499999999996
21330,WOODLAND ANIMAL  WRITING SET ,1452.0,2454.0699999999997,201.0,101.0,-14.85,2439.22
21331,MOROCCAN BEATEN METAL DISH LARGE,110.0,946.6800000000001,30.0,23.0,-38.25,908.4300000000001
21332,MOROCCAN BEATEN METAL MIRROR,270.0,1644.17,50.0,36.0,-109.75,1534.42
21333,CLASSIC WHITE FRAME,1080.0,3262.9,222.0,150.0,-59.02,3203.88
21335,LIBRARY LAMP,42.0,989.62,28.0,17.0,-84.8,904.82
21336,GOLD WASHBAG,1824.0,530.51,43.0,13.0,-115.27000000000001,415.24
21337,SILVER WASHBAG,33.0,103.53000000000002,12.0,7.0,0.0,103.53000000000002
21338,MARAKESH LANTERN SMALL ,199.0,873.25,13.0,9.0,0.0,873.25
21339,MARAKESH LANTERN LARGE,30.0,544.5,12.0,12.0,0.0,544.5
21340,CLASSIC METAL BIRDCAGE PLANT HOLDER,1772.0,19398.11,419.0,249.0,-670.0999999999999,18728.010000000002
21341,KASBAH LANTERN WITH GLASS ,72.0,410.64000000000004,29.0,15.0,0.0,410.64000000000004
21343,GOLD JEWELERY BOX,20.0,92.00000000000001,3.0,3.0,-33.9,58.100000000000016
21344,MOROCCAN BEATEN METAL DISH,166.0,749.82,26.0,21.0,-37.75,712.07
21346,LARGE SILVER BALUSTRADE CANDLESTICK,0.0,0.0,0.0,0.0,-5.95,-5.95
21348,PINK SPOTS CHOCOLATE NESTING BOXES ,842.0,2030.8400000000001,133.0,91.0,-54.25000000000001,1976.5900000000001
21349,IVY HEART WREATH,565.0,4125.83,171.0,113.0,-81.0,4044.83
21350,GINGHAM HEART WREATH,225.0,647.7500000000001,42.0,39.0,-5.9,641.8500000000001
21351,CINAMMON & ORANGE WREATH,1132.0,3911.1,177.0,113.0,-91.95,3819.15
21352,EUCALYPTUS & PINECONE  WREATH,917.0,3340.71,158.0,77.0,-74.25,3266.46
21353,SILVER SLEIGHBELL  WREATH,19.0,160.45,9.0,8.0,0.0,160.45
21354,TOAST ITS - BEST MUM,2532.0,3048.32,217.0,123.0,0.0,3048.32
21355,TOAST ITS - I LOVE YOU ,3521.0,4308.08,341.0,213.0,-60.0,4248.08
21356,TOAST ITS - FAIRY FLOWER,1623.0,2070.55,349.0,116.0,-1.25,2069.3
21357,TOAST ITS - DINOSAUR,1392.0,1832.76,211.0,105.0,-60.0,1772.76
21358,TOAST ITS - HAPPY BIRTHDAY,1146.0,1421.22,222.0,130.0,-1.25,1419.97
21359,RELAX LARGE WOOD LETTERS,209.0,2150.48,73.0,57.0,-39.8,2110.68
21360,JOY LARGE WOOD LETTERS,443.0,2810.31,100.0,81.0,-19.9,2790.41
21361,LOVE LARGE WOOD LETTERS ,580.0,7660.82,286.0,181.0,-202.2,7458.62
21363,HOME SMALL WOOD LETTERS,1010.0,5455.530000000001,401.0,224.0,-92.65,5362.880000000001
21364,PEACE SMALL WOOD LETTERS,473.0,3441.4700000000003,167.0,118.0,-13.5,3427.9700000000003
21365,MIRRORED WALL ART STARS,476.0,731.5300000000001,77.0,51.0,0.0,731.5300000000001
21366,MIRRORED WALL ART PHOTO FRAMES,247.0,1203.57,77.0,24.0,0.0,1203.57
21367,MIRRORED WALL ART GENTS,215.0,293.7,60.0,37.0,0.0,293.7
21368,MIRRORED WALL ART LADIES,201.0,212.04,47.0,32.0,0.0,212.04
21369,MIRRORED WALL ART SPLODGES,135.0,236.73,22.0,15.0,0.0,236.73
21370,MIRRORED WALL ART FOXY,56.0,264.67,22.0,15.0,0.0,264.67
21371,MIRRORED WALL ART POPPIES,404.0,556.01,64.0,33.0,0.0,556.01
21372,MIRRORED WALL ART TABLE LAMP,158.0,275.87,50.0,28.0,0.0,275.87
21373,MIRRORED WALL ART SNOWFLAKES,636.0,548.89,61.0,52.0,-9.0,539.89
21374,MIRRORED WALL ART SKULLS,474.0,824.67,71.0,57.0,0.0,824.67
21375,LARGE CAMPHOR WOOD FIELD MUSHROOM ,137.0,845.0899999999999,61.0,26.0,0.0,845.0899999999999
21376,LARGE  TALL CAMPHOR WOOD TOADSTOOL ,184.0,855.36,46.0,35.0,0.0,855.36
21377,SMALL CAMPHOR WOOD FIELD  MUSHROOM,527.0,760.8299999999999,98.0,37.0,-19.200000000000003,741.6299999999999
21378,SMALL TALL CAMPHOR WOOD TOADSTOOL,560.0,728.9699999999999,88.0,47.0,0.0,728.9699999999999
21379,CAMPHOR WOOD PORTOBELLO MUSHROOM,650.0,719.23,125.0,43.0,0.0,719.23
21380,WOODEN HAPPY BIRTHDAY GARLAND,5047.0,14643.480000000001,651.0,325.0,-1601.7,13041.78
21381,MINI WOODEN HAPPY BIRTHDAY GARLAND,5140.0,8634.699999999999,532.0,234.0,-949.7099999999999,7684.989999999999
21382,SET/4 SPRING FLOWER DECORATION,1241.0,1674.51,152.0,78.0,-6.0,1668.51
21383,PACK OF 12 STICKY BUNNIES,2218.0,1599.53,323.0,169.0,-40.300000000000004,1559.23
21384,IVORY HANGING DECORATION  BUTTERFLY,1917.0,1810.1899999999998,150.0,99.0,0.0,1810.1899999999998
21385,IVORY HANGING DECORATION  HEART,10918.0,9440.949999999999,690.0,320.0,-5.1,9435.849999999999
21386,IVORY HANGING DECORATION  EGG,1148.0,680.78,105.0,72.0,0.0,680.78
21387,IVORY HANGING DECORATION  RABBIT,25.0,21.25,4.0,4.0,0.0,21.25
21388,IVORY HANGING DECORATION  CHICKEN,311.0,290.16999999999996,29.0,27.0,0.0,290.16999999999996
21389,IVORY HANGING DECORATION  BIRD,2301.0,2011.4099999999999,261.0,149.0,-25.5,1985.9099999999999
21390,FILIGRIS HEART WITH BUTTERFLY,10967.0,13590.47,588.0,280.0,-93.75,13496.72
21391,FRENCH LAVENDER SCENT HEART,1421.0,1828.73,175.0,113.0,-6.300000000000001,1822.43
21392,RED SPOTTY PUDDING BOWL,7548.0,1484.43,48.0,32.0,-478.44,1005.99
21393,BLUE  SPOTTY PUDDING BOWL,5253.0,1191.71,43.0,34.0,-330.78000000000003,860.9300000000001
21394,RED POLKADOT BEAKER ,4005.0,1864.6299999999999,150.0,100.0,-8.58,1856.05
21395,BLUE POLKADOT BEAKER ,2968.0,1401.6,115.0,79.0,-23.4,1378.1999999999998
21396,RED SPOTTY EGG CUP ,948.0,1205.25,77.0,45.0,-6.25,1199.0
21397,BLUE  SPOTTY EGG CUP ,2171.0,2039.46,180.0,99.0,-15.0,2024.46
21400,RED PUDDING SPOON,1078.0,213.07,91.0,54.0,-5.04,208.03
21401,BLUE PUDDING SPOON,1444.0,319.07,121.0,72.0,0.0,319.07
21402,RED  EGG  SPOON,1698.0,333.42,151.0,81.0,-0.42,333.0
21403,BLUE EGG  SPOON,2326.0,529.02,157.0,80.0,0.0,529.02
21406,SPOTTY CAT DOORSTOP ,1.0,8.65,1.0,0.0,0.0,8.65
21407,BROWN CHECK CAT DOORSTOP ,1314.0,6002.09,453.0,231.0,-8.5,5993.59
21408,SPOTTY PINK DUCK DOORSTOP,715.0,3134.29,240.0,114.0,-21.25,3113.04
21409,SPOTTY COCKEREL DOORSTOP,1.0,4.25,1.0,1.0,0.0,4.25
21410,COUNTRY COTTAGE  DOORSTOP GREEN,313.0,1466.75,150.0,81.0,-4.25,1462.5
21411,GINGHAM HEART  DOORSTOP RED,2118.0,8493.04,624.0,358.0,-34.0,8459.04
21412,VINTAGE GOLD TINSEL REEL,275.0,279.0,67.0,33.0,-3.7800000000000002,275.22
21413,PERIWINKLE T-LIGHT HOLDER,3171.0,1152.47,52.0,25.0,0.0,1152.47
21414,SCALLOP SHELL SOAP DISH,1637.0,870.89,36.0,17.0,-2.1,868.79
21415,CLAM SHELL SMALL ,351.0,734.57,82.0,41.0,0.0,734.57
21416,CLAM SHELL LARGE,752.0,606.8100000000001,22.0,15.0,0.0,606.8100000000001
21417,COCKLE SHELL DISH,504.0,1030.21,118.0,41.0,-52.50000000000001,977.71
21418,STARFISH SOAP DISH,194.0,533.8399999999999,66.0,24.0,-7.6499999999999995,526.1899999999999
21419,CONCH SHELL,1259.0,577.6899999999999,19.0,12.0,0.0,577.6899999999999
21420,OYSTER TRINKET BOX,120.0,332.16,31.0,21.0,0.0,332.16
21421,PORCELAIN ROSE LARGE ,1807.0,2163.23,105.0,60.0,-7.5,2155.73
21422,PORCELAIN ROSE SMALL,3203.0,2655.72,147.0,71.0,-3.4,2652.3199999999997
21424,WOODLAND STORAGE BOX LARGE ,955.0,2861.64,142.0,51.0,-154.85,2706.79
21425,SKULLS STORAGE BOX LARGE,505.0,1274.93,95.0,41.0,-91.45000000000002,1183.48
21426,WOODLAND STORAGE BOX SMALL,1029.0,1649.17,99.0,44.0,-161.40000000000003,1487.77
21427,SKULLS STORAGE BOX SMALL,517.0,1023.02,119.0,55.0,-33.6,989.42
21428,SET3 BOOK BOX GREEN GINGHAM FLOWER ,2935.0,11975.93,465.0,228.0,-166.0,11809.93
21429,RED GINGHAM ROSE JEWELLERY BOX,6568.0,11743.529999999999,997.0,418.0,-120.3,11623.23
21430,SET/3 RED GINGHAM ROSE STORAGE BOX,4741.0,18514.2,814.0,323.0,-230.28,18283.920000000002
21431,GREEN GINGHAM FLOWER JEWELLERY BOX,1483.0,2511.3599999999997,278.0,167.0,-3.3,2508.0599999999995
21432,SET OF 3 CASES WOODLAND DESIGN,942.0,5435.91,237.0,152.0,-129.35,5306.5599999999995
21437,24 HANGING EASTER EGGS FLORAL TUB,677.0,2350.92,109.0,88.0,-18.75,2332.17
21438,TUB 24 HANGING EASTER EGGS SPOTTY,373.0,1229.8200000000002,36.0,33.0,-15.0,1214.8200000000002
21439,BASKET OF TOADSTOOLS,2288.0,2880.09,240.0,112.0,-432.48,2447.61
21440,12 MINI TOADSTOOL PEGS,472.0,597.56,95.0,72.0,-2.5,595.06
21441,BLUE BIRDHOUSE DECORATION,941.0,667.3199999999999,133.0,67.0,0.0,667.3199999999999
21442,GREEN BIRDHOUSE DECORATION,974.0,706.63,136.0,66.0,0.0,706.63
21445,12 PINK ROSE PEG PLACE SETTINGS,1535.0,1907.23,146.0,88.0,-15.0,1892.23
21446,12 RED ROSE PEG PLACE SETTINGS,1266.0,1683.61,232.0,122.0,0.0,1683.61
21447,12 IVORY ROSE PEG PLACE SETTINGS,2796.0,3868.89,336.0,149.0,-1.25,3867.64
21448,12 DAISY PEGS IN WOOD BOX,959.0,1648.4799999999998,211.0,132.0,0.0,1648.4799999999998
21450,DISTRESSED CANDLE STICK WHITE,13.0,77.35,3.0,3.0,-59.5,17.849999999999994
21452,TOADSTOOL MONEY BOX,1944.0,5960.76,408.0,228.0,-124.05000000000001,5836.71
21454,PAINTED PINK RABBIT ,937.0,807.5999999999999,194.0,78.0,-10.2,797.3999999999999
21455,PAINTED YELLOW WOODEN DAISY,901.0,797.27,167.0,60.0,-14.45,782.8199999999999
21456,2 PICTURE BOOK EGGS EASTER CHICKS,738.0,776.05,65.0,42.0,-1.25,774.8
21457,2 PICTURE BOOK EGGS EASTER DUCKS,685.0,716.0,65.0,45.0,0.0,716.0
21458,2 PICTURE BOOK EGGS EASTER BUNNY,768.0,849.24,88.0,51.0,0.0,849.24
21459,YELLOW EASTER EGG HUNT START POST,263.0,520.55,44.0,33.0,-35.1,485.44999999999993
21460,GREEN EASTER EGG HUNT START POST,113.0,249.64999999999998,27.0,20.0,-15.6,234.04999999999998
21461,BLUE EASTER EGG HUNT START POST,82.0,171.04,23.0,17.0,-9.75,161.29
21462,"NURSERY A,B,C PAINTED LETTERS",419.0,2465.91,171.0,131.0,-40.5,2425.41
21463,MIRRORED DISCO BALL ,1370.0,7593.76,302.0,169.0,-403.3,7190.46
21464,DISCO BALL ROTATOR BATTERY OPERATED,559.0,2371.75,217.0,127.0,-89.25,2282.5
21465,PINK FLOWER CROCHET FOOD COVER,795.0,2883.1400000000003,187.0,117.0,-7.5,2875.6400000000003
21466,RED FLOWER CROCHET FOOD COVER,937.0,3517.29,275.0,147.0,0.0,3517.29
21467,CHERRY CROCHET FOOD COVER,1029.0,3278.75,254.0,145.0,-18.75,3260.0
21468,BUTTERFLY CROCHET FOOD COVER,671.0,2368.89,142.0,91.0,-7.5,2361.39
21469,POLKA DOT RAFFIA FOOD COVER,1173.0,3512.01,210.0,130.0,-67.5,3444.51
21470,FLOWER VINE RAFFIA FOOD COVER,1118.0,4258.67,319.0,160.0,-33.75,4224.92
21471,STRAWBERRY RAFFIA FOOD COVER,1414.0,5125.63,319.0,165.0,-15.0,5110.63
21472,LADYBIRD + BEE RAFFIA FOOD COVER,1065.0,4111.57,285.0,161.0,0.0,4111.57
21473,SWEETHEART CREAM STEEL TABLE RECT,157.0,3212.16,90.0,65.0,-79.8,3132.3599999999997
21474,SWEETHEART CREAM STEEL FOLDIN BENCH,210.0,4189.5,94.0,69.0,-139.64999999999998,4049.85
21475,SWEETHEART CREAM STEEL FOLDIN CHAIR,1.0,14.95,1.0,1.0,-14.95,0.0
21476,STEEL SWEETHEART ROUND TABLE CREAM,142.0,2219.5099999999998,85.0,53.0,-29.9,2189.6099999999997
21477,STRING OF 20 ROSE LIGHTS,273.0,3248.94,45.0,35.0,-257.24999999999994,2991.69
21478,SILVER SKULL HOT WATER BOTTLE ,204.0,854.23,92.0,57.0,-3.75,850.48
21479,WHITE SKULL HOT WATER BOTTLE ,6857.0,34560.68,930.0,410.0,-677.1800000000001,33883.5
21480,PINK STRIPE HOT WATER BOTTLE,285.0,899.5200000000001,57.0,35.0,-17.700000000000003,881.82
21481,FAWN BLUE HOT WATER BOTTLE,8537.0,26925.18,1050.0,439.0,-2065.9,24859.28
21482,MUSHROOM BLUE HOT WATER BOTTLE,740.0,2296.76,184.0,104.0,-17.700000000000003,2279.0600000000004
21484,CHICK GREY HOT WATER BOTTLE,4764.0,18949.600000000002,864.0,367.0,-199.35000000000002,18750.250000000004
21485,RETROSPOT HEART HOT WATER BOTTLE,7872.0,38585.35,1385.0,657.0,-193.05,38392.299999999996
21486,PINK HEART DOTS HOT WATER BOTTLE,1152.0,3786.5499999999997,294.0,127.0,-3.75,3782.7999999999997
21488,RED WHITE SCARF  HOT WATER BOTTLE,2443.0,10266.230000000001,359.0,216.0,0.0,10266.230000000001
21489,BLUE WHITE SCARF HOT WATER BOTTLE,28.0,157.60000000000002,14.0,6.0,0.0,157.60000000000002
21490,SET OF THREE 50'S GIFT WRAPS ,637.0,1210.6,55.0,36.0,-54.599999999999994,1156.0
21491,SET OF THREE VINTAGE GIFT WRAPS,2878.0,5367.009999999999,248.0,184.0,-99.44999999999999,5267.5599999999995
21493, VINTAGE DESIGN GIFT TAGS,272.0,252.45,29.0,22.0,0.0,252.45
21494,ROTATING LEAVES T-LIGHT HOLDER,3926.0,6663.08,501.0,147.0,-5.0,6658.08
21495,SKULLS AND CROSSBONES WRAP,12515.0,5140.3,376.0,201.0,-10.5,5129.8
21496,WOODLAND CREATURES  WRAP,25.0,10.5,1.0,1.0,-10.5,0.0
21497,FANCY FONTS BIRTHDAY WRAP,17575.0,7009.5,485.0,330.0,0.0,7009.5
21498,RED RETROSPOT WRAP ,27126.0,10999.92,802.0,454.0,-42.0,10957.92
21499,BLUE POLKADOT WRAP,15402.0,6186.84,460.0,302.0,-82.5,6104.34
21500,PINK POLKADOT WRAP ,16125.0,6510.5,492.0,301.0,0.0,6510.5
21503,TOYBOX  WRAP ,1801.0,740.42,64.0,57.0,-0.42,740.0
21504,SKULLS GREETING CARD,4973.0,2030.22,329.0,158.0,-5.04,2025.18
21506,"FANCY FONT BIRTHDAY CARD, ",11194.0,4662.0199999999995,665.0,310.0,-25.2,4636.82
21507,"ELEPHANT, BIRTHDAY CARD, ",8310.0,3490.36,584.0,267.0,-10.08,3480.28
21508,VINTAGE KID DOLLY CARD ,6778.0,2834.08,541.0,215.0,-5.04,2829.04
21509,COWBOYS AND INDIANS BIRTHDAY CARD ,8805.0,3631.99,628.0,264.0,-10.08,3621.91
21511,VINTAGE COLLAGE  GREETING  CARD ,40.0,16.8,2.0,1.0,0.0,16.8
21518,BANK ACCOUNT  GREETING  CARD ,1119.0,474.32,109.0,58.0,0.0,474.32
21519,GIN & TONIC DIET GREETING CARD ,7458.0,3195.35,553.0,181.0,-15.120000000000001,3180.23
21520,BOOZE & WOMEN GREETING CARD ,995.0,428.45,108.0,61.0,-0.84,427.61
21523,DOORMAT FANCY FONT HOME SWEET HOME,7046.0,47194.58,1122.0,357.0,-47.54,47147.04
21524,DOORMAT SPOTTY HOME SWEET HOME,5329.0,36565.22,1150.0,474.0,-56.39,36508.83
21525,BEWARE OF THE CAT DOORMAT,2.0,13.5,2.0,1.0,-13.5,0.0
21527,RED RETROSPOT TRADITIONAL TEAPOT ,3414.0,25493.02,831.0,352.0,-1423.88,24069.14
21528,DAIRY MAID TRADITIONAL TEAPOT ,904.0,5721.52,257.0,145.0,-213.4,5508.120000000001
21529,RETRO SPOT CERAMIC TOASTRACK,503.0,1790.44,152.0,94.0,-27.6,1762.8400000000001
21530,DAIRY MAID TOASTRACK,963.0,1379.2800000000002,162.0,99.0,-57.040000000000006,1322.2400000000002
21531,RED RETROSPOT SUGAR JAM BOWL,4134.0,10318.869999999999,776.0,324.0,-100.94999999999999,10217.919999999998
21532,DAIRY MAID SUGAR JAM BOWL,1387.0,1419.71,90.0,58.0,-33.6,1386.1100000000001
21533,RETRO SPOT LARGE MILK JUG,3385.0,16814.370000000003,954.0,425.0,-389.85,16424.520000000004
21534,DAIRY MAID LARGE MILK JUG,942.0,4793.66,342.0,199.0,-143.55,4650.11
21535,RED RETROSPOT SMALL MILK JUG,6778.0,16842.1,1111.0,461.0,-238.35,16603.75
21536,DAIRY MAID  SMALL  MILK JUG,221.0,474.74000000000007,61.0,42.0,-14.700000000000001,460.0400000000001
21537,RED RETROSPOT PUDDING BOWL,1049.0,4526.59,256.0,174.0,-247.0,4279.59
21538,DAIRY MAID  PUDDING BOWL,1313.0,1943.26,51.0,40.0,-7.5,1935.76
21539,RED RETROSPOT BUTTER DISH,2767.0,13769.44,709.0,290.0,-334.31,13435.130000000001
21540,DAIRY MAID CERAMIC BUTTER DISH,1323.0,2394.95,87.0,52.0,-81.5,2313.45
21541,DINOSAURS WATER TRANSFER TATTOOS ,1907.0,1636.24,201.0,119.0,-16.15,1620.09
21542,WOODLAND WATER TRANSFER TATTOOS ,1877.0,1600.75,190.0,112.0,-59.5,1541.25
21543,BUTTERFLY WATER TRANSFER TATTOOS ,284.0,215.0,24.0,13.0,0.0,215.0
21544,SKULLS  WATER TRANSFER TATTOOS ,6128.0,5117.139999999999,503.0,229.0,-20.4,5096.74
21545,CERAMIC BIRDHOUSE BUTTERFLY SMALL,697.0,1640.1200000000001,82.0,52.0,-5.9,1634.22
21547,CERAMIC BIRDHOUSE CRESTED TIT SMALL,728.0,1877.9800000000002,119.0,69.0,-5.9,1872.0800000000002
21548,CERAMIC BIRDHOUSE FINCH BLUE ROOF,682.0,1776.1200000000001,107.0,55.0,-44.25,1731.8700000000001
21549,CERAMIC BIRDHOUSE RED ROOF SMALL,547.0,1270.39,51.0,36.0,-20.650000000000002,1249.74
21550,CERAMIC BIRDHOUSE CRESTED TIT LARGE,295.0,1565.51,64.0,42.0,-5.95,1559.56
21551,CERAMIC BIRDHOUSE BUTTERFLY LARGE,169.0,824.95,22.0,16.0,0.0,824.95
21552,CERAMIC BIRDHOUSE BLACK ROSE  LARGE,165.0,837.6,35.0,25.0,-17.85,819.75
21553,CERAMIC BIRDHOUSE FINCH BLUE  LARGE,90.0,581.27,39.0,24.0,-5.95,575.3199999999999
21554,CERAMIC BIRDHOUSE RED ROOF LARGE,167.0,767.75,22.0,17.0,-17.85,749.9
21555,CERAMIC STRAWBERRY TRINKET TRAY,431.0,1146.6699999999998,134.0,38.0,-2.55,1144.12
21556,CERAMIC STRAWBERRY MONEY BOX,1626.0,4305.45,293.0,132.0,-10.2,4295.25
21557,SET OF 6 FUNKY BEAKERS,953.0,3251.04,302.0,71.0,-2.95,3248.09
21558,SKULL LUNCH BOX WITH CUTLERY ,4244.0,10945.17,768.0,267.0,-235.5,10709.67
21559,STRAWBERRY LUNCH BOX WITH CUTLERY,8313.0,20612.52,1221.0,396.0,-86.25,20526.27
21560,TOADSTOOL  LUNCHBOX WITH CUTLERY,4.0,15.44,4.0,0.0,0.0,15.44
21561,DINOSAUR LUNCH BOX WITH CUTLERY,2977.0,7326.82,522.0,260.0,-7.6499999999999995,7319.17
21562,HAWAIIAN GRASS SKIRT ,678.0,970.2800000000001,73.0,47.0,0.0,970.2800000000001
21563,RED HEART SHAPE LOVE BUCKET ,2800.0,6925.89,362.0,180.0,-52.05,6873.84
21564,PINK  HEART SHAPE LOVE BUCKET ,1967.0,4577.620000000001,294.0,134.0,-31.650000000000002,4545.970000000001
21576,LETS GO SHOPPING COTTON TOTE BAG,742.0,1711.5,205.0,118.0,-20.25,1691.25
21577,SAVE THE PLANET COTTON TOTE BAG,2592.0,5825.62,464.0,241.0,-36.0,5789.62
21578,WOODLAND DESIGN  COTTON TOTE BAG,2215.0,5088.17,380.0,184.0,-22.5,5065.67
21579,LOLITA  DESIGN  COTTON TOTE BAG,1038.0,1583.9099999999999,136.0,80.0,-38.25,1545.6599999999999
21580,RABBIT  DESIGN  COTTON TOTE BAG,550.0,1347.6299999999999,172.0,76.0,-13.5,1334.1299999999999
21581,SKULLS  DESIGN  COTTON TOTE BAG,1188.0,1935.17,203.0,104.0,-45.0,1890.17
21582,KINGS CHOICE SMALL TUBE MATCHES,117.0,193.04999999999998,16.0,15.0,0.0,193.04999999999998
21584,RETROSPOT SMALL TUBE MATCHES,3840.0,6187.2,352.0,253.0,-44.55,6142.65
21585,SWALLOW SMALL TUBE MATCHES,1.0,1.65,1.0,1.0,0.0,1.65
21586,KINGS CHOICE GIANT TUBE MATCHES,2657.0,6185.85,238.0,172.0,-124.94999999999999,6060.900000000001
21587,COSY HOUR GIANT TUBE MATCHES,2201.0,5482.95,260.0,207.0,-15.299999999999999,5467.65
21588,RETROSPOT GIANT TUBE MATCHES,3390.0,7848.0,284.0,191.0,-63.74999999999999,7784.25
21589,SWALLOW GIANT TUBE MATCHES,1119.0,2583.4500000000003,88.0,73.0,-30.599999999999998,2552.8500000000004
21590,KINGS CHOICE CIGAR BOX MATCHES ,3448.0,4141.28,286.0,203.0,-32.5,4108.78
21591,COSY HOUR CIGAR BOX MATCHES ,4084.0,6135.58,365.0,264.0,-67.5,6068.08
21592,RETROSPOT CIGAR BOX MATCHES ,5971.0,6671.21,476.0,312.0,-30.0,6641.21
21593,SWALLOW CIGAR BOX MATCHES ,1391.0,1629.31,94.0,69.0,-30.0,1599.31
21594,Dr. Jam's Arouzer Stress Ball,6.0,25.27,5.0,0.0,0.0,25.27
21595,Dad's Cab Electronic Meter,11.0,93.89,9.0,0.0,0.0,93.89
21596,Hypochondriac Pill Stress Ball,10.0,42.64,9.0,0.0,0.0,42.64
21609,SET 12 LAVENDER  BOTANICAL T-LIGHTS,1513.0,4230.55,218.0,142.0,0.0,4230.55
21610,SET 12 PEAR BOTANICAL T-LIGHTS,542.0,1543.67,97.0,72.0,0.0,1543.67
21611,SET OF 12 LILY BOTANICAL T-LIGHTS,750.0,2182.19,148.0,93.0,-17.700000000000003,2164.4900000000002
21612,SET 12 WILDFLOWER BOTANICAL T-LIGHT,698.0,2025.7700000000002,113.0,76.0,-17.700000000000003,2008.0700000000002
21613,S/12 VANILLA  BOTANICAL T-LIGHTS,636.0,1873.2500000000002,145.0,111.0,0.0,1873.2500000000002
21614,SET OF 12 ROSE BOTANICAL T-LIGHTS,1627.0,4538.17,194.0,123.0,-336.05,4202.12
21615,4 LAVENDER BOTANICAL DINNER CANDLES,1174.0,2331.17,169.0,115.0,0.0,2331.17
21616,4 PEAR BOTANICAL DINNER CANDLES,1163.0,2499.83,191.0,126.0,0.0,2499.83
21617,4 LILY  BOTANICAL DINNER CANDLES,850.0,2195.01,169.0,102.0,0.0,2195.01
21618,4 WILDFLOWER BOTANICAL CANDLES,702.0,1842.61,139.0,86.0,0.0,1842.61
21619,4 VANILLA BOTANICAL CANDLES,1132.0,2076.64,212.0,138.0,0.0,2076.64
21620,SET OF 4 ROSE BOTANICAL CANDLES,1088.0,2210.48,222.0,139.0,-22.5,2187.98
21621,VINTAGE UNION JACK BUNTING,6931.0,60549.54,1292.0,583.0,-544.0,60005.54
21622,VINTAGE UNION JACK CUSHION COVER,3728.0,20080.49,626.0,329.0,-217.8,19862.690000000002
21623,VINTAGE UNION JACK MEMOBOARD,7196.0,52082.93,530.0,311.0,-499.20000000000005,51583.73
21624,VINTAGE UNION JACK DOORSTOP,1783.0,10712.55,403.0,281.0,-146.6,10565.949999999999
21625,VINTAGE UNION JACK APRON,1007.0,7234.87,334.0,186.0,0.0,7234.87
21626,VINTAGE UNION JACK PENNANT,1511.0,3053.1,204.0,136.0,-117.0,2936.1
21627,ELEPHANT CARNIVAL POUFFE,200.0,3870.7799999999997,115.0,31.0,-78.7,3792.08
21628,TRIANGULAR POUFFE VINTAGE ,166.0,3215.18,87.0,24.0,-59.8,3155.3799999999997
21629,SQUARE FLOOR CUSHION VINTAGE RED,179.0,1977.27,105.0,27.0,-7.95,1969.32
21630,FLOOR CUSHION ELEPHANT CARNIVAL,167.0,2037.6,95.0,21.0,-35.8,2001.8
21631,HIPPY CHIC DECORATIVE PARASOL,221.0,1571.75,54.0,38.0,0.0,1571.75
21632,VINTAGE PINK DECORATIVE PARASOL,133.0,1101.71,53.0,30.0,-12.75,1088.96
21633,SUNFLOWER DECORATIVE PARASOL,175.0,1663.11,72.0,32.0,-25.5,1637.61
21634,ASSORTED MINI MADRAS NOTEBOOK,1773.0,1512.76,69.0,42.0,-151.25,1361.51
21635,MADRAS NOTEBOOK LARGE ,403.0,873.99,42.0,35.0,-45.0,828.99
21636,MADRAS NOTEBOOK MEDIUM,1014.0,985.74,98.0,74.0,-30.599999999999998,955.14
21637,ASSORTED SANSKRIT MINI NOTEBOOK,1358.0,1741.72,93.0,40.0,-22.5,1719.22
21638,ASSORTED TUTTI FRUTTI NOTEBOOK,1039.0,2275.61,142.0,84.0,-16.8,2258.81
21639,ASSORTED TUTTI FRUTTI KEYRING,259.0,228.64999999999998,15.0,12.0,-6.8,221.84999999999997
21640,ASSORTED TUTTI FRUTTI  FOB NOTEBOOK,2228.0,2053.5699999999997,205.0,99.0,0.0,2053.5699999999997
21641,ASSORTED TUTTI FRUTTI KEYRING BALL,1674.0,959.5899999999999,111.0,43.0,0.0,959.5899999999999
21642,ASSORTED TUTTI FRUTTI PEN,4420.0,2584.37,251.0,150.0,-172.33999999999997,2412.0299999999997
21643,ASSORTED TUTTI FRUTTI MIRROR,1536.0,2161.81,204.0,76.0,-17.5,2144.31
21644,ASSORTED TUTTI FRUTTI HEART BOX,1089.0,1463.97,137.0,72.0,-35.0,1428.97
21645,ASSORTED TUTTI FRUTTI ROUND BOX,969.0,1642.6499999999999,133.0,85.0,-49.49999999999999,1593.1499999999999
21647,ASSORTED TUTTI FRUTTI LARGE PURSE,850.0,1903.4800000000002,144.0,91.0,-8.4,1895.0800000000002
21648,ASSORTED TUTTI FRUTTI SMALL PURSE,2987.0,4044.21,231.0,96.0,-274.4,3769.81
21649,ASSORTED TUTTI FRUTTI PHOTO FRAME,421.0,1162.89,29.0,19.0,-11.8,1151.0900000000001
21650,ASSORTED TUTTI FRUTTI BRACELET,3212.0,1171.02,197.0,84.0,-7.16,1163.86
21651,HANGING GLASS ETCHED TEALIGHT,1399.0,2266.4799999999996,124.0,81.0,0.0,2266.4799999999996
21652,GLASS ETCHED T-LIGHT HOLDER MEDIUM,896.0,1747.9399999999998,78.0,64.0,-40.949999999999996,1706.9899999999998
21653,GLASS ETCHED T-LIGHT HOLDER LARGE,1246.0,2565.67,111.0,75.0,-14.700000000000001,2550.9700000000003
21654,RIDGED GLASS FINGER BOWL,1189.0,828.91,82.0,53.0,0.0,828.91
21655,HANGING RIDGE GLASS T-LIGHT HOLDER,1396.0,2277.5,89.0,56.0,-201.92,2075.58
21656,RIDGED GLASS POSY VASE ,989.0,1627.98,140.0,66.0,-2.9,1625.08
21657,MILK BOTTLE WITH GLASS STOPPER ,270.0,2065.21,118.0,76.0,-34.75,2030.46
21658,GLASS  BEURRE DISH,2257.0,9434.45,519.0,166.0,-355.39000000000004,9079.060000000001
21659,GLASS CAKE STAND,120.0,1891.7,66.0,45.0,-59.8,1831.9
21661,VINTAGE GLASS TEA CADDY,239.0,1511.3100000000002,98.0,55.0,-35.2,1476.1100000000001
21663,VINTAGE GLASS SUGAR CADDY,76.0,488.16,32.0,21.0,-41.65,446.51000000000005
21664,RIDGED GLASS STORAGE JAR CREAM LID,267.0,1064.82,67.0,44.0,-26.25,1038.57
21665,TRIANGULAR RIDGED GLASS POSY HOLDER,879.0,638.8000000000001,75.0,35.0,0.0,638.8000000000001
21666,RIDGED GLASS T-LIGHT HOLDER,1761.0,1106.8100000000002,85.0,49.0,-1.9500000000000002,1104.8600000000001
21667,GLASS CAKE COVER AND PLATE,354.0,6126.25,163.0,119.0,-393.74999999999994,5732.5
21668,RED STRIPE CERAMIC DRAWER KNOB,10391.0,13958.039999999999,825.0,255.0,-106.42,13851.619999999999
21669,BLUE STRIPE CERAMIC DRAWER KNOB,10669.0,13971.07,805.0,262.0,-147.32,13823.75
21670,BLUE SPOT CERAMIC DRAWER KNOB,8918.0,12183.789999999999,767.0,260.0,-100.0,12083.789999999999
21671,RED SPOT CERAMIC DRAWER KNOB,9552.0,12426.88,727.0,265.0,-237.31,12189.57
21672,WHITE SPOT RED CERAMIC DRAWER KNOB,11172.0,14479.91,815.0,278.0,-81.3,14398.61
21673,WHITE SPOT BLUE CERAMIC DRAWER KNOB,10221.0,13497.51,763.0,263.0,-143.95,13353.56
21674,RIDGED GLASS PENDANT LAMPSHADE,43.0,680.8499999999999,9.0,8.0,0.0,680.8499999999999
21675,BUTTERFLIES STICKERS,1817.0,1610.6399999999999,268.0,124.0,-10.2,1600.4399999999998
21676,FLOWERS  STICKERS,1212.0,909.87,159.0,75.0,0.0,909.87
21677,HEARTS  STICKERS,2176.0,1909.2099999999998,279.0,144.0,-30.599999999999998,1878.61
21678,PAISLEY PATTERN  STICKERS,580.0,430.60999999999996,80.0,39.0,0.0,430.60999999999996
21679,SKULLS  STICKERS,4931.0,4088.7499999999995,370.0,181.0,-652.68,3436.0699999999997
21680,WOODLAND  STICKERS,2927.0,2543.95,268.0,110.0,-25.5,2518.45
21681,GIANT MEDINA STAMPED METAL BOWL ,233.0,2234.81,79.0,62.0,-29.849999999999998,2204.96
21682,LARGE MEDINA STAMPED METAL BOWL ,579.0,2866.59,152.0,116.0,-19.8,2846.79
21683,MEDIUM MEDINA STAMPED METAL BOWL ,962.0,2837.13,152.0,96.0,-2.95,2834.1800000000003
21684,SMALL MEDINA STAMPED METAL BOWL ,1735.0,1395.74,104.0,65.0,-11.049999999999999,1384.69
21685,MEDINA STAMPED METAL TRAY ,3.0,44.849999999999994,2.0,2.0,-14.95,29.899999999999995
21686,MEDINA STAMPED METAL STOOL,66.0,2500.09,33.0,10.0,-249.65000000000003,2250.44
21687,SILVER PLATE CANDLE BOWL LARGE,477.0,1871.23,101.0,55.0,-3.75,1867.48
21688,SILVER PLATE CANDLE BOWL SMALL,955.0,2975.4600000000005,142.0,97.0,-17.700000000000003,2957.7600000000007
21689,SILVER VANILLA  FLOWER CANDLE POT,343.0,1271.87,60.0,49.0,0.0,1271.87
21690,SILVER  CANDLEPOT JARDIN ,276.0,1058.34,82.0,65.0,0.0,1058.34
21691,SILVER VANILLA FLOWER CANDLE POT,249.0,960.99,72.0,56.0,0.0,960.99
21692,SILVER LATTICE VANILLA CANDLE POT,510.0,1936.62,111.0,81.0,-15.0,1921.62
21693,SMALL HAMMERED SILVER CANDLEPOT ,905.0,2757.8,120.0,84.0,0.0,2757.8
21694,SMALL REGAL  SILVER CANDLEPOT ,580.0,1663.96,70.0,51.0,0.0,1663.96
21695,SMALL SILVER FLOWER CANDLE POT,642.0,1987.5800000000002,102.0,65.0,-2.95,1984.63
21696,SMALL SILVER TRELLIS CANDLEPOT,768.0,2310.15,107.0,80.0,-88.50000000000001,2221.65
21697,SET 5 MINI DOUGHNUT FRIDGE MAGNET ,372.0,295.08000000000004,7.0,6.0,0.0,295.08000000000004
21698,MOCK LOBSTER FRIDGE MAGNET,536.0,408.96999999999997,112.0,38.0,0.0,408.96999999999997
21699,SET 5 MINI CHOCOLATE FRIDGE MAGNETS,108.0,82.44,3.0,2.0,0.0,82.44
21700,BIG DOUGHNUT FRIDGE MAGNETS,6421.0,7177.8099999999995,525.0,186.0,-102.85,7074.959999999999
21701,No Stock,0.0,0.0,0.0,0.0,-20.28,-20.28
21702,SET 5 MINI GATEAUX  FRIDGE MAGNETS,2636.0,918.6800000000001,8.0,5.0,0.0,918.6800000000001
21703,BAG 125g SWIRLY MARBLES,14795.0,5741.47,561.0,293.0,-71.82,5669.650000000001
21704,BAG 250g SWIRLY MARBLES,17299.0,13343.349999999999,568.0,287.0,-512.07,12831.279999999999
21705,BAG 500g SWIRLY MARBLES,2563.0,3210.66,225.0,142.0,-41.49999999999999,3169.16
21706,FOLDING UMBRELLA RED/WHITE POLKADOT,1355.0,5086.96,254.0,134.0,-148.5,4938.46
21707,FOLDING UMBRELLA BLACKBLUE POLKADOT,1005.0,4184.95,172.0,107.0,0.0,4184.95
21708,FOLDING UMBRELLA CREAM POLKADOT,612.0,2341.43,129.0,72.0,-19.8,2321.6299999999997
21709,FOLDING UMBRELLA CHOCOLATE POLKADOT,698.0,2886.62,117.0,69.0,0.0,2886.62
21710,FOLDING UMBRELLA PINKWHITE POLKADOT,730.0,2265.25,110.0,80.0,-34.65,2230.6
21711,FOLDING UMBRELLA WHITE/RED POLKADOT,384.0,1570.78,71.0,51.0,0.0,1570.78
21713,CITRONELLA CANDLE FLOWERPOT,2747.0,5179.06,391.0,232.0,-233.00000000000003,4946.06
21714,CITRONELLA CANDLE GARDEN POT,4286.0,6188.66,522.0,230.0,-70.1,6118.5599999999995
21715,GIRLS VINTAGE TIN SEASIDE BUCKET,3564.0,9017.8,487.0,255.0,-69.75,8948.05
21716,BOYS VINTAGE TIN SEASIDE BUCKET,3734.0,9490.94,496.0,241.0,-25.5,9465.44
21717,EASTER TIN BUCKET,1555.0,4044.69,176.0,122.0,-22.95,4021.7400000000002
21718,RED METAL BEACH SPADE ,4044.0,5270.32,467.0,223.0,-65.0,5205.32
21719,LOVELY BONBON STICKER SHEET,938.0,841.9599999999999,141.0,69.0,0.0,841.9599999999999
21720,CAKE SHOP  STICKER SHEET,1081.0,940.8599999999999,112.0,73.0,-10.2,930.6599999999999
21721,CANDY SHOP  STICKER SHEET,1139.0,1041.87,144.0,73.0,-1.7,1040.1699999999998
21722,SWEET PUDDING STICKER SHEET,363.0,343.78,79.0,33.0,-2.55,341.22999999999996
21723,ALPHABET HEARTS STICKER SHEET,895.0,796.2099999999999,135.0,66.0,0.0,796.2099999999999
21724,PANDA AND BUNNIES STICKER SHEET,1038.0,926.4699999999999,178.0,81.0,-1.7,924.7699999999999
21725,SWEETIES  STICKERS,1157.0,1062.4199999999998,173.0,81.0,-1.7,1060.7199999999998
21726,MULTI HEARTS  STICKERS,1105.0,956.41,155.0,93.0,-1.7,954.7099999999999
21728,METAL MEDINA LANTERN ,298.0,2773.11,40.0,33.0,-25.5,2747.61
21729,SMALL MARAKESH METAL  LANTERN ,124.0,422.9,30.0,19.0,0.0,422.9
21730,GLASS STAR FROSTED T-LIGHT HOLDER,1269.0,6228.89,293.0,155.0,-187.4,6041.490000000001
21731,RED TOADSTOOL LED NIGHT LIGHT,29696.0,49508.34,1537.0,415.0,-1457.8999999999999,48050.439999999995
21732,RED HANGING METAL STAR TLIGHT HLDR,925.0,3214.57,58.0,50.0,-10.530000000000001,3204.04
21733,RED HANGING HEART T-LIGHT HOLDER,17960.0,51441.92,1760.0,744.0,-1102.25,50339.67
21734,SMALL MARAKESH LANTERN ON STICK,97.0,529.49,29.0,14.0,-22.5,506.99
21735,TWO DOOR CURIO CABINET,887.0,11503.15,262.0,139.0,-2535.6,8967.55
21736,GOLD SCROLL GLASS T-LIGHT HOLDER,193.0,393.69000000000005,27.0,22.0,-1.17,392.52000000000004
21737,SET 3 WICKER LOG BASKETS,398.0,7362.66,164.0,118.0,0.0,7362.66
21738,COSY SLIPPER SHOES SMALL  RED ,442.0,1390.5100000000002,131.0,89.0,-14.75,1375.7600000000002
21739,COSY SLIPPER SHOES SMALL GREEN,509.0,1496.1000000000001,177.0,83.0,-2.95,1493.15
21740,COSY SLIPPER SHOES LARGE RED,201.0,698.0100000000001,66.0,44.0,0.0,698.0100000000001
21741,COSY SLIPPER SHOES LARGE GREEN,733.0,2394.07,190.0,108.0,-2.55,2391.52
21742,LARGE ROUND WICKER PLATTER ,439.0,2665.9500000000003,193.0,156.0,0.0,2665.9500000000003
21743,STAR PORTABLE TABLE LIGHT ,1443.0,4197.77,182.0,117.0,-174.05,4023.7200000000003
21744,SNOWFLAKE PORTABLE TABLE LIGHT ,923.0,2782.7500000000005,217.0,131.0,-17.700000000000003,2765.0500000000006
21745,GAOLERS KEYS DECORATIVE GARDEN ,2732.0,9321.32,486.0,236.0,-71.25,9250.07
21746,SMALL RED RETROSPOT WINDMILL,5969.0,7477.12,488.0,234.0,-72.5,7404.62
21747,SMALL SKULL WINDMILL,2049.0,2452.35,153.0,83.0,-136.98000000000002,2315.37
21749,LARGE RED RETROSPOT WINDMILL,5661.0,10997.820000000002,286.0,153.0,-1381.8999999999999,9615.920000000002
21750,LARGE SKULL WINDMILL,312.0,676.48,62.0,43.0,-2.1,674.38
21752,GLASS CAKE STAND MIRRORED BASE,77.0,1244.81,37.0,28.0,-104.64999999999999,1140.1599999999999
21754,HOME BUILDING BLOCK WORD,7796.0,47774.740000000005,2066.0,682.0,-231.65,47543.090000000004
21755,LOVE BUILDING BLOCK WORD,5726.0,35356.39,1696.0,661.0,-291.55,35064.84
21756,BATH BUILDING BLOCK WORD,1655.0,10222.16,581.0,327.0,-35.7,10186.46
21757,LIGHTHOUSE PRINTED METAL SIGN,80.0,454.3,42.0,15.0,0.0,454.3
21758,VINTAGE SHELLS PRINT,138.0,1107.92,79.0,34.0,0.0,1107.92
21759,METAL WALL SHELF UNIT WITH HOOKS,30.0,1274.47,13.0,11.0,0.0,1274.47
21760,FRENCH STYLE WALL DRESSER,15.0,1740.0,12.0,12.0,-250.0,1490.0
21761,WOOD AND GLASS MEDICINE CABINET,67.0,1874.65,24.0,21.0,-29.95,1844.7
21763,VINTAGE WOODEN BAR STOOL,43.0,1157.8999999999999,17.0,15.0,-81.85,1076.05
21764,VINTAGE WOODEN PLATE RACK,17.0,659.1500000000001,11.0,11.0,-39.95,619.2
21765,HANGING METAL BIRD BATH,371.0,3076.39,143.0,103.0,-66.75,3009.64
21766,VINTAGE WOOD ORGANISER,0.0,0.0,0.0,0.0,-33.9,-33.9
21767,FRENCH STYLE WIRE DOOR CABINET ,1.0,29.95,1.0,1.0,0.0,29.95
21768,WALL MOUNTED VINTAGE ORGANISER,497.0,6756.09,163.0,95.0,-27.7,6728.39
21769,VINTAGE POST OFFICE CABINET,134.0,8562.52,48.0,42.0,-319.8,8242.720000000001
21770,OPEN CLOSED METAL SIGN,2991.0,14807.300000000001,651.0,423.0,-212.4,14594.900000000001
21772,VINTAGE METAL CAKE STAND CREAM ,1.0,12.75,1.0,1.0,0.0,12.75
21773,DECORATIVE ROSE BATHROOM BOTTLE,1663.0,1936.99,308.0,87.0,-31.25,1905.74
21774,DECORATIVE CATS BATHROOM BOTTLE,1744.0,2196.2599999999998,368.0,79.0,-1.25,2195.0099999999998
21775,DECORATIVE FLORE BATHROOM BOTTLE,882.0,1346.37,277.0,63.0,-5.0,1341.37
21777,RECIPE BOX WITH METAL HEART,1138.0,9170.91,367.0,169.0,-159.0,9011.91
21779,MA CAMPAGNE MINI WOODEN CHEST,301.0,1097.8000000000002,22.0,21.0,-35.05,1062.7500000000002
21780,MA CAMPAGNE 4 DRAWER WALL SHELF,203.0,1745.85,32.0,17.0,0.0,1745.85
21781,MA CAMPAGNE CUTLERY BOX,661.0,10215.42,363.0,150.0,-615.55,9599.87
21784,SHOE SHINE BOX ,298.0,3617.8799999999997,178.0,78.0,-69.64999999999999,3548.2299999999996
21785,RAIN PONCHO ,2008.0,1517.99,100.0,71.0,0.0,1517.99
21786,POLKADOT RAIN HAT ,7785.0,3186.87,450.0,131.0,-29.4,3157.47
21787,RAIN PONCHO RETROSPOT,15184.0,11986.36,469.0,221.0,-420.0,11566.36
21788,KIDS RAIN MAC BLUE,3399.0,2745.49,206.0,141.0,-61.849999999999994,2683.64
21789,KIDS RAIN MAC PINK,2947.0,2461.64,218.0,138.0,-78.19999999999999,2383.44
21790,VINTAGE SNAP CARDS,27904.0,24063.3,1888.0,793.0,-162.67,23900.63
21791,VINTAGE HEADS AND TAILS CARD GAME ,18532.0,23926.98,1313.0,641.0,-1156.25,22770.73
21792,CLASSIC FRENCH STYLE BASKET GREEN ,495.0,2531.4500000000003,141.0,110.0,-84.95,2446.5000000000005
21793,CLASSIC FRENCH STYLE BASKET BROWN,353.0,1627.3600000000001,102.0,81.0,0.0,1627.3600000000001
21794,CLASSIC FRENCH STYLE BASKET NATURAL,716.0,3585.98,178.0,123.0,-79.35,3506.63
21795,SET OF 3 BLUE STRIPE BASKET,441.0,3734.9400000000005,80.0,64.0,-12.75,3722.1900000000005
21796,SET OF 3 RED STRIPE BASKETS,324.0,2782.19,67.0,57.0,0.0,2782.19
21801,CHRISTMAS TREE DECORATION WITH BELL,3753.0,1618.71,258.0,69.0,-15.12,1603.5900000000001
21802,CHRISTMAS TREE HEART DECORATION,4731.0,2067.58,323.0,89.0,-0.42,2067.16
21803,CHRISTMAS TREE STAR DECORATION,4780.0,2074.56,322.0,86.0,0.0,2074.56
21804,WHITE CHRISTMAS GARLAND STARS TREES,612.0,2308.85,137.0,92.0,-7.5,2301.35
21805,WHITE CHRISTMAS TREE DECORATION ,2221.0,957.63,103.0,77.0,0.0,957.63
21806,WHITE CHRISTMAS HEART DECORATION,2707.0,1179.4299999999998,128.0,95.0,0.0,1179.4299999999998
21807,WHITE CHRISTMAS STAR DECORATION,3395.0,1495.57,172.0,114.0,-0.84,1494.73
21808,"CHRISTMAS GARLAND STARS,TREES",1014.0,2764.28,144.0,70.0,-155.0,2609.28
21809,CHRISTMAS HANGING TREE WITH BELL,3045.0,2479.25,207.0,118.0,0.0,2479.25
21810,CHRISTMAS HANGING STAR WITH BELL,7009.0,4455.8099999999995,344.0,171.0,-73.75,4382.0599999999995
21811,HANGING HEART WITH BELL,6446.0,4723.54,382.0,199.0,-18.72,4704.82
21812,GARLAND WITH HEARTS AND BELLS,833.0,4076.9700000000003,205.0,103.0,-158.4,3918.57
21813,GARLAND WITH STARS AND BELLS,842.0,3957.7000000000003,184.0,76.0,-103.95,3853.7500000000005
21814,HEART T-LIGHT HOLDER ,685.0,1039.81,95.0,59.0,0.0,1039.81
21815,STAR  T-LIGHT HOLDER ,736.0,1167.37,92.0,58.0,-2.9,1164.4699999999998
21816,CHRISTMAS TREE T-LIGHT HOLDER,424.0,640.24,50.0,34.0,-1.45,638.79
21817,GLITTER CHRISTMAS TREE,1760.0,1139.24,130.0,102.0,0.0,1139.24
21818,GLITTER CHRISTMAS HEART ,4390.0,2714.35,285.0,197.0,0.0,2714.35
21819,GLITTER CHRISTMAS STAR ,3896.0,2289.6,248.0,178.0,0.0,2289.6
21820,GLITTER HEART GARLAND WITH BELLS ,828.0,3267.75,180.0,112.0,-112.5,3155.25
21821,GLITTER STAR GARLAND WITH BELLS ,723.0,2935.06,153.0,86.0,-48.75,2886.31
21822,GLITTER CHRISTMAS TREE WITH BELLS,1048.0,1420.06,142.0,73.0,-16.39,1403.6699999999998
21823,PAINTED METAL HEART WITH HOLLY BELL,2482.0,2474.14,212.0,136.0,-34.8,2439.3399999999997
21824,PAINTED METAL STAR WITH HOLLY BELLS,2800.0,2379.0899999999997,211.0,137.0,-34.8,2344.2899999999995
21825,PAINTED METAL TREE WITH HOLLY BELLS,733.0,1053.1899999999998,75.0,62.0,-4.35,1048.84
21826,EIGHT PIECE DINOSAUR SET,1825.0,2373.24,240.0,136.0,-76.25,2296.99
21827,EIGHT PIECE CREEPY CRAWLIE SET,840.0,1075.14,134.0,89.0,-16.25,1058.89
21828,EIGHT PIECE SNAKE  SET,1113.0,1414.18,180.0,107.0,0.0,1414.18
21829,DINOSAUR KEYRINGS ASSORTED,15137.0,3270.2,409.0,211.0,-60.69,3209.5099999999998
21830,ASSORTED CREEPY CRAWLIES,7975.0,3320.46,256.0,151.0,-257.76,3062.7
21832,CHOCOLATE CALCULATOR,3431.0,6020.99,459.0,204.0,-69.3,5951.69
21833,CAMOUFLAGE LED TORCH,6557.0,11208.35,444.0,210.0,-297.5,10910.85
21836,GINGHAM OVEN GLOVE RED HEART ,252.0,1022.88,100.0,77.0,-15.0,1007.88
21837,CROSS STITCH ALPHABET CUSHION COVER,244.0,1622.64,91.0,61.0,-11.9,1610.74
21838,DADDY MOUSE RED GINGHAM BOW TIE,1.0,5.45,1.0,1.0,0.0,5.45
21839,MUMMY MOUSE RED GINGHAM RIBBON,201.0,1085.5900000000001,83.0,71.0,-10.9,1074.69
21841,BABY MOUSE RED GINGHAM DRESS,437.0,1857.47,132.0,106.0,-12.75,1844.72
21842,PINK HEART CANDY BUTTON CALCULATOR,551.0,1308.74,47.0,32.0,0.0,1308.74
21843,RED RETROSPOT CAKE STAND,6263.0,66348.54999999999,1527.0,599.0,-5401.599999999999,60946.94999999999
21844,RED RETROSPOT MUG,5430.0,15518.320000000002,494.0,252.0,-141.20000000000002,15377.12
21845,DAIRY MAID STRIPE MUG,2539.0,3811.51,158.0,104.0,-111.04,3700.4700000000003
21846,PINK DIAMANTE PEN IN GIFT BOX,1625.0,3907.4,264.0,51.0,-81.85000000000001,3825.55
21847,GREEN  DIAMANTE PEN IN GIFT BOX,348.0,679.58,71.0,20.0,0.0,679.58
21849,SILVER DIAMANTE PEN IN GIFT BOX,658.0,1602.08,134.0,46.0,-120.0,1482.08
21850,BLUE  DIAMANTE PEN IN GIFT BOX,459.0,1127.2,106.0,29.0,-153.0,974.2
21851,LILAC DIAMANTE PEN IN GIFT BOX,644.0,1544.62,149.0,34.0,0.0,1544.62
21852,EMPIRE TEDDY,2.0,13.9,2.0,1.0,0.0,13.9
21853,GUMBALL CUSTOM CARS TOP TRUMPS GAME,3.0,15.399999999999999,3.0,0.0,0.0,15.399999999999999
21854,EURO FOOTBALL STARS TOP TRUMPS GAME,1.0,5.17,1.0,0.0,0.0,5.17
21857,STAR WARS TOP TRUMPS GAME,2.0,10.23,2.0,0.0,0.0,10.23
21858,HIGH SCHOOL MUSICAL 3 TOP TRUMPS ,2.0,10.23,2.0,0.0,0.0,10.23
21860,DR WHO TOP TRUMPS GAME,1.0,5.17,1.0,0.0,0.0,5.17
21864,UNION JACK FLAG PASSPORT COVER ,1960.0,4681.58,411.0,166.0,-84.0,4597.58
21865,PINK UNION JACK  PASSPORT COVER ,902.0,2102.46,297.0,129.0,-12.600000000000001,2089.86
21866,UNION JACK FLAG LUGGAGE TAG,2209.0,3681.14,453.0,190.0,-31.25,3649.89
21867,PINK UNION JACK  LUGGAGE TAG,1166.0,1591.6299999999999,288.0,122.0,0.0,1591.6299999999999
21868,POTTING SHED TEA MUG,9235.0,11383.72,881.0,377.0,-250.39000000000001,11133.33
21870,I CAN ONLY PLEASE ONE PERSON MUG,6377.0,7999.28,630.0,243.0,-121.25,7878.03
21871,SAVE THE PLANET MUG,11654.0,13900.51,779.0,299.0,-893.44,13007.07
21872,GLAMOROUS  MUG,5118.0,5204.74,330.0,169.0,-41.47,5163.2699999999995
21873,IF YOU CAN'T STAND THE HEAT MUG,2065.0,2430.87,199.0,98.0,-100.07000000000001,2330.7999999999997
21874,GIN AND TONIC MUG,6467.0,8424.34,617.0,211.0,-36.46,8387.880000000001
21875,KINGS CHOICE MUG,6854.0,7946.070000000001,414.0,218.0,-81.53,7864.540000000001
21876,POTTERING MUG,5718.0,7460.09,623.0,239.0,-112.39999999999999,7347.6900000000005
21877,HOME SWEET HOME MUG,14154.0,16083.97,755.0,323.0,-1176.82,14907.15
21878,PACK OF 6 SANDCASTLE FLAGS ASSORTED,5591.0,4591.54,403.0,225.0,-304.81,4286.73
21879,HEARTS GIFT TAPE,1576.0,672.71,152.0,81.0,0.0,672.71
21880,RED RETROSPOT TAPE,2519.0,1314.24,329.0,123.0,-15.600000000000001,1298.64
21881,CUTE CATS TAPE,1345.0,563.4,118.0,49.0,0.0,563.4
21882,SKULLS TAPE,1060.0,505.65000000000003,119.0,61.0,0.0,505.65000000000003
21883,STARS GIFT TAPE ,2413.0,1243.75,226.0,132.0,-0.19,1243.56
21884,CAKES AND BOWS GIFT  TAPE,1454.0,672.5600000000001,161.0,61.0,0.0,672.5600000000001
21888,BINGO SET,3581.0,14152.84,825.0,444.0,-378.75,13774.09
21889,WOODEN BOX OF DOMINOES,13212.0,17612.57,1123.0,595.0,-193.75,17418.82
21890,S/6 WOODEN SKITTLES IN COTTON BAG,3538.0,10625.75,547.0,335.0,-36.1,10589.65
21891,TRADITIONAL WOODEN SKIPPING ROPE,12249.0,15713.0,835.0,483.0,-121.82,15591.18
21892,TRADITIONAL WOODEN CATCH CUP GAME ,7953.0,10346.57,818.0,447.0,-67.5,10279.07
21893,POTTING SHED SEED TIN,172.0,587.8,20.0,13.0,0.0,587.8
21894,POTTING SHED SEED ENVELOPES,1345.0,1877.47,247.0,120.0,0.0,1877.47
21895,POTTING SHED SOW 'N' GROW SET,557.0,1731.35,85.0,61.0,-17.0,1714.35
21896,POTTING SHED TWINE,2395.0,4975.610000000001,290.0,187.0,-28.650000000000002,4946.960000000001
21897,POTTING SHED CANDLE CITRONELLA,866.0,2641.36,106.0,86.0,-14.750000000000002,2626.61
21898,POTTING SHED ROSE CANDLE,827.0,2538.81,113.0,73.0,0.0,2538.81
21899,"KEY FOB , GARAGE DESIGN",6783.0,4398.08,622.0,313.0,-43.550000000000004,4354.53
21900,"KEY FOB , SHED",8458.0,5622.950000000001,835.0,361.0,-3.25,5619.700000000001
21901,"KEY FOB , BACK DOOR ",6274.0,4141.96,688.0,315.0,-99.45,4042.51
21902,"KEY FOB , FRONT  DOOR ",5440.0,3461.69,474.0,250.0,-37.050000000000004,3424.64
21903,MAN FLU METAL SIGN,3468.0,7001.39,407.0,230.0,-33.1,6968.29
21904,HOUSE WRECKING METAL SIGN ,762.0,1212.02,145.0,103.0,-179.70000000000002,1032.32
21905,MORE BUTTER METAL SIGN ,1623.0,2157.87,263.0,132.0,-4.2,2153.67
21906,PHARMACIE FIRST AID TIN,1813.0,13143.550000000001,424.0,214.0,-270.0,12873.550000000001
21907,I'M ON HOLIDAY METAL SIGN,5242.0,11022.230000000001,771.0,381.0,-44.10000000000001,10978.130000000001
21908,CHOCOLATE THIS WAY METAL SIGN,9839.0,19479.510000000002,974.0,382.0,-67.2,19412.31
21910,WAY OUT METAL SIGN ,1067.0,1399.83,111.0,84.0,0.0,1399.83
21911,GARDEN METAL SIGN ,2566.0,4120.69,344.0,200.0,-19.799999999999997,4100.889999999999
21912,VINTAGE SNAKES & LADDERS,3791.0,14934.74,828.0,447.0,-285.0,14649.74
21913,VINTAGE SEASIDE JIGSAW PUZZLES,1155.0,4423.2,298.0,170.0,-15.0,4408.2
21914,BLUE HARMONICA IN BOX ,13308.0,18194.35,963.0,446.0,-180.0,18014.35
21915,RED  HARMONICA IN BOX ,38088.0,44680.05,1025.0,467.0,-996.0,43684.05
21916,SET 12 RETRO WHITE CHALK STICKS,11124.0,4803.17,713.0,304.0,-94.5,4708.67
21917,SET 12 KIDS  WHITE CHALK STICKS,8052.0,3345.73,467.0,246.0,-8.82,3336.91
21918,SET 12 KIDS COLOUR  CHALK STICKS,14730.0,6077.099999999999,788.0,369.0,-18.06,6059.039999999999
21919,Electronic Talking Breath-A-Loser,6.0,30.47,5.0,0.0,0.0,30.47
21922,UNION STRIPE WITH FRINGE  HAMMOCK,1449.0,11273.970000000001,388.0,204.0,-190.64999999999998,11083.320000000002
21923,RED/CREAM STRIPE FRINGE HAMMOCK,337.0,2662.64,119.0,80.0,-15.9,2646.74
21924,BLUE/CREAM STRIPE FRINGE HAMMOCK,315.0,2486.6600000000003,123.0,82.0,-79.5,2407.1600000000003
21925,UNION STRIPE CUSHION COVER ,1213.0,1577.33,167.0,100.0,-22.5,1554.83
21926,RED/CREAM STRIPE CUSHION COVER ,1009.0,1325.27,147.0,90.0,-32.5,1292.77
21927,BLUE/CREAM STRIPE CUSHION COVER ,1284.0,1758.24,192.0,93.0,-81.25,1676.99
21928,JUMBO BAG SCANDINAVIAN PAISLEY,24743.0,47023.18,1542.0,450.0,-536.58,46486.6
21929,JUMBO BAG PINK VINTAGE PAISLEY,25937.0,50300.82,1619.0,504.0,-483.96999999999997,49816.85
21930,JUMBO STORAGE BAG SKULLS,13640.0,27888.86,1321.0,386.0,-11.49,27877.37
21931,JUMBO STORAGE BAG SUKI,29489.0,62257.72,2329.0,546.0,-710.63,61547.090000000004
21932,SCANDINAVIAN PAISLEY PICNIC BAG,3884.0,8539.92,649.0,315.0,-58.3,8481.62
21933,PINK VINTAGE PAISLEY PICNIC BAG,4139.0,9161.4,625.0,294.0,-58.050000000000004,9103.35
21934,SKULL SHOULDER BAG,4643.0,8394.72,725.0,164.0,-100.64999999999999,8294.07
21935,SUKI  SHOULDER BAG,7209.0,13353.81,921.0,234.0,-196.15,13157.66
21936,RED RETROSPOT PICNIC BAG,7823.0,22818.09,1046.0,396.0,-391.75,22426.34
21937,STRAWBERRY   PICNIC BAG,4114.0,12091.96,657.0,286.0,-169.1,11922.859999999999
21942,SKULLS DESIGN FLANNEL,1689.0,1164.5,221.0,41.0,-20.4,1144.1
21943,CAKES AND RABBITS DESIGN FLANNEL ,593.0,532.48,149.0,37.0,0.0,532.48
21944,KITTENS DESIGN FLANNEL,1797.0,1119.29,204.0,53.0,-1.7,1117.59
21945,STRAWBERRIES  DESIGN FLANNEL ,1891.0,1345.52,240.0,61.0,-0.85,1344.67
21946,PARTY TIME DESIGN FLANNEL,625.0,358.96999999999997,67.0,25.0,0.0,358.96999999999997
21947,SET OF 6 HEART CHOPSTICKS,1691.0,2326.59,298.0,122.0,0.0,2326.59
21948,SET OF 6 CAKE CHOPSTICKS,2308.0,2950.19,267.0,71.0,0.0,2950.19
21949,SET OF 6 STRAWBERRY CHOPSTICKS,2636.0,3224.28,269.0,91.0,-7.5,3216.78
21950,SET OF 6 DOTS CHOPSTICKS,211.0,263.63,18.0,2.0,-192.05,71.57999999999998
21955,DOORMAT UNION JACK GUNS AND ROSES,3933.0,23949.35,729.0,279.0,-183.28,23766.07
21967,PACK OF 12 SKULL TISSUES,15898.0,4478.9,479.0,250.0,0.0,4478.9
21972,SET OF 36 DINOSAUR PAPER DOILIES,1055.0,1560.82,171.0,105.0,-2.9,1557.9199999999998
21973,SET OF 36 MUSHROOM PAPER DOILIES,1676.0,2428.73,210.0,117.0,-18.849999999999998,2409.88
21974,SET OF 36 PAISLEY FLOWER DOILIES,7059.0,10656.3,808.0,355.0,-201.45,10454.849999999999
21975,PACK OF 60 DINOSAUR CAKE CASES,31481.0,15330.25,1303.0,543.0,-62.46000000000001,15267.79
21976,PACK OF 60 MUSHROOM CAKE CASES,14745.0,7905.88,950.0,404.0,-30.25,7875.63
21977,PACK OF 60 PINK PAISLEY CAKE CASES,56625.0,28413.63,1993.0,767.0,-117.30000000000001,28296.33
21980,PACK OF 12 RED RETROSPOT TISSUES ,31546.0,8712.99,676.0,406.0,-62.63999999999999,8650.35
21981,PACK OF 12 WOODLAND TISSUES ,26425.0,7200.23,553.0,282.0,-9.69,7190.54
21982,PACK OF 12 SUKI TISSUES ,32371.0,10495.89,718.0,335.0,-10.83,10485.06
21983,PACK OF 12 BLUE PAISLEY TISSUES ,6272.0,1924.7199999999998,325.0,208.0,-20.879999999999995,1903.8399999999997
21984,PACK OF 12 PINK PAISLEY TISSUES ,25487.0,7070.67,432.0,256.0,-48.239999999999995,7022.43
21985,PACK OF 12 HEARTS DESIGN TISSUES ,25648.0,9015.56,919.0,493.0,-31.319999999999997,8984.24
21986,PACK OF 12 PINK POLKADOT TISSUES,13528.0,4806.25,469.0,275.0,-6.959999999999999,4799.29
21987,PACK OF 6 SKULL PAPER CUPS,6434.0,3999.11,385.0,209.0,-138.04999999999998,3861.06
21988,PACK OF 6 SKULL PAPER PLATES,7854.0,5847.83,416.0,209.0,-368.64,5479.19
21989,PACK OF 20 SKULL PAPER NAPKINS,8571.0,6811.83,654.0,264.0,-409.44,6402.39
21990,MODERN FLORAL STATIONERY SET,2493.0,4635.78,497.0,170.0,-15.0,4620.78
21991,BOHEMIAN COLLAGE STATIONERY SET,1118.0,1966.07,289.0,109.0,-15.0,1951.07
21992,VINTAGE PAISLEY STATIONERY SET,3423.0,7014.97,656.0,242.0,-17.700000000000003,6997.27
21993,FLORAL FOLK STATIONERY SET,2898.0,5350.19,577.0,208.0,-15.0,5335.19
22003,VINTAGE BLUE VACUUM FLASK 0.5L ,0.0,0.0,0.0,0.0,-67.5,-67.5
22021,BLUE FELT EASTER EGG BASKET,1437.0,2469.91,233.0,161.0,-19.799999999999997,2450.1099999999997
22023,EMPIRE BIRTHDAY CARD,5028.0,2101.18,430.0,177.0,-5.04,2096.14
22024,RAINY LADIES BIRTHDAY CARD,5454.0,2284.75,439.0,170.0,-15.120000000000001,2269.63
22025,RING OF ROSES BIRTHDAY CARD,3987.0,1650.93,288.0,148.0,-5.04,1645.89
22026,BANQUET BIRTHDAY  CARD  ,4054.0,1728.4,366.0,140.0,-5.04,1723.3600000000001
22027,TEA PARTY BIRTHDAY CARD,11387.0,4846.87,845.0,335.0,-87.12,4759.75
22028,PENNY FARTHING BIRTHDAY CARD,6384.0,2683.65,507.0,203.0,-10.08,2673.57
22029,SPACEBOY BIRTHDAY CARD,17799.0,7365.65,1101.0,429.0,-25.2,7340.45
22030,SWALLOWS GREETING CARD,12867.0,5253.28,685.0,353.0,-50.4,5202.88
22031,BOTANICAL LAVENDER BIRTHDAY CARD,1137.0,499.03000000000003,142.0,65.0,-5.04,493.99
22032,BOTANICAL LILY GREETING CARD,980.0,418.12,111.0,64.0,0.0,418.12
22033,BOTANICAL ROSE GREETING CARD,1603.0,681.93,128.0,80.0,0.0,681.93
22034,ROBIN CHRISTMAS CARD,1620.0,674.75,94.0,71.0,-10.08,664.67
22035,VINTAGE CARAVAN GREETING CARD ,4097.0,1737.98,360.0,152.0,-20.580000000000002,1717.4
22036,DINOSAUR BIRTHDAY CARD,1649.0,695.11,135.0,77.0,-27.3,667.8100000000001
22037,ROBOT BIRTHDAY CARD,7144.0,3076.08,634.0,270.0,-5.04,3071.04
22038,BOTANICAL LAVENDER GIFT WRAP ,1150.0,481.0,45.0,43.0,0.0,481.0
22039,BOTANICAL LILY GIFT WRAP,850.0,353.0,30.0,27.0,-10.5,342.5
22040,BOTANICAL ROSE GIFT WRAP,2815.0,1144.3,94.0,82.0,0.0,1144.3
22041,"RECORD FRAME 7"" SINGLE SIZE ",7861.0,19371.46,555.0,101.0,-103.94999999999999,19267.51
22042,CHRISTMAS CARD SINGING ANGEL,1805.0,655.52,128.0,89.0,-10.08,645.4399999999999
22043,CHRISTMAS CARD SCREEN PRINT ,2222.0,629.88,125.0,86.0,-5.04,624.84
22044,CHRISTMAS CARD STACK OF PRESENTS,2000.0,575.48,89.0,80.0,-5.46,570.02
22045,SPACEBOY GIFT WRAP,14642.0,6023.64,473.0,290.0,-44.1,5979.54
22046,TEA PARTY  WRAPPING PAPER ,6375.0,2613.5,208.0,147.0,-14.28,2599.22
22047,EMPIRE GIFT WRAP,8250.0,3351.0,261.0,211.0,-89.0,3262.0
22048,BIRTHDAY BANQUET GIFT WRAP,2840.0,1176.8,102.0,93.0,-10.5,1166.3
22049,WRAP CHRISTMAS SCREEN PRINT,3575.0,1047.25,114.0,95.0,-21.0,1026.25
22050,PINK PAISLEY ROSE GIFT WRAP,3325.0,1364.5,115.0,100.0,-21.0,1343.5
22051,BLUE SCANDINAVIAN PAISLEY WRAP,3200.0,1328.0,116.0,95.0,0.0,1328.0
22052,VINTAGE CARAVAN GIFT WRAP,3600.0,1492.0,128.0,105.0,-21.0,1471.0
22053,EMPIRE DESIGN ROSETTE,4551.0,4020.8899999999994,87.0,61.0,-2.5,4018.3899999999994
22054,MINI CAKE STAND HANGING HEARTS,361.0,655.01,74.0,45.0,-23.099999999999998,631.91
22055,MINI CAKE STAND  HANGING STRAWBERY,4925.0,8179.19,724.0,252.0,-82.94999999999999,8096.24
22056,CERAMIC PLATE LOVE HEART DESIGN,607.0,656.87,34.0,23.0,-1.49,655.38
22057,CERAMIC PLATE STRAWBERRY DESIGN,3076.0,4035.57,260.0,113.0,-122.17999999999999,3913.3900000000003
22058,CERAMIC LOVE HEARTS DESIGN MUG,520.0,795.72,103.0,71.0,-11.92,783.8000000000001
22059,CERAMIC STRAWBERRY DESIGN MUG,5050.0,6798.889999999999,458.0,183.0,-96.85,6702.039999999999
22060,LARGE CAKE STAND HANGING HEARTS,735.0,5711.3099999999995,158.0,112.0,-186.7,5524.61
22061,LARGE CAKE STAND  HANGING STRAWBERY,2185.0,19260.67,520.0,219.0,-1068.85,18191.82
22062,CERAMIC BOWL WITH LOVE HEART DESIGN,761.0,1248.15,126.0,68.0,-7.93,1240.22
22063,CERAMIC BOWL WITH STRAWBERRY DESIGN,2315.0,6391.46,356.0,142.0,-46.8,6344.66
22064,PINK DOUGHNUT TRINKET POT ,6678.0,10737.109999999999,693.0,213.0,-221.24999999999997,10515.859999999999
22065,CHRISTMAS PUDDING TRINKET POT ,8738.0,6457.96,456.0,249.0,-56.019999999999996,6401.94
22066,LOVE HEART TRINKET POT,3435.0,2729.16,273.0,185.0,-10.65,2718.5099999999998
22067,CHOC TRUFFLE GOLD TRINKET POT ,1887.0,3075.5399999999995,252.0,108.0,-32.199999999999996,3043.3399999999997
22068,BLACK PIRATE TREASURE CHEST,1124.0,2015.86,276.0,111.0,-23.099999999999998,1992.76
22069,BROWN  PIRATE TREASURE CHEST ,984.0,2221.7799999999997,267.0,66.0,0.0,2221.7799999999997
22070,SMALL RED RETROSPOT MUG IN BOX ,1848.0,5750.24,320.0,217.0,-474.79,5275.45
22071,SMALL WHITE RETROSPOT MUG IN BOX ,1546.0,4419.75,256.0,200.0,-248.75,4171.0
22072,RED RETROSPOT TEA CUP AND SAUCER ,2463.0,9448.51,511.0,200.0,-187.5,9261.01
22073,RED RETROSPOT STORAGE JAR,2160.0,8587.13,474.0,227.0,-171.78,8415.349999999999
22074,6 RIBBONS SHIMMERING PINKS ,2161.0,2224.5899999999997,287.0,127.0,-19.799999999999997,2204.7899999999995
22075,6 RIBBONS ELEGANT CHRISTMAS ,3355.0,5105.33,358.0,201.0,-19.799999999999997,5085.53
22076,6 RIBBONS EMPIRE  ,2376.0,3535.8299999999995,375.0,197.0,0.0,3535.8299999999995
22077,6 RIBBONS RUSTIC CHARM,17526.0,32142.039999999997,1751.0,685.0,-202.95,31939.089999999997
22078,RIBBON REEL LACE DESIGN ,4015.0,8519.26,480.0,246.0,-79.8,8439.460000000001
22079,RIBBON REEL HEARTS DESIGN ,5054.0,8510.14,684.0,397.0,-100.65,8409.49
22080,RIBBON REEL SPOTS DESIGN ,3947.0,6619.13,519.0,336.0,-67.65,6551.4800000000005
22081,RIBBON REEL FLORA + FAUNA ,1573.0,2805.5099999999998,302.0,170.0,-67.65,2737.8599999999997
22082,RIBBON REEL STRIPES DESIGN ,7427.0,12504.77,957.0,512.0,-51.15,12453.62
22083,PAPER CHAIN KIT RETROSPOT,13961.0,41256.41,1401.0,589.0,-1400.55,39855.86
22084,PAPER CHAIN KIT EMPIRE,8870.0,25453.83,811.0,464.0,-299.45,25154.38
22085,PAPER CHAIN KIT SKULLS ,2545.0,6904.52,230.0,141.0,-1501.75,5402.77
22086,PAPER CHAIN KIT 50'S CHRISTMAS ,36534.0,123002.89,2018.0,896.0,-1479.4,121523.49
22087,PAPER BUNTING WHITE LACE,8513.0,25507.120000000003,847.0,314.0,-465.40000000000003,25041.72
22088,PAPER BUNTING COLOURED LACE,4407.0,13103.44,619.0,266.0,-198.04999999999998,12905.390000000001
22089,PAPER BUNTING VINTAGE PAISLEY,3514.0,10329.91,552.0,290.0,-173.89999999999998,10156.01
22090,PAPER BUNTING RETROSPOT,16798.0,50723.600000000006,1703.0,631.0,-1290.1499999999999,49433.450000000004
22091,EMPIRE TISSUE BOX,3191.0,2508.42,324.0,184.0,-68.75,2439.67
22092,BLUE PAISLEY TISSUE BOX,959.0,625.41,140.0,105.0,0.0,625.41
22093,MOTORING TISSUE BOX,2367.0,1457.38,275.0,179.0,-53.160000000000004,1404.22
22094,RED RETROSPOT TISSUE BOX,3592.0,2695.32,339.0,181.0,-73.72,2621.6000000000004
22095,LADS ONLY TISSUE BOX,3368.0,3628.17,284.0,125.0,-119.88000000000001,3508.29
22096,PINK PAISLEY SQUARE TISSUE BOX ,1671.0,946.38,180.0,129.0,-17.34,929.04
22097,SWALLOW SQUARE TISSUE BOX,2081.0,1304.26,242.0,158.0,-15.15,1289.11
22098,BOUDOIR SQUARE TISSUE BOX,2894.0,1998.37,309.0,161.0,-35.11,1963.26
22099,CARAVAN SQUARE TISSUE BOX,2144.0,1614.23,291.0,168.0,-30.0,1584.23
22100,SKULLS SQUARE TISSUE BOX,1016.0,729.55,127.0,71.0,0.0,729.55
22101,MIRROR MOSAIC VOTIVE HOLDER,1934.0,2847.28,116.0,44.0,-128.46,2718.82
22102,MIRROR MOSAIC T-LIGHT HOLDER ,1842.0,1191.69,59.0,35.0,-282.45,909.24
22103,MIRROR MOSAIC T-LIGHT HOLDER ROUND,1746.0,1760.6399999999999,71.0,43.0,-203.31,1557.33
22104,MIRROR MOSAIC CANDLE PLATE,1191.0,974.7199999999999,99.0,31.0,0.0,974.7199999999999
22105,MIRROR MOSAIC GOBLET CANDLE HOLDER,693.0,1298.91,55.0,23.0,-232.25,1066.66
22106,MIRROR MOSAIC HURRICANE LAMP ,515.0,1620.34,79.0,29.0,-156.75,1463.59
22107,PIZZA PLATE IN BOX,1276.0,5037.51,369.0,118.0,-330.71000000000004,4706.8
22108,PING! MICROWAVE PLATE,320.0,1002.26,128.0,34.0,-15.0,987.26
22109,FULL ENGLISH BREAKFAST PLATE,3431.0,14197.68,642.0,205.0,-271.26,13926.42
22110,BIRD HOUSE HOT WATER BOTTLE,2726.0,9206.87,512.0,217.0,-10.2,9196.67
22111,SCOTTIE DOG HOT WATER BOTTLE,10163.0,51936.86,1689.0,717.0,-936.65,51000.21
22112,CHOCOLATE HOT WATER BOTTLE,11532.0,60644.32,1721.0,631.0,-687.48,59956.84
22113,GREY HEART HOT WATER BOTTLE,6020.0,23031.27,996.0,488.0,-121.8,22909.47
22114,HOT WATER BOTTLE TEA AND SYMPATHY,12420.0,63362.350000000006,1583.0,626.0,-795.2,62567.15000000001
22115,METAL SIGN EMPIRE TEA,2910.0,5777.77,500.0,244.0,-2.95,5774.820000000001
22116,METAL SIGN HIS DINNER IS SERVED,835.0,1145.2,198.0,96.0,-27.900000000000002,1117.3
22117,METAL SIGN HER DINNER IS SERVED ,1769.0,5222.49,230.0,142.0,-2.95,5219.54
22118,JOY WOODEN BLOCK LETTERS,816.0,3953.9,271.0,195.0,-9.9,3944.0
22119,PEACE WOODEN BLOCK LETTERS,924.0,5738.47,340.0,244.0,-41.7,5696.77
22120,WELCOME  WOODEN BLOCK LETTERS,1026.0,10404.22,367.0,196.0,-187.6,10216.619999999999
22121,NOEL WOODEN BLOCK LETTERS ,1529.0,9482.730000000001,438.0,303.0,-47.6,9435.130000000001
22122,SET OF 2 FANCY FONT TEA TOWELS,1095.0,3290.0800000000004,191.0,113.0,0.0,3290.0800000000004
22123,PING MICROWAVE APRON,660.0,1729.0,166.0,77.0,-142.8,1586.2
22124,SET OF 2 TEA TOWELS PING MICROWAVE,302.0,761.97,132.0,29.0,0.0,761.97
22125,UNION JACK HOT WATER BOTTLE ,653.0,4089.09,183.0,117.0,-314.85,3774.2400000000002
22127,PARTY CONES CARNIVAL ASSORTED,3492.0,4183.11,155.0,128.0,-122.31,4060.7999999999997
22128,PARTY CONES CANDY ASSORTED,4007.0,4864.59,195.0,143.0,-70.0,4794.59
22129,PARTY CONES CANDY TREE DECORATION,3252.0,3100.22,174.0,97.0,-15.299999999999999,3084.9199999999996
22130,PARTY CONE CHRISTMAS DECORATION ,9918.0,11244.119999999999,424.0,298.0,-240.38,11003.74
22131,FOOD CONTAINER SET 3 LOVE HEART ,5304.0,10045.14,692.0,276.0,-29.099999999999998,10016.039999999999
22132,RED LOVE HEART SHAPE CUP,3357.0,3008.1099999999997,388.0,154.0,-10.2,2997.91
22133,PINK LOVE HEART SHAPE CUP,2508.0,2304.11,327.0,109.0,-10.2,2293.9100000000003
22134,MINI LADLE LOVE HEART RED ,2373.0,1057.1499999999999,298.0,80.0,-5.04,1052.11
22135,MINI LADLE LOVE HEART PINK,1661.0,829.43,317.0,58.0,-10.08,819.3499999999999
22136,LOVE HEART SOCK HANGER,1995.0,3340.6699999999996,265.0,117.0,-4.55,3336.1199999999994
22137,BATHROOM SET LOVE HEART DESIGN,607.0,1511.23,43.0,24.0,-8.850000000000001,1502.38
22138,BAKING SET 9 PIECE RETROSPOT ,9366.0,45882.01,1914.0,1137.0,-4072.75,41809.26
22139,RETROSPOT TEA SET CERAMIC 11 PC ,10649.0,53085.61,2093.0,941.0,-2074.0,51011.61
22141,CHRISTMAS CRAFT TREE TOP ANGEL,3785.0,9235.810000000001,572.0,313.0,-50.400000000000006,9185.410000000002
22142,CHRISTMAS CRAFT WHITE FAIRY ,4406.0,6618.19,503.0,336.0,-26.1,6592.089999999999
22143,CHRISTMAS CRAFT HEART DECORATIONS,446.0,942.8800000000001,70.0,51.0,-25.200000000000003,917.6800000000001
22144,CHRISTMAS CRAFT LITTLE FRIENDS,5368.0,12994.69,704.0,392.0,-98.7,12895.99
22145,CHRISTMAS CRAFT HEART STOCKING ,1336.0,2815.6600000000003,197.0,153.0,-12.600000000000001,2803.0600000000004
22146,EASTER CRAFT IVY WREATH WITH CHICK,1413.0,2633.13,107.0,93.0,-77.7,2555.4300000000003
22147,FELTCRAFT BUTTERFLY HEARTS,13129.0,18358.85,1132.0,582.0,-1142.8000000000002,17216.05
22148,EASTER CRAFT 4 CHICKS ,3237.0,6480.29,299.0,209.0,-101.39999999999999,6378.89
22149,FELTCRAFT 6 FLOWER FRIENDS,12888.0,26783.86,1382.0,684.0,-1244.4,25539.46
22150,3 STRIPEY MICE FELTCRAFT,7948.0,14800.449999999999,938.0,505.0,-1264.8,13535.65
22151,PLACE SETTING WHITE HEART,27749.0,11692.69,716.0,361.0,-332.46,11360.230000000001
22152,PLACE SETTING WHITE STAR,6331.0,2687.52,241.0,154.0,-4.62,2682.9
22153,ANGEL DECORATION STARS ON DRESS,5793.0,2512.57,283.0,136.0,-69.72,2442.8500000000004
22154,ANGEL DECORATION 3 BUTTONS ,7881.0,3396.63,317.0,163.0,-85.67999999999999,3310.9500000000003
22155,STAR DECORATION RUSTIC,6226.0,2810.7,340.0,165.0,-22.26,2788.4399999999996
22156,HEART DECORATION WITH PEARLS ,6237.0,5611.28,581.0,259.0,-184.26,5427.0199999999995
22157,ANGEL DECORATION WITH LACE PADDED,1725.0,1474.35,124.0,88.0,-81.6,1392.75
22158,3 HEARTS HANGING DECORATION RUSTIC,9341.0,30197.280000000002,718.0,374.0,-242.85000000000002,29954.430000000004
22161,HEART DECORATION RUSTIC HANGING ,6837.0,2824.3500000000004,489.0,156.0,-28.880000000000003,2795.4700000000003
22162,HEART GARLAND RUSTIC PADDED,1258.0,3868.61,260.0,92.0,-35.400000000000006,3833.21
22163,HEART STRING MEMO HOLDER HANGING,1287.0,2291.9100000000003,197.0,86.0,-179.05000000000004,2112.86
22164,STRING OF STARS CARD HOLDER,322.0,906.8300000000002,49.0,40.0,-2.95,903.8800000000001
22165,"DIAMANTE HEART SHAPED WALL MIRROR, ",991.0,7844.22,272.0,82.0,-89.25,7754.97
22166,WALL MIRROR RECTANGLE DIAMANTE PINK,453.0,3697.54,159.0,31.0,-63.6,3633.94
22167, OVAL WALL MIRROR DIAMANTE ,696.0,6144.36,303.0,92.0,-248.74999999999997,5895.61
22168,ORGANISER WOOD ANTIQUE WHITE ,671.0,5577.93,312.0,250.0,-424.15,5153.780000000001
22169,FAMILY ALBUM WHITE PICTURE FRAME,2323.0,19930.8,701.0,276.0,-765.85,19164.95
22170,PICTURE FRAME WOOD TRIPLE PORTRAIT,2406.0,15800.66,575.0,279.0,-581.9,15218.76
22171,3 HOOK PHOTO SHELF ANTIQUE WHITE,3181.0,24081.66,661.0,269.0,-1212.1,22869.56
22172,METAL SHELF WITH RAIL ,378.0,3451.82,185.0,124.0,-34.0,3417.82
22173,METAL 4 HOOK HANGER FRENCH CHATEAU,5137.0,15768.95,997.0,383.0,-399.71999999999997,15369.230000000001
22174,PHOTO CUBE,5423.0,10993.4,557.0,178.0,-79.19999999999999,10914.199999999999
22175,PINK OWL SOFT TOY,1845.0,5358.02,363.0,161.0,-26.550000000000004,5331.47
22176,BLUE OWL SOFT TOY,1199.0,3592.9000000000005,258.0,125.0,-26.550000000000004,3566.3500000000004
22177,5 HOOK BLACKBOARD ORGANISER ,325.0,3101.46,125.0,90.0,-227.0,2874.46
22178,VICTORIAN GLASS HANGING T-LIGHT,40572.0,53105.59,1816.0,593.0,-1265.44,51840.149999999994
22179,SET 10 LIGHTS NIGHT OWL,2093.0,14953.75,566.0,201.0,-217.85,14735.9
22180,RETROSPOT LAMP,1004.0,10403.21,410.0,226.0,-493.15,9910.06
22181,SNOWSTORM PHOTO FRAME FRIDGE MAGNET,1567.0,1317.6499999999999,138.0,85.0,-35.699999999999996,1281.9499999999998
22182,CAKE STAND VICTORIAN FILIGREE SMALL,569.0,2190.13,172.0,58.0,-19.8,2170.33
22183,CAKE STAND VICTORIAN FILIGREE MED,613.0,3465.2200000000003,209.0,58.0,-56.2,3409.0200000000004
22184,CAKE STAND VICTORIAN FILIGREE LARGE,401.0,2988.71,146.0,60.0,-143.3,2845.41
22185,SLATE TILE NATURAL HANGING,3922.0,6269.329999999999,462.0,298.0,-6.6,6262.729999999999
22186,RED STAR CARD HOLDER,2040.0,5570.16,345.0,234.0,-304.7,5265.46
22187,GREEN CHRISTMAS TREE CARD HOLDER,2158.0,7113.5,364.0,230.0,-195.7,6917.8
22188,BLACK HEART CARD HOLDER,12483.0,33197.05,566.0,292.0,-19.75,33177.3
22189,CREAM HEART CARD HOLDER,18350.0,54547.380000000005,1299.0,536.0,-168.73000000000002,54378.65
22190,LOCAL CAFE MUG,1428.0,2660.31,242.0,88.0,-2.1,2658.21
22191,IVORY DINER WALL CLOCK,1995.0,16454.05,620.0,335.0,-2703.8500000000004,13750.199999999999
22192,BLUE DINER WALL CLOCK,1444.0,12274.76,543.0,260.0,-269.45000000000005,12005.31
22193,RED DINER WALL CLOCK,1931.0,16296.480000000001,617.0,265.0,-336.6,15959.880000000001
22194,BLACK DINER WALL CLOCK,377.0,3246.1,160.0,100.0,-51.0,3195.1
22195,LARGE HEART MEASURING SPOONS,5269.0,9440.099999999999,811.0,325.0,-28.349999999999998,9411.749999999998
22196,SMALL HEART MEASURING SPOONS,6713.0,6270.2,981.0,304.0,-56.44,6213.76
22197,SMALL POPCORN HOLDER,89860.0,80888.34,2322.0,601.0,-620.57,80267.76999999999
22198,LARGE POPCORN HOLDER ,7793.0,13580.83,646.0,240.0,-350.2,13230.63
22199,FRYING PAN RED RETROSPOT,1861.0,7638.17,405.0,158.0,-1066.75,6571.42
22200,FRYING PAN PINK POLKADOT,1317.0,5882.61,357.0,120.0,-44.25,5838.36
22201,FRYING PAN BLUE POLKADOT,510.0,2042.8700000000001,166.0,76.0,-8.5,2034.3700000000001
22202,MILK PAN PINK RETROSPOT,1090.0,4400.12,264.0,91.0,-116.25,4283.87
22203,MILK PAN RED RETROSPOT,1415.0,5533.74,392.0,166.0,-56.25,5477.49
22204,MILK PAN BLUE POLKADOT,537.0,1974.29,169.0,66.0,-52.5,1921.79
22206,"MUG , DOTCOMGIFTSHOP.COM ",14.0,11.82,10.0,0.0,0.0,11.82
22207,FRYING PAN UNION FLAG,3185.0,13715.91,480.0,189.0,-324.75,13391.16
22208,WOOD STAMP SET THANK YOU,2396.0,3103.5499999999997,433.0,237.0,-31.409999999999997,3072.14
22209,WOOD STAMP SET HAPPY BIRTHDAY,1428.0,1777.1,257.0,159.0,-36.36,1740.74
22210,WOOD STAMP SET BEST WISHES,1615.0,1949.6899999999998,287.0,179.0,-24.749999999999996,1924.9399999999998
22211,WOOD STAMP SET FLOWERS,1535.0,2028.9499999999998,291.0,161.0,-71.25,1957.6999999999998
22212,FOUR HOOK  WHITE LOVEBIRDS,4100.0,8839.880000000001,828.0,323.0,-84.0,8755.880000000001
22214,CANDLE PLATE LACE WHITE,549.0,1279.79,92.0,43.0,0.0,1279.79
22215,CAKE STAND WHITE TWO TIER LACE,1092.0,8869.43,359.0,245.0,-510.0,8359.43
22216,T-LIGHT HOLDER WHITE LACE,1406.0,1232.43,116.0,48.0,-2.55,1229.88
22217,T-LIGHT HOLDER HANGING LACE,2390.0,2839.85,214.0,152.0,-70.0,2769.85
22218,CAKE STAND LACE WHITE,1232.0,5365.66,264.0,143.0,-250.75,5114.91
22219,LOVEBIRD HANGING DECORATION WHITE ,9906.0,9403.859999999999,1149.0,384.0,-93.89,9309.97
22220,CAKE STAND LOVEBIRD 2 TIER WHITE,746.0,6895.389999999999,270.0,190.0,-495.65,6399.74
22221,CAKE STAND LOVEBIRD 2 TIER PINK,906.0,6722.71,156.0,108.0,-119.39999999999999,6603.31
22222,CAKE PLATE LOVEBIRD WHITE,1498.0,6205.39,403.0,203.0,-24.75,6180.64
22223,CAKE PLATE LOVEBIRD PINK,727.0,3369.83,175.0,89.0,-4.95,3364.88
22224,WHITE LOVEBIRD LANTERN,2403.0,7634.200000000001,401.0,234.0,-64.9,7569.300000000001
22227,HANGING HEART MIRROR DECORATION ,6136.0,4427.110000000001,643.0,195.0,-21.450000000000003,4405.660000000001
22228,BUNNY WOODEN PAINTED WITH BIRD ,1727.0,1456.6,275.0,148.0,-29.749999999999996,1426.85
22229,BUNNY WOODEN PAINTED WITH FLOWER ,1007.0,845.3,185.0,101.0,-44.199999999999996,801.0999999999999
22230,JIGSAW TREE WITH WATERING CAN,1657.0,1134.6399999999999,193.0,96.0,-48.379999999999995,1086.2599999999998
22231,JIGSAW TREE WITH BIRDHOUSE,2163.0,2753.08,297.0,166.0,-150.15,2602.93
22232,JIGSAW TOADSTOOLS 3 PIECE,1109.0,1318.99,158.0,96.0,-71.22,1247.77
22233,JIGSAW RABBIT AND BIRDHOUSE,952.0,1215.06,164.0,112.0,-121.03999999999999,1094.02
22236,CAKE STAND 3 TIER MAGIC GARDEN,1140.0,14109.669999999998,421.0,251.0,-1121.25,12988.419999999998
22241,GARLAND WOODEN HAPPY EASTER,4351.0,5864.92,474.0,242.0,-22.31,5842.61
22242,"HOOK, 5 HANGER , MAGIC TOADSTOOL",4812.0,7657.44,368.0,186.0,-102.29999999999998,7555.139999999999
22243,5 HOOK HANGER RED MAGIC TOADSTOOL,7731.0,11949.409999999998,388.0,181.0,-141.89999999999998,11807.509999999998
22244,3 HOOK HANGER MAGIC GARDEN,4814.0,9220.82,431.0,169.0,-124.8,9096.02
22245,"HOOK, 1 HANGER ,MAGIC GARDEN",4697.0,4046.49,413.0,166.0,-28.05,4018.4399999999996
22246,MAGIC GARDEN FELT GARLAND ,1111.0,2387.13,188.0,84.0,-23.4,2363.73
22247,BUNNY DECORATION MAGIC GARDEN,1184.0,1022.79,182.0,86.0,-0.75,1022.04
22248,DECORATION  PINK CHICK MAGIC GARDEN,1014.0,903.16,173.0,77.0,-17.85,885.31
22249,DECORATION WHITE CHICK MAGIC GARDEN,1636.0,1434.6599999999999,243.0,126.0,-3.4,1431.2599999999998
22250,DECORATION  BUTTERFLY  MAGIC GARDEN,1524.0,1387.94,257.0,98.0,-3.4,1384.54
22251,BIRDHOUSE DECORATION MAGIC GARDEN,1884.0,2335.15,298.0,141.0,-35.0,2300.15
22252,BIRDCAGE DECORATION TEALIGHT HOLDER,968.0,1190.56,113.0,85.0,-16.25,1174.31
22253,6 CROCHET STRAWBERRIES,964.0,1158.28,86.0,62.0,0.0,1158.28
22254,FELT TOADSTOOL LARGE,1410.0,1807.21,148.0,95.0,-90.0,1717.21
22255,FELT TOADSTOOL  SMALL,1216.0,1155.08,142.0,73.0,-38.25,1116.83
22256,FELT FARM ANIMAL CHICKEN,937.0,1206.33,119.0,78.0,-15.0,1191.33
22257,FELT FARM ANIMAL SHEEP,419.0,345.47999999999996,57.0,23.0,-15.0,330.47999999999996
22258,FELT FARM ANIMAL RABBIT,1342.0,1291.05,131.0,69.0,-68.75,1222.3
22259,FELT FARM ANIMAL HEN,590.0,482.95,72.0,31.0,-3.75,479.2
22260,FELT EGG COSY BLUE RABBIT ,1571.0,1613.9599999999998,241.0,85.0,-13.6,1600.36
22261,FELT EGG COSY WHITE RABBIT ,2112.0,2035.1599999999999,243.0,126.0,-3.4,2031.7599999999998
22262,FELT EGG COSY CHICKEN,2045.0,1975.31,306.0,135.0,-14.45,1960.86
22263,FELT EGG COSY LADYBIRD ,836.0,627.38,105.0,34.0,-32.34,595.04
22264,FELT FARM ANIMAL WHITE BUNNY ,2027.0,1164.08,168.0,80.0,0.0,1164.08
22265,EASTER DECORATION NATURAL CHICK,1847.0,1211.66,168.0,107.0,0.0,1211.66
22266,EASTER DECORATION HANGING BUNNY,2542.0,1040.1100000000001,161.0,101.0,-4.550000000000001,1035.5600000000002
22267,EASTER DECORATION EGG BUNNY ,1472.0,1291.47,117.0,91.0,-3.75,1287.72
22268,EASTER DECORATION SITTING BUNNY,2554.0,1271.29,236.0,117.0,-19.310000000000002,1251.98
22269,EGG CUP NATURAL CHICKEN,1522.0,1360.21,204.0,107.0,-31.25,1328.96
22270,HAPPY EASTER HANGING DECORATION,685.0,2638.67,153.0,104.0,-96.78,2541.89
22271,FELTCRAFT DOLL ROSIE,4945.0,14156.300000000001,787.0,400.0,-839.2,13317.1
22272,FELTCRAFT DOLL MARIA,1396.0,3928.01,300.0,207.0,-2.95,3925.0600000000004
22273,FELTCRAFT DOLL MOLLY,7398.0,20301.52,810.0,423.0,-3571.6499999999996,16729.870000000003
22274,FELTCRAFT DOLL EMILY,3818.0,10926.5,656.0,344.0,-199.1,10727.4
22275,WEEKEND BAG VINTAGE ROSE PAISLEY,1015.0,8403.18,313.0,168.0,-42.5,8360.68
22276,WASH BAG VINTAGE ROSE PAISLEY,1950.0,5097.53,373.0,213.0,-42.9,5054.63
22277,COSMETIC BAG VINTAGE ROSE PAISLEY,1441.0,3024.1400000000003,250.0,147.0,-4.2,3019.9400000000005
22278,OVERNIGHT BAG VINTAGE ROSE PAISLEY,1063.0,6277.16,383.0,164.0,-117.32000000000001,6159.84
22279,POCKET BAG BLUE PAISLEY RED SPOT,1443.0,2108.37,214.0,108.0,-46.25,2062.12
22280,POCKET BAG PINK PAISELY BROWN SPOT,880.0,1252.49,158.0,79.0,0.0,1252.49
22281,EASTER TREE YELLOW BIRDS,511.0,3285.86,149.0,83.0,-95.2,3190.6600000000003
22282,12 EGG HOUSE PAINTED WOOD,565.0,7406.65,216.0,92.0,-25.5,7381.15
22283,6 EGG HOUSE PAINTED WOOD,1042.0,8628.95,382.0,196.0,-143.1,8485.85
22284,HEN HOUSE DECORATION,2478.0,4040.8999999999996,300.0,157.0,-42.89999999999999,3997.9999999999995
22285,"DECORATION HEN ON NEST, HANGING",2719.0,4274.53,261.0,165.0,-19.799999999999997,4254.73
22286,"DECORATION , WOBBLY RABBIT , METAL ",1937.0,2200.75,195.0,119.0,0.0,2200.75
22287,"DECORATION , WOBBLY CHICKEN, METAL ",1340.0,1435.7499999999998,121.0,81.0,-4.68,1431.0699999999997
22288,HANGING METAL RABBIT DECORATION,1314.0,1536.03,119.0,75.0,0.0,1536.03
22289,"DECORATION , HANGING METAL CHICKEN",764.0,817.48,76.0,45.0,0.0,817.48
22290,STANDING METAL RABBIT WITH EGG,670.0,1223.02,78.0,60.0,-2.1,1220.92
22291,"SPRING DEC , HANGING CHICK CREAM",3193.0,4412.929999999999,264.0,141.0,-69.6,4343.329999999999
22292,HANGING CHICK  YELLOW DECORATION,2785.0,3783.97,222.0,145.0,-34.8,3749.1699999999996
22293,HANGING CHICK GREEN DECORATION,2036.0,2866.16,225.0,114.0,-34.8,2831.3599999999997
22294,HEART FILIGREE DOVE  SMALL,16923.0,20962.02,861.0,414.0,-133.75,20828.27
22295,HEART FILIGREE DOVE LARGE,8547.0,14108.199999999999,706.0,381.0,-98.99999999999999,14009.199999999999
22296,HEART IVORY TRELLIS LARGE,9855.0,16260.509999999998,833.0,428.0,-13.2,16247.309999999998
22297,HEART IVORY TRELLIS SMALL,13871.0,17926.6,969.0,391.0,-343.75,17582.85
22299,PIG KEYRING WITH LIGHT & SOUND ,3966.0,4505.88,202.0,103.0,-76.25,4429.63
22306,SILVER MUG BONE CHINA TREE OF LIFE,1692.0,2450.37,163.0,125.0,-28.7,2421.67
22307,GOLD MUG BONE CHINA TREE OF LIFE,1266.0,1930.48,118.0,87.0,-49.8,1880.68
22308,TEA COSY BLUE STRIPE,683.0,2115.41,214.0,75.0,-66.3,2049.1099999999997
22309,TEA COSY RED  STRIPE,1341.0,3509.68,266.0,117.0,-66.3,3443.3799999999997
22310,IVORY KNITTED MUG COSY ,1801.0,3270.96,223.0,64.0,-21.249999999999996,3249.71
22311,OFFICE MUG WARMER BLACK+SILVER ,2145.0,6897.35,300.0,120.0,-33.50000000000001,6863.85
22312,OFFICE MUG WARMER POLKADOT,1312.0,4516.700000000001,269.0,104.0,-81.65000000000002,4435.050000000001
22313,OFFICE MUG WARMER PINK,1022.0,3255.2200000000003,137.0,74.0,-647.4,2607.82
22314,OFFICE MUG WARMER CHOC+BLUE,1162.0,4085.88,249.0,101.0,-15.8,4070.08
22315,200 RED + WHITE BENDY STRAWS,2192.0,2820.77,387.0,191.0,-6.25,2814.52
22316,200 BENDY SKULL STRAWS,1271.0,1450.32,119.0,62.0,-1.25,1449.07
22317,FIVE CATS HANGING DECORATION,589.0,1839.4600000000003,167.0,83.0,0.0,1839.4600000000003
22318,FIVE HEART HANGING DECORATION,1620.0,5102.01,389.0,204.0,-59.00000000000001,5043.01
22319,HAIRCLIPS FORTIES FABRIC ASSORTED,2999.0,1705.8400000000001,174.0,141.0,-50.050000000000004,1655.7900000000002
22320,BIRDS MOBILE VINTAGE DESIGN,601.0,3562.8700000000003,180.0,130.0,-136.85,3426.0200000000004
22321,BIRD DECORATION RED RETROSPOT,2584.0,2393.22,305.0,118.0,-0.85,2392.37
22322,BIRD DECORATION GREEN POLKADOT,1622.0,1536.51,272.0,77.0,-12.75,1523.76
22323,PINK POLKADOT KIDS BAG,635.0,1683.31,116.0,57.0,-23.4,1659.9099999999999
22324,BLUE POLKADOT KIDS BAG,681.0,1841.51,152.0,53.0,-15.6,1825.91
22325,MOBILE VINTAGE HEARTS ,702.0,3168.6800000000003,224.0,129.0,-237.60000000000002,2931.0800000000004
22326,ROUND SNACK BOXES SET OF4 WOODLAND ,15655.0,44943.43,1391.0,439.0,-168.15,44775.28
22327,ROUND SNACK BOXES SET OF 4 SKULLS,3095.0,10054.49,646.0,256.0,-76.30000000000001,9978.19
22328,ROUND SNACK BOXES SET OF 4 FRUITS ,14602.0,40407.96,1159.0,401.0,-1818.3499999999997,38589.61
22329,ROUND CONTAINER SET OF 5 RETROSPOT,5165.0,8448.9,610.0,261.0,-54.449999999999996,8394.449999999999
22330,72 ROUND PINK DOILIES,128.0,197.89999999999998,22.0,15.0,-17.4,180.49999999999997
22331,WOODLAND PARTY BAG + STICKER SET,3732.0,6135.5,437.0,225.0,-47.85,6087.65
22332,SKULLS PARTY BAG + STICKER SET,4177.0,6551.9,381.0,233.0,-669.3,5882.599999999999
22333,RETROSPOT PARTY BAG + STICKER SET,10165.0,15865.82,697.0,333.0,-1951.1999999999998,13914.619999999999
22334,DINOSAUR PARTY BAG + STICKER SET,2246.0,3578.7599999999998,264.0,180.0,-31.349999999999998,3547.41
22335,HEART DECORATION PAINTED ZINC ,8740.0,5707.360000000001,510.0,242.0,-292.95000000000005,5414.410000000001
22336,DOVE DECORATION PAINTED ZINC ,4734.0,2296.27,214.0,136.0,-14.950000000000001,2281.32
22337,ANGEL DECORATION PAINTED ZINC ,2509.0,1550.96,146.0,67.0,0.0,1550.96
22338,STAR DECORATION PAINTED ZINC ,6150.0,2197.3500000000004,264.0,143.0,-60.370000000000005,2136.9800000000005
22339,CHRISTMAS TREE PAINTED ZINC ,3551.0,1406.8500000000001,145.0,86.0,-81.28,1325.5700000000002
22340,NOEL GARLAND PAINTED ZINC ,1800.0,1514.4099999999999,184.0,81.0,-19.049999999999997,1495.36
22341,LOVE GARLAND PAINTED ZINC ,3481.0,5725.41,240.0,128.0,-1858.1999999999998,3867.21
22342,HOME GARLAND PAINTED ZINC ,1820.0,2531.33,230.0,109.0,-96.29999999999998,2435.0299999999997
22343,PARTY PIZZA DISH RED RETROSPOT,3309.0,1995.9399999999998,188.0,90.0,-35.699999999999996,1960.2399999999998
22344,PARTY PIZZA DISH PINK POLKADOT,1593.0,819.18,133.0,65.0,0.0,819.18
22345,PARTY PIZZA DISH BLUE POLKADOT,1480.0,724.12,128.0,62.0,-15.299999999999999,708.82
22346,PARTY PIZZA DISH GREEN POLKADOT,1312.0,622.81,103.0,43.0,0.0,622.81
22347,PIZZA SLICE DISH,2716.0,3119.18,115.0,50.0,0.0,3119.18
22348,TEA BAG PLATE RED RETROSPOT,12566.0,10708.33,961.0,344.0,-85.0,10623.33
22349,DOG BOWL CHASING BALL DESIGN,2585.0,10608.039999999999,366.0,226.0,-132.12,10475.919999999998
22350,ILLUSTRATED CAT BOWL ,2860.0,7952.009999999999,331.0,169.0,-5.1,7946.909999999999
22351,DOTCOMGIFTSHOP TEA TOWEL,15.0,29.809999999999995,3.0,1.0,0.0,29.809999999999995
22352,LUNCH BOX WITH CUTLERY RETROSPOT ,7172.0,18067.42,1117.0,366.0,-165.29999999999998,17902.12
22353,LUNCH BOX WITH CUTLERY FAIRY CAKES ,3039.0,7917.889999999999,493.0,200.0,-50.99999999999999,7866.889999999999
22354,RETROSPOT PADDED SEAT CUSHION,2257.0,8563.31,280.0,157.0,-70.89,8492.42
22355,CHARLOTTE BAG SUKI DESIGN,32635.0,46584.99,1742.0,393.0,-144.39000000000001,46440.6
22356,CHARLOTTE BAG PINK POLKADOT,20226.0,21243.09,1584.0,423.0,-430.74,20812.35
22357,KINGS CHOICE BISCUIT TIN,2092.0,9445.82,462.0,259.0,-202.25,9243.57
22358,KINGS CHOICE TEA CADDY ,2687.0,8541.25,605.0,295.0,-170.35,8370.9
22359,GLASS JAR KINGS CHOICE,1290.0,4099.42,202.0,117.0,-115.05000000000001,3984.37
22360,GLASS JAR ENGLISH CONFECTIONERY,2525.0,7630.0,425.0,209.0,-524.45,7105.55
22361,GLASS JAR DAISY FRESH COTTON WOOL,1852.0,6074.67,496.0,189.0,-232.85000000000002,5841.82
22362,GLASS JAR PEACOCK BATH SALTS,764.0,2460.6800000000003,253.0,133.0,-144.55,2316.13
22363,GLASS JAR MARMALADE ,782.0,2309.3,169.0,99.0,-400.40000000000003,1908.9
22364,GLASS JAR DIGESTIVE BISCUITS,2061.0,6531.1,340.0,164.0,-306.90000000000003,6224.200000000001
22365,DOORMAT RESPECTABLE HOUSE,2355.0,15503.93,443.0,193.0,-22.65,15481.28
22366,DOORMAT AIRMAIL ,2561.0,17423.17,568.0,252.0,-209.97000000000003,17213.199999999997
22367,CHILDRENS APRON SPACEBOY DESIGN,8153.0,16060.91,1156.0,593.0,-99.45,15961.46
22371,AIRLINE BAG VINTAGE TOKYO 78,1867.0,9178.51,684.0,285.0,-81.13,9097.380000000001
22372,AIRLINE BAG VINTAGE WORLD CHAMPION ,616.0,3149.75,287.0,163.0,-33.95,3115.8
22374,AIRLINE BAG VINTAGE JET SET RED,1038.0,5180.47,430.0,226.0,-23.35,5157.12
22375,AIRLINE BAG VINTAGE JET SET BROWN,609.0,3079.58,284.0,135.0,-10.6,3068.98
22376,AIRLINE BAG VINTAGE JET SET WHITE,543.0,2721.22,246.0,145.0,0.0,2721.22
22377,BOTTLE BAG RETROSPOT ,3621.0,6931.48,435.0,200.0,-116.8,6814.679999999999
22378,WALL TIDY RETROSPOT ,3776.0,6909.82,546.0,167.0,-31.5,6878.32
22379,RECYCLING BAG RETROSPOT ,16053.0,35362.76,1570.0,423.0,-128.95000000000002,35233.810000000005
22380,TOY TIDY SPACEBOY  ,4985.0,10274.42,688.0,300.0,-94.5,10179.92
22381,TOY TIDY PINK POLKADOT,9442.0,19960.07,1100.0,349.0,-62.75,19897.32
22382,LUNCH BAG SPACEBOY DESIGN ,20386.0,34317.59,2153.0,790.0,-387.25,33930.34
22383,LUNCH BAG SUKI  DESIGN ,25403.0,43836.86,2398.0,664.0,-285.8,43551.06
22384,LUNCH BAG PINK POLKADOT,20988.0,34425.81,2106.0,681.0,-434.85,33990.96
22385,JUMBO BAG SPACEBOY DESIGN,17220.0,32735.2,1248.0,412.0,-725.44,32009.760000000002
22386,JUMBO BAG PINK POLKADOT,39809.0,77049.38,2245.0,601.0,-866.98,76182.40000000001
22389,PAPERWEIGHT SAVE THE PLANET,659.0,1276.12,92.0,74.0,-210.0,1066.12
22390,PAPERWEIGHT CHILDHOOD MEMORIES,819.0,1463.82,83.0,56.0,0.0,1463.82
22391,PAPERWEIGHT HOME SWEET HOME,323.0,635.1899999999999,66.0,45.0,0.0,635.1899999999999
22393,PAPERWEIGHT VINTAGE COLLAGE,839.0,1484.6699999999998,120.0,75.0,-111.00000000000001,1373.6699999999998
22394,PAPERWEIGHT KINGS CHOICE ,347.0,549.3499999999999,55.0,43.0,-15.299999999999999,534.05
22395,PAPERWEIGHT VINTAGE PAISLEY,237.0,428.94,53.0,31.0,0.0,428.94
22396,MAGNETS PACK OF 4 RETRO PHOTO,1910.0,1448.35,184.0,122.0,-15.0,1433.35
22398,MAGNETS PACK OF 4 SWALLOWS,4319.0,3791.2599999999998,430.0,273.0,-120.0,3671.2599999999998
22399,MAGNETS PACK OF 4 CHILDHOOD MEMORY,4088.0,4794.6,277.0,180.0,-30.0,4764.6
22400,MAGNETS PACK OF 4 HOME SWEET HOME,2462.0,2064.56,234.0,159.0,-30.39,2034.1699999999998
22402,MAGNETS PACK OF 4 VINTAGE COLLAGE,3445.0,3032.8,250.0,158.0,-17.5,3015.3
22403,MAGNETS PACK OF 4 VINTAGE LABELS ,1730.0,1217.16,212.0,137.0,-15.0,1202.16
22405,MONEY BOX POCKET MONEY DESIGN,1672.0,2033.4,217.0,173.0,-16.06,2017.3400000000001
22406,MONEY BOX KINGS CHOICE DESIGN,2507.0,3175.61,217.0,145.0,-55.660000000000004,3119.9500000000003
22407,MONEY BOX FIRST ADE DESIGN,438.0,521.12,75.0,55.0,-38.160000000000004,482.96
22408,MONEY BOX CONFECTIONERY DESIGN,662.0,813.67,95.0,72.0,-39.410000000000004,774.26
22409,MONEY BOX BISCUITS DESIGN,1712.0,2325.48,164.0,108.0,-17.5,2307.98
22410,MONEY BOX HOUSEKEEPING DESIGN,1363.0,1667.46,198.0,136.0,-15.0,1652.46
22411,JUMBO SHOPPER VINTAGE RED PAISLEY,27669.0,58149.35,2192.0,658.0,-791.52,57357.83
22412,METAL SIGN NEIGHBOURHOOD WITCH ,2408.0,5163.96,402.0,166.0,-4.2,5159.76
22413,METAL SIGN TAKE IT OR LEAVE IT ,7037.0,19937.79,881.0,446.0,-340.54999999999995,19597.24
22414,DOORMAT NEIGHBOURHOOD WITCH ,1191.0,7241.85,220.0,92.0,-16.2,7225.650000000001
22415,WHITE TISSUE REAM,326.0,2591.7000000000003,204.0,156.0,0.0,2591.7000000000003
22416,SET OF 36 DOILIES SPACEBOY DESIGN ,1972.0,2767.79,176.0,122.0,-8.7,2759.09
22417,PACK OF 60 SPACEBOY CAKE CASES,21625.0,11250.09,1103.0,521.0,-62.7,11187.39
22418,10 COLOUR SPACEBOY PEN,12730.0,10790.32,586.0,332.0,-192.1,10598.22
22419,LIPSTICK PEN RED,7058.0,3370.77,509.0,191.0,-4.14,3366.63
22420,LIPSTICK PEN BABY PINK,2117.0,1019.85,234.0,111.0,-0.42,1019.4300000000001
22421,LIPSTICK PEN FUSCHIA,4814.0,2397.37,406.0,172.0,-18.6,2378.77
22422,TOOTHPASTE TUBE PEN,2785.0,1803.99,354.0,119.0,-15.600000000000001,1788.39
22423,REGENCY CAKESTAND 3 TIER,27536.0,344069.3,3918.0,1314.0,-16724.1,327345.2
22424,ENAMEL BREAD BIN CREAM,1557.0,21267.71,739.0,310.0,-570.45,20697.26
22425,ENAMEL COLANDER CREAM,866.0,4401.8,301.0,195.0,-112.55,4289.25
22426,ENAMEL WASH BOWL CREAM,1347.0,5195.24,372.0,182.0,-129.7,5065.54
22427,ENAMEL FLOWER JUG CREAM,3238.0,19463.56,798.0,460.0,-291.5,19172.06
22428,ENAMEL FIRE BUCKET CREAM,479.0,3533.63,191.0,126.0,-104.25,3429.38
22429,ENAMEL MEASURING JUG CREAM,2325.0,10056.39,625.0,364.0,-187.0,9869.39
22430,ENAMEL WATERING CAN CREAM,1408.0,6831.49,356.0,230.0,-176.9,6654.59
22431,WATERING CAN BLUE ELEPHANT,3403.0,6859.179999999999,620.0,269.0,-35.099999999999994,6824.079999999999
22432,WATERING CAN PINK BUNNY,3555.0,6784.3099999999995,517.0,266.0,-35.1,6749.209999999999
22433,WATERING CAN GREEN DINOSAUR,2803.0,5241.8099999999995,422.0,211.0,-29.25,5212.5599999999995
22434,BALLOON PUMP WITH 10 BALLOONS,2579.0,4795.89,281.0,203.0,-35.1,4760.79
22435,SET OF 9 HEART SHAPED BALLOONS,5002.0,6296.49,537.0,303.0,-154.75,6141.74
22436,12 COLOURED PARTY BALLOONS,4273.0,2724.75,289.0,173.0,-17.55,2707.2
22437,SET OF 9 BLACK SKULL BALLOONS,6562.0,5502.01,443.0,258.0,-13.6,5488.41
22438,BALLOON ART MAKE YOUR OWN FLOWERS,1478.0,1950.27,170.0,117.0,0.0,1950.27
22439,6 ROCKET BALLOONS ,3956.0,2641.8900000000003,363.0,216.0,-48.75,2593.1400000000003
22440,BALLOON WATER BOMB PACK OF 35,8586.0,3425.87,292.0,187.0,-18.48,3407.39
22441,GROW YOUR OWN BASIL IN ENAMEL MUG,2717.0,5891.31,472.0,295.0,-21.0,5870.31
22442,GROW YOUR OWN FLOWERS SET OF 3,875.0,4836.87,172.0,140.0,-141.9,4694.97
22443,GROW YOUR OWN HERBS SET OF 3,698.0,5545.400000000001,264.0,193.0,-39.75,5505.650000000001
22444,GROW YOUR OWN PLANT IN A CAN ,10416.0,14229.9,453.0,249.0,-143.75,14086.15
22445,PENCIL CASE LIFE IS BEAUTIFUL,1312.0,4025.5700000000006,275.0,147.0,0.0,4025.5700000000006
22446,PIN CUSHION BABUSHKA PINK,624.0,1772.03,186.0,61.0,-20.1,1751.93
22447,PIN CUSHION BABUSHKA BLUE,252.0,813.1600000000001,82.0,41.0,-20.1,793.0600000000001
22448,PIN CUSHION BABUSHKA RED,757.0,2440.13,121.0,79.0,-20.1,2420.03
22449,SILK PURSE BABUSHKA PINK,1370.0,4538.74,308.0,155.0,-40.2,4498.54
22450,SILK PURSE BABUSHKA BLUE,870.0,2925.7200000000003,180.0,117.0,-40.2,2885.5200000000004
22451,SILK PURSE BABUSHKA RED,1394.0,4715.4400000000005,238.0,134.0,-26.8,4688.64
22452,MEASURING TAPE BABUSHKA PINK,1347.0,3558.3,255.0,112.0,-38.35000000000001,3519.9500000000003
22453,MEASURING TAPE BABUSHKA BLUE,866.0,2390.27,144.0,78.0,-23.6,2366.67
22454,MEASURING TAPE BABUSHKA RED,1515.0,4237.09,179.0,115.0,-64.9,4172.1900000000005
22456,NATURAL SLATE CHALKBOARD LARGE ,4457.0,21859.23,835.0,385.0,-501.5,21357.73
22457,NATURAL SLATE HEART CHALKBOARD ,15687.0,48423.25000000001,2046.0,874.0,-324.8,48098.450000000004
22458,CAST IRON HOOK GARDEN FORK,1530.0,3815.85,173.0,121.0,0.0,3815.85
22459,CAST IRON HOOK GARDEN TROWEL,1386.0,3420.18,172.0,124.0,0.0,3420.18
22460,EMBOSSED GLASS TEALIGHT HOLDER,4821.0,6356.45,376.0,206.0,-32.120000000000005,6324.33
22461,SAVOY ART DECO CLOCK,416.0,3722.5299999999997,146.0,82.0,-638.4499999999999,3084.08
22464,HANGING METAL HEART LANTERN,7922.0,13129.579999999998,784.0,397.0,-378.9,12750.679999999998
22465,HANGING METAL STAR LANTERN,4636.0,7499.4,461.0,270.0,-217.64999999999998,7281.75
22466,FAIRY TALE COTTAGE NIGHTLIGHT,5876.0,10806.519999999999,394.0,199.0,-76.8,10729.72
22467,GUMBALL COAT RACK,12212.0,28919.8,1095.0,398.0,-665.55,28254.25
22468,BABUSHKA LIGHTS STRING OF 10,1777.0,11846.630000000001,413.0,196.0,-352.3,11494.330000000002
22469,HEART OF WICKER SMALL,29013.0,51088.159999999996,2151.0,886.0,-426.09999999999997,50662.06
22470,HEART OF WICKER LARGE,18508.0,55772.020000000004,1952.0,827.0,-1028.7,54743.32000000001
22471,TV DINNER TRAY AIR HOSTESS ,643.0,2678.31,176.0,91.0,-11.85,2666.46
22472,TV DINNER TRAY DOLLY GIRL,1111.0,5256.14,250.0,131.0,-24.75,5231.39
22473,TV DINNER TRAY VINTAGE PAISLEY,833.0,3210.17,209.0,120.0,0.0,3210.17
22474,SPACEBOY TV DINNER TRAY,984.0,4830.21,254.0,144.0,-136.0,4694.21
22475,SKULL DESIGN TV DINNER TRAY,778.0,3925.63,256.0,115.0,-29.700000000000003,3895.9300000000003
22476,EMPIRE UNION JACK TV DINNER TRAY,1356.0,5416.32,269.0,145.0,-49.5,5366.82
22477,WATERING CAN GARDEN MARKER,2433.0,3385.5299999999997,276.0,155.0,-1.25,3384.2799999999997
22478,BIRDHOUSE GARDEN MARKER ,2778.0,3859.69,317.0,176.0,-2.5,3857.19
22479,DAISY GARDEN MARKER,1944.0,2699.96,214.0,129.0,0.0,2699.96
22480,RED TEA TOWEL CLASSIC DESIGN,2416.0,2925.58,263.0,197.0,0.0,2925.58
22481,BLACK TEA TOWEL CLASSIC DESIGN,1301.0,1346.06,219.0,132.0,0.0,1346.06
22482,BLUE TEA TOWEL CLASSIC DESIGN,2365.0,2796.93,214.0,154.0,0.0,2796.93
22483,RED GINGHAM TEDDY BEAR ,1895.0,5511.370000000001,349.0,223.0,-50.150000000000006,5461.220000000001
22485,SET OF 2 WOODEN MARKET CRATES,1109.0,14779.84,419.0,280.0,-165.75,14614.09
22486,PLASMATRONIC LAMP,106.0,881.9,40.0,22.0,-178.5,703.4
22487,WHITE WOOD GARDEN PLANT LADDER,1645.0,16549.399999999998,898.0,611.0,-635.6,15913.799999999997
22488,NATURAL SLATE RECTANGLE CHALKBOARD,6951.0,11874.22,808.0,426.0,-80.85,11793.369999999999
22489,PACK OF 12 TRADITIONAL CRAYONS,18050.0,7607.099999999999,785.0,417.0,-128.88,7478.219999999999
22491,PACK OF 12 COLOURED PENCILS,7541.0,6056.82,390.0,264.0,-134.28,5922.54
22492,MINI PAINT SET VINTAGE ,45593.0,28999.390000000003,732.0,363.0,-182.65,28816.74
22493,PAINT YOUR OWN CANVAS SET,4810.0,7738.889999999999,418.0,244.0,-398.1,7340.789999999999
22494,EMERGENCY FIRST AID TIN ,2859.0,3855.98,468.0,200.0,-63.75,3792.23
22495,SET OF 2 ROUND TINS CAMEMBERT ,954.0,2729.5400000000004,237.0,165.0,-17.700000000000003,2711.8400000000006
22496,SET OF 2 ROUND TINS DUTCH CHEESE,732.0,1999.0400000000002,193.0,153.0,-17.700000000000003,1981.3400000000001
22497,SET OF 2 TINS VINTAGE BATHROOM ,946.0,4345.08,279.0,160.0,-21.25,4323.83
22498,WOODEN REGATTA BUNTING,1136.0,6939.6900000000005,381.0,211.0,0.0,6939.6900000000005
22499,WOODEN UNION JACK BUNTING,3595.0,21898.74,774.0,452.0,-41.650000000000006,21857.09
22500,SET OF 2 TINS JARDIN DE PROVENCE,588.0,2686.9100000000003,198.0,155.0,-19.8,2667.11
22501,PICNIC BASKET WICKER LARGE,2637.0,30768.59,762.0,346.0,-1186.85,29581.74
22502,PICNIC BASKET WICKER SMALL,3861.0,61466.47,924.0,335.0,-436.42,61030.05
22503,CABIN BAG VINTAGE PAISLEY,149.0,3447.2,54.0,29.0,-546.6999999999999,2900.5
22504,CABIN BAG VINTAGE RETROSPOT,374.0,8224.63,115.0,55.0,-322.25,7902.379999999999
22505,MEMO BOARD COTTAGE DESIGN,3818.0,18318.08,744.0,397.0,-94.05,18224.030000000002
22507,MEMO BOARD RETROSPOT  DESIGN,5694.0,26626.56,900.0,445.0,-118.10000000000001,26508.460000000003
22508,DOORSTOP RETROSPOT HEART,2923.0,11750.29,697.0,400.0,-112.5,11637.79
22509,SEWING BOX RETROSPOT DESIGN ,392.0,5207.11,187.0,142.0,-288.04999999999995,4919.0599999999995
22510,GINGHAM BABUSHKA DOORSTOP,324.0,851.57,90.0,70.0,0.0,851.57
22511,RETROSPOT BABUSHKA DOORSTOP,405.0,1076.66,111.0,90.0,-3.75,1072.91
22512,DOORSTOP RACING CAR DESIGN,385.0,963.79,71.0,54.0,0.0,963.79
22513,DOORSTOP FOOTBALL DESIGN,590.0,1917.32,170.0,106.0,0.0,1917.32
22514,CHILDS GARDEN SPADE BLUE,1092.0,2223.92,233.0,151.0,-4.2,2219.7200000000003
22515,CHILDS GARDEN SPADE PINK,1056.0,2159.1800000000003,208.0,139.0,-8.4,2150.78
22516,CHILDS GARDEN RAKE BLUE,842.0,1711.1200000000001,162.0,106.0,-6.300000000000001,1704.8200000000002
22517,CHILDS GARDEN RAKE PINK,808.0,1597.8300000000002,152.0,106.0,0.0,1597.8300000000002
22518,CHILDS GARDEN BRUSH BLUE,1412.0,2939.7500000000005,266.0,141.0,0.0,2939.7500000000005
22519,CHILDS GARDEN BRUSH PINK,1443.0,3019.23,258.0,142.0,-29.400000000000002,2989.83
22520,CHILDS GARDEN TROWEL BLUE ,2294.0,2011.28,369.0,256.0,-1.7,2009.58
22521,CHILDS GARDEN TROWEL PINK,2291.0,1992.1,370.0,257.0,-1.7,1990.3999999999999
22522,CHILDS GARDEN FORK BLUE ,2239.0,1905.81,334.0,249.0,-12.75,1893.06
22523,CHILDS GARDEN FORK PINK,2185.0,1884.8,352.0,248.0,-12.75,1872.05
22524,CHILDRENS GARDEN GLOVES BLUE,1940.0,2736.2,293.0,188.0,-17.5,2718.7
22525,CHILDRENS GARDEN GLOVES PINK,1971.0,2803.66,328.0,189.0,-18.75,2784.91
22526,WHEELBARROW FOR CHILDREN ,545.0,6715.16,207.0,153.0,-153.0,6562.16
22528,GARDENERS KNEELING PAD,5825.0,7626.77,554.0,284.0,-56.25,7570.52
22529,MAGIC DRAWING SLATE GO TO THE FAIR ,2468.0,995.61,155.0,114.0,0.0,995.61
22530,MAGIC DRAWING SLATE DOLLY GIRL ,10270.0,4343.16,468.0,285.0,-20.16,4323.0
22531,MAGIC DRAWING SLATE CIRCUS PARADE  ,8302.0,3586.94,406.0,251.0,0.0,3586.94
22532,MAGIC DRAWING SLATE LEAP FROG ,2919.0,1125.47,175.0,130.0,0.0,1125.47
22533,MAGIC DRAWING SLATE BAKE A CAKE ,4670.0,1844.76,231.0,162.0,-30.240000000000002,1814.52
22534,MAGIC DRAWING SLATE SPACEBOY ,13156.0,5623.9,583.0,353.0,-58.38,5565.5199999999995
22535,MAGIC DRAWING SLATE BUNNIES ,4461.0,1865.86,298.0,204.0,-50.4,1815.4599999999998
22536,MAGIC DRAWING SLATE PURDEY,10162.0,3977.35,365.0,243.0,-52.44,3924.91
22537,MAGIC DRAWING SLATE DINOSAUR,5897.0,2437.32,350.0,225.0,-20.16,2417.1600000000003
22538,MINI JIGSAW GO TO THE FAIR,1445.0,612.13,86.0,56.0,0.0,612.13
22539,MINI JIGSAW DOLLY GIRL,5744.0,2313.24,247.0,138.0,-0.42,2312.8199999999997
22540,MINI JIGSAW CIRCUS PARADE ,6286.0,2464.09,189.0,114.0,-1.26,2462.83
22541,MINI JIGSAW LEAP FROG,1246.0,504.77,66.0,34.0,0.0,504.77
22543,MINI JIGSAW BAKE A CAKE ,3298.0,1303.77,118.0,72.0,0.0,1303.77
22544,MINI JIGSAW SPACEBOY,9541.0,3825.2999999999997,341.0,196.0,-38.22,3787.08
22545,MINI JIGSAW BUNNIES,3480.0,1433.95,184.0,106.0,-20.580000000000002,1413.3700000000001
22546,MINI JIGSAW PURDEY,4381.0,1765.8999999999999,181.0,106.0,-0.42,1765.4799999999998
22547,MINI JIGSAW DINOSAUR ,2032.0,869.95,189.0,84.0,-0.84,869.11
22548,HEADS AND TAILS SPORTING FUN,3579.0,4475.6,428.0,293.0,0.0,4475.6
22549,PICTURE DOMINOES,6680.0,9968.06,711.0,403.0,-1.45,9966.609999999999
22550,HOLIDAY FUN LUDO,2085.0,7813.46,425.0,275.0,-330.0,7483.46
22551,PLASTERS IN TIN SPACEBOY,15740.0,26420.749999999996,1299.0,616.0,-435.15,25985.599999999995
22553,PLASTERS IN TIN SKULLS,8009.0,13405.509999999998,1090.0,507.0,-197.99999999999997,13207.509999999998
22554,PLASTERS IN TIN WOODLAND ANIMALS,13822.0,23276.559999999998,1275.0,587.0,-243.14999999999998,23033.409999999996
22555,PLASTERS IN TIN STRONGMAN,11882.0,19240.019999999997,967.0,521.0,-65.99999999999999,19174.019999999997
22556,PLASTERS IN TIN CIRCUS PARADE ,13771.0,22651.23,1196.0,591.0,-196.34999999999997,22454.88
22557,PLASTERS IN TIN VINTAGE PAISLEY ,10598.0,17797.96,1126.0,580.0,-131.99999999999997,17665.96
22558,CLOTHES PEGS RETROSPOT PACK 24 ,14263.0,20136.649999999998,1202.0,541.0,-130.70999999999998,20005.94
22559,SEASIDE FLYING DISC,1585.0,1990.63,202.0,118.0,-5.0,1985.63
22560,TRADITIONAL MODELLING CLAY,15192.0,18270.55,742.0,420.0,-191.20000000000002,18079.35
22561,WOODEN SCHOOL COLOURING SET,11771.0,19740.539999999997,904.0,556.0,-611.6999999999999,19128.839999999997
22562,MONSTERS STENCIL CRAFT,4004.0,4714.8,393.0,251.0,0.0,4714.8
22563,HAPPY STENCIL CRAFT,5985.0,6978.860000000001,533.0,293.0,-3.75,6975.110000000001
22564,ALPHABET STENCIL CRAFT,4623.0,5287.650000000001,343.0,208.0,-727.32,4560.330000000001
22565,FELTCRAFT HAIRBANDS PINK AND WHITE ,2125.0,1936.9599999999998,278.0,173.0,-0.85,1936.11
22566,FELTCRAFT HAIRBAND PINK AND PURPLE,2890.0,2422.1499999999996,297.0,192.0,0.0,2422.1499999999996
22567,20 DOLLY PEGS RETROSPOT,5784.0,7277.12,506.0,287.0,-61.45,7215.67
22568,FELTCRAFT CUSHION OWL,5683.0,21022.75,875.0,389.0,-725.1600000000001,20297.59
22569,FELTCRAFT CUSHION BUTTERFLY,5717.0,20872.46,784.0,360.0,-1170.63,19701.829999999998
22570,FELTCRAFT CUSHION RABBIT,5795.0,21542.29,807.0,351.0,-1464.33,20077.96
22571,ROCKING HORSE RED CHRISTMAS ,6080.0,5436.08,511.0,294.0,-81.02000000000001,5355.0599999999995
22572,ROCKING HORSE GREEN CHRISTMAS ,3668.0,3311.47,362.0,211.0,-2.55,3308.9199999999996
22573,STAR WOODEN CHRISTMAS DECORATION,5122.0,4627.08,405.0,235.0,0.0,4627.08
22574,HEART WOODEN CHRISTMAS DECORATION,5382.0,4926.61,415.0,253.0,-358.08000000000004,4568.53
22575,METAL MERRY CHRISTMAS WREATH,3168.0,6816.0,330.0,207.0,-172.2,6643.8
22576,SWALLOW WOODEN CHRISTMAS DECORATION,3360.0,3041.8399999999997,330.0,191.0,-5.1,3036.74
22577,WOODEN HEART CHRISTMAS SCANDINAVIAN,14160.0,7279.889999999999,832.0,517.0,-83.05,7196.839999999999
22578,WOODEN STAR CHRISTMAS SCANDINAVIAN,13410.0,6519.139999999999,768.0,484.0,-143.08999999999997,6376.049999999999
22579,WOODEN TREE CHRISTMAS SCANDINAVIAN,7286.0,3920.8999999999996,553.0,347.0,-81.6,3839.2999999999997
22580,ADVENT CALENDAR GINGHAM SACK,2338.0,13277.720000000001,495.0,275.0,-640.8000000000001,12636.920000000002
22581,WOOD STOCKING CHRISTMAS SCANDISPOT,3642.0,2937.52,380.0,208.0,-1.7,2935.82
22582,PACK OF 6 SWEETIE GIFT BOXES,2540.0,6380.71,295.0,225.0,-183.6,6197.11
22583,PACK OF 6 HANDBAG GIFT BOXES,1887.0,5004.0,349.0,250.0,-272.85,4731.15
22584,PACK OF 6 PANNETONE GIFT BOXES,5271.0,13427.789999999999,589.0,417.0,-425.85,13001.939999999999
22585,PACK OF 6 BIRDY GIFT TAGS,18288.0,22847.670000000002,1084.0,612.0,-442.91,22404.760000000002
22586,FELTCRAFT HAIRBAND PINK AND BLUE,2122.0,1848.9399999999998,295.0,184.0,-40.8,1808.1399999999999
22587,FELTCRAFT HAIRBAND RED AND BLUE,2177.0,1899.6799999999998,308.0,194.0,0.0,1899.6799999999998
22588,CARD HOLDER GINGHAM HEART,2918.0,8025.58,483.0,320.0,-815.07,7210.51
22589,CARDHOLDER GINGHAM STAR,1385.0,3835.3199999999997,238.0,170.0,-45.9,3789.4199999999996
22591,CARDHOLDER GINGHAM CHRISTMAS TREE,1351.0,3864.35,208.0,148.0,-342.2,3522.15
22592,CARDHOLDER HOLLY WREATH METAL,1999.0,8035.83,304.0,207.0,-7.5,8028.33
22593,CHRISTMAS GINGHAM STAR,5757.0,5122.41,415.0,247.0,-207.35999999999999,4915.05
22594,CHRISTMAS GINGHAM TREE,5008.0,4597.42,412.0,232.0,-0.85,4596.57
22595,GINGHAM HEART DECORATION,13008.0,10964.099999999999,796.0,481.0,-207.35999999999999,10756.739999999998
22596,CHRISTMAS STAR WISH LIST CHALKBOARD,6331.0,6471.2,438.0,309.0,-34.120000000000005,6437.08
22597,MUSICAL ZINC HEART DECORATION ,4653.0,2808.99,291.0,167.0,-28.9,2780.0899999999997
22598,CHRISTMAS MUSICAL ZINC TREE,1795.0,1136.1,144.0,82.0,-5.1,1131.0
22599,CHRISTMAS MUSICAL ZINC STAR,3135.0,1991.29,189.0,114.0,-20.4,1970.8899999999999
22600,CHRISTMAS RETROSPOT STAR WOOD,4958.0,4317.5,429.0,278.0,-23.799999999999997,4293.7
22601,CHRISTMAS RETROSPOT ANGEL WOOD,5422.0,4729.84,417.0,257.0,-3.4,4726.4400000000005
22602,CHRISTMAS RETROSPOT HEART WOOD,6496.0,5522.98,535.0,305.0,-44.199999999999996,5478.78
22603,CHRISTMAS RETROSPOT TREE WOOD,4223.0,3633.8599999999997,388.0,236.0,-11.049999999999999,3622.8099999999995
22604,SET OF 4 NAPKIN CHARMS CUTLERY,2035.0,5003.5199999999995,247.0,162.0,-61.199999999999996,4942.32
22605,WOODEN CROQUET GARDEN SET,1845.0,23731.02,642.0,377.0,-170.29999999999998,23560.72
22606,WOODEN SKITTLES GARDEN SET,1071.0,14913.84,374.0,269.0,-430.7,14483.14
22607,WOODEN ROUNDERS GARDEN SET ,2544.0,23030.05,744.0,419.0,-133.55,22896.5
22608,PENS ASSORTED FUNKY JEWELED ,5736.0,1575.47,170.0,75.0,-31.93,1543.54
22609,PENS ASSORTED SPACEBALL,7093.0,2424.5,201.0,118.0,-98.63999999999999,2325.86
22610,PENS ASSORTED FUNNY FACE,12721.0,5146.44,287.0,157.0,-30.599999999999998,5115.839999999999
22611,VINTAGE UNION JACK SHOPPING BAG,908.0,4348.8,195.0,135.0,-19.8,4329.0
22612,TEA COSY VINTAGE UNION JACK,1001.0,3984.99,109.0,83.0,-15.0,3969.99
22613,PACK OF 20 SPACEBOY NAPKINS,3061.0,2429.0699999999997,273.0,166.0,-8.5,2420.5699999999997
22614,PACK OF 12 SPACEBOY TISSUES,5878.0,2002.2599999999998,368.0,222.0,-42.269999999999996,1959.9899999999998
22615,PACK OF 12 CIRCUS PARADE TISSUES ,3863.0,1188.4899999999998,188.0,110.0,-4.68,1183.8099999999997
22616,PACK OF 12 LONDON TISSUES ,40106.0,12747.23,825.0,319.0,-22.08,12725.15
22617,BAKING SET SPACEBOY DESIGN,4384.0,21138.14,942.0,600.0,-1152.5,19985.64
22618,COOKING SET RETROSPOT,740.0,7203.25,242.0,180.0,-1226.07,5977.18
22619,SET OF 6 SOLDIER SKITTLES,4154.0,16212.32,708.0,421.0,-37.5,16174.82
22620,4 TRADITIONAL SPINNING TOPS,8347.0,11325.05,841.0,449.0,-30.4,11294.65
22621,TRADITIONAL KNITTING NANCY,8764.0,13847.06,875.0,507.0,-114.05,13733.01
22622,BOX OF VINTAGE ALPHABET BLOCKS,3240.0,32144.039999999997,571.0,346.0,-559.35,31584.69
22623,BOX OF VINTAGE JIGSAW BLOCKS ,2353.0,12665.58,541.0,334.0,-355.05,12310.53
22624,IVORY KITCHEN SCALES,3232.0,28010.170000000002,1219.0,579.0,-214.2,27795.97
22625,RED KITCHEN SCALES,2719.0,23851.23,950.0,440.0,-299.2,23552.03
22626,BLACK KITCHEN SCALES,861.0,7379.96,339.0,200.0,-110.5,7269.46
22627,MINT KITCHEN SCALES,1634.0,14356.68,653.0,322.0,-134.21,14222.470000000001
22628,PICNIC BOXES SET OF 3 RETROSPOT ,1748.0,8408.48,350.0,172.0,-133.65,8274.83
22629,SPACEBOY LUNCH BOX ,21193.0,38691.7,1368.0,456.0,-125.85000000000001,38565.85
22630,DOLLY GIRL LUNCH BOX,18334.0,33923.45,1333.0,423.0,-601.1999999999999,33322.25
22631,CIRCUS PARADE LUNCH BOX ,6327.0,12368.01,663.0,271.0,-72.15,12295.86
22632,HAND WARMER RED RETROSPOT,11166.0,22334.47,779.0,438.0,-73.60000000000001,22260.870000000003
22633,HAND WARMER UNION JACK,9498.0,19521.13,858.0,473.0,-92.4,19428.73
22634,CHILDS BREAKFAST SET SPACEBOY ,1717.0,16223.5,499.0,322.0,-926.1999999999999,15297.3
22635,CHILDS BREAKFAST SET DOLLY GIRL ,1689.0,16093.99,485.0,325.0,-1113.4499999999998,14980.54
22636,CHILDS BREAKFAST SET CIRCUS PARADE,1657.0,13761.73,489.0,312.0,-409.7,13352.029999999999
22637,PIGGY BANK RETROSPOT ,4611.0,11882.33,598.0,329.0,-187.2,11695.13
22638,SET OF 4 NAPKIN CHARMS CROWNS ,414.0,758.18,74.0,56.0,-2.55,755.63
22639,SET OF 4 NAPKIN CHARMS HEARTS,1673.0,4082.24,275.0,192.0,-15.299999999999999,4066.9399999999996
22640,SET OF 4 NAPKIN CHARMS 3 KEYS ,359.0,770.49,87.0,58.0,0.0,770.49
22641,SET OF 4 NAPKIN CHARMS INSTRUMENT,303.0,715.06,69.0,49.0,0.0,715.06
22642,SET OF 4 NAPKIN CHARMS STARS   ,996.0,2366.3199999999997,141.0,113.0,0.0,2366.3199999999997
22643,SET OF 4 NAPKIN CHARMS LEAVES   ,468.0,1016.4399999999999,96.0,72.0,0.0,1016.4399999999999
22644,CERAMIC CHERRY CAKE MONEY BANK,5060.0,7400.99,610.0,304.0,-254.45,7146.54
22645,CERAMIC HEART FAIRY CAKE MONEY BANK,5826.0,10525.49,741.0,341.0,-125.94999999999999,10399.539999999999
22646,CERAMIC STRAWBERRY CAKE MONEY BANK,9253.0,13151.21,880.0,404.0,-155.0,12996.21
22647,CERAMIC LOVE HEART MONEY BANK,1059.0,922.99,82.0,60.0,-34.8,888.19
22649,STRAWBERRY FAIRY CAKE TEAPOT,2325.0,11698.12,486.0,200.0,-352.90000000000003,11345.220000000001
22650,CERAMIC PIRATE CHEST MONEY BANK,1839.0,2802.37,282.0,150.0,-53.64999999999999,2748.72
22651,GENTLEMAN SHIRT REPAIR KIT ,3249.0,2806.44,270.0,112.0,0.0,2806.44
22652,TRAVEL SEWING KIT,10146.0,17237.23,830.0,440.0,-92.39999999999999,17144.829999999998
22653,BUTTON BOX ,3076.0,5712.74,381.0,156.0,-124.8,5587.94
22654,DELUXE SEWING KIT ,2682.0,18135.920000000002,597.0,300.0,-317.3,17818.620000000003
22655,VINTAGE RED KITCHEN CABINET,77.0,13140.0,53.0,45.0,-2320.5,10819.5
22656,VINTAGE BLUE KITCHEN CABINET,45.0,9290.0,37.0,30.0,-2368.5,6921.5
22657,HEN & 2 CHICKS IN BASKET,59.0,50.15,7.0,7.0,0.0,50.15
22659,LUNCH BOX I LOVE LONDON,16838.0,31142.57,1075.0,294.0,-581.55,30561.02
22660,DOORMAT I LOVE LONDON,888.0,5901.54,194.0,96.0,-47.7,5853.84
22661,CHARLOTTE BAG DOLLY GIRL DESIGN,8287.0,6703.349999999999,631.0,246.0,-13.34,6690.009999999999
22662,LUNCH BAG DOLLY GIRL DESIGN,10037.0,16368.31,994.0,426.0,-112.2,16256.109999999999
22663,JUMBO BAG DOLLY GIRL DESIGN,5791.0,11527.83,688.0,268.0,-66.3,11461.53
22664,TOY TIDY DOLLY GIRL DESIGN,1445.0,3006.78,266.0,107.0,-25.2,2981.5800000000004
22665,RECIPE BOX BLUE SKETCHBOOK DESIGN,3022.0,9843.730000000001,703.0,326.0,-132.9,9710.830000000002
22666,RECIPE BOX PANTRY YELLOW DESIGN,10928.0,34421.200000000004,1657.0,701.0,-655.5500000000001,33765.65
22667,RECIPE BOX RETROSPOT ,4990.0,14014.1,848.0,406.0,-393.50000000000006,13620.6
22668,PINK BABY BUNTING,3593.0,10933.51,579.0,296.0,-177.64999999999998,10755.86
22669,RED BABY BUNTING ,2434.0,7823.62,438.0,263.0,-142.25,7681.37
22670,FRENCH WC SIGN BLUE METAL,4490.0,5588.11,425.0,218.0,-1340.56,4247.549999999999
22671,FRENCH LAUNDRY SIGN BLUE METAL,1716.0,2859.2499999999995,246.0,140.0,-6.3999999999999995,2852.8499999999995
22672,FRENCH BATHROOM SIGN BLUE METAL,2869.0,4774.299999999999,370.0,227.0,-28.049999999999997,4746.249999999999
22673,FRENCH GARDEN SIGN BLUE METAL,1347.0,1703.77,195.0,130.0,-118.01,1585.76
22674,FRENCH TOILET SIGN BLUE METAL,2394.0,2978.84,297.0,182.0,-17.5,2961.34
22675,FRENCH KITCHEN SIGN BLUE METAL,2235.0,2775.03,270.0,179.0,-35.0,2740.03
22676,FRENCH BLUE METAL DOOR SIGN 1,1845.0,2488.77,305.0,105.0,-13.75,2475.02
22677,FRENCH BLUE METAL DOOR SIGN 2,1589.0,2158.09,280.0,101.0,-13.75,2144.34
22678,FRENCH BLUE METAL DOOR SIGN 3,1410.0,1895.59,248.0,92.0,-13.75,1881.84
22679,FRENCH BLUE METAL DOOR SIGN 4,1265.0,1699.44,230.0,88.0,-12.5,1686.94
22680,FRENCH BLUE METAL DOOR SIGN 5,1378.0,1847.95,230.0,97.0,-37.5,1810.45
22681,FRENCH BLUE METAL DOOR SIGN 6,1169.0,1563.28,189.0,79.0,-14.81,1548.47
22682,FRENCH BLUE METAL DOOR SIGN 7,1168.0,1526.88,182.0,84.0,-13.75,1513.13
22683,FRENCH BLUE METAL DOOR SIGN 8,1135.0,1509.18,190.0,88.0,-15.0,1494.18
22684,FRENCH BLUE METAL DOOR SIGN 9,1017.0,1351.21,162.0,81.0,-16.25,1334.96
22685,FRENCH BLUE METAL DOOR SIGN 0,1087.0,1405.87,160.0,82.0,-12.5,1393.37
22686,FRENCH BLUE METAL DOOR SIGN No,1410.0,1864.91,221.0,70.0,-30.0,1834.91
22687,DOORMAT CHRISTMAS VILLAGE,895.0,5784.67,149.0,97.0,0.0,5784.67
22688,DOORMAT PEACE ON EARTH BLUE,899.0,5000.599999999999,93.0,77.0,0.0,5000.599999999999
22689,DOORMAT MERRY CHRISTMAS RED ,1094.0,8382.62,264.0,182.0,-691.5,7691.120000000001
22690,DOORMAT HOME SWEET HOME BLUE ,2540.0,15922.33,437.0,278.0,-48.3,15874.03
22691,DOORMAT WELCOME SUNRISE,759.0,5206.55,218.0,124.0,-665.35,4541.2
22692,DOORMAT WELCOME TO OUR HOME,2139.0,16024.84,606.0,293.0,-665.0500000000001,15359.79
22693,GROW A FLYTRAP OR SUNFLOWER IN TIN,17899.0,20499.08,350.0,197.0,-90.0,20409.08
22694,WICKER STAR ,5115.0,11532.0,858.0,484.0,-348.0,11184.0
22695,WICKER WREATH SMALL,1500.0,2145.87,225.0,151.0,0.0,2145.87
22696,WICKER WREATH LARGE,1476.0,2918.8199999999997,288.0,203.0,0.0,2918.8199999999997
22697,GREEN REGENCY TEACUP AND SAUCER,10077.0,31431.670000000002,1353.0,480.0,-530.4,30901.27
22698,PINK REGENCY TEACUP AND SAUCER,8194.0,24377.57,1033.0,402.0,-564.45,23813.12
22699,ROSES REGENCY TEACUP AND SAUCER ,13314.0,39061.14,1424.0,524.0,-1315.9,37745.24
22700,BLACK AND WHITE DOG BOWL,1392.0,3181.96,98.0,79.0,-31.300000000000004,3150.66
22701,PINK DOG BOWL,677.0,1329.43,158.0,65.0,-43.0,1286.43
22702,BLACK AND WHITE CAT BOWL,1591.0,3160.5199999999995,94.0,66.0,-3.95,3156.5699999999997
22703,PINK CAT BOWL,514.0,923.91,165.0,57.0,0.0,923.91
22704,WRAP RED APPLES ,8803.0,3617.26,295.0,207.0,-21.0,3596.26
22705,WRAP GREEN PEARS ,3858.0,1620.36,151.0,114.0,-10.5,1609.86
22706,WRAP COWBOYS  ,4272.0,1714.24,125.0,109.0,-21.0,1693.24
22707,WRAP MONSTER FUN ,2157.0,905.94,83.0,70.0,0.0,905.94
22708,WRAP DOLLY GIRL,5375.0,2161.5,159.0,115.0,-10.5,2151.0
22709,WRAP WEDDING DAY,2799.0,1099.58,77.0,68.0,-10.5,1089.08
22710,WRAP I LOVE LONDON ,7209.0,2831.78,173.0,112.0,-52.5,2779.28
22711,WRAP CIRCUS PARADE,5377.0,2210.34,181.0,148.0,-21.0,2189.34
22712,CARD DOLLY GIRL ,7375.0,3037.29,508.0,209.0,-15.54,3021.75
22713,CARD I LOVE LONDON ,6173.0,2655.65,368.0,148.0,-8.4,2647.25
22714,CARD BIRTHDAY COWBOY,5315.0,2174.73,359.0,187.0,-41.04,2133.69
22715,CARD WEDDING DAY,2719.0,1135.6299999999999,218.0,125.0,0.0,1135.6299999999999
22716,CARD CIRCUS PARADE,5318.0,2254.7,447.0,244.0,-5.04,2249.66
22717,CARD DOG AND BALL ,2432.0,1031.05,215.0,118.0,-5.04,1026.01
22718,CARD CAT AND TREE ,2655.0,1163.22,264.0,114.0,-15.120000000000001,1148.1000000000001
22719,GUMBALL MONOCHROME COAT RACK,1516.0,2056.1,235.0,69.0,-33.620000000000005,2022.48
22720,SET OF 3 CAKE TINS PANTRY DESIGN ,7483.0,38108.89,1385.0,640.0,-730.1,37378.79
22721,SET OF 3 CAKE TINS SKETCHBOOK,1020.0,4671.81,297.0,183.0,0.0,4671.81
22722,SET OF 6 SPICE TINS PANTRY DESIGN,5972.0,24459.960000000003,835.0,394.0,-141.70000000000002,24318.260000000002
22723,SET OF 6 HERB TINS SKETCHBOOK,1164.0,4262.820000000001,295.0,170.0,-7.9,4254.920000000001
22725,ALARM CLOCK BAKELIKE CHOCOLATE,2580.0,10593.95,549.0,217.0,-228.75,10365.2
22726,ALARM CLOCK BAKELIKE GREEN,7935.0,33666.34,1273.0,404.0,-251.25,33415.09
22727,ALARM CLOCK BAKELIKE RED ,9565.0,37857.61,1363.0,473.0,-345.0,37512.61
22728,ALARM CLOCK BAKELIKE PINK,6361.0,24858.52,969.0,357.0,-198.75,24659.77
22729,ALARM CLOCK BAKELIKE ORANGE,3093.0,12253.88,612.0,236.0,-130.89,12122.99
22730,ALARM CLOCK BAKELIKE IVORY,3868.0,15534.04,746.0,289.0,-221.25,15312.79
22731,3D CHRISTMAS STAMPS STICKERS ,3054.0,4090.66,266.0,165.0,-42.5,4048.16
22732,3D VINTAGE CHRISTMAS STICKERS ,3854.0,5112.76,337.0,195.0,0.0,5112.76
22733,3D TRADITIONAL CHRISTMAS STICKERS,3523.0,4539.7699999999995,338.0,216.0,-25.0,4514.7699999999995
22734,SET OF 6 RIBBONS VINTAGE CHRISTMAS,9820.0,27039.82,756.0,444.0,-86.7,26953.12
22735,RIBBON REEL SOCKS AND MITTENS,1484.0,2646.1,231.0,133.0,0.0,2646.1
22736,RIBBON REEL MAKING SNOWMEN ,2618.0,4717.48,408.0,232.0,-37.95,4679.53
22737,RIBBON REEL CHRISTMAS PRESENT ,3379.0,6077.2699999999995,493.0,300.0,-66.0,6011.2699999999995
22738,RIBBON REEL SNOWY VILLAGE,4615.0,8347.89,498.0,274.0,-207.0,8140.889999999999
22739,RIBBON REEL CHRISTMAS SOCK BAUBLE,4159.0,7678.26,601.0,329.0,-190.5,7487.76
22740,POLKADOT PEN,13628.0,11670.689999999999,300.0,163.0,0.0,11670.689999999999
22741,FUNKY DIVA PEN,10721.0,9248.689999999999,292.0,132.0,-43.349999999999994,9205.339999999998
22742,MAKE YOUR OWN PLAYTIME CARD KIT,1013.0,2516.63,180.0,132.0,-5.9,2510.73
22743,MAKE YOUR OWN FLOWERPOWER CARD KIT,1531.0,4660.610000000001,351.0,199.0,-17.700000000000003,4642.910000000001
22744,MAKE YOUR OWN MONSOON CARD KIT,1557.0,4392.75,300.0,196.0,-163.7,4229.05
22745,POPPY'S PLAYHOUSE BEDROOM ,4073.0,9993.66,703.0,377.0,-27.300000000000004,9966.36
22746,POPPY'S PLAYHOUSE LIVINGROOM ,2966.0,6831.620000000001,564.0,319.0,-25.200000000000003,6806.420000000001
22747,POPPY'S PLAYHOUSE BATHROOM,2081.0,4588.02,402.0,241.0,-25.200000000000003,4562.820000000001
22748,POPPY'S PLAYHOUSE KITCHEN,4245.0,10396.69,742.0,410.0,-44.1,10352.59
22749,FELTCRAFT PRINCESS CHARLOTTE DOLL,3855.0,15729.83,685.0,383.0,-3.75,15726.08
22750,FELTCRAFT PRINCESS LOLA DOLL,3214.0,12035.22,647.0,362.0,-37.5,11997.72
22751,FELTCRAFT PRINCESS OLIVIA DOLL,2325.0,8690.2,466.0,269.0,-22.5,8667.7
22752,SET 7 BABUSHKA NESTING BOXES,3773.0,30736.75,692.0,323.0,-1778.2000000000003,28958.55
22753,SMALL YELLOW BABUSHKA NOTEBOOK ,2365.0,1950.55,404.0,205.0,-10.2,1940.35
22754,SMALL RED BABUSHKA NOTEBOOK ,3980.0,3111.0899999999997,492.0,237.0,-10.2,3100.89
22755,SMALL PURPLE BABUSHKA NOTEBOOK ,3825.0,3048.19,499.0,243.0,-10.2,3037.9900000000002
22756,LARGE YELLOW BABUSHKA NOTEBOOK ,1215.0,1409.72,215.0,124.0,-15.0,1394.72
22757,LARGE RED BABUSHKA NOTEBOOK ,2718.0,3116.58,308.0,161.0,-1.25,3115.33
22758,LARGE PURPLE BABUSHKA NOTEBOOK  ,2459.0,2655.93,314.0,151.0,-22.5,2633.43
22759,SET OF 3 NOTEBOOKS IN PARCEL,9523.0,16176.039999999999,795.0,472.0,-42.89999999999999,16133.14
22760,"TRAY, BREAKFAST IN BED",360.0,4596.11,120.0,82.0,-125.7,4470.41
22761,CHEST 7 DRAWER MA CAMPAGNE,54.0,1320.48,34.0,27.0,-112.75,1207.73
22762,CUPBOARD 3 DRAWER MA CAMPAGNE,216.0,3468.1,133.0,91.0,-283.15,3184.95
22763,KEY CABINET MA CAMPAGNE,673.0,5550.47,135.0,95.0,-69.64999999999999,5480.820000000001
22764,"RUSTIC WOODEN CABINET, GLASS DOORS",183.0,3462.49,25.0,23.0,-93.8,3368.6899999999996
22765,NEWSPAPER STAND,338.0,3825.25,53.0,36.0,-14.95,3810.3
22766,PHOTO FRAME CORNICE,4436.0,13094.44,640.0,343.0,-185.85000000000002,12908.59
22767,TRIPLE PHOTO FRAME CORNICE ,1022.0,9667.76,295.0,197.0,-417.9,9249.86
22768,FAMILY PHOTO FRAME CORNICE,1195.0,11464.16,354.0,243.0,-375.2,11088.96
22769,CHALKBOARD KITCHEN ORGANISER,179.0,3795.68,45.0,32.0,-575.75,3219.93
22770,MIRROR CORNICE,114.0,1829.52,71.0,49.0,-104.64999999999999,1724.87
22771,CLEAR DRAWER KNOB ACRYLIC EDWARDIAN,7666.0,10382.19,512.0,201.0,-37.5,10344.69
22772,PINK DRAWER KNOB ACRYLIC EDWARDIAN,4504.0,6097.61,314.0,105.0,-18.75,6078.86
22773,GREEN DRAWER KNOB ACRYLIC EDWARDIAN,2483.0,3306.2799999999997,227.0,95.0,-15.0,3291.2799999999997
22774,RED DRAWER KNOB ACRYLIC EDWARDIAN,2945.0,3811.28,184.0,75.0,-34.81,3776.4700000000003
22775,PURPLE DRAWERKNOB ACRYLIC EDWARDIAN,3745.0,5333.81,284.0,98.0,-87.5,5246.31
22776,SWEETHEART CAKESTAND 3 TIER,1762.0,18074.68,691.0,420.0,-1240.3,16834.38
22777,GLASS CLOCHE LARGE,481.0,4075.0600000000004,100.0,67.0,-50.15,4024.9100000000003
22778,GLASS CLOCHE SMALL,1045.0,4119.49,194.0,107.0,-254.72,3864.77
22779,WOODEN OWLS LIGHT GARLAND ,2020.0,7649.639999999999,193.0,112.0,-110.5,7539.139999999999
22780,LIGHT GARLAND BUTTERFILES PINK,1848.0,6954.88,179.0,110.0,-140.25,6814.63
22781,GUMBALL MAGAZINE RACK,889.0,7251.77,307.0,160.0,-366.75,6885.02
22782,SET 3 WICKER STORAGE BASKETS ,254.0,3712.2999999999997,84.0,75.0,0.0,3712.2999999999997
22783,SET 3 WICKER OVAL BASKETS W LIDS,489.0,6443.95,45.0,38.0,0.0,6443.95
22784,LANTERN CREAM GAZEBO ,1588.0,7934.570000000001,369.0,234.0,-258.90000000000003,7675.670000000001
22785,SQUARECUSHION COVER PINK UNION FLAG,427.0,2318.59,122.0,82.0,0.0,2318.59
22786,CUSHION COVER PINK UNION JACK,254.0,1594.98,92.0,62.0,0.0,1594.98
22788,BROCANTE COAT RACK,486.0,4073.41,84.0,51.0,-83.75,3989.66
22789,T-LIGHT HOLDER SWEETHEART HANGING,1252.0,2451.36,196.0,138.0,-1.95,2449.4100000000003
22790,"MIRROR, ARCHED GEORGIAN",200.0,3884.0000000000005,1.0,1.0,0.0,3884.0000000000005
22791,T-LIGHT GLASS FLUTED ANTIQUE,9846.0,12211.710000000001,434.0,226.0,-209.0,12002.710000000001
22792,FLUTED ANTIQUE CANDLE HOLDER,3596.0,3349.8999999999996,262.0,128.0,-10.2,3339.7
22794,SWEETHEART WIRE MAGAZINE RACK,402.0,3399.2400000000002,209.0,130.0,-39.75,3359.4900000000002
22795,SWEETHEART RECIPE BOOK STAND,1661.0,11697.31,498.0,227.0,-118.95,11578.359999999999
22796,PHOTO FRAME 3 CLASSIC HANGING,819.0,8183.639999999999,316.0,201.0,-563.8499999999999,7619.789999999999
22797,CHEST OF DRAWERS GINGHAM HEART ,250.0,4375.26,140.0,98.0,-411.75,3963.51
22798,ANTIQUE GLASS DRESSING TABLE POT,2486.0,7737.46,356.0,173.0,-168.15,7569.31
22799,SWEETHEART WIRE FRUIT BOWL,254.0,2029.34,108.0,85.0,-8.5,2020.84
22800,ANTIQUE TALL SWIRLGLASS TRINKET POT,1206.0,4905.87,268.0,149.0,-60.0,4845.87
22801,ANTIQUE GLASS PEDESTAL BOWL,1363.0,5572.25,299.0,173.0,-138.39,5433.86
22802,FAUX FUR CHOCOLATE THROW,120.0,2153.1,62.0,39.0,0.0,2153.1
22803,IVORY EMBROIDERED QUILT ,78.0,2925.4900000000002,36.0,22.0,0.0,2925.4900000000002
22804,CANDLEHOLDER PINK HANGING HEART,5377.0,14414.08,670.0,351.0,-1294.8,13119.28
22805,BLUE DRAWER KNOB ACRYLIC EDWARDIAN,2316.0,3165.23,231.0,89.0,-16.25,3148.98
22806,SET OF 6 T-LIGHTS WEDDING CAKE ,442.0,1184.42,57.0,42.0,-134.2,1050.22
22807,SET OF 6 T-LIGHTS TOADSTOOLS,1412.0,4213.47,294.0,125.0,-51.25,4162.22
22808,SET OF 6 T-LIGHTS EASTER CHICKS,427.0,1264.5300000000002,83.0,58.0,-53.1,1211.4300000000003
22809,SET OF 6 T-LIGHTS SANTA,2632.0,7862.400000000001,379.0,259.0,-132.0,7730.400000000001
22810,SET OF 6 T-LIGHTS SNOWMEN,2295.0,7041.93,328.0,213.0,-169.6,6872.33
22811,SET OF 6 T-LIGHTS CACTI ,1040.0,2978.66,140.0,51.0,-2.95,2975.71
22812,PACK 3 BOXES CHRISTMAS PANNETONE,5049.0,11165.679999999998,462.0,270.0,-91.64999999999999,11074.029999999999
22813,PACK 3 BOXES BIRD PANNETONE ,4031.0,7865.429999999999,373.0,222.0,-1.95,7863.48
22814,CARD PARTY GAMES ,2771.0,1168.84,295.0,101.0,0.0,1168.84
22815,CARD PSYCHEDELIC APPLES,3496.0,1496.28,340.0,111.0,0.0,1496.28
22816,CARD MOTORBIKE SANTA,7350.0,3180.75,436.0,258.0,-20.16,3160.59
22817,CARD SUKI BIRTHDAY,3407.0,1442.49,355.0,104.0,0.0,1442.49
22818,CARD CHRISTMAS VILLAGE,6634.0,2884.2599999999998,404.0,252.0,-60.48,2823.7799999999997
22819,"BIRTHDAY CARD, RETRO SPOT",3379.0,1431.6,331.0,125.0,0.0,1431.6
22820,GIFT BAG BIRTHDAY,1365.0,852.9300000000001,110.0,67.0,-1.3,851.6300000000001
22821,GIFT BAG PSYCHEDELIC APPLES,1699.0,1072.8000000000002,186.0,83.0,-10.4,1062.4
22822,CREAM WALL PLANTER HEART SHAPED,606.0,3522.8700000000003,183.0,139.0,-11.9,3510.9700000000003
22823,CHEST NATURAL WOOD 20 DRAWERS,32.0,3655.0,18.0,17.0,0.0,3655.0
22824,3 TIER SWEETHEART GARDEN SHELF,63.0,2225.8500000000004,48.0,47.0,-35.95,2189.9000000000005
22825,DECORATIVE PLANT POT WITH FRIEZE,103.0,822.87,38.0,32.0,-53.25,769.62
22826,LOVE SEAT ANTIQUE WHITE METAL,58.0,6210.0,41.0,33.0,-517.5,5692.5
22827,RUSTIC  SEVENTEEN DRAWER SIDEBOARD,49.0,7605.0,35.0,29.0,-580.0,7025.0
22828,REGENCY MIRROR WITH SHUTTERS,18.0,2730.0,11.0,9.0,-290.0,2440.0
22829,SWEETHEART WIRE WALL TIDY,249.0,2548.17,118.0,83.0,-87.9,2460.27
22830,UTILTY CABINET WITH HOOKS,309.0,6324.05,18.0,14.0,0.0,6324.05
22831,WHITE BROCANTE SOAP DISH,780.0,2304.0,138.0,101.0,0.0,2304.0
22832,BROCANTE SHELF WITH HOOKS,191.0,2097.65,85.0,71.0,-86.0,2011.65
22833,HALL CABINET WITH 3 DRAWERS,193.0,6567.169999999999,13.0,9.0,0.0,6567.169999999999
22834,HAND WARMER BABUSHKA DESIGN,7641.0,12879.75,597.0,300.0,-482.45000000000005,12397.3
22835,HOT WATER BOTTLE I AM SO POORLY,5524.0,28455.98,1011.0,451.0,-1744.8,26711.18
22837,HOT WATER BOTTLE BABUSHKA ,4008.0,18742.170000000002,450.0,221.0,-157.65,18584.52
22838,3 TIER CAKE TIN RED AND CREAM,936.0,13519.36,271.0,184.0,-1801.75,11717.61
22839,3 TIER CAKE TIN GREEN AND CREAM,595.0,9329.09,260.0,142.0,-251.95,9077.14
22840,ROUND CAKE TIN VINTAGE RED,1348.0,10263.300000000001,402.0,281.0,-237.5,10025.800000000001
22841,ROUND CAKE TIN VINTAGE GREEN,783.0,6106.33,306.0,219.0,-151.05,5955.28
22842,BISCUIT TIN VINTAGE RED,843.0,5477.33,237.0,183.0,-134.2,5343.13
22843,BISCUIT TIN VINTAGE GREEN,601.0,3899.01,177.0,135.0,-107.2,3791.8100000000004
22844,VINTAGE CREAM DOG FOOD CONTAINER,1247.0,11788.72,498.0,229.0,-236.3,11552.42
22845,VINTAGE CREAM CAT FOOD CONTAINER,1024.0,6955.2,394.0,192.0,-88.1,6867.099999999999
22846,BREAD BIN DINER STYLE RED ,855.0,13750.369999999999,346.0,189.0,-450.59999999999997,13299.769999999999
22847,BREAD BIN DINER STYLE IVORY,1191.0,18890.09,482.0,264.0,-948.05,17942.04
22848,BREAD BIN DINER STYLE PINK,398.0,6392.75,151.0,75.0,-208.35,6184.4
22849,BREAD BIN DINER STYLE MINT,417.0,6543.13,162.0,101.0,-370.8,6172.33
22850,BREAD BIN DINER STYLE BLACK,8.0,123.6,1.0,1.0,-123.6,0.0
22851,SET 20 NAPKINS FAIRY CAKES DESIGN ,5195.0,4228.01,523.0,306.0,-66.3,4161.71
22852,DOG BOWL VINTAGE CREAM,565.0,2467.11,160.0,108.0,-21.25,2445.86
22853,CAT BOWL VINTAGE CREAM,646.0,2208.82,146.0,100.0,-19.5,2189.32
22854,CREAM SWEETHEART EGG HOLDER,1173.0,5700.99,244.0,169.0,-34.65,5666.34
22855,FINE WICKER HEART ,5007.0,6257.8,427.0,271.0,-15.0,6242.8
22856,ASSORTED EASTER DECORATIONS  BELLS,877.0,1059.8500000000001,32.0,25.0,-26.25,1033.6000000000001
22857,ASSORTED EASTER GIFT TAGS,1230.0,1048.28,66.0,60.0,0.0,1048.28
22858,EASTER TIN KEEPSAKE,1135.0,1877.34,139.0,104.0,-16.5,1860.84
22859,EASTER TIN BUNNY BOUQUET,1260.0,2105.6699999999996,165.0,115.0,-62.69999999999999,2042.9699999999996
22860,EASTER TIN CHICKS PINK DAISY,614.0,1064.1499999999999,111.0,85.0,-34.65,1029.4999999999998
22861,EASTER TIN CHICKS IN GARDEN,305.0,522.93,50.0,36.0,0.0,522.93
22862,LOVE HEART NAPKIN BOX ,781.0,3500.51,221.0,143.0,-17.0,3483.51
22863,SOAP DISH BROCANTE,1149.0,3293.4700000000003,169.0,120.0,-38.35000000000001,3255.1200000000003
22864,MUG AND COASTER SET RED CIRCLES,378.0,158.76,2.0,1.0,0.0,158.76
22865,HAND WARMER OWL DESIGN,15471.0,33394.91,1212.0,566.0,-363.05000000000007,33031.86
22866,HAND WARMER SCOTTY DOG DESIGN,13723.0,30323.640000000003,1083.0,530.0,-259.50000000000006,30064.140000000003
22867,HAND WARMER BIRD DESIGN,13426.0,29484.320000000003,1054.0,521.0,-172.20000000000002,29312.120000000003
22868,NUMBER TILE COTTAGE GARDEN 0 ,124.0,270.38,27.0,13.0,0.0,270.38
22869,NUMBER TILE COTTAGE GARDEN 1,167.0,393.63,57.0,24.0,-3.9,389.73
22870,NUMBER TILE COTTAGE GARDEN 2,156.0,372.18,46.0,16.0,0.0,372.18
22871,NUMBER TILE COTTAGE GARDEN 3 ,127.0,289.39,30.0,11.0,0.0,289.39
22872,NUMBER TILE COTTAGE GARDEN 4,136.0,311.3,39.0,16.0,0.0,311.3
22873,NUMBER TILE COTTAGE GARDEN 5,121.0,266.71,31.0,17.0,0.0,266.71
22874,NUMBER TILE COTTAGE GARDEN 6,126.0,272.02,28.0,15.0,0.0,272.02
22875,NUMBER TILE COTTAGE GARDEN 7,124.0,272.56,30.0,17.0,0.0,272.56
22876,NUMBER TILE COTTAGE GARDEN 8,121.0,262.59,23.0,12.0,0.0,262.59
22877,NUMBER TILE COTTAGE GARDEN 9,128.0,271.64,28.0,18.0,-5.85,265.78999999999996
22878,NUMBER TILE COTTAGE GARDEN No,128.0,330.26000000000005,45.0,13.0,-4.2,326.06000000000006
22879,NUMBER TILE VINTAGE FONT 0,82.0,134.4,21.0,7.0,0.0,134.4
22880,NUMBER TILE VINTAGE FONT 1,112.0,234.48,37.0,10.0,0.0,234.48
22881,NUMBER TILE VINTAGE FONT 2,112.0,218.82,36.0,9.0,0.0,218.82
22882,NUMBER TILE VINTAGE FONT 3,127.0,259.28999999999996,50.0,18.0,-1.95,257.34
22883,NUMBER TILE VINTAGE FONT 4,110.0,217.26,34.0,9.0,-1.95,215.31
22884,NUMBER TILE VINTAGE FONT 5,113.0,229.89,39.0,14.0,0.0,229.89
22885,NUMBER TILE VINTAGE FONT 6 ,113.0,214.47,35.0,13.0,-1.95,212.52
22886,NUMBER TILE VINTAGE FONT 7,98.0,174.16,29.0,8.0,0.0,174.16
22887,NUMBER TILE VINTAGE FONT 8,92.0,160.35999999999999,28.0,10.0,0.0,160.35999999999999
22888,NUMBER TILE VINTAGE FONT 9 ,79.0,130.82999999999998,23.0,9.0,0.0,130.82999999999998
22889,NUMBER TILE VINTAGE FONT No ,197.0,331.33,39.0,8.0,-27.3,304.03
22890,NOVELTY BISCUITS CAKE STAND 3 TIER,832.0,8143.82,260.0,148.0,-481.34999999999997,7662.469999999999
22891,TEA FOR ONE POLKADOT,686.0,3353.94,230.0,108.0,-157.25,3196.69
22892,SET OF SALT AND PEPPER TOADSTOOLS,3556.0,4367.06,295.0,162.0,-148.69,4218.370000000001
22893,MINI CAKE STAND T-LIGHT HOLDER,2774.0,1330.5,182.0,70.0,-8.82,1321.68
22894,TABLECLOTH RED APPLES DESIGN ,568.0,5220.28,192.0,125.0,-17.0,5203.28
22895,SET OF 2 TEA TOWELS APPLE AND PEARS,2886.0,8787.220000000001,411.0,232.0,-17.700000000000003,8769.52
22896,PEG BAG APPLES DESIGN,2087.0,5276.17,367.0,187.0,-45.9,5230.27
22897,OVEN MITT APPLES DESIGN,1972.0,2921.01,298.0,190.0,-60.9,2860.11
22898,CHILDRENS APRON APPLES DESIGN,3249.0,6777.93,471.0,261.0,-1.65,6776.280000000001
22899,CHILDREN'S APRON DOLLY GIRL ,2840.0,5937.89,421.0,249.0,-14.450000000000001,5923.4400000000005
22900, SET 2 TEA TOWELS I LOVE LONDON ,6349.0,20459.510000000002,723.0,252.0,-552.5999999999999,19906.910000000003
22902,TOTE BAG I LOVE LONDON,1779.0,3643.0800000000004,199.0,102.0,-50.400000000000006,3592.6800000000003
22903,CALENDAR FAMILY FAVOURITES,747.0,2062.82,82.0,39.0,-880.0,1182.8200000000002
22904,CALENDAR PAPER CUT DESIGN,3516.0,10955.84,463.0,269.0,-885.9,10069.94
22905,CALENDAR IN SEASON DESIGN,1089.0,2995.53,194.0,111.0,0.0,2995.53
22906,12 MESSAGE CARDS WITH ENVELOPES,3443.0,6362.639999999999,445.0,274.0,-88.65,6273.99
22907,PACK OF 20 NAPKINS PANTRY DESIGN,8727.0,7314.69,829.0,445.0,-167.07999999999998,7147.61
22908,PACK OF 20 NAPKINS RED APPLES,5666.0,4583.75,485.0,266.0,-5.949999999999999,4577.8
22909,SET OF 20 VINTAGE CHRISTMAS NAPKINS,17684.0,15760.83,1086.0,578.0,-334.22,15426.61
22910,PAPER CHAIN KIT VINTAGE CHRISTMAS,19580.0,61671.840000000004,1427.0,701.0,-1188.55,60483.29
22911,PAPER CHAIN KIT LONDON,870.0,2504.5,164.0,115.0,-41.300000000000004,2463.2
22912,YELLOW COAT RACK PARIS FASHION,338.0,1606.98,108.0,81.0,-29.700000000000003,1577.28
22913,RED COAT RACK PARIS FASHION,462.0,2179.3900000000003,122.0,84.0,-19.8,2159.59
22914,BLUE COAT RACK PARIS FASHION,598.0,2871.4,170.0,117.0,-24.75,2846.65
22915,ASSORTED BOTTLE TOP  MAGNETS ,3461.0,1570.76,194.0,116.0,-37.8,1532.96
22916,HERB MARKER THYME,2003.0,1396.0900000000001,249.0,135.0,-7.800000000000001,1388.2900000000002
22917,HERB MARKER ROSEMARY,2034.0,1418.42,252.0,138.0,-7.800000000000001,1410.6200000000001
22918,HERB MARKER PARSLEY,1968.0,1356.8700000000001,249.0,135.0,-7.800000000000001,1349.0700000000002
22919,HERB MARKER MINT,1829.0,1279.3400000000001,248.0,136.0,-7.800000000000001,1271.5400000000002
22920,HERB MARKER BASIL,3521.0,2234.21,252.0,138.0,-841.0500000000001,1393.1599999999999
22921,HERB MARKER CHIVES ,1801.0,1253.29,220.0,121.0,-7.800000000000001,1245.49
22922,FRIDGE MAGNETS US DINER ASSORTED,2109.0,1819.8,113.0,82.0,-183.29999999999998,1636.5
22923,FRIDGE MAGNETS LES ENFANTS ASSORTED,1662.0,1392.2099999999998,90.0,70.0,-134.0,1258.2099999999998
22924,FRIDGE MAGNETS LA VIE EN ROSE,1563.0,1407.48,95.0,69.0,-179.04999999999998,1228.43
22925,BLUE GIANT GARDEN THERMOMETER,505.0,3102.51,191.0,130.0,-47.6,3054.9100000000003
22926,IVORY GIANT GARDEN THERMOMETER,758.0,4632.17,216.0,152.0,-136.85,4495.32
22927,GREEN GIANT GARDEN THERMOMETER,502.0,3221.9100000000003,162.0,101.0,-130.9,3091.01
22928,YELLOW GIANT GARDEN THERMOMETER,301.0,2077.02,118.0,64.0,-35.7,2041.32
22929,SCHOOL DESK AND CHAIR ,23.0,1459.75,17.0,17.0,-195.0,1264.75
22930,BAKING MOULD HEART MILK CHOCOLATE,1199.0,3046.45,189.0,120.0,-201.60000000000002,2844.85
22931,BAKING MOULD HEART WHITE CHOCOLATE,900.0,2152.75,129.0,95.0,0.0,2152.75
22933,BAKING MOULD EASTER EGG MILK CHOC,952.0,2621.32,122.0,82.0,-337.80000000000007,2283.52
22934,BAKING MOULD EASTER EGG WHITE CHOC,589.0,1707.47,78.0,65.0,-8.850000000000001,1698.6200000000001
22935,BAKING MOULD ROSE MILK CHOCOLATE,771.0,2294.07,65.0,46.0,-198.0,2096.07
22936,BAKING MOULD ROSE WHITE CHOCOLATE,288.0,925.22,50.0,30.0,-198.0,727.22
22937,BAKING MOULD CHOCOLATE CUPCAKES,1022.0,2690.74,160.0,122.0,-33.15,2657.5899999999997
22938,CUPCAKE LACE PAPER SET 6,3746.0,7006.299999999999,273.0,237.0,-117.0,6889.299999999999
22939,APRON APPLE DELIGHT,705.0,3545.5,181.0,109.0,-69.30000000000001,3476.2
22940,FELTCRAFT CHRISTMAS FAIRY,3653.0,16009.289999999999,586.0,392.0,-146.25,15863.039999999999
22941,CHRISTMAS LIGHTS 10 REINDEER,2707.0,22619.82,483.0,315.0,-627.3000000000001,21992.52
22942,CHRISTMAS LIGHTS 10 SANTAS ,1271.0,9899.68,246.0,176.0,-980.0500000000001,8919.630000000001
22943,CHRISTMAS LIGHTS 10 VINTAGE BAUBLES,2601.0,12783.82,356.0,215.0,-219.95000000000002,12563.869999999999
22944,CHRISTMAS METAL POSTCARD WITH BELLS,4901.0,3631.6200000000003,158.0,89.0,-312.46000000000004,3319.1600000000003
22945,CHRISTMAS METAL TAGS ASSORTED ,7827.0,7696.69,338.0,244.0,-210.77999999999997,7485.91
22946,WOODEN ADVENT CALENDAR CREAM,990.0,15451.32,275.0,152.0,-390.3,15061.02
22947,WOODEN ADVENT CALENDAR RED,1026.0,13111.85,209.0,124.0,-221.26999999999998,12890.58
22948,METAL DECORATION NAUGHTY CHILDREN ,2243.0,2292.77,180.0,93.0,-10.2,2282.57
22949,36 DOILIES DOLLY GIRL,2016.0,2871.48,177.0,130.0,-26.099999999999998,2845.38
22950,36 DOILIES VINTAGE CHRISTMAS,8333.0,11452.64,352.0,256.0,-773.65,10678.99
22951,60 CAKE CASES DOLLY GIRL DESIGN,11193.0,5888.400000000001,634.0,345.0,-116.4,5772.000000000001
22952,60 CAKE CASES VINTAGE CHRISTMAS,33719.0,19775.58,1144.0,570.0,-241.2,19534.38
22953,BIRTHDAY PARTY CORDON BARRIER TAPE,841.0,1049.8,119.0,76.0,0.0,1049.8
22954,HEN PARTY CORDON BARRIER TAPE,238.0,293.89,50.0,28.0,-1.25,292.64
22955,36 FOIL STAR CAKE CASES ,1479.0,2952.4700000000003,185.0,131.0,0.0,2952.4700000000003
22956,36 FOIL HEART CAKE CASES,2607.0,5110.530000000001,256.0,189.0,-287.40000000000003,4823.130000000001
22957,SET 3 PAPER VINTAGE CHICK PAPER EGG,1775.0,5014.650000000001,214.0,179.0,-71.9,4942.750000000001
22959,WRAP CHRISTMAS VILLAGE,9751.0,3987.42,284.0,251.0,-147.0,3840.42
22960,JAM MAKING SET WITH JARS,9289.0,39639.31,1159.0,583.0,-1051.04,38588.27
22961,JAM MAKING SET PRINTED,18069.0,28218.239999999998,1200.0,558.0,-444.59999999999997,27773.64
22962,JAM JAR WITH PINK LID,4630.0,3872.0499999999997,354.0,183.0,-72.11999999999999,3799.93
22963,JAM JAR WITH GREEN LID,3954.0,3303.81,319.0,170.0,-90.86,3212.95
22964,3 PIECE SPACEBOY COOKIE CUTTER SET,2849.0,5957.85,408.0,228.0,-29.400000000000002,5928.450000000001
22965,3 TRADITIONAl BISCUIT CUTTERS  SET,1888.0,3932.7500000000005,260.0,187.0,-79.80000000000001,3852.9500000000003
22966,GINGERBREAD MAN COOKIE CUTTER,8486.0,10480.130000000001,732.0,422.0,-6.25,10473.880000000001
22967,SET 3 SONG BIRD PAPER EGGS ASSORTED,1171.0,3271.4100000000003,138.0,122.0,-64.9,3206.51
22968,ROSE COTTAGE KEEPSAKE BOX ,1194.0,11952.26,306.0,182.0,-268.45,11683.81
22969,HOMEMADE JAM SCENTED CANDLES,15075.0,22441.85,709.0,472.0,-185.79999999999998,22256.05
22972,CHILDREN'S SPACEBOY MUG,1992.0,3421.7599999999998,243.0,147.0,-56.099999999999994,3365.66
22973,CHILDREN'S CIRCUS PARADE MUG,1422.0,2423.5299999999997,155.0,88.0,-39.199999999999996,2384.33
22974,CHILDRENS DOLLY GIRL MUG,1738.0,2977.7899999999995,211.0,128.0,-33.0,2944.7899999999995
22975,SPACEBOY CHILDRENS EGG CUP,1322.0,1788.51,193.0,113.0,-1.25,1787.26
22976,CIRCUS PARADE CHILDRENS EGG CUP ,1210.0,1576.57,149.0,81.0,-16.25,1560.32
22977,DOLLY GIRL CHILDRENS EGG CUP,1060.0,1396.41,140.0,101.0,-1.25,1395.16
22978,PANTRY ROLLING PIN,2464.0,9564.98,238.0,153.0,-272.61,9292.369999999999
22979,PANTRY WASHING UP BRUSH,4090.0,6391.82,381.0,225.0,-117.55000000000001,6274.2699999999995
22980,PANTRY SCRUBBING BRUSH,2363.0,3910.0099999999998,291.0,198.0,-124.04999999999998,3785.9599999999996
22981,PANTRY APPLE CORER,471.0,704.13,105.0,58.0,-8.7,695.43
22982,PANTRY PASTRY BRUSH,1154.0,1543.77,212.0,120.0,-30.0,1513.77
22983,CARD BILLBOARD FONT,6892.0,2928.44,551.0,264.0,-68.75999999999999,2859.6800000000003
22984,CARD GINGHAM ROSE ,3374.0,1381.66,214.0,115.0,0.0,1381.66
22985,"WRAP, BILLBOARD FONTS DESIGN",4772.0,1916.24,136.0,101.0,0.0,1916.24
22986,GINGHAM ROSE WRAP,5845.0,2410.9,204.0,162.0,-10.5,2400.4
22987,"WRAP , SUMMER ROSE DESIGN",252.0,105.84,11.0,10.0,0.0,105.84
22988,SOLDIERS EGG CUP ,9684.0,11673.720000000001,446.0,207.0,-132.78,11540.94
22989,SET 2 PANTRY DESIGN TEA TOWELS,2811.0,8999.27,372.0,241.0,-78.0,8921.27
22990,COTTON APRON PANTRY DESIGN,633.0,2917.4300000000003,164.0,117.0,-553.6999999999999,2363.7300000000005
22991,GIRAFFE WOODEN RULER,3887.0,7604.889999999999,274.0,185.0,-1185.8999999999999,6418.99
22992,REVOLVER WOODEN RULER ,5233.0,10373.99,348.0,217.0,-1193.4,9180.59
22993,SET OF 4 PANTRY JELLY MOULDS,12649.0,16478.48,1073.0,431.0,-85.0,16393.48
22994,TRAVEL CARD WALLET RETROSPOT,2194.0,956.94,218.0,89.0,-12.6,944.34
22995,TRAVEL CARD WALLET SUKI,2381.0,1058.64,266.0,90.0,-20.580000000000002,1038.0600000000002
22996,TRAVEL CARD WALLET VINTAGE TICKET,4801.0,2094.93,408.0,155.0,-10.92,2084.0099999999998
22997,TRAVEL CARD WALLET UNION JACK,2545.0,1094.93,222.0,101.0,-32.76,1062.17
22998,TRAVEL CARD WALLET KEEP CALM,12366.0,5262.82,534.0,217.0,-74.34,5188.48
22999,TRAVEL CARD WALLET VINTAGE LEAF,2894.0,1252.59,222.0,108.0,-1.26,1251.33
23000,TRAVEL CARD WALLET TRANSPORT,3169.0,1368.28,278.0,125.0,-16.38,1351.8999999999999
23002,TRAVEL CARD WALLET SKULLS,2119.0,914.37,192.0,85.0,-53.76,860.61
23003,TRAVEL CARD WALLET VINTAGE ROSE ,542.0,226.2,53.0,38.0,0.0,226.2
23004,TRAVEL CARD WALLET PANTRY,2002.0,903.16,221.0,73.0,-77.28,825.88
23005,TRAVEL CARD WALLET I LOVE LONDON,4733.0,2126.55,241.0,105.0,-0.42,2126.13
23006,TRAVEL CARD WALLET FLOWER MEADOW,1758.0,762.75,173.0,88.0,-32.76,729.99
23007, SPACEBOY BABY GIFT SET,498.0,7741.749999999999,184.0,110.0,-101.69999999999999,7640.049999999999
23008,DOLLY GIRL BABY GIFT SET,433.0,6719.61,133.0,99.0,-118.65,6600.96
23009,I LOVE LONDON BABY GIFT SET,263.0,4082.5199999999995,103.0,48.0,0.0,4082.5199999999995
23010,CIRCUS PARADE BABY GIFT SET,315.0,4879.599999999999,111.0,73.0,-50.849999999999994,4828.749999999999
23012,GLASS APOTHECARY BOTTLE PERFUME,1071.0,4197.110000000001,246.0,151.0,-31.6,4165.51
23013,GLASS APOTHECARY BOTTLE TONIC,924.0,3674.1600000000003,223.0,135.0,-23.7,3650.4600000000005
23014,GLASS APOTHECARY BOTTLE ELIXIR,856.0,3419.5800000000004,209.0,122.0,-35.55,3384.03
23015,CORDIAL GLASS JUG,40.0,338.38,18.0,15.0,-57.75,280.63
23016,GLASS TWIST BON BON JAR,74.0,575.25,24.0,19.0,-19.950000000000003,555.3
23017,APOTHECARY MEASURING JAR,67.0,826.28,22.0,20.0,-12.5,813.78
23018,LARGE APOTHECARY MEASURING JAR ,51.0,612.1600000000001,21.0,19.0,0.0,612.1600000000001
23019,SMALL APOTHECARY MEASURING JAR ,81.0,629.0500000000001,28.0,26.0,0.0,629.0500000000001
23020,GLASS  SONGBIRD STORAGE JAR,180.0,2191.84,76.0,67.0,-73.65,2118.19
23021,GLASS BONNE JAM JAR,120.0,500.82000000000005,27.0,24.0,0.0,500.82000000000005
23022,SMALL BONNE JAM JAR  T-LIGHT HOLDER,422.0,808.16,22.0,19.0,-62.400000000000006,745.76
23023,RIDGED BONNE JAM JAR T-LIGHT HOLDER,274.0,437.81999999999994,25.0,23.0,-3.3,434.5199999999999
23024,LARGE BONNE JAM JAR  T-LIGHT HOLDER,255.0,667.8500000000001,11.0,8.0,-4.98,662.8700000000001
23025,DRAWER KNOB VINTAGE GLASS BALL,350.0,760.8000000000001,54.0,40.0,-12.48,748.32
23026,DRAWER KNOB VINTAGE GLASS STAR,556.0,1198.96,62.0,43.0,-29.12,1169.8400000000001
23027,DRAWER KNOB VINTAGE GLASS HEXAGON,295.0,627.95,30.0,26.0,0.0,627.95
23028,DRAWER KNOB CRACKLE GLAZE BLUE,1369.0,2377.1299999999997,137.0,88.0,-11.55,2365.5799999999995
23029,DRAWER KNOB CRACKLE GLAZE GREEN,1352.0,2303.9199999999996,156.0,97.0,-46.199999999999996,2257.72
23031,DRAWER KNOB CRACKLE GLAZE PINK,1278.0,2152.2999999999997,155.0,93.0,-33.0,2119.2999999999997
23032,DRAWER KNOB CRACKLE GLAZE IVORY,2328.0,3853.68,199.0,117.0,-75.89999999999999,3777.7799999999997
23033,DRAWER KNOB CERAMIC RED,714.0,1058.8999999999999,74.0,42.0,0.0,1058.8999999999999
23034,DRAWER KNOB CERAMIC BLACK,979.0,1448.6699999999998,88.0,57.0,-8.7,1439.9699999999998
23035,DRAWER KNOB CERAMIC IVORY,2191.0,3199.99,191.0,110.0,-13.049999999999999,3186.9399999999996
23036,T-LIGHT HOLDER SILVER PETIT FOUR ,184.0,232.42000000000002,16.0,14.0,0.0,232.42000000000002
23037,CANDLE HOLDER SILVER MADELINE,196.0,325.15999999999997,20.0,17.0,0.0,325.15999999999997
23038,T-LIGHT HOLDER SILVER SAUCER,44.0,42.919999999999995,8.0,4.0,0.0,42.919999999999995
23039,T-LIGHT HOLDER SILVER HEART HANDLE,199.0,399.71,28.0,22.0,-11.7,388.01
23040,PAPER LANTERN 9 POINT SNOW STAR ,253.0,1394.03,41.0,33.0,0.0,1394.03
23041,PAPER LANTERN 9 POINT SNOW STAR,272.0,1178.48,54.0,46.0,-99.60000000000001,1078.88
23042,PAPER LANTERN 7 POINT SNOW STAR,103.0,711.51,28.0,25.0,-66.5,645.01
23043,PAPER LANTERN 9 POINT HOLLY STAR L,81.0,543.51,23.0,18.0,0.0,543.51
23044,PAPER LANTERN 9 POINT HOLLY STAR S,101.0,423.29,25.0,24.0,0.0,423.29
23045,PAPER LANTERN 5 POINT STAR MOON ,118.0,497.9800000000001,25.0,22.0,-83.0,414.9800000000001
23046,PAPER LANTERN 9 POINT DELUXE STAR,349.0,2111.4900000000002,36.0,31.0,0.0,2111.4900000000002
23047,PAPER LANTERN 5 POINT SEQUIN STAR,58.0,333.5,25.0,25.0,0.0,333.5
23048,SET OF 10 LANTERNS FAIRY LIGHT STAR,577.0,2368.37,99.0,81.0,-136.95000000000002,2231.42
23049,RECYCLED ACAPULCO MAT RED,456.0,3896.84,186.0,103.0,-24.75,3872.09
23050,RECYCLED ACAPULCO MAT GREEN,497.0,4286.55,205.0,116.0,-8.25,4278.3
23051,RECYCLED ACAPULCO MAT BLUE,365.0,3223.49,162.0,95.0,-16.5,3206.99
23052,RECYCLED ACAPULCO MAT TURQUOISE,654.0,5949.34,278.0,147.0,-8.25,5941.09
23053,RECYCLED ACAPULCO MAT PINK,364.0,3254.32,164.0,105.0,-8.25,3246.07
23054,RECYCLED ACAPULCO MAT LAVENDER,295.0,2604.93,130.0,81.0,-8.25,2596.68
23055,IVORY CHANDELIER T-LIGHT HOLDER,657.0,1395.18,38.0,33.0,-690.72,704.46
23056,FLOWERS CHANDELIER T-LIGHT HOLDER,963.0,2898.12,39.0,33.0,-1859.07,1039.05
23057,BEADED CHANDELIER T-LIGHT HOLDER,773.0,1768.67,45.0,38.0,-636.15,1132.52
23058,CHRISTMAS HANGING SNOWFLAKE,490.0,430.86,48.0,39.0,0.0,430.86
23060,HEART BEADED TRELLIS DECORATION,249.0,528.1700000000001,42.0,34.0,0.0,528.1700000000001
23061,VINTAGE EMBOSSED HEART,1015.0,1332.68,117.0,76.0,-3.75,1328.93
23064,CINDERELLA CHANDELIER ,221.0,3717.56,23.0,20.0,-1514.05,2203.51
23065,LARGE DECO JEWELLERY STAND,273.0,3427.44,99.0,81.0,-12.5,3414.94
23066,SMALL DECO JEWELLERY STAND,259.0,2137.81,85.0,69.0,-8.25,2129.56
23067,HANGING ENGRAVED METAL HEART,294.0,1236.66,78.0,63.0,0.0,1236.66
23068,ALUMINIUM STAMPED HEART,809.0,1966.93,136.0,106.0,0.0,1966.93
23069,EDWARDIAN PHOTO FRAME,88.0,556.21,32.0,27.0,0.0,556.21
23070,EDWARDIAN HEART PHOTO FRAME,160.0,709.5400000000001,44.0,29.0,0.0,709.5400000000001
23071,MARIE ANTOINETTE TRINKET BOX GOLD,315.0,1205.1,19.0,16.0,-434.0,771.0999999999999
23072,MARIE ANTOINETTE TRINKET BOX SILVER,334.0,1273.76,30.0,21.0,-384.0,889.76
23073,GEORGIAN TRINKET BOX,143.0,1706.5,61.0,49.0,-12.5,1694.0
23074,EMBOSSED HEART TRINKET BOX,246.0,547.27,48.0,32.0,-12.48,534.79
23075,PARLOUR CERAMIC WALL HOOK,472.0,1960.3000000000002,80.0,61.0,-141.10000000000002,1819.2000000000003
23076,ICE CREAM SUNDAE LIP GLOSS,8076.0,9935.76,277.0,202.0,-35.0,9900.76
23077,DOUGHNUT LIP GLOSS ,10395.0,13695.77,344.0,217.0,-75.0,13620.77
23078,ICE CREAM PEN LIP GLOSS ,6831.0,8553.34,257.0,159.0,-60.0,8493.34
23079,TOADSTOOL BEDSIDE LIGHT ,251.0,2225.45,106.0,83.0,-125.3,2100.1499999999996
23080,RED METAL BOX TOP SECRET,1074.0,9117.62,257.0,148.0,-90.75,9026.87
23081,GREEN METAL BOX ARMY SUPPLIES,483.0,4038.25,139.0,80.0,-49.5,3988.75
23082,SET 6 PAPER TABLE LANTERN HEARTS ,2328.0,8558.76,297.0,205.0,-103.16,8455.6
23083,SET 6 PAPER TABLE LANTERN STARS ,1932.0,7250.900000000001,246.0,161.0,-214.17000000000002,7036.7300000000005
23084,RABBIT NIGHT LIGHT,30739.0,66870.03,994.0,450.0,-208.4,66661.63
23085,ANTIQUE SILVER BAUBLE LAMP  ,376.0,3583.23,78.0,64.0,-128.75,3454.48
23086,ZINC  STAR T-LIGHT HOLDER ,1225.0,1451.43,47.0,31.0,-20.0,1431.43
23087,ZINC  HEART T-LIGHT HOLDER,868.0,1090.66,69.0,43.0,-18.75,1071.91
23088,ZINC HEART FLOWER T-LIGHT HOLDER,795.0,1033.28,79.0,52.0,0.0,1033.28
23089,GLASS BON BON JAR,2354.0,4215.78,225.0,101.0,-25.65,4190.13
23090,VINTAGE GLASS T-LIGHT HOLDER,2237.0,1870.0299999999997,149.0,96.0,-7.47,1862.5599999999997
23091,ZINC HERB GARDEN CONTAINER,580.0,3656.32,209.0,160.0,-43.75,3612.57
23092,LARGE ANTIQUE WHITE PHOTO FRAME,523.0,3757.78,135.0,96.0,-77.75,3680.03
23093,SMALL PARISIENNE HEART PHOTO FRAME ,939.0,2239.2400000000002,142.0,105.0,-7.470000000000001,2231.7700000000004
23094,LE GRAND TRAY CHIC SET,152.0,1924.92,79.0,65.0,-25.0,1899.92
23096,PETIT TRAY CHIC,1033.0,1736.6899999999998,146.0,89.0,0.0,1736.6899999999998
23100,SILVER BELLS TABLE DECORATION,2166.0,2739.38,257.0,180.0,-1.25,2738.13
23101,SILVER STARS TABLE DECORATION,2031.0,1739.6299999999999,213.0,175.0,0.0,1739.6299999999999
23102,SILVER HEARTS TABLE DECORATION,1274.0,1075.03,157.0,128.0,0.0,1075.03
23103,JINGLE BELL HEART DECORATION,4072.0,6846.159999999999,365.0,231.0,-46.199999999999996,6799.959999999999
23104,IVORY CAFE HANGING LAMP ,118.0,1405.42,46.0,38.0,0.0,1405.42
23106,ZINC HEARTS PLANT POT HOLDER,291.0,815.59,53.0,49.0,-34.68,780.9100000000001
23107,WHITE HEARTS WIRE PLANT POT HOLDER,359.0,1009.51,73.0,60.0,0.0,1009.51
23108,SET OF 10 LED DOLLY LIGHTS,2219.0,13290.519999999999,372.0,271.0,-317.6,12972.919999999998
23109,PACK OF SIX LED TEA LIGHTS,2386.0,6835.02,268.0,178.0,-239.04000000000002,6595.9800000000005
23110,PARISIENNE KEY CABINET ,700.0,4147.18,255.0,157.0,-293.25,3853.9300000000003
23111,PARISIENNE SEWING BOX,312.0,3839.2400000000002,138.0,80.0,-283.2,3556.0400000000004
23112,PARISIENNE CURIO CABINET,546.0,4507.08,241.0,134.0,-239.85000000000002,4267.23
23113,PANTRY CHOPPING BOARD,1154.0,5868.5,57.0,39.0,-4803.0599999999995,1065.4400000000005
23114,VINTAGE LEAF CHOPPING BOARD  ,149.0,737.95,45.0,40.0,-14.850000000000001,723.1
23115,RED APPLES CHOPPING BOARD   ,152.0,770.32,45.0,38.0,0.0,770.32
23116,VEGETABLE GARDEN CHOPPING BOARD,76.0,382.44,22.0,17.0,0.0,382.44
23117,POPPY FIELDS CHOPPING BOARD,93.0,501.23,45.0,39.0,-4.95,496.28000000000003
23118,PARISIENNE JEWELLERY DRAWER ,813.0,6102.18,258.0,154.0,-180.0,5922.18
23119,PACK OF 6 LARGE FRUIT STRAWS ,2282.0,1401.7,151.0,97.0,-22.32,1379.38
23120,PACK OF 6 SMALL FRUIT STRAWS,1685.0,682.39,100.0,69.0,-30.240000000000002,652.15
23121,PACK OF 6 COCKTAIL PARASOL STRAWS,2501.0,1000.4399999999999,111.0,81.0,0.0,1000.4399999999999
23122,PARTY CHARMS 50 PIECES,2251.0,1726.09,133.0,89.0,-2.4899999999999998,1723.6
23123,COCKTAIL SWORDS 50 PIECES,935.0,759.5699999999999,95.0,64.0,-4.9799999999999995,754.5899999999999
23124,18PC WOODEN CUTLERY SET DISPOSABLE,567.0,751.38,43.0,23.0,0.0,751.38
23125,6PC WOOD PLATE SET DISPOSABLE,459.0,574.88,38.0,15.0,0.0,574.88
23126,FELTCRAFT GIRL AMELIE KIT,1109.0,5532.04,291.0,198.0,-79.2,5452.84
23127,FELTCRAFT GIRL NICOLE KIT,736.0,3759.0,194.0,146.0,-64.35000000000001,3694.65
23128,FELTCRAFT BOY JEAN-PAUL KIT,448.0,2258.6600000000003,139.0,112.0,-34.650000000000006,2224.01
23129,HEART SHAPED HOLLY WREATH,950.0,3999.5000000000005,172.0,138.0,-4.15,3995.3500000000004
23130,MISTLETOE HEART WREATH GREEN,962.0,3988.98,184.0,139.0,-37.35,3951.63
23131,MISTLETOE HEART WREATH CREAM,942.0,3835.9800000000005,115.0,91.0,-24.9,3811.0800000000004
23132,SMALL IVORY HEART WALL ORGANISER,1020.0,5138.6,152.0,115.0,-23.0,5115.6
23133,LARGE IVORY HEART WALL ORGANISER,782.0,5525.4,155.0,94.0,-8.25,5517.15
23134,LARGE ZINC HEART WALL ORGANISER,1065.0,6431.110000000001,38.0,29.0,0.0,6431.110000000001
23135,SMALL ZINC HEART WALL ORGANISER,1541.0,5416.18,45.0,31.0,0.0,5416.18
23136,IVORY WIRE SWEETHEART LETTER TRAY,135.0,511.89,49.0,39.0,0.0,511.89
23137,ZINC WIRE SWEETHEART LETTER TRAY,83.0,275.62,23.0,18.0,0.0,275.62
23138,SINGLE WIRE HOOK IVORY HEART,879.0,1231.51,82.0,60.0,-17.4,1214.11
23139,SINGLE WIRE HOOK PINK HEART,414.0,528.6999999999999,27.0,20.0,-17.4,511.29999999999995
23140,TRIPLE WIRE HOOK IVORY HEART,182.0,766.1,52.0,29.0,-49.800000000000004,716.3000000000001
23141,TRIPLE WIRE HOOK PINK HEART,79.0,272.91,25.0,18.0,0.0,272.91
23142,IVORY WIRE KITCHEN ORGANISER,121.0,1220.8200000000002,40.0,34.0,-19.55,1201.2700000000002
23143,ZINC WIRE KITCHEN ORGANISER,30.0,239.97,16.0,12.0,0.0,239.97
23144,ZINC T-LIGHT HOLDER STARS SMALL,5089.0,4197.83,274.0,180.0,-36.519999999999996,4161.3099999999995
23145,ZINC T-LIGHT HOLDER STAR LARGE,2084.0,1979.4799999999998,169.0,128.0,-10.45,1969.0299999999997
23146,TRIPLE HOOK ANTIQUE IVORY ROSE,798.0,2645.26,227.0,151.0,-164.1,2481.1600000000003
23147,SINGLE ANTIQUE ROSE HOOK IVORY,1868.0,2752.2,261.0,170.0,-21.75,2730.45
23148,MINIATURE ANTIQUE ROSE HOOK IVORY,2139.0,1816.31,247.0,143.0,-10.79,1805.52
23149,ANTIQUE IVORY WIRE BOWL SMALL,99.0,251.45000000000002,21.0,17.0,-27.39,224.06
23150,IVORY SWEETHEART SOAP DISH,148.0,390.75000000000006,49.0,33.0,-2.49,388.26000000000005
23151,ZINC SWEETHEART SOAP DISH,61.0,114.33000000000001,21.0,18.0,0.0,114.33000000000001
23152,IVORY SWEETHEART WIRE LETTER RACK ,554.0,2080.65,159.0,108.0,-26.25,2054.4
23153,ZINC SWEETHEART WIRE LETTER RACK,263.0,1020.69,90.0,67.0,-15.0,1005.69
23154,SET OF 4 JAM JAR MAGNETS,2701.0,5842.88,235.0,141.0,-126.88,5716.0
23155,KNICKERBOCKERGLORY MAGNET ASSORTED ,2221.0,1904.77,135.0,84.0,-129.71,1775.06
23156,SET OF 5 MINI GROCERY MAGNETS,1665.0,3423.29,205.0,117.0,-49.92,3373.37
23157,SET OF 6 NATIVITY MAGNETS ,2557.0,5143.06,163.0,111.0,-444.0,4699.06
23158,SET OF 5 LUCKY CAT MAGNETS ,2633.0,5513.83,255.0,96.0,-124.8,5389.03
23159,SET OF 5 PANCAKE DAY MAGNETS,2293.0,4713.52,223.0,121.0,-52.0,4661.52
23160,REGENCY TEA SPOON,1450.0,1794.48,76.0,50.0,-7.5,1786.98
23161,REGENCY CAKE FORK,1715.0,2145.3,98.0,58.0,-15.0,2130.3
23162,REGENCY TEA STRAINER,1412.0,5143.6900000000005,176.0,96.0,0.0,5143.6900000000005
23163,REGENCY SUGAR TONGS,1832.0,4515.22,209.0,95.0,-114.4,4400.820000000001
23164,REGENCY CAKE SLICE,578.0,2718.65,92.0,70.0,-4.95,2713.7000000000003
23165,LARGE CERAMIC TOP STORAGE JAR,3114.0,5141.0599999999995,280.0,167.0,-154.5,4986.5599999999995
23166,MEDIUM CERAMIC TOP STORAGE JAR,78033.0,81700.92000000001,247.0,138.0,-77479.64,4221.280000000013
23167,SMALL CERAMIC TOP STORAGE JAR ,5847.0,4476.009999999999,231.0,129.0,-365.19,4110.82
23168,CLASSIC CAFE SUGAR DISPENSER,3291.0,4558.67,337.0,140.0,-65.61,4493.06
23169,CLASSIC GLASS COOKIE JAR,1556.0,6662.84,314.0,203.0,-379.15000000000003,6283.6900000000005
23170,REGENCY TEA PLATE ROSES ,6857.0,11097.249999999998,445.0,224.0,-1046.3,10050.949999999999
23171,REGENCY TEA PLATE GREEN ,6247.0,10051.99,381.0,195.0,-146.25,9905.74
23172,REGENCY TEA PLATE PINK,3861.0,6344.409999999999,305.0,160.0,-154.29999999999998,6190.109999999999
23173,REGENCY TEAPOT ROSES ,2766.0,24879.13,416.0,248.0,-436.40000000000003,24442.73
23174,REGENCY SUGAR BOWL GREEN,3055.0,12342.43,322.0,190.0,-345.2,11997.23
23175,REGENCY MILK JUG PINK ,3160.0,9587.15,329.0,206.0,-225.5,9361.65
23176,ABC TREASURE BOOK BOX ,2165.0,4693.08,226.0,159.0,-101.25,4591.83
23177,TREASURE ISLAND BOOK BOX,2532.0,5521.29,267.0,174.0,-45.0,5476.29
23178,JAM CLOCK MAGNET,327.0,936.89,68.0,50.0,-14.45,922.4399999999999
23179,CLOCK MAGNET MUM'S KITCHEN,324.0,930.48,53.0,36.0,0.0,930.48
23180,MUM'S KITCHEN CLOCK,122.0,621.09,49.0,29.0,-4.95,616.14
23181,BULL DOG BOTTLE TOP WALL CLOCK,201.0,1733.57,82.0,60.0,-33.0,1700.57
23182,TOILET SIGN OCCUPIED OR VACANT,3741.0,3688.2099999999996,433.0,140.0,-11.62,3676.5899999999997
23183,MOTHER'S KITCHEN SPOON REST ,226.0,967.17,84.0,45.0,-30.0,937.17
23184,BULL DOG BOTTLE OPENER,874.0,4764.5,264.0,129.0,-64.35,4700.15
23185,FRENCH STYLE STORAGE JAR JAM,317.0,114.85,30.0,27.0,-0.29,114.55999999999999
23186,FRENCH STYLE STORAGE JAR CAFE ,1982.0,819.4599999999999,70.0,57.0,-9.24,810.2199999999999
23187,FRENCH STYLE STORAGE JAR BONBONS,2338.0,695.06,74.0,66.0,-16.49,678.5699999999999
23188,VINTAGE  2 METER FOLDING RULER,3471.0,6447.7699999999995,333.0,207.0,-23.099999999999994,6424.669999999999
23189,SET OF 12 FORK CANDLES,1249.0,3507.51,141.0,89.0,-2.89,3504.6200000000003
23190,BUNDLE OF 3 SCHOOL EXERCISE BOOKS  ,1702.0,2761.8999999999996,202.0,145.0,-3.3,2758.5999999999995
23191,BUNDLE OF 3 RETRO NOTE BOOKS,2201.0,3628.8899999999994,281.0,182.0,-4.949999999999999,3623.9399999999996
23192,BUNDLE OF 3 ALPHABET EXERCISE BOOKS,3516.0,6114.24,345.0,224.0,-4.949999999999999,6109.29
23193,BUFFALO BILL TREASURE BOOK BOX,1922.0,4079.28,175.0,109.0,-45.0,4034.28
23194,GYMKHANA TREASURE BOOK BOX,1835.0,4077.37,214.0,142.0,-83.25,3994.12
23196,VINTAGE LEAF MAGNETIC NOTEPAD,1872.0,2842.24,298.0,170.0,-18.849999999999998,2823.39
23197,SKETCHBOOK MAGNETIC SHOPPING LIST,1478.0,2303.5,249.0,116.0,-36.25,2267.25
23198,PANTRY MAGNETIC  SHOPPING LIST,3342.0,5062.599999999999,475.0,259.0,-92.8,4969.799999999999
23199,JUMBO BAG APPLES,14908.0,30450.690000000002,978.0,344.0,-1309.25,29141.440000000002
23200,JUMBO BAG PEARS,7067.0,14188.960000000001,595.0,262.0,-243.63000000000002,13945.330000000002
23201,JUMBO BAG ALPHABET,13366.0,27850.83,906.0,396.0,-1076.02,26774.81
23202,JUMBO BAG VINTAGE LEAF,10941.0,21810.43,879.0,377.0,-442.46000000000004,21367.97
23203,JUMBO BAG VINTAGE DOILY ,20485.0,42030.340000000004,1231.0,505.0,-1076.4,40953.94
23204,CHARLOTTE BAG APPLES DESIGN,7976.0,7741.94,583.0,199.0,-138.34,7603.599999999999
23205,CHARLOTTE BAG VINTAGE ALPHABET ,5857.0,5726.38,467.0,201.0,-140.25,5586.13
23206,LUNCH BAG APPLE DESIGN,12147.0,20852.579999999998,1036.0,401.0,-97.15,20755.429999999997
23207,LUNCH BAG ALPHABET DESIGN,7830.0,13325.55,740.0,377.0,-659.6,12665.949999999999
23208,LUNCH BAG VINTAGE LEAF DESIGN,6308.0,10441.91,668.0,305.0,-109.85,10332.06
23209,LUNCH BAG VINTAGE DOILY ,13170.0,21418.82,1098.0,469.0,-65.80000000000001,21353.02
23210,WHITE ROCKING HORSE HAND PAINTED,2849.0,3551.53,192.0,115.0,-219.76,3331.7700000000004
23211,RED ROCKING HORSE HAND PAINTED,2329.0,2930.57,160.0,82.0,-30.0,2900.57
23212,HEART WREATH DECORATION WITH BELL,2296.0,2860.89,186.0,104.0,-75.0,2785.89
23213,STAR WREATH DECORATION WITH BELL,1682.0,2138.42,152.0,95.0,-15.0,2123.42
23214,JINGLE BELL HEART ANTIQUE GOLD,789.0,1695.04,103.0,79.0,0.0,1695.04
23215,JINGLE BELL HEART ANTIQUE SILVER,3564.0,7038.400000000001,210.0,162.0,-214.8,6823.6
23216,LAUREL HEART ANTIQUE GOLD,525.0,630.73,44.0,32.0,0.0,630.73
23217,LAUREL HEART ANTIQUE SILVER,1309.0,1613.82,97.0,64.0,0.0,1613.82
23218,LAUREL STAR ANTIQUE GOLD,379.0,483.03,40.0,27.0,0.0,483.03
23219,LAUREL STAR ANTIQUE SILVER ,430.0,568.6,61.0,41.0,0.0,568.6
23220,REINDEER HEART DECORATION GOLD,993.0,869.15,103.0,55.0,-9.959999999999999,859.1899999999999
23221,REINDEER HEART DECORATION SILVER,1536.0,1363.04,145.0,85.0,-48.13999999999999,1314.8999999999999
23222,CHRISTMAS TREE HANGING GOLD,799.0,718.53,75.0,49.0,-19.919999999999998,698.61
23223,CHRISTMAS TREE HANGING SILVER ,801.0,750.1899999999999,88.0,51.0,-9.959999999999999,740.2299999999999
23224,CHERUB HEART DECORATION GOLD,738.0,649.02,71.0,44.0,-11.62,637.4
23225,CHERUB HEART DECORATION SILVER ,1355.0,1176.1699999999998,88.0,46.0,-69.72,1106.4499999999998
23226,FILIGREE HEART DAISY WHITE,1247.0,1596.67,98.0,56.0,-60.0,1536.67
23227,FILIGREE HEART BUTTERFLY WHITE ,1642.0,2070.06,117.0,61.0,-7.5,2062.56
23228,FILIGREE HEART BIRD WHITE ,1492.0,1960.0,125.0,58.0,-149.76,1810.24
23229,VINTAGE DONKEY TAIL GAME ,1869.0,6739.71,256.0,186.0,-40.89,6698.82
23230,WRAP ALPHABET DESIGN,7976.0,3217.92,235.0,178.0,-31.5,3186.42
23231,WRAP DOILEY DESIGN,7277.0,3008.34,260.0,190.0,0.0,3008.34
23232,WRAP VINTAGE LEAF DESIGN,8526.0,3436.92,238.0,188.0,-21.42,3415.5
23233,WRAP POPPIES  DESIGN,5175.0,2105.5,158.0,130.0,-10.5,2095.0
23234,BISCUIT TIN VINTAGE CHRISTMAS,1722.0,5079.78,277.0,201.0,-46.24,5033.54
23235,STORAGE TIN VINTAGE LEAF,736.0,1950.66,105.0,88.0,-40.46,1910.2
23236,STORAGE TIN VINTAGE DOILY ,2493.0,7059.97,327.0,203.0,-95.37,6964.6
23237,SET OF 4 KNICK KNACK TINS LEAF,1053.0,4274.39,177.0,131.0,-69.35000000000001,4205.04
23238,SET OF 4 KNICK KNACK TINS LONDON ,1849.0,7771.610000000001,274.0,150.0,-65.60000000000001,7706.01
23239,SET OF 4 KNICK KNACK TINS POPPIES,842.0,3353.84,178.0,125.0,-115.80000000000001,3238.04
23240,SET OF 4 KNICK KNACK TINS DOILY ,4177.0,17000.170000000002,536.0,323.0,-206.70000000000002,16793.47
23241,TREASURE TIN GYMKHANA DESIGN,2165.0,4669.55,363.0,183.0,-14.56,4654.99
23242,TREASURE TIN BUFFALO BILL ,1470.0,3024.63,214.0,132.0,-56.160000000000004,2968.4700000000003
23244,ROUND STORAGE TIN VINTAGE LEAF,936.0,1733.9799999999998,112.0,87.0,-16.95,1717.0299999999997
23245,SET OF 3 REGENCY CAKE TINS,6345.0,31118.550000000003,873.0,472.0,-421.5,30697.050000000003
23247,BISCUIT TIN 50'S CHRISTMAS,2194.0,6681.25,309.0,231.0,-118.54000000000002,6562.71
23249,VINTAGE RED ENAMEL TRIM PLATE,842.0,1426.1,81.0,57.0,-87.71,1338.3899999999999
23250,VINTAGE RED TRIM ENAMEL BOWL ,1179.0,1531.03,110.0,64.0,-141.8,1389.23
23251,VINTAGE RED ENAMEL TRIM MUG ,1712.0,2105.75,120.0,80.0,-72.5,2033.25
23252,VINTAGE RED ENAMEL TRIM JUG ,603.0,2261.61,138.0,104.0,-123.75,2137.86
23253,16 PIECE CUTLERY SET PANTRY DESIGN,258.0,3848.8599999999997,70.0,44.0,-31.9,3816.9599999999996
23254,CHILDRENS CUTLERY DOLLY GIRL ,1703.0,6903.110000000001,299.0,204.0,-83.0,6820.110000000001
23255,CHILDRENS CUTLERY CIRCUS PARADE,1014.0,4097.22,158.0,116.0,-37.35,4059.8700000000003
23256,CHILDRENS CUTLERY SPACEBOY ,2113.0,8667.07,368.0,232.0,-338.0,8329.07
23263,SET OF 3 WOODEN HEART DECORATIONS,3863.0,5147.19,445.0,269.0,-58.75,5088.44
23264,SET OF 3 WOODEN SLEIGH DECORATIONS,1963.0,2690.81,299.0,177.0,-1.25,2689.56
23265,SET OF 3 WOODEN TREE DECORATIONS,1769.0,2404.79,293.0,180.0,-18.75,2386.04
23266,SET OF 3 WOODEN STOCKING DECORATION,2053.0,2743.82,319.0,201.0,-15.0,2728.82
23267,SET OF 4 SANTA PLACE SETTINGS,1202.0,1531.95,108.0,79.0,-60.0,1471.95
23268,SET OF 2 CERAMIC CHRISTMAS REINDEER,1447.0,2018.1399999999999,89.0,68.0,-17.4,2000.7399999999998
23269,SET OF 2 CERAMIC CHRISTMAS TREES,779.0,1152.98,94.0,63.0,0.0,1152.98
23270,SET OF 2 CERAMIC PAINTED HEARTS ,1174.0,1646.32,125.0,96.0,-8.7,1637.62
23271,CHRISTMAS TABLE SILVER CANDLE SPIKE,1731.0,1496.8899999999999,104.0,69.0,0.0,1496.8899999999999
23272,TREE T-LIGHT HOLDER WILLIE WINKIE,364.0,562.2199999999999,44.0,34.0,0.0,562.2199999999999
23273,HEART T-LIGHT HOLDER WILLIE WINKIE,969.0,1649.0499999999997,112.0,88.0,-6.6,1642.4499999999998
23274,STAR T-LIGHT HOLDER WILLIE WINKIE,1180.0,2004.9999999999998,119.0,85.0,-4.949999999999999,2000.0499999999997
23275,SET OF 3 HANGING OWLS OLLIE BEAK,3720.0,4521.72,325.0,171.0,-95.41,4426.31
23280,FOLDING BUTTERFLY MIRROR HOT PINK ,2023.0,1614.16,157.0,87.0,-1.66,1612.5
23281,FOLDING BUTTERFLY MIRROR RED  ,1280.0,1000.82,101.0,56.0,0.0,1000.82
23282,FOLDING BUTTERFLY MIRROR IVORY ,812.0,757.86,135.0,67.0,0.0,757.86
23283,DOORMAT VINTAGE LEAF,994.0,7003.38,233.0,146.0,-57.45,6945.93
23284,DOORMAT KEEP CALM AND COME IN,5487.0,38133.64,728.0,378.0,-1601.25,36532.39
23285,PINK VINTAGE SPOT BEAKER,4807.0,4572.41,191.0,108.0,-1.7,4570.71
23286,BLUE VINTAGE SPOT BEAKER,5048.0,4747.62,222.0,125.0,-41.65,4705.97
23287,RED VINTAGE SPOT BEAKER,1879.0,1603.3899999999999,198.0,114.0,-43.349999999999994,1560.04
23288,GREEN VINTAGE SPOT BEAKER,4625.0,4444.2300000000005,185.0,107.0,-15.17,4429.06
23289,DOLLY GIRL CHILDRENS BOWL,1622.0,2013.7,191.0,111.0,-15.0,1998.7
23290,SPACEBOY CHILDRENS BOWL,2430.0,2890.3500000000004,214.0,125.0,-12.5,2877.8500000000004
23291,DOLLY GIRL CHILDRENS CUP,1634.0,2059.03,195.0,104.0,-12.5,2046.5300000000002
23292,SPACEBOY CHILDRENS CUP,2181.0,2703.33,222.0,113.0,-26.25,2677.08
23293,SET OF 12 FAIRY CAKE BAKING CASES,8471.0,6989.54,552.0,323.0,-26.56,6962.98
23294,SET OF 6 SNACK LOAF BAKING CASES,4392.0,3607.81,354.0,214.0,-10.79,3597.02
23295,SET OF 12 MINI LOAF BAKING CASES,6134.0,5073.45,444.0,250.0,-10.79,5062.66
23296,SET OF 6 TEA TIME BAKING CASES,4979.0,5985.55,378.0,243.0,-33.75,5951.8
23297,SET 40 HEART SHAPE PETIT FOUR CASES,4303.0,6792.23,161.0,123.0,-42.9,6749.33
23298,SPOTTY BUNTING,8466.0,43148.18,1146.0,573.0,-482.81,42665.37
23299,FOOD COVER WITH BEADS SET 2 ,1012.0,3772.88,146.0,110.0,-30.0,3742.88
23300,GARDENERS KNEELING PAD CUP OF TEA ,6809.0,11785.99,758.0,351.0,-231.59999999999997,11554.39
23301,GARDENERS KNEELING PAD KEEP CALM ,8807.0,16327.349999999999,913.0,405.0,-168.89999999999998,16158.449999999999
23302,KNEELING MAT HOUSEWORK  DESIGN,1536.0,2181.4199999999996,230.0,140.0,-54.239999999999995,2127.18
23303,SET 4 PICNIC CUTLERY FONDANT,65.0,126.75,6.0,6.0,0.0,126.75
23304,SET 4 PICNIC CUTLERY CHERRY ,71.0,138.45,9.0,9.0,0.0,138.45
23305,SET 4 PICNIC CUTLERY BLUEBERRY,82.0,159.9,9.0,9.0,0.0,159.9
23306,SET OF 36 DOILIES PANTRY DESIGN,2808.0,4123.38,277.0,182.0,-10.149999999999999,4113.2300000000005
23307,SET OF 60 PANTRY DESIGN CAKE CASES ,12049.0,6371.89,629.0,366.0,-48.400000000000006,6323.490000000001
23308,SET OF 60 VINTAGE LEAF CAKE CASES ,6139.0,3272.61,382.0,209.0,0.0,3272.61
23309,SET OF 60 I LOVE LONDON CAKE CASES ,8275.0,4495.85,407.0,178.0,-35.2,4460.650000000001
23310,BUBBLEGUM RING ASSORTED,12050.0,4997.28,245.0,146.0,0.0,4997.28
23311,VINTAGE CHRISTMAS STOCKING ,2390.0,6488.2,344.0,246.0,-38.25,6449.95
23312,VINTAGE CHRISTMAS GIFT SACK,1423.0,5964.150000000001,214.0,168.0,-4.15,5960.000000000001
23313,VINTAGE CHRISTMAS BUNTING,2990.0,15798.66,401.0,254.0,-64.35,15734.31
23314,VINTAGE CHRISTMAS TABLECLOTH,407.0,5012.96,117.0,87.0,-62.5,4950.46
23315,IVORY REFECTORY CLOCK,213.0,2094.24,86.0,63.0,-97.80000000000001,1996.4399999999998
23316,RED REFECTORY CLOCK ,250.0,2501.64,110.0,75.0,-9.95,2491.69
23317,BLUE REFECTORY CLOCK ,173.0,1777.46,82.0,56.0,0.0,1777.46
23318,BOX OF 6 MINI VINTAGE CRACKERS,3809.0,9162.41,376.0,270.0,-368.71000000000004,8793.7
23319,BOX OF 6 MINI 50'S CRACKERS,3720.0,9219.53,403.0,300.0,-244.97000000000003,8974.560000000001
23320,GIANT 50'S CHRISTMAS CRACKER,2661.0,7053.57,333.0,260.0,-37.57,7016.0
23321,SMALL WHITE HEART OF WICKER,4716.0,8438.539999999999,629.0,378.0,-64.35,8374.189999999999
23322,LARGE WHITE HEART OF WICKER,3069.0,8878.210000000001,562.0,350.0,-169.85000000000002,8708.36
23323,WHITE WICKER STAR ,1469.0,3146.78,294.0,210.0,-6.300000000000001,3140.48
23324,RUSTIC STRAWBERRY JAM POT LARGE ,399.0,816.0400000000001,44.0,38.0,-67.51,748.5300000000001
23325,RUSTIC STRAWBERRY JAM POT SMALL,462.0,740.9399999999999,35.0,27.0,-29.699999999999996,711.2399999999999
23326,HANGING MINI COLOURED BOTTLES,3442.0,2237.08,76.0,52.0,0.0,2237.08
23327,HANGING CLEAR MINI BOTTLE,1734.0,1051.14,41.0,33.0,-4.720000000000001,1046.42
23328,SET 6 SCHOOL MILK BOTTLES IN CRATE,2841.0,13269.49,405.0,195.0,-29.64,13239.85
23329,DECORATIVE WICKER HEART LARGE,1767.0,3038.1899999999996,233.0,168.0,-4.949999999999999,3033.24
23330,DECORATIVE WICKER HEART MEDIUM,1794.0,2286.97,216.0,158.0,-7.5,2279.47
23331,DECORATIVE WICKER HEART SMALL,1596.0,1062.28,109.0,67.0,0.0,1062.28
23332,IVORY WICKER HEART LARGE,2059.0,3542.7099999999996,287.0,207.0,-3.3,3539.4099999999994
23333,IVORY WICKER HEART MEDIUM,2089.0,2695.45,233.0,179.0,-15.0,2680.45
23334,IVORY WICKER HEART SMALL,2271.0,1491.75,130.0,83.0,0.0,1491.75
23335,EGG FRYING PAN IVORY ,377.0,790.7800000000001,96.0,62.0,-24.96,765.82
23336,EGG FRYING PAN PINK ,225.0,519.25,85.0,46.0,0.0,519.25
23337,EGG FRYING PAN MINT ,180.0,388.75,69.0,49.0,0.0,388.75
23338,EGG FRYING PAN RED ,431.0,915.4000000000001,109.0,62.0,-12.48,902.9200000000001
23339,EGG FRYING PAN BLUE ,173.0,400.84000000000003,76.0,43.0,0.0,400.84000000000003
23340,VINTAGE CHRISTMAS CAKE FRILL,2500.0,4034.08,151.0,112.0,0.0,4034.08
23341,PINK DINER WALL CLOCK,307.0,2741.35,121.0,75.0,0.0,2741.35
23342,MINT DINER WALL CLOCK,373.0,3176.41,163.0,105.0,-8.5,3167.91
23343,JUMBO BAG VINTAGE CHRISTMAS ,6078.0,13972.710000000001,476.0,286.0,-505.68,13467.03
23344,JUMBO BAG 50'S CHRISTMAS ,10285.0,23772.07,716.0,391.0,-486.96000000000004,23285.11
23345, DOLLY GIRL BEAKER,2451.0,2886.25,174.0,100.0,-8.75,2877.5
23346,SPACEBOY BEAKER,2628.0,3112.34,184.0,106.0,-7.5,3104.84
23347,I LOVE LONDON BEAKER,860.0,1077.3,97.0,51.0,-42.5,1034.8
23348,CHILDRENS TOY COOKING UTENSIL SET,746.0,1633.81,168.0,95.0,-47.260000000000005,1586.55
23349,ROLL WRAP VINTAGE CHRISTMAS,3221.0,4342.6,337.0,214.0,-30.0,4312.6
23350,ROLL WRAP VINTAGE SPOT ,2712.0,3445.08,305.0,205.0,-30.0,3415.08
23351,ROLL WRAP 50'S CHRISTMAS,3535.0,4875.65,354.0,242.0,-104.88,4770.7699999999995
23352,ROLL WRAP 50'S RED CHRISTMAS ,1800.0,2459.2,212.0,151.0,-15.0,2444.2
23353,6 GIFT TAGS VINTAGE CHRISTMAS ,4007.0,3510.0499999999997,327.0,227.0,-19.919999999999998,3490.1299999999997
23354,6 GIFT TAGS 50'S CHRISTMAS ,3740.0,3429.3999999999996,322.0,235.0,-49.8,3379.5999999999995
23355,HOT WATER BOTTLE KEEP CALM,5816.0,28718.800000000003,782.0,474.0,-417.6,28301.200000000004
23356,LOVE HOT WATER BOTTLE,2359.0,13334.320000000002,476.0,316.0,-53.55,13280.770000000002
23357,HOT WATER BOTTLE SEX BOMB,450.0,1982.0500000000002,102.0,79.0,0.0,1982.0500000000002
23358,HOT STUFF HOT WATER BOTTLE,594.0,2008.38,89.0,61.0,-125.94,1882.44
23359,SET OF 12 T-LIGHTS VINTAGE DOILY,990.0,1866.4599999999998,79.0,73.0,0.0,1866.4599999999998
23360,SET 8 CANDLES VINTAGE DOILY,1182.0,2286.4,114.0,94.0,0.0,2286.4
23365,SET 12 COLOUR PENCILS LOVE LONDON,1857.0,1463.0800000000002,169.0,107.0,0.0,1463.0800000000002
23366,SET 12 COLOURING PENCILS DOILY,2249.0,1667.95,195.0,115.0,0.0,1667.95
23367,SET 12 COLOUR PENCILS SPACEBOY ,3278.0,2491.2000000000003,282.0,184.0,-10.4,2480.8
23368,SET 12 COLOUR PENCILS DOLLY GIRL ,2379.0,1679.5500000000002,232.0,134.0,-3.9000000000000004,1675.65
23369,SET 36 COLOUR PENCILS LOVE LONDON,1105.0,1581.06,126.0,80.0,0.0,1581.06
23370,SET 36 COLOURING PENCILS DOILY,1550.0,2151.6,151.0,86.0,-1.25,2150.35
23371,SET 36 COLOUR PENCILS SPACEBOY ,1705.0,2304.78,185.0,98.0,0.0,2304.78
23372,SET 36 COLOUR PENCILS DOLLY GIRL,1389.0,1750.29,147.0,76.0,-20.0,1730.29
23373,VINTAGE CHRISTMAS PAPER GIFT BAG,1608.0,1313.3899999999999,100.0,86.0,0.0,1313.3899999999999
23374,RED SPOT PAPER GIFT BAG,2456.0,1962.83,131.0,108.0,-13.12,1949.71
23375,50'S CHRISTMAS PAPER GIFT BAG,1342.0,1100.6899999999998,103.0,85.0,-0.82,1099.87
23376,PACK OF 12 VINTAGE CHRISTMAS TISSUE,3039.0,1384.9099999999999,155.0,104.0,-9.36,1375.55
23377,PACK OF 12 DOLLY GIRL TISSUES,1351.0,592.4499999999999,133.0,69.0,-3.12,589.3299999999999
23378,PACK OF 12 50'S CHRISTMAS TISSUES,3997.0,1840.08,176.0,127.0,0.0,1840.08
23379,PACK OF 12 RED APPLE TISSUES,1220.0,465.36,76.0,49.0,0.0,465.36
23380,PACK OF 12 VINTAGE DOILY TISSUES,2344.0,983.5,121.0,86.0,-14.04,969.46
23381,PACK OF 12 VINTAGE LEAF TISSUES ,1496.0,562.88,80.0,59.0,0.0,562.88
23382,BOX OF 6 CHRISTMAS CAKE DECORATIONS,1875.0,7356.18,220.0,136.0,-63.75,7292.43
23388,WOODLAND MINI BACKPACK,821.0,3432.09,154.0,115.0,0.0,3432.09
23389,SPACEBOY MINI BACKPACK,1115.0,4751.49,237.0,159.0,-8.3,4743.19
23390,DOLLY GIRL MINI BACKPACK,747.0,3025.59,163.0,117.0,-4.15,3021.44
23391, I LOVE LONDON MINI BACKPACK,389.0,1628.17,87.0,58.0,0.0,1628.17
23392,SPACEBOY ROCKET LOLLY MAKERS,662.0,1475.03,113.0,70.0,-49.92,1425.11
23393,HOME SWEET HOME CUSHION COVER ,801.0,3207.91,229.0,165.0,-78.75,3129.16
23394,POSTE FRANCE CUSHION COVER,435.0,1877.65,150.0,90.0,0.0,1877.65
23395,BELLE JARDINIERE CUSHION COVER,748.0,3257.08,210.0,141.0,-26.25,3230.83
23396,LE JARDIN BOTANIQUE CUSHION COVER,654.0,2750.5299999999997,196.0,134.0,-15.0,2735.5299999999997
23397,FOOT STOOL HOME SWEET HOME ,489.0,5097.65,217.0,139.0,-59.699999999999996,5037.95
23398,HANGING HEART BONHEUR,606.0,535.35,69.0,53.0,-0.85,534.5
23399,HOME SWEET HOME HANGING HEART,1914.0,1745.55,225.0,146.0,0.0,1745.55
23400,SHELF WITH 4 HOOKS HOME SWEET HOME,461.0,2409.34,107.0,76.0,-12.5,2396.84
23401,RUSTIC MIRROR WITH LACE HEART,459.0,2354.87,83.0,59.0,-18.75,2336.12
23402,HOME SWEET HOME 3 PEG HANGER ,296.0,1147.28,68.0,47.0,0.0,1147.28
23403,LETTER HOLDER HOME SWEET HOME,625.0,2204.11,134.0,80.0,-11.25,2192.86
23404,HOME SWEET HOME BLACKBOARD,1011.0,4561.76,169.0,104.0,-143.55,4418.21
23405,HOME SWEET HOME 2 DRAWER CABINET,252.0,1311.48,70.0,54.0,-4.95,1306.53
23406,HOME SWEET HOME KEY HOLDER,456.0,2422.6600000000003,111.0,65.0,-18.75,2403.9100000000003
23407,SET OF 2 TRAYS HOME SWEET HOME,265.0,2709.43,133.0,103.0,-59.699999999999996,2649.73
23408,PHOTO FRAME LINEN AND LACE SMALL,310.0,644.8000000000001,59.0,53.0,-29.12,615.6800000000001
23409,PHOTO FRAME LINEN AND LACE LARGE,215.0,801.6800000000001,43.0,39.0,-26.25,775.4300000000001
23410,CURIO CABINET LINEN AND LACE ,36.0,290.1,18.0,16.0,-8.15,281.95000000000005
23411, TRELLIS COAT RACK,227.0,1118.6100000000001,56.0,42.0,-4.95,1113.66
23412,HEART MIRROR ANTIQUE WHITE,358.0,2354.8,76.0,64.0,-15.0,2339.8
23414,ZINC BOX SIGN HOME,141.0,1378.75,64.0,58.0,-39.8,1338.95
23415,HOME SWEET HOME HOOK,328.0,412.17999999999995,47.0,42.0,-8.25,403.92999999999995
23416,CHAMBRE HOOK,132.0,184.67999999999998,25.0,18.0,0.0,184.67999999999998
23417,BATHROOM HOOK,146.0,157.5,27.0,21.0,0.0,157.5
23418,LAVENDER TOILETTE BOTTLE,557.0,1166.0,79.0,55.0,0.0,1166.0
23419,HOME SWEET HOME BOTTLE ,473.0,1043.72,86.0,56.0,-2.08,1041.64
23420,PANTRY HOOK TEA STRAINER ,164.0,351.37,32.0,26.0,0.0,351.37
23421,PANTRY HOOK SPATULA,160.0,349.2,33.0,24.0,0.0,349.2
23422,PANTRY HOOK BALLOON WHISK ,213.0,477.89,47.0,29.0,0.0,477.89
23423,PANTRY 3 HOOK ROLLING PIN HANGER,219.0,876.9,66.0,47.0,-18.75,858.15
23424,GINGHAM RECIPE BOOK BOX,462.0,2509.62,135.0,87.0,-4.95,2504.67
23425,STORAGE TIN HOME SWEET HOME,275.0,621.44,56.0,35.0,-17.43,604.0100000000001
23426,METAL SIGN DROP YOUR PANTS,1275.0,3444.4300000000003,206.0,126.0,-17.34,3427.09
23427,STOOL HOME SWEET HOME ,237.0,2860.58,114.0,87.0,-22.9,2837.68
23428,IVORY RETRO KITCHEN WALL CLOCK,77.0,675.91,33.0,25.0,-16.3,659.61
23429,RED RETRO KITCHEN WALL CLOCK,47.0,400.01,23.0,19.0,0.0,400.01
23430,BLUE RETRO KITCHEN WALL CLOCK,36.0,301.88,18.0,16.0,0.0,301.88
23431,NATURAL HANGING QUILTED HEARTS ,1449.0,1171.23,72.0,63.0,-13.28,1157.95
23432,PRETTY HANGING QUILTED HEARTS,1276.0,1088.36,74.0,65.0,0.0,1088.36
23433,HANGING QUILTED PATCHWORK APPLES,1258.0,1108.58,89.0,76.0,-39.01,1069.57
23434,3 RAFFIA RIBBONS 50'S CHRISTMAS ,2095.0,1884.17,199.0,129.0,-7.9,1876.27
23435,3 RAFFIA RIBBONS VINTAGE CHRISTMAS,824.0,732.4200000000001,99.0,40.0,0.0,732.4200000000001
23436,VINTAGE CHRISTMAS GIFT BAG LARGE ,1979.0,2367.39,114.0,91.0,-18.75,2348.64
23437, 50'S CHRISTMAS GIFT BAG LARGE,1939.0,2373.63,131.0,108.0,-2.5,2371.13
23438, RED SPOT GIFT BAG LARGE,1809.0,2209.92,109.0,88.0,0.0,2209.92
23439,HAND WARMER RED LOVE HEART,3986.0,8855.51,397.0,268.0,0.0,8855.51
23440,PAINT YOUR OWN EGGS IN CRATE,164.0,299.36,5.0,5.0,0.0,299.36
23441,HAND PAINTED HANGING EASTER EGG,22.0,9.24,3.0,3.0,0.0,9.24
23442,12 HANGING EGGS HAND PAINTED,40.0,83.2,7.0,7.0,0.0,83.2
23445,ICE CREAM BUBBLES,2668.0,2161.24,101.0,81.0,-16.599999999999998,2144.64
23446,BLUE BUNNY EASTER EGG BASKET,157.0,230.24999999999997,3.0,3.0,0.0,230.24999999999997
23447,PINK BUNNY EASTER EGG BASKET,158.0,231.89999999999998,4.0,4.0,0.0,231.89999999999998
23448,CREAM BUNNY EASTER EGG BASKET,25.0,41.24999999999999,3.0,3.0,0.0,41.24999999999999
23449,SET OF 6 EASTER RAINBOW CHICKS,12.0,15.0,1.0,1.0,0.0,15.0
23451,SQUARE MINI PORTRAIT FRAME,277.0,556.17,52.0,38.0,0.0,556.17
23452,HEART MINI PORTRAIT FRAME,518.0,1021.76,87.0,69.0,-1.95,1019.81
23453,OVAL  MINI PORTRAIT FRAME,316.0,615.98,47.0,40.0,0.0,615.98
23454,THREE MINI HANGING FRAMES,174.0,733.2,52.0,41.0,-8.3,724.9000000000001
23455,SMALL PARLOUR PICTURE FRAME,207.0,569.4300000000001,35.0,32.0,0.0,569.4300000000001
23456,MEDIUM PARLOUR PICTURE FRAME ,158.0,634.1,36.0,33.0,-8.3,625.8000000000001
23457,LARGE PARLOUR PICTURE FRAME,112.0,549.88,31.0,27.0,0.0,549.88
23458,DOLLY CABINET 3 DRAWERS ,51.0,762.4499999999999,30.0,30.0,-74.75,687.6999999999999
23459,DOLLY CABINET 2 DRAWERS ,33.0,412.5,19.0,19.0,-37.5,375.0
23460,SWEETHEART WALL TIDY ,108.0,1007.0799999999999,43.0,41.0,-49.75,957.3299999999999
23461,SWEETHEART BIRD HOUSE,847.0,3041.21,94.0,75.0,-16.6,3024.61
23462,ROCOCO WALL MIRROR WHITE,80.0,1607.04,46.0,43.0,-350.09999999999997,1256.94
23463,VINTAGE ZINC WATERING CAN,13.0,139.39999999999998,8.0,7.0,0.0,139.39999999999998
23464,VINTAGE ZINC WATERING CAN SMALL,18.0,99.2,8.0,6.0,0.0,99.2
23466,TUSCAN VILLA DOVECOTE BIRD FEEDER,12.0,99.0,4.0,4.0,0.0,99.0
23467,VINTAGE ZINC PLANTER  ,32.0,120.08000000000001,11.0,5.0,0.0,120.08000000000001
23468,TUSCAN VILLA BIRD TABLE ,19.0,156.75,11.0,11.0,0.0,156.75
23469,CARD HOLDER LOVE BIRD SMALL,332.0,1355.24,72.0,61.0,-16.6,1338.64
23470,CARD HOLDER LOVE BIRD LARGE ,232.0,1460.5,84.0,70.0,-70.7,1389.8
23471,SIX DRAWER OFFICE TIDY,65.0,616.79,27.0,26.0,0.0,616.79
23472, NINE DRAWER OFFICE TIDY,58.0,894.42,33.0,29.0,0.0,894.42
23473,WOODLAND SMALL RED FELT HEART,678.0,552.02,51.0,41.0,0.0,552.02
23474,WOODLAND SMALL BLUE FELT HEART,312.0,270.96,37.0,26.0,0.0,270.96
23475,WOODLAND SMALL PINK FELT HEART,286.0,242.17999999999998,31.0,25.0,0.0,242.17999999999998
23476,WOODLAND LARGE RED FELT HEART,205.0,264.72,22.0,18.0,0.0,264.72
23477,WOODLAND LARGE BLUE FELT HEART,92.0,123.47,13.0,8.0,0.0,123.47
23478,WOODLAND LARGE PINK FELT HEART,285.0,324.40000000000003,13.0,9.0,0.0,324.40000000000003
23479,WIRE EGG BASKET ,113.0,872.38,44.0,35.0,0.0,872.38
23480,MINI LIGHTS WOODLAND MUSHROOMS,1798.0,6719.14,215.0,143.0,-68.1,6651.04
23481,PEARLISED IVORY HEART SMALL ,228.0,281.17,29.0,23.0,0.0,281.17
23482,PEARLISED IVORY HEART LARGE ,418.0,661.02,39.0,32.0,0.0,661.02
23483,HANGING  BUTTERFLY T-LIGHT HOLDER,1328.0,1636.36,73.0,57.0,-26.240000000000002,1610.12
23484,HEART TRELLIS TRIPLE T-LIGHT HOLDER,185.0,547.35,35.0,25.0,0.0,547.35
23485,BOTANICAL GARDENS WALL CLOCK ,262.0,5843.92,83.0,70.0,-407.4,5436.52
23486,ANTIQUE HEART SHELF UNIT,275.0,4145.47,74.0,64.0,-199.65,3945.82
23487,SWEET HEART CAKE CARRIER,80.0,795.5799999999999,44.0,41.0,-89.55,706.03
23489,VINTAGE BELLS GARLAND,913.0,2709.23,159.0,125.0,0.0,2709.23
23490,T-LIGHT HOLDER HANGING LOVE BIRD,542.0,2032.77,101.0,83.0,-11.25,2021.52
23491,VINTAGE JINGLE BELLS HEART,228.0,1897.76,78.0,64.0,-8.25,1889.51
23492,VINTAGE JINGLE BELLS WREATH,76.0,635.38,28.0,24.0,0.0,635.38
23493,VINTAGE DOILY TRAVEL SEWING KIT,3964.0,8497.98,415.0,282.0,-11.399999999999999,8486.58
23494,VINTAGE DOILY DELUXE SEWING KIT ,809.0,5354.01,205.0,145.0,-386.75,4967.26
23495,SET OF 3 PANTRY WOODEN SPOONS,225.0,306.66,41.0,21.0,0.0,306.66
23496,PANTRY KITCHEN THERMOMETER ,112.0,154.52,31.0,21.0,0.0,154.52
23497,CLASSIC CHROME BICYCLE BELL ,2558.0,3656.02,195.0,150.0,-17.4,3638.62
23498,CLASSIC BICYCLE CLIPS ,1640.0,2372.68,99.0,77.0,0.0,2372.68
23499,SET 12 VINTAGE DOILY CHALK ,1312.0,586.23,110.0,86.0,0.0,586.23
23500,KEY RING BASEBALL BOOT ASSORTED ,1626.0,2038.33,98.0,76.0,0.0,2038.33
23501,KEY RING BASEBALL BOOT UNION JACK,1821.0,2217.87,112.0,77.0,0.0,2217.87
23502,PLAYING CARDS VINTAGE DOILY ,714.0,896.41,94.0,80.0,0.0,896.41
23503,PLAYING CARDS KEEP CALM & CARRY ON,3643.0,4860.55,335.0,284.0,-2.5,4858.05
23504,PLAYING CARDS JUBILEE UNION JACK,1927.0,2848.89,208.0,164.0,0.0,2848.89
23505,PLAYING CARDS I LOVE LONDON ,1200.0,1651.29,115.0,93.0,0.0,1651.29
23506,MINI PLAYING CARDS SPACEBOY ,2723.0,1129.1200000000001,146.0,114.0,0.0,1129.1200000000001
23507,MINI PLAYING CARDS BUFFALO BILL ,2882.0,1155.67,119.0,91.0,0.0,1155.67
23508,MINI PLAYING CARDS DOLLY GIRL ,2627.0,1163.45,120.0,95.0,-0.84,1162.6100000000001
23509,MINI PLAYING CARDS FUN FAIR ,1062.0,451.46000000000004,65.0,51.0,0.0,451.46000000000004
23510,MINI PLAYING CARDS GYMKHANA,2521.0,1118.8,120.0,90.0,0.0,1118.8
23511,EMBROIDERED RIBBON REEL EMILY ,571.0,1252.01,98.0,83.0,-10.4,1241.61
23512,EMBROIDERED RIBBON REEL ROSIE,500.0,975.24,57.0,46.0,0.0,975.24
23513,EMBROIDERED RIBBON REEL SUSIE ,566.0,1114.26,70.0,59.0,-12.48,1101.78
23514,EMBROIDERED RIBBON REEL SALLY ,478.0,977.39,74.0,57.0,-12.48,964.91
23515,EMBROIDERED RIBBON REEL DAISY ,579.0,1164.98,71.0,58.0,0.0,1164.98
23516,EMBROIDERED RIBBON REEL SOPHIE  ,296.0,1058.6,42.0,39.0,0.0,1058.6
23517,EMBROIDERED RIBBON REEL REBECCA ,334.0,996.38,63.0,50.0,0.0,996.38
23518,EMBROIDERED RIBBON REEL RACHEL ,361.0,980.41,44.0,40.0,-17.34,963.0699999999999
23519,EMBROIDERED RIBBON REEL CLAIRE,224.0,792.31,24.0,18.0,0.0,792.31
23520,EMBROIDERED RIBBON REEL RUBY ,167.0,600.55,32.0,30.0,0.0,600.55
23521,WALL ART CAT AND BIRD ,413.0,793.37,44.0,21.0,0.0,793.37
23522,WALL ART DOG AND BALL ,354.0,727.4399999999999,32.0,20.0,0.0,727.4399999999999
23523,WALL ART TREASURE AHOY ,360.0,1173.8100000000002,41.0,35.0,-22.5,1151.3100000000002
23524,WALL ART HORSE & PONY ,481.0,1557.63,63.0,42.0,-22.5,1535.13
23525,WALL ART BUFFALO BILL ,582.0,1863.8200000000002,53.0,38.0,-22.5,1841.3200000000002
23526,WALL ART DOG LICENCE ,1012.0,6021.4,143.0,79.0,-95.2,5926.2
23527,WALL ART ANIMALS AND NATURE ,420.0,1428.56,48.0,40.0,-26.25,1402.31
23528,WALL ART SPACEBOY,479.0,1504.49,50.0,30.0,0.0,1504.49
23529,WALL ART DOLLY GIRL ,637.0,2011.9900000000002,37.0,26.0,0.0,2011.9900000000002
23530,WALL ART ONLY ONE PERSON ,1056.0,4436.27,87.0,60.0,0.0,4436.27
23531,WALL ART BIG LOVE ,976.0,5538.26,112.0,77.0,0.0,5538.26
23532,WALL ART WORK REST AND PLAY  ,210.0,901.58,31.0,23.0,0.0,901.58
23533,WALL ART GARDEN HAVEN ,215.0,998.64,36.0,27.0,0.0,998.64
23534,WALL ART STOP FOR TEA ,1387.0,8608.9,260.0,159.0,-41.650000000000006,8567.25
23535,WALL ART BICYCLE SAFETY,1324.0,8440.24,215.0,135.0,-5.95,8434.289999999999
23536,WALL ART VILLAGE SHOW ,626.0,3442.13,85.0,68.0,-23.8,3418.33
23537,WALL ART I LOVE LONDON ,111.0,581.13,34.0,20.0,0.0,581.13
23538,WALL ART VINTAGE HEART,331.0,1329.54,32.0,25.0,0.0,1329.54
23539,WALL ART LOVES' SECRET ,247.0,1227.95,41.0,32.0,0.0,1227.95
23540,WALL ART THE MAGIC FOREST ,150.0,947.0600000000001,14.0,9.0,0.0,947.0600000000001
23541,WALL ART CLASSIC PUDDINGS ,872.0,6823.91,152.0,97.0,-16.5,6807.41
23542,WALL ART 70'S ALPHABET ,506.0,3800.16,89.0,55.0,-48.7,3751.46
23543,WALL ART KEEP CALM ,1236.0,7010.76,103.0,81.0,0.0,7010.76
23544,WALL ART MID CENTURY MODERN ,164.0,1015.78,20.0,17.0,-8.25,1007.53
23545,WRAP RED VINTAGE DOILY,2480.0,1025.6,84.0,76.0,0.0,1025.6
23546,WRAP PAISLEY PARK ,3250.0,1365.0,120.0,106.0,0.0,1365.0
23547,WRAP FLOWER SHOP  ,1575.0,661.5,62.0,57.0,0.0,661.5
23548,WRAP MAGIC FOREST ,1075.0,451.5,43.0,42.0,0.0,451.5
23549,WRAP BIRD GARDEN ,1305.0,548.1,52.0,46.0,0.0,548.1
23550,WRAP ALPHABET POSTER  ,1855.0,763.1,64.0,60.0,0.0,763.1
23551,PACK OF 12 PAISLEY PARK TISSUES ,1840.0,839.8399999999999,136.0,88.0,0.0,839.8399999999999
23552,BICYCLE PUNCTURE REPAIR KIT ,1863.0,3881.91,116.0,93.0,0.0,3881.91
23553,LANDMARK FRAME CAMDEN TOWN ,568.0,6444.65,68.0,50.0,0.0,6444.65
23554,LANDMARK FRAME OXFORD STREET,422.0,4805.53,57.0,49.0,0.0,4805.53
23555,LANDMARK FRAME NOTTING HILL ,421.0,4780.57,50.0,45.0,0.0,4780.57
23556,LANDMARK FRAME COVENT GARDEN ,436.0,4937.01,53.0,46.0,-12.5,4924.51
23557,LANDMARK FRAME BAKER STREET ,350.0,3930.27,32.0,25.0,0.0,3930.27
23558,LANDMARK FRAME LONDON BRIDGE ,415.0,4703.87,52.0,43.0,0.0,4703.87
23559,WOODLAND BUNNIES LOLLY MAKERS,649.0,1482.41,124.0,69.0,0.0,1482.41
23560,SET OF 6 RIBBONS COUNTRY STYLE,172.0,499.18,26.0,20.0,0.0,499.18
23561,SET OF 6 RIBBONS PARTY,170.0,476.0,16.0,13.0,0.0,476.0
23562,SET OF 6 RIBBONS PERFECTLY PRETTY  ,251.0,724.59,43.0,37.0,0.0,724.59
23564,EGG CUP MILKMAID INGRID,644.0,841.31,76.0,39.0,0.0,841.31
23565,EGG CUP MILKMAID HELGA ,410.0,586.31,63.0,28.0,-6.25,580.06
23566,EGG CUP MILKMAID HEIDI,881.0,1156.93,83.0,44.0,-5.0,1151.93
23567,EGG CUP HENRIETTA HEN PINK,211.0,291.58,37.0,15.0,-1.25,290.33
23568,EGG CUP HENRIETTA HEN CREAM ,630.0,787.52,48.0,24.0,-1.25,786.27
23569,TRADTIONAL ALPHABET STAMP SET,954.0,4717.66,192.0,152.0,-9.9,4707.76
23570,TRADITIONAL PICK UP STICKS GAME ,2772.0,4931.87,276.0,203.0,0.0,4931.87
23571,TRADITIONAL NAUGHTS & CROSSES,2841.0,6406.91,257.0,195.0,0.0,6406.91
23574,PACKING CHARGE,14.0,105.0,14.0,9.0,-15.0,90.0
23575,SNACK TRAY PAISLEY PARK,179.0,367.34999999999997,32.0,22.0,0.0,367.34999999999997
23576,SNACK TRAY RED VINTAGE DOILY,198.0,400.03999999999996,37.0,28.0,0.0,400.03999999999996
23578,SNACK TRAY RED GINGHAM,60.0,125.72,14.0,11.0,0.0,125.72
23579,SNACK TRAY I LOVE LONDON,169.0,358.75,35.0,22.0,0.0,358.75
23580,SNACK TRAY HAPPY FOREST  ,116.0,234.92,25.0,20.0,0.0,234.92
23581,JUMBO BAG PAISLEY PARK,5020.0,11581.83,338.0,230.0,-224.76,11357.07
23582,VINTAGE DOILY JUMBO BAG RED ,4802.0,10206.41,259.0,186.0,-222.68,9983.73
23583,LUNCH BAG PAISLEY PARK  ,3385.0,5497.33,325.0,233.0,-16.5,5480.83
23597,PAPER BUNTING PAISLEY PARK,249.0,679.07,31.0,28.0,-17.700000000000003,661.37
23598,PAPER BUNTING VINTAGE PARTY,427.0,1215.53,47.0,40.0,0.0,1215.53
23601,SET 10 CARDS SNOWY SNOWDROPS  17100,8.0,19.92,4.0,0.0,0.0,19.92
23602,SET 10 CARDS 3 WISE MEN 17107,1.0,2.91,1.0,0.0,0.0,2.91
23603,SET 10 CARD KRAFT REINDEER 17084,20.0,49.800000000000004,14.0,0.0,0.0,49.800000000000004
23604,SET 10 MINI SANTA & SNOWMAN  17087,4.0,6.64,2.0,0.0,0.0,6.64
23605,SET 10 CARDS 12 DAYS OF XMAS 17059,4.0,11.64,1.0,0.0,0.0,11.64
23607,SET 10 CARDS HATS & STOCKINGS 17081,8.0,13.28,7.0,0.0,0.0,13.28
23608,SET 10 CARDS RUDOLPHS NOSE 17097,4.0,11.64,3.0,0.0,0.0,11.64
23609,SET 10 CARDS SNOWY ROBIN 17099,1.0,2.91,1.0,0.0,0.0,2.91
23610,SET 10 CARDS CHRISTMAS ROBIN 17095,3.0,6.24,3.0,0.0,0.0,6.24
23611,SET 10 CARDS RED RIDING HOOD 17214,40.0,99.60000000000001,16.0,0.0,0.0,99.60000000000001
23612,SET 10 MINICARDS CUTE SNOWMAN 17071,5.0,8.299999999999999,2.0,0.0,0.0,8.299999999999999
23613,SET 10 XMAS CARDS & BADGES 17070,11.0,27.39,6.0,0.0,0.0,27.39
23614,SET 10 CARDS 12 DAYS WRAP  17058,26.0,86.58000000000001,11.0,0.0,0.0,86.58000000000001
23615,SET 10 CARDS PRINTED GRAPHIC 17219,4.0,9.96,4.0,0.0,0.0,9.96
23616,SET 10 CARDS JINGLE BELLS 17217,8.0,19.92,7.0,0.0,0.0,19.92
23617,SET 10 CARDS SWIRLY XMAS TREE 17104,2.0,5.82,1.0,0.0,0.0,5.82
23619,SET 10 CARDS POINSETTIA 17093,4.0,9.96,2.0,0.0,0.0,9.96
23620,SET 10 CARDS PERFECT POST 17090,10.0,24.900000000000002,7.0,0.0,0.0,24.900000000000002
23621,SET 10 CARDS DAVID'S MADONNA 17074,6.0,14.940000000000001,4.0,0.0,0.0,14.940000000000001
23623,SET 10 CARD CHRISTMAS WELCOME 17112,8.0,23.28,6.0,0.0,0.0,23.28
23624,SET 10 CARD PERFECT NATIVITY 17089,4.0,9.96,4.0,0.0,0.0,9.96
23625,SET 6 CARDS SPARKLY REINDEER 17262,9.0,44.910000000000004,4.0,0.0,0.0,44.910000000000004
23626,SET 10 CARDS DINKY TREE 17076,43.0,107.07000000000001,16.0,0.0,0.0,107.07000000000001
23627,SET 10 CARDS XMAS GRAPHIC  17218,7.0,17.43,2.0,0.0,0.0,17.43
23628,SET 10 CARDS TRIANGLE ICONS  17220,1.0,2.91,1.0,0.0,0.0,2.91
23629,SET 10 CARDS DRESSING UP 17077,24.0,59.760000000000005,10.0,0.0,0.0,59.760000000000005
23630,SET 10 CARDS HANGING BAUBLES 17080,2.0,5.48,2.0,1.0,-2.99,2.49
23632,SET 10 CARDS CHEERFUL ROBIN 17065,15.0,31.200000000000003,10.0,0.0,0.0,31.200000000000003
23633,SET 10 CARDS WORLD CHILDREN 17067,3.0,7.470000000000001,3.0,0.0,0.0,7.470000000000001
23634,SET 10 CARDS XMAS CHOIR 17068,5.0,14.55,5.0,0.0,0.0,14.55
23635,SET 10 CARDS CHRISTMAS HOLLY  17259,3.0,12.48,3.0,0.0,0.0,12.48
23636,SET 10 CARDS WISHING TREE 17116,9.0,26.19,7.0,0.0,0.0,26.19
23637,SET 10 CARDS OUT OF ORDER 17216,11.0,27.39,9.0,0.0,0.0,27.39
23638,SET 10 CARDS ROBIN WATERPUMP  17096,2.0,5.82,2.0,0.0,0.0,5.82
23639,SET 10 CARDS MAGICAL TREE 17086,4.0,13.32,4.0,0.0,0.0,13.32
23640,SET 10 CARDS SCOTTIE DOG 17211,9.0,22.410000000000004,8.0,0.0,0.0,22.410000000000004
23643,SET 10 CARDS CHRISTMAS BAUBLE 16954,1.0,3.33,1.0,0.0,0.0,3.33
23644,SET 10 CARDS CHRISTMAS TREE 16955,5.0,16.65,5.0,0.0,0.0,16.65
23645,SET 10 CHRISTMAS CARDS HOHOHO 16956,9.0,22.410000000000004,4.0,0.0,0.0,22.410000000000004
23646,SET 10 CARDS JINGLE BELLS 16957,8.0,19.92,5.0,0.0,0.0,19.92
23649,SET 10 CARDS DECK THE HALLS 16960,2.0,4.98,2.0,0.0,0.0,4.98
23650,SET 10 CARDS FILIGREE BAUBLE 16961,4.0,9.96,4.0,0.0,0.0,9.96
23652,SET 10 CARD CHRISTMAS STAMPS 16963,2.0,5.82,1.0,0.0,0.0,5.82
23654,SET 10 CARD SNOWMAN 16965,5.0,12.450000000000001,4.0,0.0,0.0,12.450000000000001
23660,HENRIETTA HEN MUG ,306.0,534.66,42.0,30.0,-26.4,508.26
23661,MILK MAIDS MUG ,219.0,393.59,33.0,23.0,-33.0,360.59
23664,FLOWER SHOP DESIGN MUG,1.0,1.65,1.0,1.0,0.0,1.65
23681,LUNCH BAG RED VINTAGE DOILY,1576.0,2525.04,132.0,105.0,0.0,2525.04
23691,WRAP KEEP CALM BIRTHDAY,1175.0,481.5,38.0,36.0,0.0,481.5
23692,WRAP A PRETTY THANK YOU,50.0,21.0,2.0,2.0,0.0,21.0
23694,PAISLEY PARK CARD,376.0,165.07999999999998,41.0,23.0,0.0,165.07999999999998
23695,DOILY THANK YOU CARD,741.0,313.24,57.0,41.0,0.0,313.24
23697,A PRETTY THANK YOU CARD,456.0,194.58,35.0,26.0,0.0,194.58
23702,High Resolution Image,4.0,27.0,3.0,3.0,0.0,27.0
23843,"PAPER CRAFT , LITTLE BIRDIE",80995.0,168469.6,1.0,1.0,-168469.6,0.0
30086C,ASSORTED FRUIT STRAWS,1.0,1.7,1.0,0.0,0.0,1.7
35001B,HAND OPEN SHAPE BLACK,17.0,59.330000000000005,6.0,5.0,-5.9,53.43000000000001
35001C,HAND OPEN SHAPE CHROME,0.0,0.0,0.0,0.0,-10.17,-10.17
35001G,HAND OPEN SHAPE GOLD,758.0,2406.1,103.0,46.0,-37.29,2368.81
35001P,HAND OPEN SHAPE PINK,2.0,6.98,2.0,2.0,-3.49,3.49
35001W,HAND OPEN SHAPE DECO.WHITE,969.0,3064.71,190.0,78.0,-66.81,2997.9
35004B,SET OF 3 BLACK FLYING DUCKS,1500.0,6932.150000000001,275.0,64.0,-389.85,6542.3
35004C,SET OF 3 COLOURED  FLYING DUCKS,3280.0,17027.23,355.0,112.0,-436.1,16591.13
35004G,SET OF 3 GOLD FLYING DUCKS,363.0,1444.9099999999999,76.0,46.0,-22.59,1422.32
35004P,SET OF 3 PINK FLYING DUCKS,120.0,638.97,43.0,17.0,0.0,638.97
35004S,SET OF 3 SILVER FLYING DUCKS,145.0,505.4,24.0,12.0,-56.519999999999996,448.88
35004c,SET OF 3 COLOURED  FLYING DUCKS,27.0,343.72,25.0,0.0,0.0,343.72
35004p,SET OF 3 PINK FLYING DUCKS,1.0,12.72,1.0,0.0,0.0,12.72
35004s,SET OF 3 SILVER FLYING DUCKS,1.0,13.0,1.0,0.0,0.0,13.0
35015,JACOBS LADDER SMALL,2072.0,134.08,39.0,35.0,0.0,134.08
35051B,PINK BEADED CONE CHRISTMAS,14.0,5.88,2.0,2.0,0.0,5.88
35071,ASSORTED SANTA CHRISTMAS DECORATION,50.0,51.13999999999999,7.0,5.0,0.0,51.13999999999999
35085E,IVORY ROSE LAMPSHADE ,39.0,44.25,9.0,7.0,0.0,44.25
35095A,BLUE VICTORIAN FABRIC OVAL BOX,1813.0,728.92,166.0,61.0,0.0,728.92
35095B,RED VICTORIAN FABRIC OVAL BOX,1957.0,770.84,177.0,73.0,0.0,770.84
35096A,BLUE VICTORIAN FABRIC HEART BOX,765.0,272.45,50.0,18.0,0.0,272.45
35096B,RED VICTORIAN FABRIC HEART BOX,293.0,106.49000000000001,25.0,20.0,0.0,106.49000000000001
35160,BUDDHA INCENSE HOLDER ASSORTED,2180.0,1590.6399999999999,56.0,33.0,0.0,1590.6399999999999
35233,PASTA ENAMEL/BRASS CONTAINER,10.0,37.5,8.0,8.0,0.0,37.5
35240,ENAMEL BLUE RIM OVAL TRAY SET/2,49.0,416.01,39.0,35.0,0.0,416.01
35241,ENAMEL BLUE RIM BISCUIT BIN,312.0,1651.49,130.0,75.0,-59.400000000000006,1592.09
35265,COLOURFUL FLOWER FRUIT BOWL,21.0,80.0,16.0,14.0,0.0,80.0
35271S,GOLD PRINT PAPER BAG,439.0,89.58,20.0,17.0,0.0,89.58
35400,WOODEN BOX ADVENT CALENDAR ,1435.0,13999.1,419.0,241.0,-806.3,13192.800000000001
35443,RASTA IN BATH W SPLIFF ASHTRAY,16.0,13.6,10.0,9.0,0.0,13.6
35471A,SET OF 3 BIRD L.BLUE FEATHER,421.0,499.31,83.0,41.0,-31.25,468.06
35471D,SET OF 3 BIRD LIGHT PINK FEATHER ,2251.0,1611.9199999999998,348.0,158.0,-2.5,1609.4199999999998
35537,CANDLE RING W/CLEAR BEADS,13.0,5.46,3.0,3.0,0.0,5.46
35591T,TURQUOISE CHRISTMAS TREE ,19.0,23.75,9.0,9.0,0.0,23.75
35594,WOODEN CHRISTMAS TREE 3 HANGING,165.0,103.06,39.0,18.0,-10.08,92.98
35596,WOOD XMAS TREE 9 FIG SHELVES,29.0,24.65,4.0,4.0,0.0,24.65
35597A,DUSTY PINK CHRISTMAS TREE 30CM,11.0,13.75,4.0,4.0,0.0,13.75
35597B,BLACKCHRISTMAS TREE 30CM,79.0,225.35,7.0,6.0,0.0,225.35
35597D,PINK/WHITE CHRISTMAS TREE 30CM,58.0,25.28,7.0,7.0,0.0,25.28
35598A,DUSTY PINK CHRISTMAS TREE 60CM,10.0,29.500000000000004,3.0,3.0,0.0,29.500000000000004
35598B,BLACK CHRISTMAS TREE 60CM,958.0,902.9200000000001,57.0,37.0,0.0,902.9200000000001
35598C,WHITE CHRISTMAS TREE 60CM,3.0,8.850000000000001,3.0,3.0,0.0,8.850000000000001
35598D,PINK/WHITE CHRISTMAS TREE 60CM,1764.0,1359.17,103.0,43.0,-0.65,1358.52
35599B,BLACK CHRISTMAS TREE 120CM,276.0,1022.09,51.0,26.0,0.0,1022.09
35599D,PINK AND WHITE CHRISTMAS TREE 120CM,409.0,1384.21,103.0,23.0,-17.700000000000003,1366.51
35600D,PINK AND WHITE CHRISTMAS TREE 180CM,141.0,497.70000000000005,13.0,11.0,0.0,497.70000000000005
35603B,S/16 BLACK SHINY/MAT BAUBLES,50.0,21.0,2.0,1.0,-50.400000000000006,-29.400000000000006
35603C,SET/16 WHITE SHINY & MATT BAUBLES,83.0,48.3,24.0,19.0,0.0,48.3
35607A,PINK FLUFFY CHRISTMAS DECORATION,554.0,118.43,31.0,27.0,0.0,118.43
35607B,BLACK FEATHER CHRISTMAS DECORATION,312.0,62.3,17.0,15.0,0.0,62.3
35609A,PINK FEATHER CHRISTMAS DECORATION,447.0,133.23,24.0,17.0,0.0,133.23
35610A,PINK CHRISTMAS FLOCK DROPLET ,144.0,107.94,12.0,8.0,0.0,107.94
35610B,BLACK CHRISTMAS FLOCK DROPLET ,179.0,144.07,13.0,13.0,0.0,144.07
35610C,WHITE CHRISTMAS FLOCK DROPLET ,94.0,81.56,8.0,6.0,0.0,81.56
35611B,BLACK ASSORTED DROPLET DECORATION,62.0,45.760000000000005,3.0,2.0,0.0,45.760000000000005
35631B,BLUE GREEN CHRISTMAS HANGING BALL ,0.0,0.0,0.0,0.0,-0.19,-0.19
35633B,BLUE TINSEL GARLAND ,130.0,24.7,12.0,12.0,0.0,24.7
35637A,IVORY STRING CURTAIN WITH POLE ,552.0,1464.58,53.0,41.0,-5.95,1458.6299999999999
35637C,PINK STRING CURTAIN WITH POLE,100.0,331.14,19.0,14.0,0.0,331.14
35638A,PINK AND BLACK STRING CURTAIN,39.0,88.04999999999998,6.0,6.0,0.0,88.04999999999998
35638B,PINK/BLUE STRING CURTAIN ,118.0,313.28999999999996,11.0,7.0,0.0,313.28999999999996
35644,PAIR PINK/BLACK COATHANGERS,21.0,40.95,7.0,6.0,0.0,40.95
35645,VINTAGE BEAD PINK JEWEL BOX,61.0,301.81,34.0,18.0,0.0,301.81
35646,VINTAGE BEAD PINK EVENING BAG,647.0,1068.91,104.0,37.0,0.0,1068.91
35647,VINTAGE BEAD PINK SHADE ,563.0,748.24,74.0,19.0,0.0,748.24
35648,VINTAGE BEAD PINK PURSE ,1055.0,1318.1499999999999,143.0,48.0,-20.749999999999996,1297.3999999999999
35649,VINTAGE BEAD COSMETIC BAG ,1826.0,1362.8999999999999,53.0,20.0,0.0,1362.8999999999999
35650,VINTAGE BEAD PINK JEWEL STAND,3.0,14.850000000000001,3.0,3.0,0.0,14.850000000000001
35651,VINTAGE BEAD PINK SCARF ,460.0,1073.75,63.0,32.0,-19.799999999999997,1053.95
35652,VINTAGE BEAD CHAISE LONG JEWEL BOX,18.0,21.5,2.0,2.0,0.0,21.5
35653,VINTAGE BEAD NOTEBOOK,320.0,1020.9200000000001,113.0,42.0,0.0,1020.9200000000001
35654,VINTAGE BEAD FILLED PINK CUSHION,12.0,59.400000000000006,5.0,4.0,0.0,59.400000000000006
35751C,PURPLE CURRENT CANDLE RING,31.0,12.61,2.0,2.0,0.0,12.61
35751D,PINK CURRENT CANDLE RING,28.0,5.32,1.0,1.0,0.0,5.32
35793,S/3 PUPPIES CHRISTMAS DECORATIONS,108.0,216.33,15.0,7.0,0.0,216.33
35809A,ENAMEL PINK TEA CONTAINER,1138.0,1670.99,177.0,76.0,0.0,1670.99
35809B,ENAMEL BLUE RIM TEA CONTAINER,104.0,227.54000000000002,33.0,21.0,0.0,227.54000000000002
35809a,ENAMEL PINK TEA CONTAINER,11.0,45.75,10.0,0.0,0.0,45.75
35811A,ENAMEL PINK SUGAR CONTAINER,434.0,762.97,84.0,24.0,-4.2,758.77
35815B,"ACRYLIC JEWEL SNOWFLAKE,BLUE",95.0,43.940000000000005,3.0,2.0,0.0,43.940000000000005
35815P,"ACRYLIC JEWEL SNOWFLAKE, PINK",168.0,75.88000000000001,7.0,7.0,0.0,75.88000000000001
35816B,"ACRYLIC JEWEL ANGEL,BLUE",139.0,58.07,3.0,2.0,0.0,58.07
35816P,"ACRYLIC JEWEL ANGEL,PINK",297.0,137.43,9.0,7.0,0.0,137.43
35817B,"ACRYLIC JEWEL SNOWFLAKE,BLUE",143.0,61.3,3.0,2.0,0.0,61.3
35817P,"ACRYLIC JEWEL SNOWFLAKE,PINK",420.0,216.7,11.0,9.0,0.0,216.7
35818B,"ACRYLIC JEWEL ICICLE, BLUE",408.0,180.05,11.0,8.0,0.0,180.05
35818C,"ACRYLIC JEWEL ICICLE, CLEAR ",1.0,3.43,1.0,0.0,0.0,3.43
35818P,"ACRYLIC JEWEL ICICLE, PINK",560.0,245.51,25.0,18.0,0.0,245.51
35819B,"ACRYLIC HANGING JEWEL,BLUE",385.0,192.3,32.0,26.0,0.0,192.3
35819P,"ACRYLIC HANGING JEWEL,PINK",95.0,66.55,7.0,7.0,0.0,66.55
35821B,"JEWELLED DECORATION,BLUE",150.0,57.0,3.0,3.0,0.0,57.0
35821P,"JEWELLED DECORATION,PINK",2.0,5.9,2.0,2.0,0.0,5.9
35822B,"ACRYLIC BEAD CHAIN, BLUE",229.0,87.02,1.0,1.0,0.0,87.02
35822P,"ACRYLIC BEAD CHAIN, PINK",114.0,43.32,1.0,1.0,0.0,43.32
35823P,"ACRYLIC BEAD GARLAND,PINK",2.0,5.9,2.0,2.0,0.0,5.9
35824B,"HANGING FLOWERS+MIRROR,BLUE",528.0,203.24,6.0,4.0,0.0,203.24
35824C,"HANGING FLOWERS+MIRROR,CLEAR",235.0,117.05,8.0,8.0,0.0,117.05
35824P,"HANGING FLOWERS+MIRROR,PINK",324.0,136.44,3.0,2.0,0.0,136.44
35832,WOOLLY HAT SOCK GLOVE ADVENT STRING,1737.0,5341.85,188.0,132.0,-13.55,5328.3
35833G,4 GOLD FLOCK CHRISTMAS BALLS,136.0,227.38,34.0,23.0,0.0,227.38
35833P,4 PINK FLOCK CHRISTMAS BALLS,188.0,350.14,64.0,32.0,0.0,350.14
35837,SET OF SIX SILVER+RED FLOCK BAUBLES,2.0,1.7,1.0,1.0,0.0,1.7
35838A,S/6 MULTICOLOUR ORNAMENETAL CANDLE,180.0,184.4,20.0,18.0,0.0,184.4
35838B,S/6 SILVER ORNAMENETAL CANDLE,100.0,85.0,23.0,21.0,0.0,85.0
35840,FLAT GLASS  BAUBLE WHITE FLOCK ,45.0,107.13,11.0,5.0,-0.85,106.28
35909A,RABBIT EASTER DECORATION,20.0,59.00000000000001,5.0,5.0,0.0,59.00000000000001
35909B,PINK FLOWERS RABBIT EASTER,16.0,47.2,6.0,6.0,0.0,47.2
35910A,MULTICOLOUR EASTER RABBIT ,53.0,103.35,13.0,12.0,0.0,103.35
35910B,PINK FLOWERS RABBIT EASTER,29.0,61.07,8.0,6.0,0.0,61.07
35911A,MULTICOLOUR RABBIT EGG WARMER,388.0,466.69,96.0,38.0,0.0,466.69
35911B,PINK/FLOWER RABBIT EGG WARMER ,159.0,184.76000000000002,24.0,12.0,0.0,184.76000000000002
35912B,WHITE/PINK CHICK DECORATION,288.0,355.58000000000004,30.0,22.0,0.0,355.58000000000004
35913B,WHITE/PINK CHICK EASTER DECORATION,100.0,92.39,21.0,17.0,0.0,92.39
35914,PINK CHICK EGG WARMER + EGG CUP,245.0,345.0,56.0,25.0,0.0,345.0
35915A,CREAM KNITTED HEN,288.0,365.76,1.0,1.0,0.0,365.76
35915B,BLUE KNITTED HEN ,563.0,713.7299999999999,67.0,31.0,0.0,713.7299999999999
35915C,PEACH KNITTED HEN ,662.0,793.3199999999999,82.0,23.0,0.0,793.3199999999999
35916A,YELLOW FELT HANGING HEART W FLOWER,135.0,122.0,44.0,7.0,0.0,122.0
35916B,BLUE FELT HANGING HEART WITH FLOWER,133.0,121.33,46.0,5.0,0.0,121.33
35916C,PINK FELT HANGING HEART W FLOWER,159.0,170.87,42.0,9.0,0.0,170.87
35918B,BLUE FLORIBUNDA EGG WARMER,10.0,12.5,5.0,5.0,-1.25,11.25
35920,FOUR RABBIT EASTER DECORATIONS,1070.0,296.34,24.0,18.0,0.0,296.34
35921,EASTER BUNNY HANGING GARLAND,183.0,330.32,49.0,23.0,-1.25,329.07
35922,EASTER BUNNY WREATH,97.0,575.99,36.0,20.0,-19.8,556.19
35923,CANDY HEART HANGING DECORATION,1545.0,1023.77,112.0,51.0,-4.14,1019.63
35924,HANGING FAIRY CAKE DECORATION,2168.0,4062.02,188.0,65.0,-347.67999999999995,3714.34
35930,PINK HEART CHRISTMAS DECORATION,1.0,0.38,1.0,1.0,0.0,0.38
35931,PINK STAR CHRISTMAS DECORATION,156.0,78.12,15.0,14.0,0.0,78.12
35932,PINK CHRISTMAS TREE DECORATION,37.0,15.63,10.0,10.0,0.0,15.63
35933,PINK STOCKING CHRISTMAS DECORATION,319.0,131.38,28.0,20.0,0.0,131.38
35936,CERISE+GOLD CHRISTMAS TREE DEC,36.0,13.68,9.0,8.0,0.0,13.68
35937,CERISE+GOLD CHRISTMAS STOCKING DEC,188.0,71.44,17.0,16.0,0.0,71.44
35945,GOLD CHRISTMAS STOCKING DECORATION,1.0,1.95,1.0,1.0,0.0,1.95
35950,FOLKART HEART CHRISTMAS DECORATIONS,1.0,1.25,1.0,1.0,0.0,1.25
35951,FOLKART BAUBLE CHRISTMAS DECORATION,1352.0,717.99,46.0,35.0,0.0,717.99
35953,FOLKART STAR CHRISTMAS DECORATIONS,3917.0,2068.47,155.0,98.0,-60.0,2008.4699999999998
35954,SMALL FOLKART STAR CHRISTMAS DEC,2325.0,931.5500000000001,111.0,58.0,0.0,931.5500000000001
35955,SMALL FOLKART CHRISTMAS TREE DEC,135.0,34.620000000000005,4.0,4.0,0.0,34.620000000000005
35957,SMALLFOLKART BAUBLE CHRISTMAS DEC,3775.0,1387.74,148.0,51.0,-19.92,1367.82
35958,FOLKART ZINC STAR CHRISTMAS DEC,1143.0,994.8299999999999,82.0,58.0,0.0,994.8299999999999
35961,FOLKART ZINC HEART CHRISTMAS DEC,11521.0,9632.63,637.0,262.0,-0.85,9631.779999999999
35962,12 ASS ZINC CHRISTMAS DECORATIONS,581.0,1351.7800000000002,92.0,52.0,-2.1,1349.6800000000003
35963,FOLKART ZINC CLIP ON ANGEL WINGS,101.0,38.38,11.0,10.0,0.0,38.38
35964,FOLKART CLIP ON STARS,1189.0,693.08,132.0,50.0,0.0,693.08
35965,FOLKART HEART NAPKIN RINGS,643.0,1470.26,174.0,62.0,-18.96,1451.3
35966,FOLKART CHRISTMAS TREE T-LIGHT HOLD,255.0,111.34,26.0,20.0,0.0,111.34
35967,FOLK ART METAL STAR T-LIGHT HOLDER,966.0,507.59000000000003,112.0,50.0,-0.38,507.21000000000004
35968,FOLK ART METAL HEART T-LIGHT HOLDER,785.0,372.46000000000004,75.0,49.0,-9.5,362.96000000000004
35969,FOLKART CROWN TABLE DECORATIONS,523.0,542.47,76.0,36.0,0.0,542.47
35970,ZINC FOLKART SLEIGH BELLS,8400.0,15177.83,692.0,415.0,-122.85999999999999,15054.97
35971,ROSE FOLKART HEART DECORATIONS,1997.0,1994.02,217.0,91.0,-21.25,1972.77
35972,DAISY FOLKART HEART DECORATION,440.0,611.38,87.0,43.0,0.0,611.38
35973,GERANIUM FOLKART HEART DECORATION,49.0,61.25,13.0,11.0,0.0,61.25
35974,S/6 CHRISTMAS TREE PLACE SETTING,1.0,3.75,1.0,1.0,0.0,3.75
35976B,WHITE SCANDINAVIAN HEART CHRISTMAS,1.0,1.25,1.0,1.0,-15.0,-13.75
35979,SIX STRING SCANDINAVIAN HEART DECS,94.0,311.03000000000003,27.0,19.0,-35.400000000000006,275.63
35980B,RED TOP SCANDINAVIAN HEART ,4.0,1.52,2.0,2.0,0.0,1.52
35980C,REDWHITE STRIPE SCANDINAVIAN HEART ,377.0,147.64000000000001,29.0,28.0,-16.72,130.92000000000002
35981C,WHITE SNOW SCANDINAVIAN STOCKING ,589.0,297.62,67.0,55.0,0.0,297.62
35991,SET/6 BLACK SNOWFLAKE T-LIGHTS ,402.0,232.08,54.0,43.0,0.0,232.08
35995,SET/6 BLACK GLITTER REINDEER CANDLE,5.0,3.7800000000000002,5.0,4.0,0.0,3.7800000000000002
35999,S/6 SCANDINAVIAN HEART T-LIGHT,1.0,2.55,1.0,1.0,0.0,2.55
37112,YELLOW BIRDS FELT DES FOODCOVER,10.0,37.5,5.0,4.0,0.0,37.5
37326,FAIRY DESIGN MUGS,2.0,4.609999999999999,2.0,1.0,0.0,4.609999999999999
37327,ASSTD MULTICOLOUR CIRCLES MUG,1745.0,1061.83,88.0,42.0,-1.56,1060.27
37330,SPOTS MUG,517.0,927.4599999999999,28.0,19.0,-23.099999999999998,904.3599999999999
37333,"RETRO ""TEA FOR ONE"" ",147.0,815.0,58.0,26.0,0.0,815.0
37340,MULTICOLOUR SPRING FLOWER MUG,13674.0,3927.08,204.0,79.0,-501.2200000000001,3425.8599999999997
37343,SPOTS DESIGN MUG W PINK INSIDE,1123.0,1782.1999999999998,104.0,55.0,0.0,1782.1999999999998
37345,ASSTD HEARTS DESIGN MUGS,321.0,561.05,9.0,5.0,0.0,561.05
37348,SET OF 4 PASTEL STACKING MUGS,14.0,35.7,7.0,5.0,-5.1,30.6
37351,ORANGE FLOWER MUG ,5404.0,612.5099999999999,11.0,7.0,0.0,612.5099999999999
37352,BIRD IN TREE MUG ,4643.0,504.55,8.0,6.0,0.0,504.55
37379A,PINK CHERRY BLOSSOM CUP & SAUCER,41.0,159.2,16.0,5.0,-1.25,157.95
37379B,BLUE CHERRY BLOSSOM CUP & SAUCER,1122.0,181.5,3.0,3.0,0.0,181.5
37399,"ASS RETROSPOOF MUGS,SPORTS",143.0,75.0,6.0,6.0,0.0,75.0
37408,ASSORTED DESIGN GEISHA GIRL MUGS,5.0,6.25,1.0,1.0,0.0,6.25
37409,ASSORTED DESIGN FLOWER MUGS,7.0,5.949999999999999,3.0,3.0,0.0,5.949999999999999
37410,BLACK AND WHITE PAISLEY FLOWER MUG,25707.0,3288.65,33.0,13.0,-7.5,3281.15
37413,ICON MUG REVOLUTIONARY,703.0,284.49,81.0,52.0,0.0,284.49
37422,WHITE WITH BLACK CATS BOWL,434.0,292.08,73.0,14.0,0.0,292.08
37423,WHITE WITH BLACK CATS PLATE,6168.0,843.88,70.0,17.0,-295.2,548.6800000000001
37424,WHITE WITH BLACK CATS MUG,5249.0,1134.68,108.0,28.0,-274.56,860.1200000000001
37432,MUG PINK AND PURPLE ARABIC DESIGN,6.0,3.9000000000000004,1.0,1.0,0.0,3.9000000000000004
37441,ASSORTED WHITE EMBOSSED CHINA MUGS,700.0,1639.8000000000002,54.0,31.0,-2.1,1637.7000000000003
37444A,YELLOW BREAKFAST CUP AND SAUCER,2714.0,587.06,43.0,16.0,-172.98999999999998,414.06999999999994
37444B,BLUE BREAKFAST CUP AND SAUCER ,2012.0,415.5,28.0,14.0,-127.92,287.58
37444C,PINK BREAKFAST CUP AND SAUCER ,1657.0,688.49,54.0,14.0,-99.84,588.65
37446,MINI CAKE STAND WITH HANGING CAKES,3800.0,5483.23,410.0,168.0,-121.69999999999999,5361.53
37447,CERAMIC CAKE DESIGN SPOTTED PLATE,2930.0,4619.53,364.0,141.0,-109.16,4510.37
37448,CERAMIC CAKE DESIGN SPOTTED MUG,4619.0,6931.509999999999,528.0,198.0,-97.86,6833.65
37449,CERAMIC CAKE STAND + HANGING CAKES,2415.0,22672.61,477.0,205.0,-2244.1,20428.510000000002
37450,CERAMIC CAKE BOWL + HANGING CAKES,2467.0,7105.79,391.0,138.0,-193.2,6912.59
37451,CERAMIC CAKE TEAPOT WITH CHERRY,1.0,4.95,1.0,1.0,-8.5,-3.55
37461,FUNKY MONKEY MUG,743.0,779.89,95.0,35.0,-1.25,778.64
37462B,"PET MUG, BUDGIE",170.0,87.28,32.0,4.0,-0.42,86.86
37462E,"PET MUG, GOLDFISH",110.0,49.64,28.0,9.0,-2.52,47.12
37464,ROBOT MUG IN DISPLAY BOX,317.0,432.43,82.0,45.0,0.0,432.43
37467,PIG MUG IN TWO COLOUR DESIGNS,275.0,336.93,64.0,28.0,0.0,336.93
37468,HARDMAN MUG 3 ASSORTED,65.0,39.81,14.0,11.0,0.0,39.81
37471,MULTICOLOUR DOTS PLATE,1405.0,197.85,10.0,4.0,-68.4,129.45
37474,SET/4 2 TONE EGG SHAPE MIXING BOWLS,64.0,661.0,44.0,33.0,0.0,661.0
37475,SET/4 COLOURFUL MIXING BOWLS,116.0,1160.56,72.0,45.0,0.0,1160.56
37476,CONDIMENT TRAY 4 BOWLS AND 4 SPOONS,212.0,2066.64,77.0,22.0,0.0,2066.64
37477B,"FLOWER FAIRY MUG+COASTER,LAVENDER",11.0,41.25,8.0,6.0,-3.75,37.5
37477C,"FLOWER FAIRY MUG+COASTER,ROSE",6.0,22.5,1.0,1.0,0.0,22.5
37479B,CUBIC MUG FLOCK BLUE ON BROWN,1256.0,1103.5,32.0,20.0,0.0,1103.5
37479P,CUBIC MUG FLOCK PINK ON BROWN,172.0,165.18,34.0,17.0,0.0,165.18
37481,CUBIC MUG TEATIME CAKES,6.0,15.299999999999999,1.0,1.0,0.0,15.299999999999999
37482B,CUBIC MUG BLUE POLKA DOT,1251.0,1127.9099999999999,9.0,5.0,0.0,1127.9099999999999
37482P,CUBIC MUG PINK POLKADOT,668.0,908.86,83.0,50.0,0.0,908.86
37482b,CUBIC MUG BLUE POLKA DOT,1.0,17.35,1.0,0.0,0.0,17.35
37482p,CUBIC MUG PINK POLKA DOT,2.0,34.7,2.0,0.0,0.0,34.7
37483,ENGLISH ROSE MUG IN GIFT BOX,143.0,232.89,10.0,10.0,-2.55,230.33999999999997
37484,ENGLISH ROSE TEA FOR ONE GIFT BOX,1.0,6.75,1.0,1.0,0.0,6.75
37485,ENGLISH ROSE TEA SET IN GIFT BOX,49.0,207.69,15.0,10.0,0.0,207.69
37487B,YELLOW/ORANGE FLOWER DESIGN PLATE,68.0,19.72,2.0,2.0,0.0,19.72
37488A,YELLOW PINK FLOWER DESIGN BIG BOWL,31.0,19.770000000000003,5.0,4.0,-2.95,16.820000000000004
37489A,YELLOW/PINK FLOWER DESIGN BIG MUG,47.0,48.51,23.0,21.0,0.0,48.51
37489B,BLUE/YELLOW FLOWER DESIGN BIG MUG,39.0,32.37,17.0,17.0,0.0,32.37
37489C,GREEN/BLUE FLOWER DESIGN BIG MUG,28.0,28.009999999999998,12.0,10.0,0.0,28.009999999999998
37489D,PINK/GREEN FLOWER DESIGN BIG MUG,47.0,30.81,20.0,20.0,0.0,30.81
37491A,YELLOW/PINK CERAMIC CANDLE HOLDER,19.0,51.66,13.0,5.0,0.0,51.66
37491B,BLUE/YELLOW CERAMIC CANDLE HOLDER,14.0,30.08,8.0,5.0,0.0,30.08
37491C,GREEN/BLUE CERAMIC CANDLE HOLDER,58.0,167.52,10.0,7.0,0.0,167.52
37491D,PURPLE/BLUE CERAMIC CANDLE HOLDER,26.0,63.28,13.0,5.0,0.0,63.28
37492A,YELLOW RED FLOWER PIGGY BANK,108.0,216.07,11.0,7.0,-4.65,211.42
37492B,BLUE YELLOW FLOWER PIGGY BANK,489.0,946.7199999999999,44.0,33.0,-47.699999999999996,899.0199999999999
37492C,GREEN BLUE FLOWER PIGGY BANK,242.0,477.29999999999995,24.0,19.0,-4.65,472.65
37492D,PURPLE GREEN FLOWER PIGGY BANK,361.0,682.9899999999999,26.0,18.0,-13.2,669.7899999999998
37494A,FAIRY CAKE CERAMIC BUTTER DISH,237.0,793.44,51.0,18.0,-14.75,778.69
37494a,FAIRY CAKE CERAMIC BUTTER DISH,4.0,24.16,3.0,0.0,0.0,24.16
37495,FAIRY CAKE BIRTHDAY CANDLE SET,1580.0,5807.6,330.0,206.0,-493.2,5314.400000000001
37500,TEA TIME TEAPOT IN GIFT BOX,887.0,6869.719999999999,263.0,147.0,-119.97,6749.749999999999
37501,TEA TIME TEA SET IN GIFT BOX,487.0,3457.81,177.0,106.0,-104.25,3353.56
37502,TEA TIME MUG IN GIFT BOX,868.0,2599.79,171.0,97.0,-2.95,2596.84
37503,TEA TIME CAKE STAND IN GIFT BOX,2465.0,25428.329999999998,522.0,256.0,-515.45,24912.879999999997
37506,NEW ENGLAND MILK JUG W GIFT BOX,32.0,190.4,26.0,21.0,0.0,190.4
37508,NEW ENGLAND CERAMIC CAKE SERVER,89.0,229.57,46.0,35.0,0.0,229.57
37509,NEW ENGLAND MUG W GIFT BOX,30.0,76.5,14.0,14.0,-2.55,73.95
40001,WHITE BAMBOO RIBS LAMPSHADE,2492.0,1920.8799999999999,121.0,39.0,-30.08,1890.8
40002,WHITE BAMBOO RIBS LAMPSHADE,78.0,66.3,1.0,1.0,-5.1,61.199999999999996
40003,WHITE BAMBOO RIBS LAMPSHADE,1151.0,1258.27,60.0,34.0,-17.099999999999998,1241.17
40005B,BLUE ORGANDY ROUND LAMPSHADE W BEA,34.0,28.9,13.0,11.0,0.0,28.9
40016,CHINESE DRAGON PAPER LANTERNS,15682.0,5599.1,244.0,133.0,0.0,5599.1
40018E,TEA TIME PAPER LANTERNS,384.0,837.02,81.0,37.0,0.0,837.02
40018F,CHERRY DESIGN PAPERLANTERNS,1092.0,2100.33,117.0,69.0,-23.4,2076.93
40046A,RED DAISY PAPER LAMPSHADE,355.0,472.07,62.0,26.0,0.0,472.07
40046C,PINK BUTTERFLY PAPER LAMPSHADE,3.0,3.75,3.0,3.0,0.0,3.75
44089A,PINK GAUZE BUTTERFLY LAMPSHADE,40.0,16.8,13.0,11.0,0.0,16.8
44089C,LILAC GAUZE BUTTERFLY LAMPSHADE,68.0,28.56,18.0,14.0,0.0,28.56
44091A,BLUE CRUSOE CHECK LAMPSHADE,18.0,7.56,6.0,6.0,0.0,7.56
44091C,MULTICOLOUR CRUSOE CHECK LAMPSHADE,61.0,30.66,17.0,10.0,0.0,30.66
44092B,BLUE WHITE PLASTIC RINGS LAMPSHADE,15.0,12.75,6.0,4.0,0.0,12.75
44092C,PURPLE/COPPER HANGING LAMPSHADE,23.0,19.55,10.0,6.0,0.0,19.55
44217M,MULTICOLOUR FEATHERS CURTAIN,72.0,236.40000000000003,3.0,1.0,-236.40000000000003,0.0
44228,CANNABIS LEAF BEAD CURTAIN,48.0,40.8,3.0,3.0,0.0,40.8
44230,SQUARE MIRROR CURTAIN,347.0,3381.6200000000003,53.0,25.0,-77.91,3303.7100000000005
44234,ASSORTED CIRCULAR MOBILE,1220.0,264.76,56.0,28.0,-0.42,264.34
44235,ASS COL CIRCLE MOBILE ,821.0,305.94,22.0,16.0,0.0,305.94
44236,PINK/PURPLE CIRCLE CURTAIN,64.0,112.32000000000001,12.0,9.0,0.0,112.32000000000001
44241C,BLUE BUTTERFLY ON SPRING,70.0,59.5,8.0,7.0,0.0,59.5
44242A,LILAC FEATHERS CURTAIN,14.0,11.98,2.0,2.0,0.0,11.98
44242B,PINK FEATHERS CURTAIN,109.0,121.53,9.0,8.0,0.0,121.53
44265,M/COLOUR POM-POM CURTAIN,8.0,34.0,4.0,4.0,0.0,34.0
45008C,DECORATIVE NET CANOPY CREAM,83.0,792.0699999999999,34.0,16.0,0.0,792.0699999999999
45013,FOLDING SHOE TIDY,48.0,132.0,8.0,8.0,0.0,132.0
45014,FOLDING SHIRT TIDY,1.0,4.65,1.0,1.0,0.0,4.65
45016,DECORATIVE NET CANOPY LEOPARD,101.0,423.73,25.0,8.0,-22.5,401.23
46000M,POLYESTER FILLER PAD 45x45cm,2537.0,3932.3500000000004,353.0,205.0,-32.55,3899.8
46000P,POLYESTER FILLER PAD 65CMx65CM,215.0,913.75,49.0,37.0,-12.75,901.0
46000R,POLYESTER FILLER PAD 45x30cm,249.0,361.05,61.0,42.0,0.0,361.05
46000S,POLYESTER FILLER PAD 40x40cm,3486.0,5054.7,380.0,240.0,-101.5,4953.2
46000U,POLYESTER FILLER PAD 30CMx30CM,251.0,313.75,51.0,39.0,0.0,313.75
46037A,PINK CANVAS DES CUSHION COVER ,6.0,7.5,2.0,2.0,0.0,7.5
46115B,GREEN POP ART MAO CUSHION COVER ,292.0,55.480000000000004,22.0,19.0,0.0,55.480000000000004
46118,FUNKY MONKEY CUSHION COVER,374.0,522.05,72.0,23.0,0.0,522.05
46126A,ELVIS WALLHANGING / CURTAIN,317.0,419.99,48.0,23.0,0.0,419.99
46137D,GREEN CHENILLE SHAGGY RUG,45.0,132.75,4.0,2.0,0.0,132.75
46138B,BLUE CHENILLE SHAGGY CUSHION COVER ,71.0,156.29,25.0,12.0,-11.05,145.23999999999998
46138D,GREEN CHENILLE SHAGGY C/COVER,1.0,1.95,1.0,1.0,0.0,1.95
46307,ROSES BLUE BASE CUSHION COVER ,51.0,246.03,33.0,4.0,0.0,246.03
46775A,BUBBLE GUM CHUNKY KNITTED THROW ,83.0,1044.23,32.0,3.0,-16.95,1027.28
46775B,BERRIES CHUNKY KNITTED THROW ,5.0,84.75,4.0,3.0,0.0,84.75
46775D,SUNSET COLOUR CHUNKY KNITTED THROW,154.0,1949.2099999999998,95.0,28.0,-59.3,1889.9099999999999
46775E,CANDY POP CHUNKY KNITTED THROW ,101.0,1282.9,51.0,8.0,0.0,1282.9
46776A,WOVEN BUBBLE GUM CUSHION COVER,408.0,1291.65,121.0,19.0,0.0,1291.65
46776B,WOVEN BERRIES CUSHION COVER ,432.0,1386.07,153.0,16.0,0.0,1386.07
46776C,WOVEN FROST CUSHION COVER,260.0,913.52,96.0,14.0,0.0,913.52
46776D,WOVEN SUNSET CUSHION COVER ,153.0,658.07,76.0,7.0,-11.93,646.1400000000001
46776E,WOVEN CANDY CUSHION COVER ,207.0,670.52,77.0,9.0,0.0,670.52
46776F,WOVEN ROSE GARDEN CUSHION COVER ,487.0,1675.73,157.0,13.0,0.0,1675.73
46776a,WOVEN BUBBLE GUM CUSHION COVER,5.0,20.65,1.0,0.0,0.0,20.65
46776b,WOVEN BERRIES CUSHION COVER ,1.0,4.13,1.0,0.0,0.0,4.13
46776e,WOVEN CANDY CUSHION COVER ,1.0,4.13,1.0,0.0,0.0,4.13
46776f,WOVEN ROSE GARDEN CUSHION COVER ,7.0,28.91,1.0,0.0,0.0,28.91
47013A,WINE BOTTLE DRESSING LT.BLUE,141.0,39.87,25.0,21.0,0.0,39.87
47013C,WINE BOTTLE DRESSING DARK BLUE,147.0,40.519999999999996,27.0,18.0,-1.44,39.08
47016,LIGHT DECORATION BATTERY OPERATED,31.0,65.10000000000001,5.0,4.0,0.0,65.10000000000001
47021G,SET/6 BEAD COASTERS GAUZE BAG GOLD,716.0,549.52,70.0,28.0,0.0,549.52
47310M,SMALL POP BOX FUNKY MONKEY,747.0,1006.19,172.0,37.0,0.0,1006.19
47341A,FUSCHIA TABLE RUN FLOWER ,29.0,46.25,7.0,7.0,0.0,46.25
47341B,BLUE TABLE RUN FLOWER,48.0,67.5,14.0,13.0,0.0,67.5
47343A,FUSCHIA FLOWER PURSE WITH BEADS,206.0,215.2,23.0,21.0,0.0,215.2
47344B,BLUE FLOWER DES PURSE,54.0,56.16,10.0,10.0,0.0,56.16
47347B,BLUE FLOWER T-LIGHT HOLDER,240.0,179.88,11.0,6.0,0.0,179.88
47348A,FUSCHIA VOILE POINTY SHOE DEC,104.0,63.96,16.0,12.0,0.0,63.96
47351B,BLUE  VOILE LAMPSHADE,98.0,269.90000000000003,14.0,11.0,-122.39999999999999,147.50000000000006
47367B,PAIR PADDED HANGERS PINK CHECK,246.0,849.1700000000001,95.0,35.0,-3.75,845.4200000000001
47369A,PINK GREEN EMBROIDERY COSMETIC BAG,52.0,155.16,25.0,10.0,0.0,155.16
47369B,BLUE GREEN EMBROIDERY COSMETIC BAG,55.0,156.13,29.0,10.0,0.0,156.13
47420,ASSORTED COLOUR SUCTION CUP HOOK,360.0,68.4,31.0,23.0,0.0,68.4
47421,ASSORTED COLOUR LIZARD SUCTION HOOK,1487.0,582.78,74.0,23.0,-6.72,576.06
47422,ASSORTED MONKEY SUCTION CUP HOOK,1178.0,458.76,66.0,28.0,-20.580000000000002,438.18
47469,ASSORTED SHAPES PHOTO CLIP SILVER ,1220.0,594.28,29.0,21.0,-15.600000000000001,578.68
47471,RAINBOW PEGS PHOTO CLIP STRING,431.0,298.51,63.0,35.0,0.0,298.51
47480,HANGING PHOTO CLIP ROPE LADDER,1735.0,2854.83,150.0,62.0,-24.749999999999996,2830.08
47481,50CM METAL STRING WITH  7 CLIPS,327.0,267.53,44.0,31.0,0.0,267.53
47502,POLKADOT CUTLERY 24 PCS IN TRAY,640.0,6855.75,79.0,40.0,-387.95,6467.8
47503A,ASS FLORAL PRINT MULTI SCREWDRIVER,2853.0,1405.51,195.0,146.0,-25.08,1380.43
47503E,ASS FLORAL PRINT SCISSORS,6842.0,1186.9,25.0,21.0,0.0,1186.9
47503F,ASS FLORAL PRINT TORCH,2567.0,729.9499999999999,11.0,10.0,-1.65,728.3
47503G,ASS FLORAL PRINT TAPE MEASURE,284.0,367.36,35.0,21.0,0.0,367.36
47503H,ASS FLORAL PRINT SPIRIT LEVEL ,162.0,252.28,60.0,45.0,-1.95,250.33
47503J,SET/3 FLORAL GARDEN TOOLS IN BAG,346.0,2727.1,74.0,31.0,-151.05,2576.0499999999997
47503J ,SET/3 FLORAL GARDEN TOOLS IN BAG,1.0,16.13,1.0,0.0,0.0,16.13
47503K,ASSORTED FLORAL SECATEURS,3177.0,1389.44,42.0,29.0,-4.75,1384.69
47504E,ENGLISH ROSE SCISSORS,4387.0,931.86,48.0,31.0,0.0,931.86
47504F,ENGLISH ROSE TORCH,527.0,196.45999999999998,14.0,12.0,0.0,196.45999999999998
47504G,ENGLISH ROSE TAPE MEASURE,266.0,366.81,57.0,38.0,-1.25,365.56
47504H,ENGLISH ROSE SPIRIT LEVEL ,1031.0,1118.92,140.0,81.0,-5.0,1113.92
47504J,ENGLISH ROSE SET/3 GARDEN TOOLS,5.0,67.25,4.0,2.0,-31.8,35.45
47504K,ENGLISH ROSE GARDEN SECATEURS,2671.0,3135.75,312.0,210.0,-28.98,3106.77
47505,MINATURE COLOURED GARDENING SET,737.0,3527.42,178.0,129.0,-87.05000000000001,3440.37
47518F,ICON PLACEMAT POP ART ELVIS,903.0,153.14,34.0,22.0,0.0,153.14
47518f,ICON PLACEMAT POP ART ELVIS,9.0,37.75,9.0,0.0,0.0,37.75
47552A,DOTS IRONING BOARD COVER,12.0,23.4,11.0,11.0,-3.3,20.099999999999998
47554,S/3 COLOURS FLOCK TEA TOWELS,1.0,2.55,1.0,1.0,0.0,2.55
47556,SET/2 SPOTTY + ROSE TEA TOWELS ,1.0,2.55,1.0,1.0,0.0,2.55
47556B,TEA TIME TEA TOWELS ,5201.0,13691.02,449.0,209.0,-402.6,13288.42
47556b,TEA TIME TEA TOWELS ,4.0,23.64,4.0,0.0,0.0,23.64
47559B,TEA TIME OVEN GLOVE,5221.0,6455.54,701.0,303.0,-67.5,6388.04
47559b,TEA TIME OVEN GLOVE,171.0,568.58,44.0,0.0,0.0,568.58
47562,ENGLISH ROSE IRONING BOARD COVER,104.0,390.0,41.0,16.0,-14.2,375.8
47563A,RETRO LONGBOARD IRONING BOARD COVER,346.0,852.19,151.0,39.0,-5.0,847.19
47563B,WAVELINE SURF IRONING BOARD COVER,8.0,30.0,6.0,6.0,0.0,30.0
47566,PARTY BUNTING,28362.0,149109.35,2674.0,894.0,-1238.5500000000002,147870.80000000002
47566B,TEA TIME PARTY BUNTING,5831.0,25954.45,761.0,350.0,-4490.5,21463.95
47566b,TEA TIME PARTY BUNTING,217.0,1803.61,113.0,0.0,0.0,1803.61
47567,ENGLISH ROSE DESIGN KITCHEN APRON,0.0,0.0,0.0,0.0,-11.9,-11.9
47567B,TEA TIME KITCHEN APRON,2187.0,11814.990000000002,348.0,179.0,-76.05000000000001,11738.940000000002
47567b,TEA TIME KITCHEN APRON,3.0,38.72,3.0,0.0,0.0,38.72
47568,ENGLISH ROSE DESIGN PEG BAG,2384.0,4983.02,410.0,179.0,-44.970000000000006,4938.05
47569,ENGLISH ROSE DESIGN SHOPPING BAG,1.0,2.55,1.0,1.0,-2.55,0.0
47570,ENGLISH ROSE TABLE CLOTH,220.0,2373.01,78.0,47.0,0.0,2373.01
47570B,TEA TIME TABLE CLOTH,977.0,9664.87,224.0,129.0,-21.3,9643.570000000002
47570b,TEA TIME TABLE CLOTH,9.0,190.63,8.0,0.0,0.0,190.63
47574A,ENGLISH ROSE SCENTED HANGING FLOWER,576.0,805.48,129.0,44.0,-1.5,803.98
47574B,ENGLISH ROSE SCENTED HANGING HEART,49.0,208.25,27.0,25.0,0.0,208.25
47578A,ENGLISH ROSE SMALL SCENTED FLOWER,315.0,286.68,69.0,42.0,0.0,286.68
47579,TEA TIME BREAKFAST BASKET,186.0,422.97,55.0,37.0,-2.1,420.87
47580,TEA TIME DES TEA COSY,1693.0,4395.26,344.0,158.0,-84.14999999999999,4311.110000000001
47581B,FAIRY CAKE WICKER PICNIC BASKET ,46.0,753.77,36.0,24.0,-12.75,741.02
47583A,SET OF 3 WICKER BASKET ROSE,71.0,612.8199999999999,6.0,5.0,-49.9,562.92
47583B,SET OF 3 WICKER BASKET TEA AND CAKE,27.0,332.6,6.0,6.0,0.0,332.6
47585A,PINK FAIRY CAKE CUSHION COVER,1084.0,2612.88,148.0,66.0,-18.75,2594.13
47586A,PINK FAIRY CAKE CUSHION COVER,202.0,275.53,29.0,23.0,0.0,275.53
47587A,PINK FAIRY CAKE COASTER,2706.0,1099.88,26.0,7.0,-864.0,235.8800000000001
47589,CONGRATULATIONS BUNTING,183.0,1008.73,76.0,59.0,-59.95,948.78
47590A,BLUE HAPPY BIRTHDAY BUNTING,4826.0,24542.88,689.0,355.0,-887.8000000000001,23655.08
47590B,PINK HAPPY BIRTHDAY BUNTING,5768.0,29532.93,872.0,428.0,-293.05,29239.88
47590a,BLUE HAPPY BIRTHDAY BUNTING,1.0,11.02,1.0,0.0,0.0,11.02
47590b,PINK HAPPY BIRTHDAY BUNTING,13.0,140.5,10.0,0.0,0.0,140.5
47591A,CAROUSEL DES CHILD'S APRON,163.0,269.53999999999996,70.0,32.0,-11.549999999999999,257.98999999999995
47591B,SCOTTIES CHILDRENS APRON,1109.0,1787.25,281.0,108.0,0.0,1787.25
47591C,BLUE FAIRY CAKE CHILD'S APRON,1051.0,2012.43,159.0,111.0,0.0,2012.43
47591D,PINK FAIRY CAKE CHILDRENS APRON,9513.0,17685.22,1140.0,526.0,-23.4,17661.82
47591b,SCOTTIES CHILDRENS APRON,8.0,33.6,4.0,0.0,0.0,33.6
47591c,BLUE FAIRY CAKE CHILD'S APRON,4.0,16.84,3.0,0.0,0.0,16.84
47591d,PINK FAIRY CAKE CHILDRENS APRON,290.0,1461.6,72.0,0.0,0.0,1461.6
47592A,CAROUSEL DES CHILD'S OVERALL,331.0,637.37,101.0,31.0,0.0,637.37
47592B,SCOTTIES DESIGN CHILD'S OVERALL,67.0,131.9,29.0,15.0,0.0,131.9
47593A,CAROUSEL DESIGN BABY BIB,303.0,306.67,97.0,36.0,0.0,306.67
47593B,SCOTTIE DOGS BABY BIB,2366.0,1342.6399999999999,356.0,89.0,0.0,1342.6399999999999
47593a,CAROUSEL DESIGN BABY BIB,1.0,2.51,1.0,0.0,0.0,2.51
47593b,SCOTTIE DOGS BABY BIB,6.0,4.9799999999999995,1.0,0.0,0.0,4.9799999999999995
47594A,CAROUSEL DESIGN WASHBAG,346.0,684.4599999999999,105.0,65.0,-46.8,637.66
47594B,SCOTTIES DESIGN WASHBAG,408.0,808.39,122.0,67.0,-44.85,763.54
47594a,CAROUSEL DESIGN WASHBAG,1.0,4.21,1.0,0.0,0.0,4.21
47597,NEW ENGLAND TEATOWELS,322.0,644.88,124.0,34.0,0.0,644.88
47598,NEW ENGLAND EGG WARMER,138.0,89.12,32.0,17.0,0.0,89.12
47599A,PINK PARTY BAGS,6043.0,11342.28,369.0,202.0,-247.35999999999999,11094.92
47599B,BLUE PARTY BAGS ,3567.0,6820.04,286.0,170.0,-343.96,6476.08
48103,DOOR MAT KISS MY.......,35.0,201.73,10.0,10.0,0.0,201.73
48111,DOORMAT 3 SMILEY CATS,4301.0,26483.99,720.0,244.0,-102.4,26381.59
48116,DOORMAT MULTICOLOUR STRIPE,3459.0,20787.72,496.0,186.0,-24.15,20763.57
48129,DOORMAT TOPIARY,3145.0,19752.97,543.0,251.0,-159.15,19593.82
48138,DOORMAT UNION FLAG,10157.0,67629.75,1664.0,678.0,-359.40999999999997,67270.34
48173A,DOOR MAT BLUE FLOCK,1.0,6.75,1.0,1.0,0.0,6.75
48173C,DOORMAT BLACK FLOCK ,4099.0,23295.82,500.0,224.0,-55.93,23239.89
48173c,DOORMAT BLACK FLOCK ,78.0,1259.39,37.0,0.0,0.0,1259.39
48175,DOOR MAT CAMOUFLAGE,39.0,158.04,2.0,1.0,0.0,158.04
48179,DOOR MAT SWEET HOME,34.0,214.47,11.0,6.0,0.0,214.47
48184,DOORMAT ENGLISH ROSE ,4770.0,31551.32,851.0,374.0,-86.07,31465.25
48185,DOORMAT FAIRY CAKE,6855.0,46050.99,983.0,317.0,-4678.68,41372.31
48187,DOORMAT NEW ENGLAND,7395.0,47026.85,1282.0,525.0,-92.36,46934.49
48188,DOORMAT WELCOME PUPPIES,4889.0,28775.21,698.0,309.0,-101.25,28673.96
48189,DOOR MAT FRIENDSHIP ,1322.0,8487.26,274.0,152.0,-67.5,8419.76
48194,DOORMAT HEARTS,7835.0,49542.47,1349.0,516.0,-172.17,49370.3
48195,DOOR MAT GREEN PAISLEY ,269.0,1627.99,87.0,56.0,-27.0,1600.99
48197,DOOR MAT BIRD ON THE WIRE,898.0,5905.64,225.0,81.0,0.0,5905.64
51008,AFGHAN SLIPPER SOCK PAIR,2865.0,9179.25,80.0,44.0,-1054.0500000000002,8125.2
51012C,"FEATHER DUSTER, COAL BLACK",171.0,213.75,27.0,22.0,-3.75,210.0
51012L,"FEATHER DUSTER, LIGHT PINK",10.0,12.5,6.0,5.0,-1.25,11.25
51014A,"FEATHER PEN,HOT PINK",6700.0,4585.2,376.0,161.0,-165.75,4419.45
51014C,"FEATHER PEN,COAL BLACK",4366.0,2836.42,265.0,108.0,-144.9,2691.52
51014L,"FEATHER PEN,LIGHT PINK",3457.0,2232.5499999999997,226.0,111.0,-167.88,2064.6699999999996
51014c,"FEATHER PEN,COAL BLACK",1.0,0.83,1.0,0.0,0.0,0.83
51020A,SUMMER FUN DESIGN SHOWER CAP,1304.0,464.55999999999995,50.0,37.0,-0.58,463.97999999999996
51020B,STRIPY DESIGN SHOWER CAP,1087.0,491.86999999999995,60.0,40.0,-0.58,491.28999999999996
62018,SOMBRERO ,9570.0,12456.7,127.0,70.0,0.0,12456.7
62043B,BLUE CHECK BAG W HANDLE 34X20CM,54.0,75.15999999999998,10.0,8.0,-0.83,74.32999999999998
62074B,ELEPHANT CLIP W SUCTION CUP,38.0,15.96,12.0,8.0,0.0,15.96
62086A,PINK RETRO BIG FLOWER BAG,113.0,220.35,24.0,20.0,0.0,220.35
62094B,TURQ ICE CREAM BUM BAG ,306.0,683.05,67.0,20.0,0.0,683.05
62095B,TURQOISE ICE CREAM SUNHAT,292.0,310.83,21.0,18.0,0.0,310.83
62096A,PINK/YELLOW FLOWERS HANDBAG,395.0,607.79,89.0,47.0,0.0,607.79
62096B,PURPLE/TURQ FLOWERS HANDBAG,257.0,441.99,82.0,42.0,0.0,441.99
62097A,PINK STRIPES SHOULDER BAG,3.0,8.850000000000001,3.0,1.0,0.0,8.850000000000001
62097B,BLUE STRIPES SHOULDER BAG,11.0,13.37,4.0,3.0,0.0,13.37
70006,LOVE HEART POCKET WARMER,4476.0,4229.62,290.0,141.0,-2.44,4227.18
70007,HI TEC ALPINE HAND WARMER,1365.0,1848.62,205.0,87.0,-19.799999999999997,1828.82
71028B,SILVER BLUE EGG T-LIGHT HOLDER,494.0,227.48000000000002,13.0,7.0,0.0,227.48000000000002
71038,WHITE HANGING BEADS CANDLE HOLDER,723.0,3821.9500000000003,144.0,85.0,-70.85,3751.1000000000004
71050,SMALL SINGLE FLAME CANDLE HOLDER,51.0,17.849999999999998,8.0,7.0,0.0,17.849999999999998
71053,WHITE METAL LANTERN,4976.0,19654.86,727.0,293.0,-248.52,19406.34
71101A,ANGEL ON KNEES METAL POLE 100CM H,6.0,5.1,1.0,1.0,0.0,5.1
71101E,STANDING FAIRY POLE SUPPORT ,777.0,626.13,47.0,34.0,-2.55,623.58
71143,SILVER BOOK MARK WITH BEADS,356.0,532.02,99.0,10.0,-0.85,531.17
71215,METAL BASE FOR CANDLES,178.0,68.52,12.0,10.0,0.0,68.52
71270,PHOTO CLIP LINE,375.0,531.65,81.0,29.0,0.0,531.65
71279,PINK GLASS CANDLEHOLDER,300.0,995.7200000000001,78.0,34.0,-41.300000000000004,954.4200000000002
71403,"PINK/WHITE ""KEEP CLEAN"" BULLET BIN",178.0,661.95,69.0,20.0,-5.9,656.0500000000001
71406C,BLACK ORANGE SQUEEZER,223.0,95.38,35.0,21.0,0.0,95.38
71434B,"BLACK RND BULLET""KEEP CLEAN"" BIN",2.0,5.1,2.0,1.0,0.0,5.1
71459,HANGING JAM JAR T-LIGHT HOLDER,33457.0,27090.51,1017.0,445.0,-257.28,26833.23
71477,COLOUR GLASS. STAR T-LIGHT HOLDER,15719.0,46519.13,809.0,302.0,-7173.87,39345.259999999995
71495A,CD WALL TIDY BLUE OFFICE,225.0,87.96000000000001,20.0,5.0,-0.42,87.54
71495B,CD WALL TIDY RED FLOWERS,306.0,116.61000000000001,18.0,8.0,0.0,116.61000000000001
71496A,A4 WALL TIDY BLUE OFFICE,260.0,161.77,17.0,8.0,0.0,161.77
71496B,A4 WALL TIDY RED FLOWERS,15.0,8.67,6.0,6.0,0.0,8.67
71510,SQUARE METAL CANDLEHOLDER BASE,177.0,112.05,17.0,11.0,0.0,112.05
72008,FROSTED BOX 9 WHITE T-LIGHT CANDLES,3819.0,1531.3999999999999,215.0,134.0,-10.5,1520.8999999999999
72023F,RED ORGANIC CANDLE IN GLASS,640.0,669.62,49.0,34.0,0.0,669.62
72024U,LILAC VOTIVE CANDLE,220.0,46.2,11.0,10.0,0.0,46.2
72038P,PRICE'S CANDLE PEACH,1050.0,116.5,9.0,9.0,-10.5,106.0
72045D,ROSES ON BLUE TEACUP CANDLE ,539.0,918.65,6.0,3.0,-851.76,66.88999999999999
72051S,BAG OF SILVER STONES,305.0,193.41,54.0,18.0,0.0,193.41
72083A,STRAWBERY SWIRL FLARE CANDLE,24.0,50.400000000000006,7.0,7.0,0.0,50.400000000000006
72084B,CHOCOLATE ICE CREAM CANDLE,2.0,3.9,1.0,1.0,0.0,3.9
72127,COLUMBIAN CANDLE ROUND ,393.0,479.69,65.0,49.0,-1.25,478.44
72128,COLUMBIAN CANDLE ROUND,724.0,450.74,88.0,61.0,0.0,450.74
72129,COLUMBIAN CANDLE ROUND ,74.0,49.11000000000001,18.0,16.0,0.0,49.11000000000001
72130,COLUMBIAN CANDLE ROUND,814.0,341.68,57.0,39.0,0.0,341.68
72131,COLUMBIAN CANDLE RECTANGLE,761.0,717.63,56.0,42.0,-31.2,686.43
72132,COLUMBIAN CUBE CANDLE,561.0,485.55,28.0,22.0,0.0,485.55
72133,COLUMBIAN CANDLE RECTANGLE,115.0,130.13,31.0,24.0,0.0,130.13
72134,COLUMBIAN  CUBE CANDLE ,340.0,136.51,29.0,15.0,0.0,136.51
72140E,BEST DAD CANDLE LETTERS,218.0,156.72,29.0,26.0,-0.85,155.87
72140F,HAPPY ANNIVERSARY CANDLE LETTERS,175.0,69.17999999999999,14.0,14.0,0.0,69.17999999999999
72225C,LAVENDER SCENT CAKE CANDLE,1926.0,466.38,38.0,25.0,-13.919999999999998,452.46
72225D,VANILLA SCENT CAKE CANDLE ,962.0,219.45999999999998,11.0,9.0,0.0,219.45999999999998
72232,FENG SHUI PILLAR CANDLE,6378.0,1211.8200000000002,118.0,72.0,0.0,1211.8200000000002
72267,PREMIUM CHURCH CANDLE,265.0,530.16,45.0,38.0,0.0,530.16
72349B,SET/6 PURPLE BUTTERFLY T-LIGHTS,2021.0,4117.2,287.0,123.0,-25.200000000000003,4092.0
72349b,SET/6 PURPLE BUTTERFLY T-LIGHTS,218.0,907.35,112.0,0.0,0.0,907.35
72351A,SET/6 TURQUOISE BUTTERFLY T-LIGHTS,3746.0,7408.59,399.0,174.0,-67.03,7341.56
72351B,SET/6 PINK  BUTTERFLY T-LIGHTS,5816.0,11260.54,499.0,208.0,-221.60000000000002,11038.94
72351a,SET/6 TURQUOISE BUTTERFLY T-LIGHTS,40.0,167.52,28.0,0.0,0.0,167.52
72369A,PINK CLEAR GLASS CANDLE PLATE,67.0,101.28999999999999,14.0,8.0,0.0,101.28999999999999
72484,ROSES IN WHITE HEART CANDLE ,1818.0,991.3800000000001,64.0,45.0,0.0,991.3800000000001
72487,ROSES WHITE ROUND CANDLE,827.0,355.05,14.0,13.0,0.0,355.05
72529W,WHITE ADVENT CANDLE,464.0,918.75,47.0,39.0,-125.05999999999999,793.69
72529w,WHITE ADVENT CANDLE,1.0,4.3,1.0,0.0,0.0,4.3
72586,SET OF 6 HALLOWEEN GHOST T-LIGHTS,2307.0,1013.5,183.0,95.0,-15.12,998.38
72598,SET/12 TAPER CANDLES,1270.0,1175.1499999999999,158.0,74.0,-18.7,1156.4499999999998
72606A,BROWN ANTIQUE CUBE CANDLE,226.0,94.92,18.0,18.0,0.0,94.92
72708,SCULPTED ROUND IVORY CANDLE ,44.0,9.24,5.0,5.0,0.0,9.24
72709,IVORY SCULPTED RND CANDLE ,92.0,78.19999999999999,13.0,10.0,0.0,78.19999999999999
72715,SPHERICAL IVORY CANDLE ,88.0,36.96,13.0,8.0,0.0,36.96
72724,SET/6 CHRISTMAS ICICLE T-LIGHTS,36.0,45.0,10.0,9.0,0.0,45.0
72728,ROSE SCENT CANDLES IN GLASS,643.0,523.15,54.0,44.0,0.0,523.15
72739B,WHITE CHOCOLATE SCENT CANDLE,394.0,328.39000000000004,28.0,10.0,0.0,328.39000000000004
72739C,DARK CHOCOLATE SCENTCANDLE,326.0,279.08,23.0,10.0,-31.25,247.82999999999998
72740A,LARGE STRAWBERRY CHOCOLATE CANDLE,65.0,141.23,12.0,5.0,0.0,141.23
72740B,LARGE WHITE CHOCOLATE CANDLE,1.0,5.06,1.0,0.0,0.0,5.06
72741,GRAND CHOCOLATECANDLE,20113.0,27820.879999999997,920.0,510.0,-89.3,27731.579999999998
72750A,FLOWER FAIRY SET OF 3 LILY CANDLES,383.0,766.85,16.0,13.0,-3.9,762.95
72750B,FLOWER FAIRY SET 3 CANDLES LAVENDER,496.0,1047.2,39.0,31.0,-43.1,1004.1
72750C,"F.FAIRY S/3 CANDLE/GLASS, ROSE",232.0,476.4,15.0,12.0,0.0,476.4
72750D,F.FAIRY S/3 CANDLE/GLASS,110.0,226.5,11.0,11.0,0.0,226.5
72751A,"F.FAIRY S/3 SML CANDLE,LILY/VALLEY",1.0,5.95,1.0,1.0,0.0,5.95
72751B,"F.FAIRY S/3 SML CANDLE, LAVENDER",1.0,5.95,1.0,1.0,0.0,5.95
72751C,"F.FAIRY S/3 SML CANDLE, ROSE",1.0,5.95,1.0,1.0,0.0,5.95
72752A,"F.FAIRY,CANDLE IN GLASS,LILY/VALLEY",1.0,4.25,1.0,1.0,0.0,4.25
72752B,"F.FAIRY,CANDLE IN GLASS,LAVENDER",3.0,12.75,2.0,2.0,0.0,12.75
72753A,S/3 FLWR FAIRY LILLY CANDLES,315.0,690.24,14.0,10.0,0.0,690.24
72753B,S/3 FLWR FAIRY LAVENDER CANDLES,445.0,957.73,14.0,11.0,0.0,957.73
72753C,S/3 FLWR FAIRY ROSE CANDLES,43.0,107.68,6.0,5.0,0.0,107.68
72753D,S/3 FLWR FAIRY SUMMER CANDLES,144.0,302.40000000000003,9.0,9.0,-33.6,268.8
72754A,FLOWER FAIRY POTPOURRI CUSHION LILY,292.0,201.24,5.0,4.0,0.0,201.24
72754B,F FAIRY POTPOURRI CUSHIONS LAVENDER,170.0,137.54000000000002,8.0,8.0,0.0,137.54000000000002
72754D,F FAIRY POTPOURRI CUSHIONS SUMMER,1.0,1.69,1.0,1.0,0.0,1.69
72755C,FLOWER FAIRY OIL BURNER SET ROSE,592.0,767.0,14.0,12.0,-13.75,753.25
72755D,FLOWER FAIRY OIL BURNER SET SUMMER,533.0,693.25,13.0,12.0,0.0,693.25
72756,FAIRY CAKE CANDLES,4012.0,5459.48,129.0,114.0,-37.25,5422.23
72760B,VINTAGE CREAM 3 BASKET CAKE STAND,1714.0,16569.55,494.0,301.0,-170.34,16399.21
72771B,BURG FLOCK GOLD CUP/CANDLE ,117.0,56.9,8.0,6.0,0.0,56.9
72771C,BLACK FLOCK GOLD CANDLE,54.0,42.08,6.0,4.0,0.0,42.08
72772,SET/4 SCENTED CANDLES IN RAMEKINS,457.0,615.84,9.0,8.0,0.0,615.84
72779,SET/6 BLACK ROSE T-LIGHT CANDLES,48.0,81.12,15.0,14.0,0.0,81.12
72780,BLACK SILOUETTE CANDLE PLATE,514.0,418.18,44.0,36.0,-10.2,407.98
72781,BLACK SILOUETTE CANDLE PLATE ,121.0,229.5,15.0,11.0,-12.600000000000001,216.9
72783,BLACK SIL'T SQU CANDLE PLATE ,43.0,90.30000000000001,9.0,7.0,0.0,90.30000000000001
72785A,S/4 CONTEMPORY PINK ROSEBUD CANDLES,8.0,16.8,4.0,4.0,0.0,16.8
72785B,S/4 CONTEMPORY RED ROSEBUD CANDLES,9.0,10.9,3.0,3.0,0.0,10.9
72789,BASKET/8 SCENTED LOVE TOKEN CANDLES,122.0,461.53,45.0,42.0,-37.5,424.03
72793,BLACK BOX MIRROR LANTERN,55.0,268.75,10.0,5.0,-5.95,262.8
72796A,S/3 ENGLISH LAVENDER SQU CANDLE,11.0,18.15,5.0,5.0,0.0,18.15
72796B,S/3 FRENCH VANILLA SQU CANDLE,27.0,44.55,12.0,11.0,0.0,44.55
72796C,S/3 ROSE GARDEN SCENT SQU CANDLE,1.0,1.65,1.0,1.0,0.0,1.65
72798C,SET/4 GARDEN ROSE DINNER CANDLE,29.0,54.76,15.0,10.0,0.0,54.76
72799A,BLACK PILLAR CANDLE SILVER FLOCK,612.0,877.8000000000001,18.0,14.0,0.0,877.8000000000001
72799B,PURPLE PILLAR CANDLE BLACK FLOCK,322.0,467.71000000000004,16.0,7.0,0.0,467.71000000000004
72799C,PINK PILLAR CANDLE SILVER FLOCK,471.0,783.1,48.0,32.0,0.0,783.1
72799D,BLUE PILLAR CANDLE SILVER FLOCK,78.0,260.67,18.0,12.0,0.0,260.67
72799E,IVORY PILLAR CANDLE SILVER FLOCK,1258.0,2678.57,178.0,105.0,-35.400000000000006,2643.17
72799F,IVORY PILLAR CANDLE GOLD FLOCK,1134.0,2110.11,102.0,62.0,0.0,2110.11
72800A,S/4 BLACK DINNER CANDLE SILVER FLOC,674.0,743.26,46.0,19.0,0.0,743.26
72800B, 4 PURPLE FLOCK DINNER CANDLES,999.0,1312.48,91.0,52.0,-5.1,1307.38
72800C,4 PINK DINNER CANDLE SILVER FLOCK,660.0,924.84,78.0,49.0,0.0,924.84
72800D,4 BLUE DINNER CANDLES SILVER FLOCK,643.0,1050.81,86.0,50.0,-2.55,1048.26
72800E,4 IVORY DINNER CANDLES SILVER FLOCK,1436.0,2734.87,286.0,139.0,-9.48,2725.39
72800F,4 IVORY DINNER CANDLES GOLD FLOCK,822.0,1060.19,67.0,51.0,0.0,1060.19
72801C,4 ROSE PINK DINNER CANDLES,720.0,546.36,56.0,40.0,-15.0,531.36
72801D,S/4 SKY BLUE DINNER CANDLES,565.0,461.17,61.0,33.0,0.0,461.17
72801E,S/4 FESTIVE GREEN DINNER CANDLES,769.0,404.75,24.0,19.0,0.0,404.75
72801F,S/4 FESTIVE RED DINNER CANDLES,234.0,292.5,25.0,20.0,0.0,292.5
72801G,4 BURGUNDY WINE DINNER CANDLES,1325.0,798.62,64.0,43.0,0.0,798.62
72801c,4 ROSE PINK DINNER CANDLES,62.0,153.67,36.0,0.0,0.0,153.67
72801d,4 SKY BLUE DINNER CANDLES,103.0,254.98,61.0,0.0,0.0,254.98
72801e,S/4 FESTIVE GREEN DINNER CANDLES,7.0,17.57,4.0,0.0,0.0,17.57
72801g,S/4 BURGUNDY WINE DINNER CANDLES,10.0,25.099999999999998,3.0,0.0,0.0,25.099999999999998
72802A,ROSE SCENT CANDLE IN JEWELLED BOX,941.0,3904.65,182.0,112.0,-185.09,3719.56
72802B,OCEAN SCENT CANDLE IN JEWELLED BOX,1589.0,4390.69,212.0,119.0,-679.24,3711.45
72802C,VANILLA SCENT CANDLE JEWELLED BOX,2226.0,6242.94,269.0,143.0,-584.06,5658.879999999999
72802a,ROSE SCENT CANDLE IN JEWELLED BOX,9.0,74.97,4.0,0.0,0.0,74.97
72802c,VANILLA SCENT CANDLE JEWELLED BOX,1.0,8.29,1.0,0.0,0.0,8.29
72803A,ROSE SCENT CANDLE JEWELLED DRAWER,729.0,1574.75,97.0,61.0,-17.0,1557.75
72803B,OCEAN SCENT CANDLE JEWELLED DRAWER,92.0,407.88,36.0,28.0,-8.5,399.38
72803b,OCEAN SCENT CANDLE JEWELLED DRAWER,2.0,16.94,1.0,0.0,0.0,16.94
72805,VANILLA CANDLE IN EMBOSSED ZINC POT,10.0,16.9,3.0,3.0,0.0,16.9
72807A,SET/3 ROSE CANDLE IN JEWELLED BOX,971.0,4472.37,216.0,95.0,-72.25,4400.12
72807B,SET/3 OCEAN SCENT CANDLE JEWEL BOX,1090.0,4790.28,225.0,112.0,-119.0,4671.28
72807C,SET/3 VANILLA SCENTED CANDLE IN BOX,2018.0,8663.24,345.0,164.0,-570.63,8092.61
72807a,SET/3 ROSE CANDLE IN JEWELLED BOX,9.0,74.78999999999999,6.0,0.0,0.0,74.78999999999999
72807b,SET/3 OCEAN SCENT CANDLE JEWEL BOX,26.0,220.94000000000003,19.0,0.0,0.0,220.94000000000003
72807c,SET/3 VANILLA SCENTED CANDLE IN BOX,60.0,511.98,44.0,0.0,0.0,511.98
72811,SMALL ZINC/GLASS CANDLEHOLDER,445.0,340.45,22.0,18.0,0.0,340.45
72812,LARGE ZINC GLASS CANDLEHOLDER,105.0,288.46000000000004,31.0,14.0,0.0,288.46000000000004
72814,SET OF 3 CHRISTMAS BRIAR CANDLES,266.0,967.9200000000001,54.0,42.0,-7.5,960.4200000000001
72815,3 WICK CHRISTMAS BRIAR CANDLE ,283.0,1091.83,70.0,53.0,-30.0,1061.83
72816,SET/3 CHRISTMAS DECOUPAGE CANDLES,1454.0,1823.84,136.0,65.0,-30.0,1793.84
72817,SET OF 2 CHRISTMAS DECOUPAGE CANDLE,1590.0,1729.1,214.0,97.0,-30.0,1699.1
72818,CHRISTMAS DECOUPAGE CANDLE,2439.0,1323.0,127.0,82.0,-25.919999999999998,1297.08
72819,CUPID DESIGN SCENTED CANDLES,709.0,1217.28,92.0,59.0,0.0,1217.28
72821,CUPID SCENTED CANDLE IN GLASS,61.0,100.64999999999999,14.0,13.0,-4.949999999999999,95.69999999999999
75011,BLUE DAISY MOBILE,181.0,172.51,15.0,11.0,0.0,172.51
75013B,"STRING OF 8 BUTTERFLIES,PINK",395.0,677.8699999999999,76.0,48.0,-2.7,675.1699999999998
75049L,LARGE CIRCULAR MIRROR MOBILE,13969.0,13156.31,344.0,106.0,-808.75,12347.56
75131,METAL TUBE CHIME ON BAMBOO,1220.0,1549.77,68.0,40.0,0.0,1549.77
75149N,STRING CRYSTALS NATURAL,272.0,340.0,25.0,18.0,0.0,340.0
75172,PAINTED SEA SHELL METAL WINDCHIME,97.0,100.31,11.0,11.0,0.0,100.31
75178,ASSTD COL BUTTERFLY/CRYSTAL W/CHIME,497.0,273.93,25.0,11.0,0.0,273.93
77079,DOLPHIN WINDMILL,64.0,135.68,12.0,10.0,0.0,135.68
77081,FLOWER WINDMILL,242.0,308.38,33.0,17.0,-1.25,307.13
77101A,UNION FLAG WINDSOCK,1086.0,1260.97,88.0,55.0,0.0,1260.97
78026,SEAGRASS S/3 SQU LAUNDRY BOX,12.0,139.95,2.0,1.0,0.0,139.95
78027,SEAGRASS S/2 CORNER LAUNDRY ,6.0,100.15,5.0,3.0,0.0,100.15
78033,FLAG OF ST GEORGE CHAIR,76.0,370.6,16.0,13.0,-17.85,352.75
78034B,BLUE NETTING STORAGE HANGER,16.0,31.2,9.0,9.0,0.0,31.2
78056,CAMOUFLAGE BACKPACK ON WHEELS,3.0,29.849999999999998,2.0,1.0,-17.0,12.849999999999998
78124,MAGAZINE RACK GEBRA ASSORTED ,736.0,986.11,31.0,25.0,0.0,986.11
79000,MOROCCAN TEA GLASS,12174.0,9909.52,436.0,195.0,-172.75,9736.77
79026B,"S/4 ICON COASTER,ELVIS LIVES",69.0,89.25,37.0,17.0,0.0,89.25
79029,GLASS HONEYPOT WASP CATCHER,2944.0,5473.82,343.0,201.0,-49.349999999999994,5424.469999999999
79030A,"TUMBLER, ENGLISH ROSE",171.0,438.25,33.0,18.0,0.0,438.25
79030D,TUMBLER BAROQUE,1016.0,734.26,61.0,35.0,-0.39,733.87
79030G,"TUMBLER, NEW ENGLAND",1754.0,1478.9699999999998,121.0,69.0,0.0,1478.9699999999998
79051A,SMOKEY GREY COLOUR D.O.F. GLASS,942.0,382.94,54.0,39.0,0.0,382.94
79051a,SMOKEY GREY COLOUR D.O.F. GLASS,1.0,6.04,1.0,0.0,0.0,6.04
79062D,"RETRO TIN ASHTRAY,REVOLUTIONARY",52.0,19.4,4.0,4.0,0.0,19.4
79063C,"RETRO PILL BOX KEY CHAIN,THE KING",235.0,43.65,14.0,13.0,0.0,43.65
79063D,"RETRO PILL BOX , REVOLUTIONARY",189.0,35.14,11.0,9.0,0.0,35.14
79065A,TEATIME ROUND CAKE TINS ,4.0,39.8,1.0,1.0,-9.95,29.849999999999998
79066K,RETRO MOD TRAY,1422.0,1240.12,240.0,103.0,-18.7,1221.4199999999998
79066k,RETRO MOD TRAY,27.0,44.37,16.0,0.0,0.0,44.37
79067,CORONA MEXICAN TRAY,1661.0,6590.08,396.0,160.0,-62.7,6527.38
79070b,ENGLISH ROSE SQUARE CAKE TINS,1.0,11.26,1.0,0.0,0.0,11.26
79071B,ENGLISH ROSE METAL WASTE BIN,142.0,433.70000000000005,66.0,51.0,0.0,433.70000000000005
79072,TEATIME CAKE TIN WITH HANDLE,284.0,3083.2,107.0,41.0,-149.25,2933.95
79140,ASS WINDPROOF MARIJUANA LIGHTERS,15.0,6.3,2.0,2.0,0.0,6.3
79144B,PAINTED LIGHTBULB STAR+ MOON,358.0,186.07,91.0,36.0,0.0,186.07
79144C,PAINTED LIGHTBULB RAINBOW DESIGN,311.0,184.34,97.0,19.0,0.0,184.34
79149B,SILICON STAR BULB  BLUE,30.0,12.6,12.0,11.0,0.0,12.6
79151B,"SILICON CUBE 25W, BLUE",12.0,5.04,2.0,2.0,0.0,5.04
79157B,UBO-LIGHT TRIOBASE BLUE,5.0,4.25,3.0,3.0,0.0,4.25
79157V,UBO-LIGHT TRIOBASE PURPLE,5.0,4.25,3.0,3.0,0.0,4.25
79160,HEART SHAPE WIRELESS DOORBELL,959.0,2004.5700000000002,210.0,51.0,-44.1,1960.4700000000003
79161A,ST GEORGE SET OF 10 PARTY LIGHTS,51.0,150.45000000000002,16.0,16.0,0.0,150.45000000000002
79163,BLACK CHAMPAGNE GLASS,1845.0,1260.6299999999999,64.0,44.0,-6.81,1253.82
79164,BLACK WINE GLASS,3677.0,3235.61,91.0,43.0,-36.599999999999994,3199.01
79172D,PURPLE TINT ACRYLIC FLOWER VASE,24.0,20.4,4.0,4.0,0.0,20.4
79190A,RETRO PLASTIC 70'S TRAY,808.0,372.67,119.0,42.0,-14.67,358.0
79190B,RETRO PLASTIC POLKA TRAY,1503.0,611.93,136.0,57.0,-6.72,605.2099999999999
79190D,RETRO PLASTIC DAISY TRAY,657.0,303.3,112.0,44.0,-2.1,301.2
79191B,RETRO PLASTIC POLKA TRAY,485.0,403.28,70.0,46.0,-27.199999999999996,376.08
79191C,RETRO PLASTIC ELEPHANT TRAY,1621.0,1295.46,157.0,107.0,-245.64999999999998,1049.81
79191D,RETRO PLASTIC DAISY TRAY,138.0,143.87,56.0,28.0,-11.86,132.01
79192A,RETRO PLASTIC 70'S TRAY,114.0,152.64,35.0,26.0,-10.0,142.64
79301,FEATHER HEART LIGHTS,1.0,2.95,1.0,1.0,-22.95,-20.0
79302M,"ART LIGHTS,FUNK MONKEY",654.0,1860.6000000000001,107.0,40.0,-2.95,1857.65
79302m,"ART LIGHTS,FUNK MONKEY",4.0,23.77,4.0,0.0,0.0,23.77
79303A,WHITE ROHMBIC BLOCK TABLE LAMP,2.0,5.9,1.0,1.0,0.0,5.9
79303B,BLUE STAR BLOCK TABLE LAMP,109.0,339.57,10.0,4.0,0.0,339.57
79303D,LILAC FLOWER BLOCK TABLE LAMP,78.0,272.45,19.0,5.0,-5.9,266.55
79308B,MOSAIC CANDLE DISH BLUE PURPLE,144.0,122.39999999999999,2.0,1.0,0.0,122.39999999999999
79315W,FLYING SAUCER TABLE LIGHT IN WHITE,199.0,611.5100000000001,13.0,6.0,0.0,611.5100000000001
79320,FLAMINGO LIGHTS,904.0,4357.38,150.0,67.0,-77.10000000000001,4280.28
79321,CHILLI LIGHTS,16763.0,85157.56,1135.0,304.0,-635.75,84521.81
79323B,BLACK CHERRY LIGHTS,242.0,1565.7,58.0,35.0,-1557.2,8.5
79323G,GOLD  CHERRY LIGHTS,314.0,2007.88,61.0,37.0,-1037.45,970.4300000000001
79323P,PINK CHERRY LIGHTS,2281.0,13787.93,265.0,132.0,-4021.35,9766.58
79323S, SILVER CHERRY LIGHTS,334.0,2084.32,56.0,38.0,-976.8000000000001,1107.52
79323W, WHITE CHERRY LIGHTS,3004.0,18048.72,349.0,174.0,-6421.1,11627.62
79328,BLUE FLOCK GLASS CANDLEHOLDER,594.0,260.76,17.0,6.0,-1.52,259.24
79329,PINK FLOCK GLASS CANDLEHOLDER,100.0,65.94,7.0,7.0,0.0,65.94
79331,PINK FLOCK GLASS CANDLEHOLDER,60.0,73.6,9.0,8.0,0.0,73.6
79336,LIGHT PINK FLOCK GLASS CANDLEHOLDER,840.0,369.78000000000003,21.0,13.0,0.0,369.78000000000003
79337,BLUE FLOCK GLASS CANDLEHOLDER,1200.0,511.93,21.0,16.0,-2.2800000000000002,509.65000000000003
79338,DARK PINK FLOCK GLASS CANDLEHOLDER,553.0,252.29000000000002,13.0,8.0,0.0,252.29000000000002
79340P,PURPLE ORCHID FLOWER LIGHTS,0.0,0.0,0.0,0.0,-15.9,-15.9
79340W,WHITE ORCHID FLOWER LIGHTS,0.0,0.0,0.0,0.0,-45.3,-45.3
79341,WILLOW BRANCH LIGHTS.,725.0,4423.6900000000005,79.0,49.0,-2519.6000000000004,1904.0900000000001
79342B,BROWN FLOWER LIGHTS,119.0,824.95,34.0,22.0,-96.05,728.9000000000001
79342b,BROWN FLOWER LIGHTS,1.0,13.57,1.0,0.0,0.0,13.57
79403,FROSTED WHITE BASE ,217.0,200.67999999999998,36.0,19.0,-11.899999999999999,188.77999999999997
79406,FROSTED WHITE BASE ,259.0,65.62,21.0,14.0,0.0,65.62
79413,GLASS WINE GLASS DECORATIONS,30.0,37.5,9.0,7.0,0.0,37.5
79532,MOSAIC GLASS BALL CANDLEHOLDER,97.0,121.25,18.0,15.0,-1.25,120.0
79534,MULTICOLOUR GLASS PLATE,116.0,63.800000000000004,16.0,14.0,0.0,63.800000000000004
81950B,FLOWER BLUE CLOCK W/SUCKER,216.0,126.74,34.0,21.0,-0.85,125.89
81950V,FLOWER PURPLE CLOCK W/SUCKER,32.0,18.799999999999997,10.0,10.0,0.0,18.799999999999997
81952B,ROUND BLUE CLOCK W/SUCKER,254.0,84.56,20.0,14.0,0.0,84.56
81952V,ROUND PURPLE CLOCK WITH SUCKER,464.0,159.87,46.0,27.0,0.0,159.87
81953B,ROUND BLUE CLOCK WITH SUCKER,14.0,4.64,6.0,5.0,0.0,4.64
81953P,ROUND ARTICULATED PINK CLOCK W/SUCK,33.0,9.57,6.0,5.0,0.0,9.57
81985A,"ICON ALARM CLOCK,FUSCHIA  PIN UP",23.0,58.64999999999999,7.0,7.0,0.0,58.64999999999999
82001S,VINYL RECORD FRAME SILVER,2956.0,10646.87,230.0,86.0,-40.53,10606.34
82001s,SILVER RECORD COVER FRAME,125.0,932.98,29.0,0.0,0.0,932.98
82011A,"BATHROOM SCALES, TROPICAL BEACH",59.0,246.58,34.0,19.0,-3.75,242.83
82011B,BATHROOM SCALES RUBBER DUCKS,94.0,352.55,48.0,23.0,0.0,352.55
82011C,BATHROOM SCALES FOOTPRINTS IN SAND,133.0,602.6800000000001,71.0,36.0,0.0,602.6800000000001
82011E,"BATHROOM SCALES, FAG BREAK",2.0,7.5,2.0,2.0,0.0,7.5
82069,BEECH WOOD P/FRAME,17.0,109.85,11.0,2.0,0.0,109.85
82072,WHITE WOOD SINGLE P/FRAME,5.0,6.25,3.0,3.0,0.0,6.25
82076,BEECH WOOD PHOTO FRAME ,290.0,403.64,19.0,5.0,0.0,403.64
82081,PINK HEARTS PHOTO ALBUM,174.0,451.35,23.0,11.0,0.0,451.35
82093,HEART SHAPE BUTTON FRAME ,139.0,283.49,28.0,7.0,0.0,283.49
82095,HEART BUTTONS JEWELLERY BOX,100.0,600.91,48.0,21.0,0.0,600.91
82482,WOODEN PICTURE FRAME WHITE FINISH,17141.0,42396.03,2006.0,601.0,-1068.15,41327.88
82483,WOOD 2 DRAWER CABINET WHITE FINISH,5072.0,30014.440000000002,1123.0,361.0,-1689.8,28324.640000000003
82484,WOOD BLACK BOARD ANT WHITE FINISH,11046.0,62778.72,1176.0,451.0,-325.0,62453.72
82486,WOOD S/3 CABINET ANT WHITE FINISH,4853.0,39004.8,1274.0,365.0,-863.1,38141.700000000004
82494L,WOODEN FRAME ANTIQUE WHITE ,15601.0,44667.100000000006,1973.0,631.0,-1325.85,43341.25000000001
82494l,WOODEN FRAME ANTIQUE WHITE ,424.0,3545.55,86.0,0.0,0.0,3545.55
82545A,COGNAC AUX OEUFS METAL 1 HOOK,31.0,38.75,11.0,11.0,0.0,38.75
82551,LAUNDRY 15C METAL SIGN,5689.0,8162.4,751.0,306.0,-7.7,8154.7
82552,WASHROOM METAL SIGN,7036.0,9645.67,794.0,346.0,-8.75,9636.92
82553,POP'S GREASY SPOON METAL SIGN,114.0,237.73,42.0,14.0,0.0,237.73
82567,"AIRLINE LOUNGE,METAL SIGN",1228.0,2553.63,489.0,136.0,-2.1,2551.53
82578,KITCHEN METAL SIGN,5635.0,3154.8900000000003,704.0,322.0,-7.15,3147.7400000000002
82580,BATHROOM METAL SIGN,13376.0,7545.160000000001,1336.0,443.0,-129.49,7415.670000000001
82581,TOILET METAL SIGN,8463.0,4687.85,913.0,371.0,-38.660000000000004,4649.1900000000005
82582,AREA PATROLLED METAL SIGN,7620.0,15426.070000000002,796.0,258.0,-241.38,15184.690000000002
82583,HOT BATHS METAL SIGN,13008.0,28324.61,1176.0,323.0,-204.09,28120.52
82585,SWEET VALENCIA CANDLE+CUP,164.0,235.9,47.0,18.0,-15.0,220.9
82587,TEXRIO TOMATOES CANDLE+CUP,128.0,166.78,40.0,26.0,-15.0,151.78
82597,BOMBS AWAY METAL SIGN,1210.0,2569.6600000000003,215.0,106.0,-5.890000000000001,2563.7700000000004
82599,FANNY'S REST STOPMETAL SIGN,2571.0,5677.120000000001,506.0,185.0,-6.76,5670.360000000001
82600,NO SINGING METAL SIGN,12887.0,26168.760000000002,1201.0,385.0,-83.80000000000001,26084.960000000003
82605,OLD DOC RUSSEL METAL SIGN,268.0,595.07,125.0,65.0,0.0,595.07
82607A,GLASS BONBON JAR PARFUME AUX FLEURE,663.0,923.72,159.0,65.0,-22.5,901.22
82607C,GLASS BONBON JAR. SUPERFINES,115.0,175.60999999999999,43.0,16.0,0.0,175.60999999999999
82607E,GLASS BONBON JAR. D'AMANDES,101.0,126.25,25.0,18.0,-1.25,125.0
82613A,"METAL SIGN,CUPCAKE SINGLE HOOK",492.0,667.47,116.0,63.0,-2.5,664.97
82613B,"METAL SIGN,CUPCAKE SINGLE HOOK",904.0,1004.39,223.0,73.0,-9.65,994.74
82613C,"METAL SIGN,CUPCAKE SINGLE HOOK",775.0,832.56,187.0,56.0,-10.9,821.66
82613D,METAL SIGN CUPCAKE SINGLE HOOK,1196.0,1306.96,271.0,98.0,-8.4,1298.56
82613a,"METAL SIGN,CUPCAKE SINGLE HOOK",3.0,7.4799999999999995,3.0,0.0,0.0,7.4799999999999995
82613b,"METAL SIGN,CUPCAKE SINGLE HOOK",14.0,35.04,11.0,0.0,0.0,35.04
82613c,"METAL SIGN,CUPCAKE SINGLE HOOK",13.0,32.48,12.0,0.0,0.0,32.48
82615,PINK MARSHMALLOW SCARF KNITTING KIT,618.0,1695.77,90.0,60.0,-11.0,1684.77
82616A,BUBBLE GUM SCARF KNITTING KIT,316.0,624.21,52.0,42.0,0.0,624.21
82616B,FRAPPUCINO SCARF KNITTING KIT,611.0,991.4200000000001,126.0,57.0,-14.2,977.22
82616C,MIDNIGHT GLAMOUR SCARF KNITTING KIT,638.0,1040.04,142.0,57.0,-3.75,1036.29
84006,MAGIC TREE -PAPER FLOWERS,1962.0,1842.7499999999998,212.0,86.0,-4.25,1838.4999999999998
84007,MAGIC GARDEN MOUNT FUJI,157.0,413.12,39.0,30.0,0.0,413.12
84012,MAGIC SHEEP WOOL GROWING FROM PAPER,1839.0,2633.5299999999997,179.0,127.0,-102.0,2531.5299999999997
84016,FLAG OF ST GEORGE CAR FLAG,1004.0,3791.67,62.0,43.0,-50.3,3741.37
84029C,BROWN FURRY HOT WATER BOTTLE,204.0,766.19,48.0,27.0,0.0,766.19
84029D,LEOPARD PRINT HOT WATER BOTTLE,51.0,183.98000000000002,15.0,12.0,0.0,183.98000000000002
84029E,RED WOOLLY HOTTIE WHITE HEART.,11757.0,47479.83,1145.0,500.0,-327.7,47152.130000000005
84029G,KNITTED UNION FLAG HOT WATER BOTTLE,7307.0,31927.13,1009.0,386.0,-219.7,31707.43
84029c,BROWN FURRY HOT WATER BOTTLE,1.0,7.78,1.0,0.0,0.0,7.78
84030B,KNITTED POM POM HOT WATER BOTTLE,5.0,18.75,3.0,2.0,0.0,18.75
84030C,KNITTED RAINBOW HOT WATER BOTTLE,21.0,82.78,6.0,4.0,-30.0,52.78
84030E,ENGLISH ROSE HOT WATER BOTTLE,2238.0,9566.01,485.0,254.0,-55.25,9510.76
84030b,KNITTED POM POM HOT WATER BOTTLE,1.0,8.46,1.0,0.0,0.0,8.46
84030c,KNITTED RAINBOW HOT WATER BOTTLE,32.0,248.0,13.0,0.0,0.0,248.0
84030e,ENGLISH ROSE HOT WATER BOTTLE,128.0,1047.16,46.0,0.0,0.0,1047.16
84031A,CHARLIE+LOLA RED HOT WATER BOTTLE ,1151.0,4700.62,314.0,95.0,-71.55,4629.07
84031B,CHARLIE LOLA BLUE HOT WATER BOTTLE ,867.0,3423.9900000000002,271.0,80.0,-64.19999999999999,3359.7900000000004
84031a,CHARLIE+LOLA RED HOT WATER BOTTLE ,1.0,16.63,1.0,0.0,0.0,16.63
84031b,CHARLIE LOLA BLUE HOT WATER BOTTLE ,1.0,16.63,1.0,0.0,0.0,16.63
84032A,CHARLIE+LOLA PINK HOT WATER BOTTLE,3420.0,9406.970000000001,662.0,227.0,-112.10000000000001,9294.87
84032B,CHARLIE + LOLA RED HOT WATER BOTTLE,3424.0,8210.390000000001,601.0,288.0,-168.9,8041.490000000002
84033,FLAG OF ST GEORGE ,392.0,735.38,49.0,41.0,-21.45,713.93
84050,PINK HEART SHAPE EGG FRYING PAN,10514.0,15419.17,715.0,308.0,-108.55,15310.62
84051,ASS COLOUR GLOWING TIARAS,750.0,611.38,60.0,50.0,0.0,611.38
84077,WORLD WAR 2 GLIDERS ASSTD DESIGNS,109898.0,25197.98,1019.0,482.0,-361.68,24836.3
84078A,SET/4 WHITE RETRO STORAGE CUBES ,1129.0,43921.51,328.0,151.0,-5187.650000000001,38733.86
84081,WHITE CERAMIC PARTY SET (5PCS),100.0,389.3,20.0,14.0,-4.25,385.05
84086B,YELLOW/BLUE RETRO RADIO,24.0,70.80000000000001,12.0,7.0,-2.95,67.85000000000001
84086C,PINK/PURPLE RETRO RADIO,301.0,901.59,88.0,25.0,0.0,901.59
84192,ASSORTED COLOUR METAL CAT ,238.0,286.1,38.0,29.0,0.0,286.1
84199,GLOW IN DARK DOLPHINS,554.0,121.08,69.0,58.0,-2.52,118.56
84201B,HAPPY BIRTHDAY CARD STRIPEY TEDDY,39.0,7.41,8.0,6.0,0.0,7.41
84201C,HAPPY BIRTHDAY CARD TEDDY/CAKE,10.0,1.9,3.0,3.0,0.0,1.9
84205C,HAPPY BIRTHDAY GINGER CAT CARD,2.0,0.38,1.0,1.0,0.0,0.38
84206A,3 BLACK CATS W HEARTS BLANK CARD,79.0,15.010000000000002,9.0,9.0,0.0,15.010000000000002
84206B,CAT W SUNGLASSES BLANK CARD,9.0,1.71,2.0,2.0,0.0,1.71
84206C,CHAMPAGNE TRAY BLANK CARD,10.0,1.9,4.0,4.0,0.0,1.9
84212,"ASSORTED FLOWER COLOUR ""LEIS""",24795.0,11962.14,277.0,140.0,-46.800000000000004,11915.34
84218,BOX/12 CHICK & EGG IN BASKET,261.0,503.51,96.0,74.0,-1.95,501.56
84219,BOX/12 MOTHER & CHICK IN BASKET/BOW,137.0,303.86,28.0,24.0,0.0,303.86
84226,HEN HOUSE W FAMILY IN BARN & NEST,77.0,58.31,18.0,17.0,0.0,58.31
84227,HEN HOUSE W CHICK IN NEST,112.0,47.04,13.0,13.0,0.0,47.04
84228,HEN HOUSE W CHICK STANDING,356.0,157.75,46.0,19.0,-0.42,157.33
84231,EASTER BUNNY WITH BASKET ON BACK,230.0,166.21,50.0,28.0,0.0,166.21
84247C,PACK/12 BLUE REINDEER CARD,72.0,212.40000000000003,22.0,22.0,0.0,212.40000000000003
84247E,PACK/12 XMAS FUN CARD,379.0,1072.9,96.0,68.0,-293.5,779.4000000000001
84247G,"DECOUPAGE,GREETING CARD,",1487.0,633.76,107.0,54.0,0.0,633.76
84247H,PACK/12 DECOUPAGE CARD,42.0,109.13000000000001,20.0,12.0,-32.45,76.68
84247J,PACK/12 RUSSIAN DOLL CARDS,10.0,12.780000000000001,9.0,2.0,0.0,12.780000000000001
84247K,"FOLK ART GREETING CARD,pack/12",76.0,236.43000000000004,28.0,20.0,-32.45,203.98000000000002
84247L,FAWN AND MUSHROOM GREETING CARD,1149.0,503.25,110.0,62.0,-5.04,498.21
84247N,PACK/12 BLUE FOLKART CARDS,115.0,303.38000000000005,53.0,33.0,-97.35000000000001,206.03000000000003
84249A,"GREETING CARD,SQUARE, DOUGHNUTS",252.0,113.22,34.0,18.0,0.0,113.22
84249D,FAIRY CAKE GREETINGS CARD,823.0,347.3,64.0,48.0,-10.08,337.22
84250M,"GREETING CARD, BLACKPOOL ROCK",28.0,15.9,13.0,1.0,0.0,15.9
84251B,"GREETING CARD, STICKY GORDON",321.0,86.54,61.0,19.0,-2.2800000000000002,84.26
84251C,"GREETING CARD, TWO SISTERS.",247.0,76.68,53.0,13.0,0.0,76.68
84251F,"GREETING CARD, RITA",341.0,83.97,50.0,26.0,0.0,83.97
84251G,"GREETING CARD, OVERCROWDED POOL.",473.0,128.41,91.0,32.0,0.0,128.41
84251J,"GREETING CARD, THE BLACK CAT",74.0,37.04,17.0,4.0,0.0,37.04
84255A,PINK GLASS COCKTAIL LAMP,2.0,4.2,2.0,2.0,0.0,4.2
84255B,ORANGE COCKTAIL GLASS LAMP,65.0,190.16,18.0,11.0,0.0,190.16
84270,ASSTD DESIGN BUBBLE GUM RING,22953.0,4827.87,476.0,249.0,-293.40000000000003,4534.47
84279B,CHERRY BLOSSOM DECORATIVE FLASK,808.0,3076.92,215.0,140.0,-63.75,3013.17
84279P,CHERRY BLOSSOM  DECORATIVE FLASK,1153.0,4525.55,299.0,169.0,-163.56,4361.99
84288B,SET/2 BLUE  NOODLE BASKETS,61.0,118.95,24.0,19.0,-3.9,115.05
84292,ROSE PINK METAL FOLDING CHAIR,44.0,385.98,14.0,11.0,-7.95,378.03000000000003
84292B,BLUE COL METAL FOLDING CHAIR,8.0,51.8,5.0,4.0,0.0,51.8
84306,S/3 PINK SQUARE PLANTERS ROSES,48.0,557.4799999999999,31.0,18.0,0.0,557.4799999999999
84311,CAMOFLAGE CUSHION COVER,11.0,18.15,1.0,1.0,0.0,18.15
84313A,PINK TV TRAY TABLE ,38.0,212.42,19.0,10.0,0.0,212.42
84313B,BLUE TV TRAY TABLE ,229.0,1198.0,83.0,24.0,0.0,1198.0
84313C,ORANGE TV TRAY TABLE ,548.0,1442.3899999999999,73.0,29.0,0.0,1442.3899999999999
84327A,PINK JUMPER LARRY THE LAMB,959.0,1820.2700000000002,123.0,78.0,-6.76,1813.5100000000002
84340,LARGE FIBRE OPTIC CHRISTMAS TREE,21.0,65.76,11.0,5.0,0.0,65.76
84341B,SMALL PINK MAGIC CHRISTMAS TREE,1786.0,950.0699999999999,121.0,79.0,0.0,950.0699999999999
84347,ROTATING SILVER ANGELS T-LIGHT HLDR,32498.0,74380.06999999999,756.0,300.0,-634.2,73745.87
84352,SILVER CHRISTMAS TREE BAUBLE STAND ,216.0,3684.1299999999997,126.0,90.0,-118.65,3565.4799999999996
84356,POMPOM CURTAIN,751.0,3777.9900000000002,133.0,58.0,-41.7,3736.2900000000004
84358,FLOOR LAMP SHADE WOOD BASE,122.0,1107.43,29.0,11.0,0.0,1107.43
84360,TABLE LAMP WHITE SHADE WOOD BASE,217.0,1136.19,40.0,14.0,0.0,1136.19
84366,VENDETTA CANVAS PICTURE,3.0,11.25,3.0,2.0,0.0,11.25
84367,LA STREGA CANVAS PICTURE ,74.0,126.29999999999998,8.0,6.0,0.0,126.29999999999998
84371,BIG PINK POODLE,30.0,257.1,6.0,4.0,0.0,257.1
84375,SET OF 20 KIDS COOKIE CUTTERS,7889.0,16463.22,796.0,389.0,-120.89999999999999,16342.320000000002
84378,SET OF 3 HEART COOKIE CUTTERS,11761.0,15567.38,1248.0,601.0,-131.06,15436.32
84380,SET OF 3 BUTTERFLY COOKIE CUTTERS,10533.0,14329.03,1114.0,490.0,-266.39,14062.640000000001
84387A,BIRD ON BRANCH CANVAS SCREEN,11.0,21.45,1.0,1.0,0.0,21.45
84388,WISE MAN STAR SHAPE EGG PAN,71.0,90.69,22.0,21.0,-3.3,87.39
84396,6 HOOK JEWELLERY STAND BLACK DRESS,552.0,1380.52,49.0,22.0,0.0,1380.52
84402B,PURPLE DRESS JEWELLERY STAND,62.0,51.14,4.0,4.0,0.0,51.14
84402D,PINK DRESS JEWELLERY STAND ,373.0,358.92999999999995,13.0,9.0,0.0,358.92999999999995
84405A,S/3 PINK COL METAL BASKET W HANDLE,129.0,1042.16,50.0,40.0,-12.75,1029.41
84406B,CREAM CUPID HEARTS COAT HANGER,7383.0,23816.65,841.0,318.0,-689.1,23127.550000000003
84406b,CREAM CUPID HEARTS COAT HANGER,2.0,13.82,2.0,0.0,0.0,13.82
84414B,FUSCHIA/GREEN STRIPE WOOLLY BLANKET,78.0,536.24,9.0,7.0,0.0,536.24
84415A,PINK FLOCK SUEDE CUSHION COVER ,27.0,71.25,6.0,3.0,0.0,71.25
84415B,BLUE FLOCK CUSHION COVER ,26.0,87.5,7.0,3.0,0.0,87.5
84422,PINK/BLUE DISC/MIRROR STRING,783.0,429.61,38.0,19.0,-19.57,410.04
84424A,FOUR PICTURE WHITE GLASS FRAME,23.0,86.25,10.0,10.0,0.0,86.25
84425A,WHITE GLASS TV TRIPLE FRAME,18.0,76.6,9.0,8.0,0.0,76.6
84427B,BLACK GLASS TV DOUBLE P/FRAME 15X10,17.0,72.25,5.0,5.0,0.0,72.25
84429A,MEDIUM PINK BUDDHA HEAD ,111.0,383.6,42.0,22.0,0.0,383.6
84437A,S/6 PINK EASTER DECS IN BOX,106.0,90.94999999999999,18.0,17.0,0.0,90.94999999999999
84447,6 RABBIT CHAIN EASTER,69.0,72.42,19.0,7.0,0.0,72.42
84450A,PINK RABBIT SITTING EASTER,52.0,24.18,5.0,4.0,-1.68,22.5
84450B,PINK/YELLOW RABBIT SAT EASTER,139.0,84.55,35.0,7.0,0.0,84.55
84452,METAL RABBIT LADDER EASTER ,198.0,186.16,44.0,23.0,-13.6,172.56
84454,WOBBLING METAL CHICKEN EASTER,93.0,85.53,18.0,11.0,0.0,85.53
84455,SET OF 3 RABBIT CARROTS EASTER,85.0,77.96,20.0,15.0,0.0,77.96
84456,SET OF 3 RABBIT EGG EASTER,37.0,33.15,16.0,12.0,-10.2,22.95
84457,SET/3 RABBITS FLOWER SKIPPPING ROPE,291.0,278.72999999999996,64.0,37.0,0.0,278.72999999999996
84458,S/3 RABBIT FLOWER/EGG/CARROT ROPE,124.0,105.39999999999999,20.0,17.0,0.0,105.39999999999999
84459A,PINK METAL CHICKEN HEART ,1269.0,2061.85,201.0,96.0,-143.04,1918.81
84459B,YELLOW METAL CHICKEN HEART ,1480.0,2358.5699999999997,213.0,115.0,-35.76,2322.8099999999995
84461,12 PINK HEN+CHICKS IN BASKET,99.0,253.79,40.0,33.0,-28.049999999999997,225.74
84462,3 PINK HEN+CHICKS IN BASKET,100.0,114.86,14.0,13.0,0.0,114.86
84464,S/60 PINK FLUFFY CHICKS IN BOX,82.0,179.1,11.0,10.0,0.0,179.1
84465,15 PINK FLUFFY CHICKS IN BOX,32.0,96.51,23.0,18.0,0.0,96.51
84466,TOP SECRET PEN SET,1256.0,1348.36,73.0,34.0,-391.85,956.5099999999999
84467,ENGLISH ROSE DESIGN QUILTED THROW,816.0,17477.66,83.0,40.0,-79.9,17397.76
84469,ROSE DES PADDED FLOOR CUSHION,664.0,2249.41,44.0,35.0,0.0,2249.41
84472,PINK AND LILAC QUILTED THROW ,87.0,3402.32,30.0,23.0,-125.9,3276.42
84482,BUTTONS DESIGN JEWELLERY BOX,75.0,293.02,32.0,22.0,-37.5,255.51999999999998
84493,BLUE/PINK NEST STRIPE BOX,1142.0,111.11999999999999,5.0,5.0,-45.36,65.75999999999999
84497,BUTTONS AND STRIPES NOTEBOOK ,100.0,398.38,37.0,29.0,0.0,398.38
84499,BLACK FLOWER CANDLE PLATE,326.0,272.16999999999996,41.0,16.0,0.0,272.16999999999996
84507B,STRIPES DESIGN MONKEY DOLL,1349.0,1764.03,115.0,52.0,-11.049999999999999,1752.98
84507C,BLUE CIRCLES DESIGN MONKEY DOLL,435.0,639.74,70.0,27.0,-20.4,619.34
84508A,CAMOUFLAGE DESIGN TEDDY,3811.0,8096.580000000001,108.0,51.0,-21.9,8074.680000000001
84508B,STRIPES DESIGN TEDDY,176.0,471.60999999999996,74.0,40.0,-15.299999999999999,456.30999999999995
84508C,BLUE CIRCLES DESIGN TEDDY,108.0,295.08,43.0,22.0,-2.55,292.53
84509A,SET OF 4 ENGLISH ROSE PLACEMATS,1534.0,5958.39,404.0,180.0,-48.75,5909.64
84509B,SET OF 4 FAIRY CAKE PLACEMATS,657.0,2486.54,196.0,101.0,-15.0,2471.54
84509C,SET OF 4 POLKADOT PLACEMATS ,278.0,1093.5800000000002,96.0,45.0,0.0,1093.5800000000002
84509E,SET OF 4 CAROUSEL PLACEMATS ,161.0,323.36,32.0,11.0,0.0,323.36
84509F,SET OF 4 NEW ENGLAND PLACEMATS,2781.0,2456.1,46.0,32.0,0.0,2456.1
84509G,SET OF 4 FAIRY CAKE PLACEMATS ,806.0,2060.45,159.0,96.0,0.0,2060.45
84509a,SET OF 4 ENGLISH ROSE PLACEMATS,113.0,844.74,75.0,0.0,0.0,844.74
84509b,SET OF 4 FAIRY CAKE PLACEMATS,5.0,37.3,4.0,0.0,0.0,37.3
84509c,SET OF 4 POLKADOT PLACEMATS ,73.0,550.98,44.0,0.0,0.0,550.98
84509e,SET OF 4 CAROUSEL PLACEMATS ,2.0,15.24,1.0,0.0,0.0,15.24
84509g,SET OF 4 FAIRY CAKE PLACEMATS ,2.0,14.92,2.0,0.0,0.0,14.92
84510A,SET OF 4 ENGLISH ROSE COASTERS,2431.0,3299.21,474.0,200.0,-26.25,3272.96
84510B,SET OF 4 FAIRY CAKES COASTERS ,1171.0,1481.05,147.0,71.0,-2.5,1478.55
84510C,SET OF 4 POLKADOT COASTERS,275.0,404.1,101.0,49.0,0.0,404.1
84510E,SET OF 4 GREEN CAROUSEL COASTERS,148.0,117.77,28.0,12.0,0.0,117.77
84510F,SET OF 4 NEW ENGLAND COASTERS ,1099.0,432.75,38.0,23.0,-2.5,430.25
84510a,SET OF 4 ENGLISH ROSE COASTERS,76.0,188.20999999999998,58.0,0.0,0.0,188.20999999999998
84510b,SET OF 4 FAIRY CAKES COASTERS ,1.0,2.15,1.0,0.0,0.0,2.15
84510c,SET OF 4 POLKADOT COASTERS,59.0,146.39,34.0,0.0,0.0,146.39
84510e,SET OF 4 GREEN CAROUSEL COASTERS,14.0,35.089999999999996,6.0,0.0,0.0,35.089999999999996
84519A,TOMATO CHARLIE+LOLA COASTER SET,1207.0,2812.06,203.0,96.0,0.0,2812.06
84519B,CARROT CHARLIE+LOLA COASTER SET,869.0,1901.27,214.0,98.0,-2.95,1898.32
84520B,PACK 20 ENGLISH ROSE PAPER NAPKINS,7452.0,6378.37,722.0,327.0,-10.2,6368.17
84520D,PACK OF 20 FAIRY CAKE PAPER NAPKINS,699.0,639.4699999999999,94.0,53.0,-10.2,629.2699999999999
84520b,PACK 20 ENGLISH ROSE PAPER NAPKINS,110.0,257.4,10.0,0.0,0.0,257.4
84522,PINK PARTY SUNGLASSES,187.0,313.81,26.0,19.0,0.0,313.81
84526,GIANT BLACK SUNGLASSES,538.0,1503.6399999999999,34.0,23.0,0.0,1503.6399999999999
84527,FLAMES SUNGLASSES PINK LENSES,77.0,146.10999999999999,22.0,19.0,0.0,146.10999999999999
84529A,PINK KNITTED KIDS RUCKSACK,50.0,290.78,19.0,9.0,0.0,290.78
84529B,BLUE KNITTED KID'S RUCKSACK,13.0,62.35,5.0,2.0,0.0,62.35
84529C,YELLOW KNITTED KIDS RUCKSACK,78.0,414.74,37.0,9.0,0.0,414.74
84531A,PINK KNITTED EGG COSY,197.0,181.06,45.0,35.0,0.0,181.06
84531B,BLUE KNITTED EGG COSY,198.0,171.81,42.0,35.0,0.0,171.81
84532B,FAIRY CAKES RECTANGLUAR BOXES,54.0,417.58,31.0,21.0,0.0,417.58
84533B,FAIRY CAKES ROUND NESTING BOXES,59.0,377.93,24.0,17.0,0.0,377.93
84534B,FAIRY CAKE NOTEBOOK A5 SIZE,870.0,824.5799999999999,187.0,69.0,-23.799999999999997,800.78
84534b,FAIRY CAKE NOTEBOOK A5 SIZE,6.0,9.959999999999999,4.0,0.0,0.0,9.959999999999999
84535A,ENGLISH ROSE NOTEBOOK A6 SIZE,607.0,346.93,64.0,44.0,0.0,346.93
84535B,FAIRY CAKES NOTEBOOK A6 SIZE,2711.0,1766.53,327.0,141.0,-61.75,1704.78
84536A,ENGLISH ROSE NOTEBOOK A7 SIZE,5190.0,2346.22,613.0,227.0,-15.959999999999999,2330.2599999999998
84536B,FAIRY CAKES NOTEBOOK A7 SIZE,3541.0,1583.91,399.0,131.0,-21.84,1562.0700000000002
84536a,ENGLISH ROSE NOTEBOOK A7 SIZE,25.0,19.970000000000002,12.0,0.0,0.0,19.970000000000002
84536b,FAIRY CAKES NOTEBOOK A7 SIZE,13.0,10.530000000000001,4.0,0.0,0.0,10.530000000000001
84537B,FAIRY CAKES GIFT BAG,117.0,49.14,11.0,10.0,0.0,49.14
84539,KNITTED RABBIT DOLL ,65.0,107.25,11.0,9.0,0.0,107.25
84546,CROCHET POODLE KEYRING,21.0,34.64999999999999,3.0,3.0,0.0,34.64999999999999
84548,CROCHET BEAR RED/BLUE  KEYRING,48.0,79.19999999999999,13.0,11.0,0.0,79.19999999999999
84549,CROCHET WHITE RABBIT KEYRING ,75.0,137.26999999999998,16.0,9.0,0.0,137.26999999999998
84550,CROCHET LILAC/RED BEAR KEYRING,15.0,24.749999999999996,5.0,4.0,0.0,24.749999999999996
84551,CROCHET DOG KEYRING,39.0,64.35,8.0,6.0,0.0,64.35
84555A,YELLOW VW BEETLE CERAMIC MONEY BOX,47.0,133.85000000000002,16.0,13.0,0.0,133.85000000000002
84558A,3D DOG PICTURE PLAYING CARDS,1311.0,3787.4300000000003,199.0,116.0,-73.75,3713.6800000000003
84558a,3D DOG PICTURE PLAYING CARDS,23.0,136.99,19.0,0.0,0.0,136.99
84559A,3D SHEET OF DOG STICKERS,1356.0,1224.96,230.0,107.0,0.0,1224.96
84559B,3D SHEET OF CAT STICKERS,1234.0,1102.02,195.0,97.0,-3.4,1098.62
84559D,3D SHEET OF SEA WORLD STICKERS,147.0,126.71,31.0,23.0,0.0,126.71
84559a,3D SHEET OF DOG STICKERS,59.0,99.08,40.0,0.0,0.0,99.08
84559b,3D SHEET OF CAT STICKERS,33.0,55.23,25.0,0.0,0.0,55.23
84559d,3D SHEET OF SEA WORLD STICKERS,2.0,3.38,1.0,0.0,0.0,3.38
84562A,PINK/WHITE RIBBED MELAMINE JUG,170.0,1386.21,78.0,48.0,-7.95,1378.26
84562B,BLUE/WHITE RIBBED MELAMINE JUG,10.0,106.59,7.0,5.0,0.0,106.59
84563A,PINK & WHITE BREAKFAST TRAY,142.0,703.0,62.0,26.0,0.0,703.0
84563B,BLUE & WHITE BREAKFAST TRAY,129.0,595.99,59.0,27.0,0.0,595.99
84564,6 SEGMENT COLOURED SNACK BOWL ,21.0,175.48000000000002,11.0,9.0,0.0,175.48000000000002
84567,FROSTED GLASS WITH SILVER SURROUND,9.0,14.85,1.0,1.0,0.0,14.85
84568,GIRLS ALPHABET IRON ON PATCHES ,37134.0,7817.91,310.0,49.0,-181.64999999999998,7636.26
84569A,PACK 3 IRON ON DOG PATCHES,576.0,722.4399999999999,112.0,59.0,-1.25,721.1899999999999
84569B,PACK 3 FIRE ENGINE/CAR PATCHES,458.0,588.43,76.0,54.0,-1.25,587.18
84569C,PACK 4 FLOWER/BUTTERFLY PATCHES,415.0,584.93,89.0,45.0,-16.25,568.68
84569D,PACK 6 HEART/ICE-CREAM PATCHES,1044.0,1316.31,179.0,82.0,-1.25,1315.06
84570B,WHITE SATIN DRESS JEWEL STAND,4.0,19.8,2.0,2.0,0.0,19.8
84572,6 HOOK JEWEL STAND LILAC DRESS,1.0,8.49,1.0,1.0,0.0,8.49
84575A,PINK DOG CANNISTER,24.0,98.8,13.0,13.0,-5.95,92.85
84575B,BROWN DOG CANNISTER W BONE,4.0,23.8,3.0,3.0,0.0,23.8
84576,BLUE CAT BISCUIT BARREL PINK HEART,96.0,337.04,32.0,19.0,0.0,337.04
84578,ELEPHANT TOY WITH BLUE T-SHIRT,222.0,854.91,112.0,67.0,0.0,854.91
84580,MOUSE TOY WITH PINK T-SHIRT,1082.0,4148.45,442.0,197.0,-15.0,4133.45
84581,DOG TOY WITH PINK CROCHET SKIRT,511.0,1940.15,234.0,125.0,0.0,1940.15
84582,PINK CROCHET CAT WITH SCARF,14.0,59.5,11.0,9.0,0.0,59.5
84584,PINK GINGHAM CAT WITH SCARF,282.0,696.75,75.0,47.0,0.0,696.75
84586L,"PINK ROSES/GINGHAM PATCH RABBIT 8""",15.0,44.25000000000001,9.0,9.0,0.0,44.25000000000001
84592,CROCHET ROSE PURSE WITH SUEDE BACK,173.0,536.4000000000001,47.0,33.0,0.0,536.4000000000001
84593,CROCHET ROSE DES CLOTHES HANGER,25.0,73.75,7.0,7.0,0.0,73.75
84595B,LARGE TRIFLE DESIGN L BLUE BOWL,230.0,408.9,16.0,13.0,0.0,408.9
84595E,LARGE TORTILLA DESIGN RED BOWL,367.0,723.5699999999999,43.0,22.0,-3.29,720.28
84596B,SMALL DOLLY MIX DESIGN ORANGE BOWL,6244.0,4105.94,725.0,256.0,-46.72,4059.22
84596E,SMALL LICORICE DES PINK BOWL,1132.0,1145.35,201.0,90.0,-40.0,1105.35
84596F,SMALL MARSHMALLOWS PINK BOWL,4726.0,3208.97,600.0,216.0,-6.72,3202.25
84596G,SMALL CHOCOLATES PINK BOWL,2231.0,1447.83,348.0,118.0,0.0,1447.83
84596I,WRAP SWEETS LIGHT PINK SMALL BOWL,72.0,80.62,10.0,9.0,0.0,80.62
84596J,MIXED NUTS LIGHT GREEN BOWL,813.0,628.01,138.0,50.0,-7.5,620.51
84596K,JELLY BABIES YELLOW SMALL BOWL,428.0,543.41,93.0,48.0,-1.25,542.16
84596L,BISCUITS SMALL BOWL LIGHT BLUE,1540.0,1020.2199999999999,255.0,78.0,0.0,1020.2199999999999
84596b,SMALL DOLLY MIX DESIGN ORANGE BOWL,13.0,32.629999999999995,8.0,0.0,0.0,32.629999999999995
84596e,SMALL LICORICE DES PINK BOWL,35.0,87.85,17.0,0.0,0.0,87.85
84596f,SMALL MARSHMALLOWS PINK BOWL,19.0,46.89,14.0,0.0,0.0,46.89
84596g,SMALL CHOCOLATES PINK BOWL,5.0,12.399999999999999,2.0,0.0,0.0,12.399999999999999
84596j,MIXED NUTS LIGHT GREEN BOWL,2.0,5.02,2.0,0.0,0.0,5.02
84596l,BISCUITS SMALL BOWL LIGHT BLUE,1.0,2.46,1.0,0.0,0.0,2.46
84597B,RETRO BROWN BALL ASHTRAY ,205.0,259.37,27.0,11.0,-3.75,255.62
84597C,RETRO PINK BALL ASHTRAY ,365.0,452.23,44.0,21.0,-5.0,447.23
84598,BOYS ALPHABET IRON ON PATCHES,20799.0,4360.46,217.0,30.0,-120.96,4239.5
84599,CANDY STRIPE ROSE FLOOR CUSHION,15.0,160.15,6.0,2.0,0.0,160.15
84600,NEW BAROQUE JEWELLERY BOX ,108.0,918.27,52.0,31.0,-22.85,895.42
84601A,NEW BAROQUE IVORY CUSHION COVER ,260.0,638.34,15.0,9.0,-187.5,450.84000000000003
84608,ORNATE EDWARDIAN CANDLE HOLDER,6.0,47.7,4.0,4.0,-15.9,31.800000000000004
84609,TALL ROCOCO CANDLE HOLDER,144.0,1306.22,38.0,23.0,-17.0,1289.22
84611B,BLACK NEW BAROQUE FLOCK BOX,7.0,41.65,4.0,4.0,-17.85,23.799999999999997
84612B,SET/4 BLACK  BAROQUE FLOCK COASTER,20.0,51.0,4.0,4.0,0.0,51.0
84613A,PINK NEW BAROQUE FLOCK CANDLESTICK,22.0,102.30000000000001,10.0,9.0,-4.65,97.65
84613C,BLUE NEW BAROQUE FLOCK CANDLESTICK,63.0,262.71,12.0,11.0,0.0,262.71
84614A,PINK BAROQUE FLOCK CANDLE HOLDER,19.0,136.73,10.0,7.0,-11.9,124.82999999999998
84614C,BLUE BAROQUE FLOCK CANDLE HOLDER,3.0,17.85,1.0,1.0,0.0,17.85
84615,PINK ROUND BUTTERFLY MIRROR ,240.0,748.48,21.0,13.0,-241.68,506.8
84616,SILVER ROCCOCO CHANDELIER,72.0,1472.62,25.0,19.0,-119.8,1352.82
84617,NEW BAROQUE BLACK BOXES,11.0,140.25,7.0,7.0,0.0,140.25
84619,BLUE GINGHAM ROSE QUILT ,72.0,1622.96,29.0,22.0,0.0,1622.96
84620,BLUE GINGHAM ROSE CUSHION COVER,121.0,746.61,50.0,41.0,0.0,746.61
84621,BLUE GINGHAM ROSE FLOOR CUSHION ,29.0,247.26,15.0,9.0,0.0,247.26
84622,PINK GINGHAM ROSE CUSHION COVER,23.0,152.6,9.0,7.0,-5.95,146.65
84623,PINK GINGHAM ROSE FLOOR CUSHION,56.0,310.44,14.0,8.0,0.0,310.44
84625A,PINK NEW BAROQUECANDLESTICK CANDLE,861.0,1287.49,81.0,40.0,-64.80000000000001,1222.69
84625B,BLCK NEW BAROQUE CANDLESTICK CANDLE,180.0,279.0,17.0,15.0,-10.2,268.8
84625C,BLUE NEW BAROQUE CANDLESTICK CANDLE,804.0,1130.37,71.0,29.0,-124.0,1006.3699999999999
84625D,WHITE NEWBAROQUE CANDLESTICK CANDLE,650.0,793.34,51.0,36.0,-57.85000000000001,735.49
84626,CANDY STRIPE ROSE QUILT,1.0,45.95,1.0,1.0,0.0,45.95
84627,CANDY STRIPE ROSE C/COVER ,50.0,297.5,19.0,15.0,-47.6,249.9
84629,WHITE 3 FRAME BIRDS AND TREE ,24.0,237.8,13.0,12.0,-4.95,232.85000000000002
84630,FLOWERS AND BIRDS WALL PLAQUE,2.0,15.9,1.0,1.0,0.0,15.9
84631,FRUIT TREE AND BIRDS WALL PLAQUE,288.0,1106.16,50.0,19.0,-23.85,1082.3100000000002
84632,DECORATIVE HANGING SHELVING UNIT,15.0,859.25,11.0,8.0,-59.95,799.3
84637,KITCHEN FLOWER POTS WALL PLAQUE,586.0,1467.21,114.0,28.0,0.0,1467.21
84638,SMALL KITCHEN FLOWER POTS PLAQUE,400.0,1101.55,69.0,27.0,0.0,1101.55
84648,NEW BAROQUE WALL MIRROR,1.0,12.75,1.0,1.0,0.0,12.75
84653,GREEN ROSE QUILT ,14.0,750.48,12.0,8.0,0.0,750.48
84656,WHITE ROSE C/COVER,22.0,130.9,13.0,12.0,0.0,130.9
84657,GREEN ROSE CUSHION COVER,246.0,517.48,20.0,14.0,0.0,517.48
84658,WHITE STITCHED CUSHION COVER,225.0,1276.11,64.0,50.0,0.0,1276.11
84659A,WHITE TRAVEL ALARM CLOCK,609.0,1522.2199999999998,224.0,55.0,-7.6499999999999995,1514.5699999999997
84660A,WHITE STITCHED WALL CLOCK,860.0,855.26,51.0,34.0,-4.54,850.72
84660B,BLACK STITCHED WALL CLOCK,745.0,899.48,61.0,26.0,0.0,899.48
84660C,PINK STITCHED WALL CLOCK,726.0,995.6,85.0,29.0,0.0,995.6
84660a,WHITE STITCHED WALL CLOCK,7.0,52.699999999999996,5.0,0.0,0.0,52.699999999999996
84660b,BLACK STITCHED WALL CLOCK,8.0,60.800000000000004,6.0,0.0,0.0,60.800000000000004
84660c,PINK STITCHED WALL CLOCK,34.0,256.84,28.0,0.0,0.0,256.84
84661A,WHITE SQUARE TABLE CLOCK,222.0,308.99,43.0,22.0,0.0,308.99
84661B,BLACK SQUARE TABLE CLOCK,244.0,535.28,51.0,21.0,0.0,535.28
84661C,PINK SQUARE TABLE CLOCK,150.0,179.75,25.0,12.0,0.0,179.75
84661a,WHITE SQUARE TABLE CLOCK,2.0,10.02,2.0,0.0,0.0,10.02
84661b,BLACK SQUARE TABLE CLOCK,1.0,4.96,1.0,0.0,0.0,4.96
84661c,PINK SQUARE TABLE CLOCK,2.0,10.12,2.0,0.0,0.0,10.12
84663A,GRASS HOPPER WOODEN WALL CLOCK ,375.0,758.21,64.0,34.0,-15.06,743.1500000000001
84664,CHERRY BLOSSOM BATHROOM CABINET,193.0,955.35,51.0,17.0,-24.75,930.6
84665,SQUARE CHERRY BLOSSOM CABINET,230.0,1388.5,47.0,25.0,-154.70000000000002,1233.8
84666,SQUARE CHERRY BLOSSOM CABINET,226.0,892.7,33.0,13.0,0.0,892.7
84670,JAPANESE CROCHETED ANIMAL,5196.0,2128.72,182.0,114.0,-63.0,2065.72
84671B,CROCHET BEAR WITH BLUE STRIPES,109.0,306.77,32.0,20.0,0.0,306.77
84673A,PINK FLY SWAT,500.0,314.84000000000003,99.0,57.0,-0.65,314.19000000000005
84673B,BLUE FLY SWAT,507.0,396.43,133.0,65.0,-0.65,395.78000000000003
84674,FLYING PIG WATERING CAN,467.0,1199.5400000000002,106.0,67.0,-20.650000000000002,1178.89
84675,FROG KING WATERING CAN,206.0,571.71,62.0,39.0,-23.6,548.11
84676,BATH DUCK WATERING CAN,848.0,2102.46,110.0,76.0,-132.55,1969.91
84678,CLASSICAL ROSE SMALL VASE,620.0,1188.6399999999999,81.0,52.0,-25.45,1163.1899999999998
84679,CLASSICAL ROSE TABLE LAMP,14.0,103.3,4.0,4.0,-5.95,97.35
84680,CLASSICAL ROSE URN,94.0,372.3,17.0,14.0,-15.9,356.40000000000003
84682,CLASSICAL ROSE DISH,295.0,596.94,49.0,31.0,-17.700000000000003,579.24
84683,CLASSICAL ROSE CANDLESTAND,562.0,549.36,46.0,18.0,-1.25,548.11
84684,BEACH HUT PHOTO FRAME,609.0,720.6999999999999,40.0,17.0,-51.0,669.6999999999999
84685,BEACH HUT KEY CABINET,438.0,1385.16,125.0,46.0,-12.5,1372.66
84686,BEACH HUT MIRROR,389.0,1027.79,76.0,33.0,-43.4,984.39
84687,BEACH HUT SHELF W 3 DRAWERS,314.0,1208.06,73.0,43.0,-37.65,1170.4099999999999
84688,BEACH HUT DESIGN BLACKBOARD,422.0,1313.52,81.0,39.0,-155.05,1158.47
84689,S/2 BEACH HUT TREASURE CHESTS,312.0,742.9,40.0,29.0,-49.55,693.35
84690,S/2 BEACH HUT STOOLS,27.0,214.65,14.0,12.0,-15.9,198.75
84691,PACK 20 DOLLY PEGS,2747.0,2225.5,235.0,124.0,-56.10000000000001,2169.4
84692,BOX OF 24 COCKTAIL PARASOLS,19430.0,9514.94,1122.0,348.0,-86.94,9428.0
84705A,ENGLISH ROSE PHOTO FRAME ,14.0,65.10000000000001,7.0,5.0,0.0,65.10000000000001
84705B,FAIRY CAKES PHOTO FRAME,84.0,113.27,3.0,2.0,0.0,113.27
84705C,PINK FLOCK PHOTO FRAME ,162.0,227.33,8.0,5.0,0.0,227.33
84705D,CHERRY BLOSSOM PHOTO FRAME ,22.0,97.9,14.0,3.0,0.0,97.9
84705F,RED PEONY PHOTO FRAME ,8.0,37.2,5.0,4.0,0.0,37.2
84705b,FAIRY CAKES PHOTO FRAME,2.0,6.86,2.0,0.0,0.0,6.86
84706A,ENGLISH ROSE TABLE CLOCK,137.0,325.88,7.0,6.0,0.0,325.88
84706B,FAIRY CAKES TABLE CLOCK,20.0,188.73,9.0,8.0,-17.9,170.82999999999998
84706C,PINK FLOCK TABLE CLOCK ,84.0,170.8,4.0,4.0,0.0,170.8
84706D,CHERRY BLOSSOM TABLE CLOCK ,221.0,518.0899999999999,16.0,14.0,-1.95,516.1399999999999
84706F,RED PEONY TABLE CLOCK,34.0,208.3,17.0,15.0,-8.95,199.35000000000002
84707A,SILVER JEWELLED MIRROR TRINKET TRAY,129.0,1085.68,64.0,36.0,0.0,1085.68
84707B,PINK JEWELLED MIRROR TRINKET TRAY,81.0,636.94,51.0,22.0,-39.8,597.1400000000001
84708B,PINK JEWELLED PHOTO FRAME ,142.0,732.7900000000001,53.0,36.0,0.0,732.7900000000001
84709A,SILVER OVAL JEWELLED MIRROR,23.0,136.85,13.0,11.0,0.0,136.85
84709B,PINK OVAL JEWELLED MIRROR,178.0,1026.38,86.0,32.0,-5.95,1020.4300000000001
84711A,SILVER OVAL SHAPE TRINKET BOX,44.0,410.84999999999997,24.0,13.0,0.0,410.84999999999997
84711B,PINK OVAL SHAPE TRINKET BOX,39.0,357.71,30.0,11.0,0.0,357.71
84712B,PINK JEWELLED PHOTO FRAME,101.0,791.01,60.0,29.0,0.0,791.01
84715,SET OF 6 ICE CREAM SKITTLES,241.0,734.8900000000001,47.0,35.0,0.0,734.8900000000001
84720,DOT MATRIX CANVAS ART PICTURE,35.0,147.05,3.0,3.0,0.0,147.05
84721,MANHATTAN CANVAS ART PICTURE,20.0,87.8,2.0,2.0,0.0,87.8
84723,CHERRY BLOSSOM CANVAS ART PICTURE,54.0,201.3,12.0,11.0,-47.7,153.60000000000002
84725,FREESTYLE CANVAS ART PICTURE,135.0,220.74999999999997,29.0,24.0,0.0,220.74999999999997
84726,LILLIES CANVAS PICTURE,233.0,394.84999999999997,5.0,4.0,0.0,394.84999999999997
84731,3 BIRDS CANVAS SCREEN,3.0,3.69,3.0,3.0,0.0,3.69
84732B,CUTE BIRD CEATURE SCREEN,28.0,18.48,6.0,6.0,0.0,18.48
84732D,CUTE RABBIT CEATURE SCREEN ,15.0,10.89,6.0,6.0,0.0,10.89
84741C,CITRUS GARLAND FELT FLOWERS ,185.0,372.14,51.0,42.0,0.0,372.14
84743C,ORANGE FELT VASE + FLOWERS,9.0,11.25,5.0,5.0,0.0,11.25
84744,S/6 SEW ON CROCHET FLOWERS,168.0,213.78,31.0,26.0,0.0,213.78
84745A,PINK HANGING GINGHAM EASTER HEN,72.0,30.240000000000002,15.0,13.0,0.0,30.240000000000002
84745B,BLUE HANGING GINGHAM EASTER HEN,83.0,34.86,17.0,15.0,0.0,34.86
84746,PINK EASTER HENS+FLOWER,23.0,72.06,16.0,6.0,0.0,72.06
84748,FOLK FELT HANGING MULTICOL GARLAND,1170.0,1781.12,93.0,27.0,0.0,1781.12
84750A,PINK SMALL GLASS CAKE STAND,544.0,1189.23,105.0,42.0,-75.3,1113.93
84750B,BLACK SMALL GLASS CAKE STAND,609.0,1142.02,78.0,43.0,-8.19,1133.83
84751B,BLACK MEDIUM GLASS CAKE STAND,38.0,115.86,19.0,18.0,-8.29,107.57
84753A,PINK EAU DE COLOGNE BOTTLE,97.0,92.16999999999999,24.0,14.0,0.0,92.16999999999999
84754,S/15 SILVER GLASS BAUBLES IN BAG,2211.0,2808.45,218.0,129.0,-155.14000000000001,2653.31
84755,COLOUR GLASS T-LIGHT HOLDER HANGING,40703.0,25386.65,1259.0,524.0,-415.35,24971.300000000003
84757,ENCHANTED GARDEN WROUGHT IRON TABLE,5.0,74.75,4.0,4.0,0.0,74.75
84760L,LARGE HANGING GLASS+ZINC LANTERN,560.0,896.0,1.0,1.0,0.0,896.0
84760S,SMALL HANGING GLASS+ZINC LANTERN,234.0,377.60999999999996,36.0,24.0,0.0,377.60999999999996
84761,IVORY HANGING BIRD PLANTER ,276.0,768.8499999999999,61.0,33.0,-20.4,748.4499999999999
84762A,WHITE PICNIC BARBECUE BUCKET,59.0,517.4300000000001,29.0,24.0,-94.45,422.9800000000001
84762B,PINK PICNIC BARBECUE BUCKET,113.0,837.77,48.0,19.0,0.0,837.77
84762C,GREEN PICNIC BARBECUE BUCKET,105.0,761.25,43.0,18.0,0.0,761.25
84763,ZINC FINISH 15CM PLANTER POTS,1638.0,2039.79,170.0,106.0,0.0,2039.79
84765,SILVER ROCOCO CANDELABRA,9.0,140.23,6.0,4.0,-25.5,114.72999999999999
84766,SILVER ROCOCO CANDLE STICK,200.0,638.0,27.0,24.0,-43.199999999999996,594.8
84767,ZINC POLICE BOX LANTERN,195.0,806.22,6.0,4.0,0.0,806.22
84770,ROUND GEORGIAN SILVER MIRROR,135.0,419.25000000000006,16.0,14.0,-135.70000000000002,283.55000000000007
84773,RED ROSE AND LACE C/COVER,193.0,569.35,48.0,34.0,-5.9,563.45
84782A,PINK 3 TIER GLASS PLATE STAND,119.0,840.45,26.0,24.0,-76.5,763.95
84782B,BLACK 3 TIER GLASS PLATE STAND,10.0,127.5,6.0,6.0,0.0,127.5
84782C,GREEN 3 TIER GLASS PLATE STAND,74.0,509.9,18.0,18.0,-50.1,459.79999999999995
84789,ENCHANTED BIRD PLANT CAGE,446.0,1566.01,124.0,81.0,-30.0,1536.01
84791,GINGHAM HEART DECORATION,334.0,1086.13,106.0,66.0,-17.700000000000003,1068.43
84792,ENCHANTED BIRD COATHANGER 5 HOOK,2325.0,10259.050000000001,519.0,248.0,-279.75,9979.300000000001
84795A,PASTEL STRIPE HAMMOCK ,208.0,1696.02,70.0,34.0,0.0,1696.02
84795B,SUNSET CHECK HAMMOCK,306.0,2442.69,96.0,56.0,0.0,2442.69
84795C,OCEAN STRIPE HAMMOCK ,325.0,2752.59,131.0,70.0,-7.95,2744.6400000000003
84795D,SEASIDE STRIPE HAMMOCK,189.0,1538.79,83.0,53.0,-6.95,1531.84
84795E,RIO PINK STRIPE HAMMOCK,10.0,79.5,5.0,3.0,0.0,79.5
84795b,SUNSET CHECK HAMMOCK,19.0,317.71999999999997,17.0,0.0,0.0,317.71999999999997
84796A,PINK HAWAIIAN PICNIC HAMPER FOR 2,284.0,2072.9500000000003,111.0,23.0,0.0,2072.9500000000003
84796B,BLUE SAVANNAH PICNIC HAMPER FOR 2,600.0,4999.79,180.0,28.0,0.0,4999.79
84796a,PINK HAWAIIAN PICNIC HAMPER FOR 2,28.0,234.28,20.0,0.0,0.0,234.28
84796b,BLUE SAVANNAH PICNIC HAMPER FOR 2,2.0,17.12,2.0,0.0,0.0,17.12
84797A,PINK HAWAIIAN PICNIC HAMPER FOR 4,481.0,3361.25,44.0,21.0,0.0,3361.25
84797B,BLUE SAVANNAH PICNIC HAMPER FOR 4,323.0,1845.2,33.0,22.0,-33.9,1811.3
84797a,PINK HAWAIIAN PICNIC HAMPER FOR 4,18.0,198.84,17.0,0.0,0.0,198.84
84797b,BLUE SAVANNAH PICNIC HAMPER FOR 4,21.0,232.62,19.0,0.0,0.0,232.62
84798A,PINK FOXGLOVE ARTIIFCIAL FLOWER,195.0,432.45000000000005,10.0,9.0,-61.199999999999996,371.25000000000006
84798B,PURPLE FOXGLOVE ARTIIFCIAL FLOWER,326.0,492.90000000000003,10.0,8.0,-10.2,482.70000000000005
84798C,WHITE FOXGLOVE ARTIIFCIAL FLOWER,16.0,40.8,3.0,3.0,0.0,40.8
84799,SPRIG LAVENDER ARTIFICIAL FLOWER,678.0,528.78,31.0,26.0,-35.16,493.62
84800L,LARGE WHITE/PINK ROSE ART FLOWER,650.0,970.7900000000001,38.0,32.0,-40.56,930.23
84800M,MEDIUM WHITE/PINK ROSE ART FLOWER,250.0,357.22,27.0,25.0,-5.07,352.15000000000003
84800S,SMALL WHITE/PINK ROSE ART FLOWER,388.0,292.04,19.0,19.0,-2.5,289.54
84801A,PINK HYDRANGEA ART FLOWER,272.0,427.44000000000005,15.0,14.0,0.0,427.44000000000005
84801B,WHITE HYDRANGEA ART FLOWER,214.0,345.00000000000006,18.0,14.0,0.0,345.00000000000006
84802A,WHITE ANEMONE ARTIFICIAL FLOWER,185.0,312.65000000000003,24.0,21.0,0.0,312.65000000000003
84802B,PURPLE ANEMONE ARTIFICIAL FLOWER,411.0,389.79,17.0,16.0,0.0,389.79
84803A,PINK ALLIUM  ARTIFICIAL FLOWER,112.0,189.28,17.0,16.0,-5.07,184.21
84803B,WHITE ALLIUM  ARTIFICIAL FLOWER,42.0,70.98,11.0,10.0,-15.21,55.77
84804A,CREAM DELPHINIUM ARTIFICIAL FLOWER,218.0,396.38000000000005,18.0,15.0,0.0,396.38000000000005
84804B,BLUE DELPHINIUM ARTIFICIAL FLOWER,355.0,501.9700000000001,19.0,17.0,-2.95,499.0200000000001
84805A,CREAM CLIMBING HYDRANGA ART FLOWER,147.0,212.85,8.0,7.0,0.0,212.85
84805B,BLUE CLIMBING HYDRANGA ART FLOWER,340.0,551.4000000000001,9.0,7.0,0.0,551.4000000000001
84806A,PINK CANDYSTUFT ARTIFICIAL FLOWER,319.0,261.90999999999997,20.0,19.0,0.0,261.90999999999997
84806B,WHITE CANDYSTUFT ARTIFICIAL FLOWER,450.0,568.02,32.0,28.0,0.0,568.02
84807,RED POPPY ARTIFICIAL FLOWER,233.0,215.93,7.0,7.0,0.0,215.93
84809A,WHITE CHRYSANTHEMUMS ART FLOWER,288.0,500.04,21.0,18.0,-4.2,495.84000000000003
84809B,PINK CHRYSANTHEMUMS ART FLOWER,296.0,351.6,8.0,7.0,0.0,351.6
84813,SET OF 4 DIAMOND NAPKIN RINGS,426.0,3364.5,99.0,53.0,-3.95,3360.55
84814A,HEXAGONAL CRYSTAL PERFUME BOTTLE,1.0,1.95,1.0,1.0,0.0,1.95
84814B,RHOMBUS CRYSTAL PERFUME BOTTLE,7.0,13.65,3.0,2.0,0.0,13.65
84815,SET OF 3 DANISH ROSE PLANTERS,926.0,1183.8200000000002,53.0,34.0,0.0,1183.8200000000002
84816,DANISH ROSE BEDSIDE CABINET,33.0,1278.3500000000001,20.0,18.0,-340.6,937.7500000000001
84817,DANISH ROSE DECORATIVE PLATE,1059.0,937.44,79.0,70.0,-87.84,849.6
84818,DANISH ROSE PHOTO FRAME,1789.0,2384.7999999999997,214.0,122.0,-132.05,2252.7499999999995
84819,DANISH ROSE ROUND SEWING BOX,913.0,1389.51,95.0,82.0,-17.0,1372.51
84820,DANISH ROSE TRINKET TRAYS,323.0,899.37,54.0,46.0,-35.7,863.67
84821,DANISH ROSE DELUXE COASTER,1318.0,742.5,74.0,50.0,-10.2,732.3
84823,DANISH ROSE FOLDING CHAIR,120.0,1210.0,29.0,29.0,-39.95,1170.05
84824,DANISH ROSE UMBRELLA STAND,38.0,676.4499999999999,32.0,23.0,-15.95,660.4999999999999
84826,ASSTD DESIGN 3D PAPER STICKERS,1794.0,920.08,51.0,48.0,-102.0,818.08
84827,ASS DES PHONE SPONGE CRAFT STICKER,1089.0,530.09,29.0,23.0,0.0,530.09
84828,JUNGLE POPSICLES ICE LOLLY HOLDERS,2516.0,3346.55,353.0,146.0,-45.0,3301.55
84830,LARGE ENGLISH ARBORETUM,113.0,1195.15,7.0,7.0,-50.849999999999994,1144.3000000000002
84832,ZINC WILLIE WINKIE  CANDLE STICK,6883.0,6228.98,630.0,281.0,-10.2,6218.78
84836,ZINC METAL HEART DECORATION,20057.0,24563.170000000002,1408.0,662.0,-127.5,24435.670000000002
84837,WHITE SWEETHEARTS CABINET 4 DRAWERS,251.0,3210.04,143.0,109.0,0.0,3210.04
84838,ANT WHITE HIGH RISE BIRD BOX,50.0,312.5,4.0,3.0,0.0,312.5
84839,SWEETHEART KEY CABINET,1523.0,8747.05,393.0,219.0,-78.6,8668.449999999999
84840,SWEETHEART CARRY-ALL BASKET,285.0,2481.76,140.0,110.0,-42.5,2439.26
84842,HELLO SAILOR BATHROOM SET,1505.0,744.1500000000001,35.0,22.0,-237.60000000000002,506.55000000000007
84843,WHITE SOAP RACK WITH 2 BOTTLES,282.0,1742.96,110.0,66.0,-11.9,1731.06
84845A,HOLLYHOCK SQUARE HANDY TIN,1.0,1.25,1.0,1.0,0.0,1.25
84845C,CARNATION SQUARE HANDY TIN,42.0,52.5,14.0,14.0,-3.75,48.75
84845D,GERANIUM SQUARE HANDY TIN,41.0,51.25,11.0,11.0,0.0,51.25
84846A,SCENTED CANDLE IN DIGITALIS TIN,263.0,596.97,54.0,39.0,0.0,596.97
84847,FLORAL BATHROOM SET,2330.0,1149.73,49.0,32.0,-368.28000000000003,781.45
84849A,HELLO SAILOR BLUE SOAP HOLDER,483.0,855.54,103.0,52.0,-38.87,816.67
84849B,FAIRY SOAP SOAP HOLDER,1972.0,3309.99,293.0,123.0,-21.970000000000002,3288.02
84849D,HOT BATHS SOAP HOLDER,1572.0,2641.93,260.0,122.0,-40.56,2601.37
84854,GIRLY PINK TOOL SET,386.0,2104.2200000000003,110.0,42.0,-4.25,2099.9700000000003
84855,BLOKEY SILVER TOOL SET,36.0,196.70000000000002,15.0,10.0,0.0,196.70000000000002
84856L,LARGE TAHITI BEACH BAG,239.0,1504.15,81.0,46.0,0.0,1504.15
84856S,SMALL TAHITI BEACH BAG,467.0,1877.21,33.0,25.0,-3.81,1873.4
84857A,SILVER MONTE CARLO HANDBAG,8.0,68.0,3.0,2.0,0.0,68.0
84857B,BLUE MONTE CARLO HANDBAG,24.0,46.8,1.0,1.0,-3.9,42.9
84857C,PINK MONTE CARLO HANDBAG,197.0,445.03,17.0,13.0,-1.95,443.08
84858A,NATURAL RIVIERA HANDBAG,53.0,128.83,8.0,7.0,0.0,128.83
84858B,BLUE RIVIERA HANDBAG,326.0,431.0,9.0,8.0,0.0,431.0
84858C,PINK RIVIERA HANDBAG,347.0,611.0699999999999,30.0,22.0,0.0,611.0699999999999
84859A,SILVER DISCO HANDBAG,293.0,613.53,58.0,40.0,0.0,613.53
84859B,BLUE DISCO HANDBAG,282.0,433.46,18.0,14.0,0.0,433.46
84859C,PINK DISCO HANDBAG,304.0,552.72,39.0,29.0,0.0,552.72
84864A,PINK PAISLEY PHOTO ALBUM,7.0,67.71000000000001,4.0,3.0,0.0,67.71000000000001
84865,NEW BAROQUE BLACK PHOTO ALBUM,81.0,681.9,48.0,26.0,0.0,681.9
84867A,PINK BABY GIRLS PHOTO ALBUM,16.0,105.82000000000001,4.0,3.0,0.0,105.82000000000001
84867a,PINK BABY GIRLS PHOTO ALBUM,1.0,13.57,1.0,0.0,0.0,13.57
84867b,BLUE BABY BOY'S PHOTO ALBUM,2.0,27.14,1.0,0.0,0.0,27.14
84868A,PINK BABY GIRL'S MEMORY BOX,2.0,13.9,2.0,2.0,0.0,13.9
84868B,BLUE BABY BOY'S MEMORY BOX,5.0,34.75,4.0,4.0,-13.9,20.85
84869,CANDY BUTTON PHOTO ALBUM,302.0,703.54,26.0,18.0,0.0,703.54
84870B,BLUE GEISHA GIRL ,96.0,345.11,40.0,22.0,-3.75,341.36
84870C,GREEN GEISHA GIRL ,99.0,352.86,41.0,21.0,0.0,352.86
84872A,TEATIME FUNKY FLOWER BACKPACK FOR 2,177.0,1983.54,102.0,6.0,0.0,1983.54
84872a,TEATIME FUNKY FLOWER BACKPACK FOR 2,64.0,702.5899999999999,45.0,0.0,0.0,702.5899999999999
84873A,FUNKY FLOWER PICNIC BAG FOR 4,32.0,394.15,16.0,5.0,0.0,394.15
84873a,FUNKY FLOWER PICNIC BAG FOR 4,88.0,973.36,59.0,0.0,0.0,973.36
84874B,BLUE TRAVEL FIRST AID KIT,87.0,143.41,36.0,26.0,0.0,143.41
84875A,PINK SQUARE COMPACT MIRROR,16.0,60.0,12.0,10.0,0.0,60.0
84875B,GREEN SQUARE COMPACT MIRROR,377.0,526.01,40.0,16.0,0.0,526.01
84875D,BLUE SQUARE COMPACT MIRROR,371.0,483.75,37.0,17.0,0.0,483.75
84876B,GREEN HEART COMPACT MIRROR,344.0,488.31,40.0,22.0,0.0,488.31
84876C,SILVER HEART COMPACT MIRROR,7.0,26.25,4.0,4.0,-3.75,22.5
84876D,BLUE HEART COMPACT MIRROR,335.0,615.52,35.0,24.0,-47.5,568.02
84877A,PINK ROUND COMPACT MIRROR,74.0,185.66,17.0,14.0,0.0,185.66
84877B,GREEN ROUND COMPACT MIRROR,291.0,504.43,43.0,13.0,-2.5,501.93
84877D,BLUE ROUND COMPACT MIRROR,166.0,393.96,43.0,14.0,0.0,393.96
84879,ASSORTED COLOUR BIRD ORNAMENT,81590.0,131817.81,2807.0,1010.0,-774.0699999999999,131043.73999999999
84880,WHITE WIRE EGG HOLDER,1802.0,10275.26,375.0,185.0,-78.9,10196.36
84881,BLUE WIRE SPIRAL CANDLE HOLDER,54.0,355.64,24.0,21.0,-6.35,349.28999999999996
84882,GREEN WIRE STANDING CANDLE HOLDER,66.0,289.43,36.0,22.0,0.0,289.43
84884A,ANT WHITE WIRE HEART SPIRAL,1722.0,6312.62,312.0,195.0,-3.95,6308.67
84884a,ANT WHITE WIRE HEART SPIRAL,56.0,470.18,35.0,0.0,0.0,470.18
84886,BLUE METAL WALL SHELF,12.0,119.39999999999999,9.0,8.0,0.0,119.39999999999999
84891B,GREEN WIRE GOBLET CANDLEHOLDER,11.0,87.45,6.0,5.0,0.0,87.45
84893,ANT WHITE IRON BASKET,33.0,186.35000000000002,15.0,12.0,0.0,186.35000000000002
84898F,YELLOW FLOWERS FELT HANDBAG KIT,172.0,367.45000000000005,52.0,37.0,0.0,367.45000000000005
84899E,YELLOW + BROWN BEAR FELT PURSE KIT,53.0,73.93,21.0,11.0,-1.25,72.68
84899F,YELLOW PURPLE DAISY FELT PURSE KIT,121.0,192.17,53.0,20.0,0.0,192.17
84901,BLACK FACE LAMB WITH PANTS,123.0,471.13,74.0,44.0,0.0,471.13
84902,PINK KNITTED COW STUFFED TOY,84.0,326.33,53.0,28.0,0.0,326.33
84905,PINK BUTTERFLY CUSHION COVER ,269.0,1007.91,105.0,19.0,0.0,1007.91
84906,PINK B'FLY C/COVER W BOBBLES,67.0,313.42,21.0,14.0,-1.95,311.47
84907,PINK YELLOW PATCH CUSHION COVER,391.0,999.17,36.0,12.0,-45.900000000000006,953.27
84908A,PINK 5 PATCH FLOWER CUSHION COVER ,432.0,1045.16,36.0,4.0,-6.95,1038.21
84908B,BLUE 5 PATCH FLOWER CUSHION COVER,435.0,1052.29,35.0,2.0,0.0,1052.29
84909A,PINK PAISLEY QUILT ,209.0,2797.55,30.0,24.0,0.0,2797.55
84910A,PINK PAISLEY CUSHION COVER ,434.0,1242.29,53.0,37.0,-77.35000000000001,1164.94
84912A,PINK ROSE WASHBAG,1097.0,3007.69,231.0,59.0,0.0,3007.69
84912B,GREEN ROSE WASHBAG,1145.0,3141.4,259.0,56.0,0.0,3141.4
84912a,PINK ROSE WASHBAG,2.0,15.56,1.0,0.0,0.0,15.56
84913A,SOFT PINK ROSE TOWEL ,629.0,2287.26,266.0,26.0,0.0,2287.26
84913B,MINT GREEN ROSE TOWEL,442.0,1672.3700000000001,200.0,27.0,-4.65,1667.72
84914A,PINK ROSE PICNIC RUG,6.0,155.7,5.0,2.0,0.0,155.7
84915,HAND TOWEL PINK FLOWER AND DAISY,241.0,507.83,37.0,15.0,0.0,507.83
84916,HAND TOWEL PALE BLUE W FLOWERS,267.0,676.91,58.0,28.0,0.0,676.91
84917,WHITE HAND TOWEL WITH BUTTERFLY,232.0,698.66,53.0,16.0,0.0,698.66
84918,CREAM CUSHION COVER WITH FLOWERS,208.0,995.12,63.0,15.0,-13.9,981.22
84919,BLUE CUSHION COVER WITH FLOWER,291.0,1619.84,43.0,20.0,-723.4,896.4399999999999
84920,PINK FLOWER FABRIC PONY,206.0,824.13,88.0,43.0,0.0,824.13
84921,CREAM AND PINK FLOWERS PONY ,28.0,105.0,14.0,13.0,0.0,105.0
84922,PINK BUTTERFLY WASHBAG,342.0,808.22,17.0,9.0,0.0,808.22
84923,PINK BUTTERFLY HANDBAG W BOBBLES,247.0,1072.37,150.0,5.0,0.0,1072.37
84924A,WAKE UP COCKEREL CALENDAR SIGN ,139.0,593.5,62.0,41.0,0.0,593.5
84924D,LA PALMIERA METAL SIGN CALENDAR,764.0,272.61,15.0,11.0,0.0,272.61
84924F,PSYCHEDELIC METAL SIGN CALENDAR,975.0,274.55,10.0,8.0,-120.0,154.55
84925A,WAKE UP COCKEREL WALL THERMOMETER,179.0,339.28999999999996,17.0,14.0,0.0,339.28999999999996
84925C,FAIRY CAKES  WALL THERMOMETER,28.0,71.39999999999999,10.0,10.0,0.0,71.39999999999999
84925D,LA PALMIERA WALL THERMOMETER,453.0,680.0,26.0,24.0,-93.0,587.0
84925E,FLOWERS WALL THERMOMETER,75.0,130.04999999999998,3.0,3.0,0.0,130.04999999999998
84925F,PSYCHEDELIC WALL THERMOMETER,715.0,875.66,34.0,29.0,0.0,875.66
84926A,WAKE UP COCKEREL TILE COASTER,673.0,305.59,51.0,29.0,0.0,305.59
84926B,SCOTTS ROSES TILE COASTER,54.0,67.5,10.0,8.0,0.0,67.5
84926C,FAIRY CAKES TILE COASTER,138.0,189.6,31.0,17.0,-7.5,182.1
84926D,LA PALMIERA TILE COASTER,777.0,370.34999999999997,47.0,29.0,0.0,370.34999999999997
84926E,FLOWERS TILE COASTER,1081.0,471.57,52.0,40.0,0.0,471.57
84926F,PSYCHEDELIC TILE COASTER,484.0,277.9,42.0,24.0,-6.959999999999999,270.94
84927A,WAKE UP COCKEREL TILE HOOK,227.0,161.82000000000002,33.0,22.0,-10.35,151.47000000000003
84927D,LA PALMIERA TILE HOOK,954.0,215.5,28.0,22.0,-40.86000000000001,174.64
84927E,FLOWERS TILE HOOK,494.0,224.31,29.0,22.0,-19.56,204.75
84927F,PSYCHEDELIC TILE HOOK,336.0,277.53000000000003,62.0,44.0,-4.050000000000001,273.48
84929,ASSTD FRUIT+FLOWERS FRIDGE MAGNETS,3096.0,1007.5200000000001,93.0,82.0,-89.29,918.2300000000001
84931A,PINK SCOTTIE DOG W FLOWER PATTERN,204.0,513.6899999999999,82.0,42.0,0.0,513.6899999999999
84931B,BLUE SCOTTIE DOG W FLOWER PATTERN,274.0,688.7299999999999,83.0,44.0,-7.6499999999999995,681.0799999999999
84932A,SMALL GREEN PEONY FOLDING STOOL,262.0,602.6,24.0,22.0,0.0,602.6
84932B,SMALL PINK PEONY FOLDING STOOL,189.0,401.3,17.0,17.0,0.0,401.3
84932C,SMALL ORIENTAL BLUE FOLDING STOOL,282.0,615.4,34.0,31.0,-8.5,606.9
84932D,SMALL ORIENTAL RED FOLDING STOOL,239.0,574.71,21.0,16.0,0.0,574.71
84933A,LARGE GREEN PEONY FOLDING STOOL,131.0,314.35,6.0,5.0,0.0,314.35
84933B,LARGE PINK PEONY FOLDING STOOL,136.0,309.15000000000003,6.0,5.0,0.0,309.15000000000003
84933C,LARGE BLUE ORIENTAL FOLDING STOOL,136.0,317.0,6.0,6.0,0.0,317.0
84934,ASSTD DESIGN POP ART SLIM PEN,687.0,586.5,13.0,12.0,-0.85,585.65
84937,KASHMIR FOLKART TUMBLERS,2542.0,5394.54,124.0,50.0,-37.800000000000004,5356.74
84942,KASHMIR FOLKART HEART DISHES,3.0,5.07,3.0,3.0,0.0,5.07
84944,SET OF 6 KASHMIR FOLKART BAUBLES,1154.0,3234.63,194.0,122.0,-244.45,2990.1800000000003
84945,MULTI COLOUR SILVER T-LIGHT HOLDER,22637.0,18596.55,653.0,344.0,-141.73,18454.82
84946,ANTIQUE SILVER TEA GLASS ETCHED,37919.0,51148.47,1769.0,641.0,-506.78000000000003,50641.69
84947,ANTIQUE SILVER TEA GLASS ENGRAVED,16065.0,19055.54,680.0,312.0,-45.79,19009.75
84948,SILVER HANGING T-LIGHT HOLDER DOME,273.0,459.2099999999999,36.0,28.0,-6.6,452.6099999999999
84949,SILVER HANGING T-LIGHT HOLDER,12232.0,19479.359999999997,693.0,330.0,-815.2499999999999,18664.109999999997
84950,ASSORTED COLOUR T-LIGHT HOLDER,7919.0,5251.85,274.0,156.0,-44.5,5207.35
84951A,SET OF 4 PISTACHIO LOVEBIRD COASTER,622.0,848.76,135.0,37.0,-18.96,829.8
84951B,SET OF 4 BLACK LOVEBIRD COASTERS,565.0,802.73,120.0,31.0,0.0,802.73
84951b,S/4 BLACK LOVEBIRD COASTERS,10.0,51.26,5.0,0.0,0.0,51.26
84952A,CLEAR LOVE BIRD T-LIGHT HOLDER,167.0,467.65,39.0,13.0,0.0,467.65
84952B,BLACK LOVE BIRD T-LIGHT HOLDER,427.0,701.74,44.0,15.0,-11.25,690.49
84952C,MIRROR LOVE BIRD T-LIGHT HOLDER,413.0,765.13,42.0,18.0,0.0,765.13
84962,SET/3 COLOUR PAINTED KASHMIRI STOOL,3.0,179.85000000000002,2.0,2.0,0.0,179.85000000000002
84963A,PINK PAINTED KASHMIRI CHAIR,27.0,935.1500000000001,9.0,8.0,0.0,935.1500000000001
84963B,BLUE PAINTED KASHMIRI CHAIR,18.0,591.5,6.0,5.0,0.0,591.5
84964A,PINK PAINTED KASHMIRI TABLE,11.0,630.0,2.0,2.0,0.0,630.0
84964B,BLUE PAINTED KASHMIRI TABLE ,17.0,990.0,2.0,2.0,0.0,990.0
84966A,PINK KASHMIRI BOXED MIRROR,13.0,225.95,4.0,3.0,0.0,225.95
84966B,BLUE KASHMIRI BOXED MIRROR,33.0,428.0,4.0,3.0,0.0,428.0
84966C,GREEN KASHMIRI BOXED MIRROR,23.0,276.0,2.0,1.0,0.0,276.0
84967A,PINK KASHMIRI OCCASIONAL TABLE,3.0,174.9,3.0,2.0,-79.95,94.95
84967B,BLUE KASHMIRI OCCASIONAL TABLE,24.0,1249.45,11.0,8.0,-139.95,1109.5
84967C,GREEN KASHMIRI OCCASIONAL TABLE,9.0,419.85,4.0,3.0,0.0,419.85
84968A,SET OF 16 VINTAGE ROSE CUTLERY,533.0,6589.08,204.0,66.0,-390.29999999999995,6198.78
84968B,S/16 VINTAGE IVORY CUTLERY,428.0,5681.41,135.0,51.0,-12.75,5668.66
84968C,SET OF 16 VINTAGE PISTACHIO CUTLERY,644.0,7731.24,191.0,64.0,-51.0,7680.24
84968D,SET OF 16 VINTAGE RED CUTLERY,474.0,5419.21,106.0,45.0,-12.75,5406.46
84968E,SET OF 16 VINTAGE BLACK CUTLERY,387.0,4490.48,98.0,41.0,-51.0,4439.48
84968F,SET OF 16 VINTAGE SKY BLUE CUTLERY,301.0,3622.7599999999998,131.0,52.0,0.0,3622.7599999999998
84968a,SET OF 16 VINTAGE ROSE CUTLERY,7.0,176.31,4.0,0.0,0.0,176.31
84968b,S/16 VINTAGE IVORY CUTLERY,2.0,50.98,2.0,0.0,0.0,50.98
84968d,SET OF 16 VINTAGE RED CUTLERY,4.0,100.37,4.0,0.0,0.0,100.37
84968e,SET OF 16 VINTAGE BLACK CUTLERY,17.0,429.62,13.0,0.0,0.0,429.62
84968f,SET OF 16 VINTAGE SKY BLUE CUTLERY,2.0,50.98,2.0,0.0,0.0,50.98
84969,BOX OF 6 ASSORTED COLOUR TEASPOONS,998.0,4445.38,341.0,100.0,-21.25,4424.13
84970L,SINGLE HEART ZINC T-LIGHT HOLDER,17561.0,17359.489999999998,1080.0,463.0,-34.199999999999996,17325.289999999997
84970S,HANGING HEART ZINC T-LIGHT HOLDER,26756.0,22057.379999999997,1425.0,616.0,-105.19999999999999,21952.179999999997
84970l,SINGLE HEART ZINC T-LIGHT HOLDER,247.0,516.96,65.0,0.0,0.0,516.96
84970s,HANGING HEART ZINC T-LIGHT HOLDER,387.0,813.86,98.0,0.0,0.0,813.86
84971L,LARGE HEART FLOWERS HOOK   ,585.0,723.51,58.0,37.0,-31.25,692.26
84971S,SMALL HEART FLOWERS HOOK ,6587.0,5585.5199999999995,459.0,180.0,-1.7,5583.82
84971l,LARGE HEART FLOWERS HOOK   ,2.0,4.92,1.0,0.0,0.0,4.92
84971s,SMALL HEART FLOWERS HOOK ,6.0,9.959999999999999,3.0,0.0,0.0,9.959999999999999
84972L,GIANT PINK HEART MEMO HOLDER,117.0,462.15000000000003,46.0,41.0,0.0,462.15000000000003
84974,S/2 ZINC HEART DESIGN PLANTERS,89.0,879.55,57.0,52.0,-9.95,869.5999999999999
84975,HEART SHAPED MIRROR,1995.0,3274.85,212.0,115.0,-15.21,3259.64
84976,RECTANGULAR SHAPED MIRROR,675.0,726.12,56.0,40.0,-11.06,715.0600000000001
84977,WIRE FLOWER T-LIGHT HOLDER,223.0,281.33,44.0,34.0,0.0,281.33
84978,HANGING HEART JAR T-LIGHT HOLDER,21819.0,28629.82,1425.0,525.0,-417.72,28212.1
84984A,GREEN PEONY CUSHION COVER,266.0,462.12,17.0,12.0,-9.3,452.82
84984B,RED PEONY CUSHION COVER ,322.0,541.3,16.0,13.0,-9.3,532.0
84984C,ORIENTAL BLUE C/COVER ,232.0,401.16,16.0,11.0,0.0,401.16
84984D,ORIENTAL RED C/COVER ,159.0,404.91,21.0,14.0,0.0,404.91
84985A,SET OF 72 GREEN PAPER DOILIES,652.0,1029.73,153.0,95.0,-7.25,1022.48
84985B,SET OF 72 BLACK PAPER DOILIES ,128.0,194.95999999999998,24.0,12.0,0.0,194.95999999999998
84985a,SET OF 72 GREEN PAPER DOILIES,10.0,29.8,8.0,0.0,0.0,29.8
84985b,SET OF 72 BLACK PAPER DOILIES ,1.0,2.98,1.0,0.0,0.0,2.98
84986B,SET OF 36 SILVER PAPER DOILIES,432.0,639.06,75.0,58.0,0.0,639.06
84986b,SET OF 36 SILVER PAPER DOILIES,6.0,17.88,5.0,0.0,0.0,17.88
84987,SET OF 36 TEATIME PAPER DOILIES,8150.0,11890.9,812.0,406.0,-97.69999999999999,11793.199999999999
84988,SET OF 72 PINK HEART PAPER DOILIES,8393.0,13059.199999999999,1019.0,379.0,-91.27,12967.929999999998
84989A,75 GREEN FAIRY CAKE CASES,2120.0,1093.42,152.0,95.0,-2.0700000000000003,1091.3500000000001
84989B,75 BLACK FAIRY CAKE CASES,1009.0,510.15000000000003,57.0,34.0,0.0,510.15000000000003
84989a,75 GREEN FAIRY CAKE CASES,75.0,152.7,41.0,0.0,0.0,152.7
84989b,75 BLACK FAIRY CAKE CASES,10.0,12.8,6.0,0.0,0.0,12.8
84990,60 GOLD AND SILVER FAIRY CAKE CASES,4248.0,2062.19,193.0,112.0,-13.200000000000001,2048.9900000000002
84991,60 TEATIME FAIRY CAKE CASES,54537.0,27321.370000000003,2127.0,822.0,-187.95000000000002,27133.420000000002
84992,72 SWEETHEART FAIRY CAKE CASES,35109.0,17440.21,1460.0,614.0,-175.33,17264.879999999997
84993A,75 GREEN PETIT FOUR CASES,1498.0,660.79,177.0,88.0,0.0,660.79
84993B,75 BLACK PETIT FOUR CASES,564.0,249.12,86.0,57.0,0.0,249.12
84993a,75 GREEN PETIT FOUR CASES,51.0,42.71,30.0,0.0,0.0,42.71
84993b,75 BLACK PETIT FOUR CASES,20.0,16.99,13.0,0.0,0.0,16.99
84997A,GREEN 3 PIECE MINI DOTS CUTLERY SET,5262.0,19693.32,589.0,278.0,-98.7,19594.62
84997B,RED 3 PIECE MINI DOTS CUTLERY SET,9378.0,34949.56,1019.0,433.0,-382.83000000000004,34566.729999999996
84997C,BLUE 3 PIECE MINI DOTS CUTLERY SET,8852.0,32942.86,951.0,426.0,-319.48,32623.38
84997D,PINK 3 PIECE MINI DOTS CUTLERY SET,10746.0,40250.98,1085.0,431.0,-206.25,40044.73
84997a,CHILDRENS CUTLERY POLKADOT GREEN ,178.0,1481.78,81.0,0.0,0.0,1481.78
84997b,CHILDRENS CUTLERY RETROSPOT RED ,539.0,4534.32,85.0,0.0,0.0,4534.32
84997c,CHILDRENS CUTLERY POLKADOT BLUE,356.0,2984.2799999999997,75.0,0.0,0.0,2984.2799999999997
84997d,CHILDRENS CUTLERY POLKADOT PINK,390.0,3258.31,82.0,0.0,0.0,3258.31
85006,SET 4 NURSERY DES ROUND BOXES,3049.0,1289.31,37.0,32.0,-564.4,724.91
85007,SET OF 3 VINTAGE TEA TIME BOXES,143.0,399.62,21.0,16.0,-13.950000000000001,385.67
85008,SET OF 3 CONEY ISLAND OVAL BOXES,273.0,1083.74,99.0,77.0,-9.9,1073.84
85014A,BLACK/BLUE POLKADOT UMBRELLA,4660.0,22024.5,684.0,361.0,-47.6,21976.9
85014B,RED RETROSPOT UMBRELLA,6196.0,31088.230000000003,900.0,437.0,-105.10000000000001,30983.130000000005
85014C,BLUE/BROWN DOTS RUFFLED UMBRELLA,547.0,2270.73,72.0,55.0,-576.0,1694.73
85014D,PINK/BROWN DOTS RUFFLED UMBRELLA,1918.0,6664.45,90.0,73.0,0.0,6664.45
85014a,BLACK/BLUE POLKADOT UMBRELLA,37.0,467.0,28.0,0.0,0.0,467.0
85014b,RED RETROSPOT UMBRELLA,45.0,567.74,35.0,0.0,0.0,567.74
85015,SET OF 12  VINTAGE POSTCARD SET,2923.0,2787.89,254.0,133.0,0.0,2787.89
85016,SET OF 6 VINTAGE NOTELETS KIT,1688.0,2056.16,167.0,60.0,-17.849999999999998,2038.31
85017A,ENVELOPE 50 ROMANTIC IMAGES,1166.0,799.8,174.0,45.0,0.0,799.8
85017B,ENVELOPE 50 BLOSSOM IMAGES,2251.0,1407.3899999999999,317.0,98.0,-10.2,1397.1899999999998
85017C,ENVELOPE 50 CURIOUS IMAGES,1092.0,723.92,119.0,44.0,-120.96,602.9599999999999
85018A,S/6 PAPER BOXES ROMANTIC IMAGES,15.0,63.75,10.0,10.0,0.0,63.75
85018B,S/6 PAPER BOXES BLOSSOM IMAGES ,15.0,63.75,10.0,10.0,0.0,63.75
85018C,S/6 PAPER BOXES CURIOUS IMAGES ,36.0,127.2,4.0,4.0,0.0,127.2
85018D,YULETIDE IMAGES S/6 PAPER BOXES,796.0,992.8499999999999,80.0,57.0,-38.25,954.5999999999999
85019A,ROMANTIC IMAGES NOTEBOOK SET,651.0,932.04,49.0,37.0,-30.0,902.04
85019B,BLOSSOM  IMAGES NOTEBOOK SET,718.0,982.47,47.0,31.0,-30.0,952.47
85019C,CURIOUS  IMAGES NOTEBOOK SET,426.0,663.94,25.0,18.0,-81.0,582.94
85020,ROUND PINK HEART MIRROR,251.0,558.69,58.0,36.0,0.0,558.69
85023A,CRYSTAL LARGE JEWELLED PHOTO FRAME,22.0,56.099999999999994,10.0,9.0,-2.55,53.55
85023B,EAU DE NILE JEWELLED PHOTOFRAME,293.0,682.35,38.0,32.0,-156.3,526.05
85023C,PINK LARGE JEWELED PHOTOFRAME,23.0,58.65,11.0,10.0,-2.55,56.1
85024A,CRYSTAL SMALL JEWELLED PHOTOFRAME,1.0,1.65,1.0,1.0,0.0,1.65
85024B,EAU DE NILE JEWELLED PHOTOFRAME,218.0,330.9,20.0,19.0,0.0,330.9
85024C,PINK SMALL JEWELLED PHOTOFRAME,100.0,165.0,42.0,33.0,-1.65,163.35
85025B,EAU DE NILE HEART SHAPE PHOTO FRAME,571.0,988.7599999999999,95.0,55.0,-6.6,982.1599999999999
85025C,PINK HEART SHAPE PHOTO FRAME,728.0,1302.53,125.0,73.0,-3.3,1299.23
85026B,EAU DE NILE JEWELLED T-LIGHT HOLDER,310.0,376.05,29.0,20.0,-8.5,367.55
85027L,FRENCH CHATEAU LARGE PLATTER ,191.0,546.45,40.0,36.0,-66.3,480.15000000000003
85028L,FRENCH CHATEAU LARGE FRUIT BOWL ,271.0,654.01,27.0,22.0,-45.9,608.11
85028S,FRENCH CHATEAU SMALL FRUITBOWL,430.0,656.82,33.0,29.0,-54.9,601.9200000000001
85030,FRENCH CHATEAU OVAL PLATTER,211.0,531.4499999999999,29.0,26.0,-70.64999999999999,460.79999999999995
85031A,ROMANTIC IMAGES SCRAP BOOK SET,477.0,943.44,102.0,36.0,0.0,943.44
85031B,BLOSSOM IMAGES SCRAP BOOK SET,496.0,896.09,85.0,25.0,0.0,896.09
85031C,CURIOUS IMAGES SCRAP BOOK SET,481.0,1017.48,106.0,23.0,0.0,1017.48
85032A,ROMANTIC IMAGES GIFT WRAP SET,1447.0,1336.1100000000001,161.0,103.0,0.0,1336.1100000000001
85032B,BLOSSOM IMAGES GIFT WRAP SET,982.0,953.34,152.0,95.0,0.0,953.34
85032C,CURIOUS IMAGES GIFT WRAP SET,892.0,959.19,161.0,85.0,-7.800000000000001,951.3900000000001
85032D,YULETIDE IMAGES GIFT WRAP SET,1190.0,1411.48,133.0,89.0,-7.800000000000001,1403.68
85033G,SET/6 GOLD REINDEER T-LIGHT CANDLES,236.0,376.05,32.0,16.0,-1.9500000000000002,374.1
85033S,SET/6 SILVER REINDEER T-LIGHTS,258.0,317.35,49.0,34.0,-0.65,316.70000000000005
85034A,3 GARDENIA MORRIS BOXED CANDLES,856.0,2407.32,135.0,92.0,-37.75,2369.57
85034B,3 WHITE CHOC MORRIS BOXED CANDLES,1191.0,2640.64,152.0,95.0,0.0,2640.64
85034C,3 ROSE MORRIS BOXED CANDLES,1321.0,2638.12,197.0,130.0,-85.75,2552.37
85034a,3 GARDENIA MORRIS BOXED CANDLES,3.0,24.869999999999997,3.0,0.0,0.0,24.869999999999997
85034b,3 WHITE CHOC MORRIS BOXED CANDLES,1.0,8.29,1.0,0.0,0.0,8.29
85035A,GARDENIA 3 WICK MORRIS BOXED CANDLE,659.0,2412.81,178.0,113.0,-133.94,2278.87
85035B,CHOCOLATE 3 WICK MORRIS BOX CANDLE,996.0,2586.01,131.0,75.0,0.0,2586.01
85035C,ROSE 3 WICK MORRIS BOX CANDLE,1365.0,2740.54,197.0,129.0,-12.75,2727.79
85035a,GARDENIA 3 WICK MORRIS BOXED CANDLE,4.0,33.88,3.0,0.0,0.0,33.88
85035b,CHOCOLATE 3 WICK MORRIS BOX CANDLE,6.0,50.82000000000001,6.0,0.0,0.0,50.82000000000001
85035c,ROSE 3 WICK MORRIS BOX CANDLE,3.0,25.410000000000004,2.0,0.0,0.0,25.410000000000004
85036A,GARDENIA 1 WICK MORRIS BOXED CANDLE,622.0,2401.96,165.0,117.0,-5.5,2396.46
85036B,CHOCOLATE 1 WICK MORRIS BOX CANDLE,604.0,1555.6599999999999,87.0,70.0,-25.5,1530.1599999999999
85036C,ROSE 1 WICK MORRIS BOXED CANDLE,881.0,1641.77,128.0,99.0,-232.25,1409.52
85036a,GARDENIA 1 WICK MORRIS BOXED CANDLE,2.0,16.58,1.0,0.0,0.0,16.58
85036b,CHOCOLATE 1 WICK MORRIS BOX CANDLE,3.0,25.410000000000004,2.0,0.0,0.0,25.410000000000004
85038,6 CHOCOLATE LOVE HEART T-LIGHTS,2897.0,6040.84,382.0,191.0,0.0,6040.84
85039A,SET/4 RED MINI ROSE CANDLE IN BOWL,1464.0,1687.9299999999998,251.0,61.0,-4.949999999999999,1682.9799999999998
85039B,S/4 IVORY MINI ROSE CANDLE IN BOWL,1666.0,2200.0499999999997,266.0,84.0,-19.799999999999997,2180.2499999999995
85039C,S/4 BLACK MINI ROSE CANDLE IN BOWL,545.0,531.2099999999999,114.0,27.0,-3.3,527.91
85039a,SET/4 RED MINI ROSE CANDLE IN BOWL,67.0,222.53,44.0,0.0,0.0,222.53
85039b,S/4 IVORY MINI ROSE CANDLE IN BOWL,4.0,13.44,1.0,0.0,0.0,13.44
85040A,S/4 PINK FLOWER CANDLES IN BOWL,2067.0,3646.6099999999997,400.0,193.0,-72.6,3574.0099999999998
85040B,SET/4 BLUE FLOWER CANDLES IN BOWL,2465.0,3840.2999999999997,252.0,132.0,-97.64999999999999,3742.6499999999996
85040a,S/4 PINK FLOWER CANDLES IN BOWL,51.0,169.75,34.0,0.0,0.0,169.75
85040b,SET/4 BLUE FLOWER CANDLES IN BOWL,7.0,23.519999999999996,3.0,0.0,0.0,23.519999999999996
85041,SET/4 PINK ORCHID CANDLES IN BOWL,1853.0,2489.87,92.0,64.0,-23.099999999999998,2466.77
85042,ANTIQUE LILY FAIRY LIGHTS,2685.0,12234.56,292.0,142.0,-757.4,11477.16
85043,RED HEART CANDY POP LIGHTS,1.0,4.95,1.0,1.0,-14.850000000000001,-9.900000000000002
85044,RED REINDEER STRING OF 20 LIGHTS,149.0,801.4,40.0,26.0,-23.35,778.05
85045,GREEN CHRISTMAS TREE STRING 20LIGHT,476.0,2264.09,83.0,60.0,-54.5,2209.59
85047,WHITE BEADED GARLAND STRING 20LIGHT,1051.0,6664.329999999999,236.0,137.0,-468.95,6195.379999999999
85048,15CM CHRISTMAS GLASS BALL 20 LIGHTS,2749.0,21779.2,517.0,309.0,-732.1,21047.100000000002
85049A,TRADITIONAL CHRISTMAS RIBBONS,6328.0,8351.15,667.0,387.0,-63.75,8287.4
85049B,LUSH GREENS RIBBONS,2132.0,2660.8,338.0,224.0,0.0,2660.8
85049C,ROMANTIC PINKS RIBBONS ,3018.0,3793.8,500.0,303.0,-31.25,3762.55
85049D,BRIGHT BLUES RIBBONS ,2372.0,2975.46,400.0,263.0,0.0,2975.46
85049E,SCANDINAVIAN REDS RIBBONS,6511.0,8733.76,830.0,434.0,-35.0,8698.76
85049F,BABY BOOM RIBBONS ,2133.0,2662.75,314.0,206.0,-31.25,2631.5
85049G,CHOCOLATE BOX RIBBONS ,3890.0,4798.65,510.0,288.0,-56.25,4742.4
85049H,URBAN BLACK RIBBONS ,2075.0,2079.69,334.0,154.0,0.0,2079.69
85049a,TRADITIONAL CHRISTMAS RIBBONS,499.0,1669.6399999999999,51.0,0.0,0.0,1669.6399999999999
85049b,LUSH GREENS RIBBONS,4.0,9.94,3.0,0.0,0.0,9.94
85049c,ROMANTIC PINKS RIBBONS ,1.0,2.46,1.0,0.0,0.0,2.46
85049d,BRIGHT BLUES RIBBONS ,2.0,4.92,2.0,0.0,0.0,4.92
85049e,SCANDINAVIAN REDS RIBBONS,297.0,990.69,61.0,0.0,0.0,990.69
85049g,CHOCOLATE BOX RIBBONS ,115.0,281.44,52.0,0.0,0.0,281.44
85050,FRENCH ENAMEL SOAP DISH WITH LID,48.0,100.80000000000001,1.0,1.0,0.0,100.80000000000001
85053,FRENCH ENAMEL CANDLEHOLDER,2037.0,4382.22,378.0,185.0,-84.46000000000001,4297.76
85054,FRENCH ENAMEL POT W LID,919.0,2506.8300000000004,204.0,107.0,-20.200000000000003,2486.6300000000006
85055,FRENCH ENAMEL UTENSIL HOLDER,369.0,1484.31,107.0,62.0,0.0,1484.31
85059,FRENCH ENAMEL WATER BASIN,702.0,2403.64,211.0,108.0,-30.0,2373.64
85060,WOOD FAN WITH FLOWER DESIGN,1448.0,1745.62,87.0,53.0,-47.5,1698.12
85061W,WHITE JEWELLED HEART DECORATION,6380.0,5516.009999999999,469.0,201.0,-21.25,5494.759999999999
85062,PEARL CRYSTAL PUMPKIN T-LIGHT HLDR,3971.0,6509.549999999999,342.0,172.0,-14.27,6495.279999999999
85063,CREAM SWEETHEART MAGAZINE RACK,308.0,5426.74,180.0,104.0,-1060.7,4366.04
85064,CREAM SWEETHEART LETTER RACK,1785.0,8305.210000000001,279.0,172.0,-20.200000000000003,8285.01
85065,CREAM SWEETHEART TRAYS,620.0,7524.44,256.0,162.0,-377.8,7146.639999999999
85066,CREAM SWEETHEART MINI CHEST,3128.0,39173.65,929.0,471.0,-1260.9,37912.75
85067,CREAM SWEETHEART WALL CABINET,502.0,8309.69,175.0,110.0,-202.45,8107.240000000001
85068,CREAM SWEETHEART SHELF + HOOKS,960.0,6647.24,197.0,130.0,-37.75,6609.49
85069,CREAM SWEETHEART DOUBLE SHELF,3.0,50.849999999999994,1.0,1.0,-101.69999999999999,-50.849999999999994
85070,ANT WHITE SWEETHEART TABLE W 3 DRAW,3.0,320.0,3.0,3.0,-125.0,195.0
85071A,BLUE CHARLIE+LOLA PERSONAL DOORSIGN,1913.0,1433.39,147.0,106.0,-448.4,984.9900000000001
85071B,RED CHARLIE+LOLA PERSONAL DOORSIGN,2436.0,1352.96,165.0,123.0,-5.9,1347.06
85071C,"CHARLIE+LOLA""EXTREMELY BUSY"" SIGN",1291.0,852.53,141.0,85.0,0.0,852.53
85071D,CHARLIE+LOLA MY ROOM DOOR SIGN,890.0,564.16,112.0,78.0,0.0,564.16
85072,OCCASIONS GIFT CARD ASSORTMENT,120.0,66.0,1.0,1.0,0.0,66.0
85077,KISSING REINDEER TABLE RUNNER,1.0,5.95,1.0,0.0,0.0,5.95
85078,SCANDINAVIAN 3 HEARTS NAPKIN RING,2284.0,1079.44,162.0,63.0,-0.65,1078.79
85079,EMBROIDERED REINDEER DECORATION,23.0,32.25,8.0,6.0,0.0,32.25
85080,PADDED RED HEART DECORATION,113.0,55.76,22.0,19.0,0.0,55.76
85081,PADDED HOLLY CHRISTMAS DECORATION ,104.0,46.17,21.0,20.0,0.0,46.17
85083,KISS REINDEER SCANDINAVIAN STOCKING,5.0,12.75,2.0,2.0,-15.299999999999999,-2.549999999999999
85084,HOLLY TOP CHRISTMAS STOCKING,682.0,681.4,84.0,53.0,0.0,681.4
85086A,CANDY SPOT HEART DECORATION,587.0,568.73,152.0,44.0,0.0,568.73
85087,CANDY SPOT CUSHION COVER,421.0,1401.1100000000001,146.0,21.0,-5.9,1395.21
85088,CANDY SPOT HAND BAG,347.0,723.85,78.0,38.0,-8.4,715.45
85089,CANDY SPOT BUNNY,99.0,317.54,29.0,15.0,0.0,317.54
85090,CANDY SPOT APRON,106.0,559.2800000000001,53.0,26.0,-37.2,522.08
85091,CANDY SPOT BREAD BASKETS,343.0,548.81,20.0,14.0,-69.69999999999999,479.10999999999996
85092,CANDY SPOT TEA COSY,391.0,622.57,24.0,14.0,-30.0,592.57
85093,CANDY SPOT EGG WARMER HARE,1362.0,1093.72,152.0,57.0,-3.75,1089.97
85094,CANDY SPOT EGG WARMER RABBIT,761.0,363.5,108.0,40.0,-1.25,362.25
85095,THREE CANVAS LUGGAGE TAGS,175.0,261.04,49.0,9.0,0.0,261.04
85096,HILDA CANDY SPOT RABBIT,166.0,692.16,66.0,42.0,-3.75,688.41
85097B,BLUE ROCKING SINGING CANARY,106.0,417.17,40.0,25.0,-38.6,378.57
85098B,BLUE FLYING SINGING CANARY,366.0,1456.94,114.0,61.0,-154.15,1302.79
85099B,JUMBO BAG RED RETROSPOT,98175.0,183136.14,3989.0,978.0,-2176.32,180959.82
85099C,JUMBO  BAG BAROQUE BLACK WHITE,31153.0,60103.56,1868.0,506.0,-570.88,59532.68
85099F,JUMBO BAG STRAWBERRY,37072.0,68382.73,1830.0,549.0,-512.24,67870.48999999999
85099b,JUMBO BAG RED RETROSPOT,419.0,2111.64,25.0,0.0,0.0,2111.64
85099c,JUMBO  BAG BAROQUE BLACK WHITE,17.0,85.17,10.0,0.0,0.0,85.17
85099f,JUMBO BAG STRAWBERRY,213.0,1077.08,25.0,0.0,0.0,1077.08
85103,SILVER T-LIGHT SETTING,317.0,2153.43,87.0,46.0,-280.1,1873.33
85104,SILVER GLASS T-LIGHT SET,359.0,1048.0900000000001,56.0,40.0,-23.6,1024.4900000000002
85106,CUT GLASS HEXAGON T-LIGHT HOLDER,1202.0,2318.44,59.0,40.0,0.0,2318.44
85107,CUT GLASS T-LIGHT HOLDER OCTAGON,1215.0,2305.39,70.0,56.0,0.0,2305.39
85109,PINK BOUDOIR T-LIGHT HOLDER,4211.0,475.43,20.0,17.0,-131.04000000000002,344.39
85110,BLACK SILVER FLOWER T-LIGHT HOLDER,11520.0,1138.04,23.0,17.0,-387.36,750.68
85111,SILVER GLITTER FLOWER VOTIVE HOLDER,2919.0,969.15,77.0,50.0,-41.76,927.39
85112,S/3 TEAR DROP CUT GLASS DECORATION,465.0,412.77,34.0,20.0,0.0,412.77
85113,POLKA DOT PISTACHIO PAIL,285.0,591.6600000000001,48.0,36.0,0.0,591.6600000000001
85114A,BLACK ENCHANTED FOREST PLACEMAT,1410.0,2341.8399999999997,103.0,46.0,0.0,2341.8399999999997
85114B,IVORY ENCHANTED FOREST PLACEMAT,2066.0,3731.39,223.0,99.0,-3.3,3728.0899999999997
85114C,RED ENCHANTED FOREST PLACEMAT,1221.0,2335.7799999999997,161.0,79.0,0.0,2335.7799999999997
85114a,BLACK ENCHANTED FOREST PLACEMAT,56.0,185.64000000000001,17.0,0.0,0.0,185.64000000000001
85114b,IVORY ENCHANTED FOREST PLACEMAT,56.0,186.76000000000002,19.0,0.0,0.0,186.76000000000002
85114c,RED ENCHANTED FOREST PLACEMAT,188.0,622.72,42.0,0.0,0.0,622.72
85115B,S/4 BLACK DISCO PARTITION PANEL,6.0,37.62,2.0,1.0,0.0,37.62
85116,BLACK CANDELABRA T-LIGHT HOLDER,2040.0,2480.9,181.0,40.0,-63.00000000000001,2417.9
85117,NIGHTINGALE COATHOOK WHITE,347.0,594.3199999999999,61.0,29.0,0.0,594.3199999999999
85118,HEART T-LIGHT HOLDER,2124.0,1179.42,81.0,55.0,-98.67,1080.75
85119,WATERING CAN SINGLE HOOK PISTACHIO,414.0,570.84,39.0,36.0,-27.04,543.8000000000001
85121B,RETRO LAUNDRY TUB PINK,86.0,936.74,48.0,27.0,-93.5,843.24
85121C,RETRO LAUNDRY TUB PISTACHIO,98.0,918.91,53.0,39.0,-17.0,901.91
85123A,WHITE HANGING HEART T-LIGHT HOLDER,96027.0,262768.47000000003,5365.0,1490.0,-9389.65,253378.82000000004
85123a,WHITE HANGING HEART T-LIGHT HOLDER,597.0,3992.39,99.0,0.0,0.0,3992.39
85123b,ZINC HANGING HEART T-LITE HLDR,1.0,6.04,1.0,0.0,0.0,6.04
85124A,PINK JUICY FRUIT PHOTO FRAME,377.0,1037.1299999999999,95.0,43.0,-20.4,1016.7299999999999
85124B,BLUE JUICY FRUIT PHOTO FRAME,366.0,971.6199999999999,102.0,45.0,-15.299999999999999,956.3199999999999
85124C,GREEN JUICY FRUIT PHOTO FRAME,449.0,1185.05,121.0,51.0,-15.3,1169.75
85124a,PINK JUICY FRUIT PHOTO FRAME,10.0,50.599999999999994,9.0,0.0,0.0,50.599999999999994
85124b,BLUE JUICY FRUIT PHOTO FRAME,2.0,10.23,2.0,0.0,0.0,10.23
85124c,GREEN JUICY FRUIT PHOTO FRAME,3.0,15.18,2.0,0.0,0.0,15.18
85125,SMALL ROUND CUT GLASS CANDLESTICK,313.0,1520.19,62.0,32.0,-19.8,1500.39
85126,LARGE ROUND CUTGLASS CANDLESTICK,156.0,1069.16,34.0,22.0,-67.5,1001.6600000000001
85127,SMALL SQUARE CUT GLASS CANDLESTICK,289.0,1785.46,81.0,30.0,-24.75,1760.71
85128,PLANTPOT SINGLE HOOK PISTACHIO,167.0,188.95000000000002,4.0,2.0,0.0,188.95000000000002
85129A,"WHITE PEARL BEADED HEART, SMALL",444.0,569.16,75.0,51.0,-15.0,554.16
85129B,BEADED CRYSTAL HEART GREEN SMALL,254.0,342.62,56.0,26.0,0.0,342.62
85129C,BEADED CRYSTAL HEART BLUE SMALL,417.0,545.24,65.0,37.0,0.0,545.24
85129D,BEADED CRYSTAL HEART PINK SMALL,796.0,1199.83,168.0,59.0,-1.25,1198.58
85130A,BEADED PEARL HEART WHITE LARGE,712.0,1220.84,86.0,59.0,0.0,1220.84
85130B,BEADED CRYSTAL HEART GREEN LARGE,912.0,921.69,83.0,50.0,0.0,921.69
85130C,BEADED CRYSTAL HEART BLUE  LARGE,659.0,737.89,68.0,51.0,0.0,737.89
85130D,BEADED CRYSTAL HEART PINK LARGE,793.0,967.0999999999999,107.0,63.0,0.0,967.0999999999999
85131A,BEADED PEARL HEART WHITE ON STICK,2082.0,1686.8799999999999,199.0,64.0,-12.52,1674.36
85131B,BEADED CRYSTAL HEART GREEN ON STICK,979.0,757.0899999999999,216.0,12.0,0.0,757.0899999999999
85131C,BEADED CRYSTAL HEART BLUE ON STICK,446.0,326.1,72.0,20.0,0.0,326.1
85131D,BEADED CRYSTAL HEART PINK ON STICK,1465.0,1111.4099999999999,267.0,25.0,0.0,1111.4099999999999
85132A,CHARLIE + LOLA BISCUITS TINS,1359.0,5249.68,250.0,98.0,-33.75,5215.93
85132B,CHARLIE AND LOLA TABLE TINS,922.0,2795.9,123.0,73.0,-19.9,2776.0
85132C,CHARLIE AND LOLA FIGURES TINS,2069.0,5881.19,302.0,144.0,-79.39999999999999,5801.79
85132a,CHARLIE + LOLA BISCUITS TINS,12.0,177.59,10.0,0.0,0.0,177.59
85132b,CHARLIE AND LOLA TABLE TINS,10.0,95.83999999999999,10.0,0.0,0.0,95.83999999999999
85132c,CHARLIE AND LOLA FIGURES TINS,4.0,46.099999999999994,4.0,0.0,0.0,46.099999999999994
85135A,YELLOW DRAGONFLY HELICOPTER,94.0,754.59,63.0,40.0,-31.8,722.7900000000001
85135B,BLUE DRAGONFLY HELICOPTER,174.0,1413.0,115.0,67.0,-15.9,1397.1
85135C,RED DRAGONFLY HELICOPTER,179.0,1459.8300000000002,111.0,57.0,-15.9,1443.93
85136A,YELLOW SHARK HELICOPTER,155.0,1261.1100000000001,106.0,64.0,-7.95,1253.16
85136B,BLUE SHARK HELICOPTER,59.0,473.77000000000004,47.0,39.0,-7.95,465.82000000000005
85136C,RED SHARK HELICOPTER,189.0,1533.27,122.0,70.0,-119.77000000000001,1413.5
85141,JARDIN ETCHED GLASS FRUITBOWL,182.0,1286.44,71.0,57.0,-62.05,1224.39
85142,JARDIN ETCHED GLASS GINGER JAR,57.0,502.58,34.0,26.0,-7.95,494.63
85144,JARDIN ETCHED GLASS CHEESE DISH,288.0,1054.1,70.0,61.0,-14.5,1039.6
85145,JARDIN ETCHED GLASS LARGE BELL JAR,91.0,809.05,30.0,27.0,-38.25,770.8
85146,JARDIN ETCHED GLASS SMALL BELL JAR,118.0,599.38,29.0,23.0,0.0,599.38
85147,JARDIN ETCHED GLASS CANDLEHLDR LONG,61.0,301.95,16.0,14.0,-9.9,292.05
85150,LADIES & GENTLEMEN METAL SIGN,8512.0,20650.38,1110.0,369.0,-64.94999999999999,20585.43
85151,WELCOME METAL SIGN,44.0,55.0,8.0,8.0,0.0,55.0
85152,HAND OVER THE CHOCOLATE   SIGN ,16603.0,31976.56,1460.0,486.0,-191.51000000000002,31785.050000000003
85157,SET OF 2 CHESTS CHOCOLAT AU LAIT,1.0,12.72,1.0,0.0,0.0,12.72
85160A,WHITE BIRD GARDEN DESIGN MUG,8816.0,1493.75,32.0,20.0,-561.6,932.15
85160B,BLACK BIRD GARDEN DESIGN MUG,6155.0,1032.7,36.0,28.0,-391.40999999999997,641.2900000000001
85160a,WHITE BIRD GARDEN DESIGN MUG,8.0,129.04,3.0,0.0,0.0,129.04
85160b,BLACK BIRD GARDEN DESIGN MUG,1.0,16.13,1.0,0.0,0.0,16.13
85161,ACRYLIC GEOMETRIC LAMP,51.0,863.85,32.0,16.0,-37.9,825.95
85162A,SILVER RETRODISC LAMPSHADE,607.0,1234.27,20.0,14.0,-30.31,1203.96
85162B,BLACK RETRODISC LAMPSHADE,977.0,1905.15,13.0,5.0,0.0,1905.15
85162C,WHITE RETRODISC LAMPSHADE,904.0,1841.7,46.0,11.0,0.0,1841.7
85163A,WHITE BAROQUE WALL CLOCK ,103.0,1058.17,57.0,35.0,0.0,1058.17
85163B,BLACK BAROQUE WALL CLOCK ,115.0,1268.6599999999999,66.0,26.0,-12.75,1255.9099999999999
85164B,BLACK BAROQUE CUCKOO CLOCK,140.0,1825.1799999999998,65.0,27.0,-12.75,1812.4299999999998
85164b,BLACK BAROQUE CUCKOO CLOCK,1.0,26.04,1.0,0.0,0.0,26.04
85165,CANDY PINK FRENCH BOUDOIR CLOCK,90.0,872.76,58.0,9.0,0.0,872.76
85166A,WHITE METAL BAROQUE PHOTO FRAME,77.0,158.9,12.0,8.0,-3.75,155.15
85166B,BLACK METAL BAROQUE PHOTO FRAME,510.0,864.1,38.0,28.0,0.0,864.1
85167A,WHITE GRAND BAROQUE PHOTO FRAME,176.0,396.8,14.0,12.0,-81.0,315.8
85167B,BLACK GRAND BAROQUE PHOTO FRAME,727.0,1493.53,59.0,38.0,0.0,1493.53
85169A,IVORY LOVE BIRD CANDLE,1281.0,1423.33,151.0,79.0,-15.0,1408.33
85169B,BLACK LOVE BIRD CANDLE,481.0,571.68,93.0,31.0,0.0,571.68
85169C,EAU DE NIL LOVE BIRD CANDLE,506.0,569.33,71.0,27.0,-15.0,554.33
85169D,PINK LOVE BIRD CANDLE,522.0,606.49,88.0,39.0,-1.25,605.24
85170A,SET/6 IVORY BIRD T-LIGHT CANDLES,849.0,1587.16,84.0,45.0,-51.519999999999996,1535.64
85170B,SET/6 BLACK BIRD T-LIGHT CANDLES,293.0,496.91,58.0,19.0,-16.8,480.11
85170C,SET/6 EAU DE NIL BIRD T-LIGHTS,549.0,1009.85,107.0,40.0,-2.1,1007.75
85170D,SET/6 PINK BIRD T-LIGHT CANDLES,727.0,1311.09,151.0,48.0,-12.200000000000001,1298.8899999999999
85171,S/2 HYACINTH BULB CANDLES,1.0,2.55,1.0,1.0,0.0,2.55
85172,HYACINTH BULB T-LIGHT CANDLES,4447.0,2348.48,150.0,110.0,-64.25999999999999,2284.2200000000003
85173,SET/6 FROG PRINCE T-LIGHT CANDLES,1021.0,1841.25,150.0,70.0,-12.75,1828.5
85174,S/4 CACTI CANDLES,1521.0,7491.04,357.0,126.0,-607.65,6883.39
85175,CACTI T-LIGHT CANDLES,15842.0,6774.78,442.0,199.0,-249.66,6525.12
85176,SEWING SUSAN 21 NEEDLE SET,2776.0,2331.3799999999997,306.0,115.0,-13.18,2318.2
85177,BASKET OF FLOWERS SEWING KIT,1837.0,1533.28,143.0,87.0,-0.85,1532.43
85178,VICTORIAN SEWING KIT,5623.0,6212.07,313.0,177.0,-337.85,5874.219999999999
85179A,GREEN BITTY LIGHT CHAIN,221.0,534.34,70.0,24.0,-13.950000000000001,520.39
85179B,WHITE BITTY LIGHT CHAIN ,246.0,1056.6,45.0,33.0,0.0,1056.6
85179C,PINK BITTY LIGHT CHAIN,116.0,257.15,40.0,10.0,0.0,257.15
85179a,GREEN BITTY LIGHT CHAIN,2.0,11.780000000000001,2.0,0.0,0.0,11.780000000000001
85180A,RED HEARTS LIGHT CHAIN ,629.0,1636.42,99.0,60.0,-69.75,1566.67
85180B,PINK HEARTS LIGHT CHAIN ,365.0,1031.48,67.0,29.0,0.0,1031.48
85183A,CHARLIE & LOLA WASTEPAPER BIN BLUE,1512.0,2275.75,141.0,104.0,-18.75,2257.0
85183B,CHARLIE & LOLA WASTEPAPER BIN FLORA,1775.0,2799.2599999999998,171.0,124.0,-131.25,2668.0099999999998
85184B,SET 4 EASTER DECOUPAGE OVAL BOXES,14.0,41.300000000000004,7.0,7.0,-2.95,38.35
85184C,S/4 VALENTINE DECOUPAGE HEART BOX,2288.0,4930.06,345.0,186.0,0.0,4930.06
85184D,S/4 BLUE ROUND DECOUPAGE BOXES,8311.0,4546.78,66.0,48.0,-1664.9199999999998,2881.8599999999997
85184c,S/4 VALENTINE DECOUPAGE HEART BOX,6.0,35.35,6.0,0.0,0.0,35.35
85184d,S/4 BLUE ROUND DECOUPAGE BOXES,1.0,5.91,1.0,0.0,0.0,5.91
85185B,PINK HORSE SOCK PUPPET,613.0,1917.2600000000002,182.0,111.0,-2.95,1914.3100000000002
85185C,COW  SOCK PUPPET,58.0,171.10000000000002,27.0,24.0,0.0,171.10000000000002
85185D,FROG SOCK PUPPET,197.0,642.01,66.0,38.0,0.0,642.01
85185E,DUCK SOCK PUPPET,4.0,11.8,2.0,2.0,-5.1,6.700000000000001
85185F,LION SOCK PUPPET,37.0,109.15,19.0,16.0,0.0,109.15
85186A,EASTER BUNNY GARLAND OF FLOWERS,1476.0,688.42,159.0,76.0,-5.04,683.38
85186B,BUNNY BUNCH OF FLOWERS,14.0,5.88,2.0,2.0,0.0,5.88
85186C,BUNNY EGG GARLAND,1400.0,658.19,152.0,75.0,-18.48,639.71
85187,S/12 MINI RABBIT EASTER,480.0,818.1299999999999,109.0,75.0,0.0,818.1299999999999
85188A,GREEN METAL SWINGING BUNNY,944.0,824.9699999999999,105.0,67.0,-22.95,802.0199999999999
85188B,PINK METAL SWINGING BUNNY,748.0,660.88,74.0,48.0,-20.4,640.48
85189,HANGING BUTTERFLY  EGG,1176.0,967.9499999999999,68.0,53.0,-30.599999999999998,937.3499999999999
85190,PINK FLOWER HANGING HEART ,138.0,122.46,17.0,14.0,-5.1,117.36
85192S,HANGING SPRING FLOWER HEART SMALL,3.0,1.9500000000000002,2.0,2.0,0.0,1.9500000000000002
85194L,HANGING SPRING FLOWER EGG LARGE,1818.0,1560.6299999999999,147.0,93.0,-28.049999999999997,1532.58
85194S,HANGING SPRING FLOWER EGG SMALL,1760.0,889.46,131.0,84.0,-18.39,871.07
85195,HANGING HEART BASKET,146.0,269.44000000000005,17.0,14.0,-2.1,267.34000000000003
85196,EASTER BUNNIES ON A STICK,1564.0,831.0400000000001,71.0,59.0,-6.6000000000000005,824.44
85197,SET OF 12 MINI BUNNIES IN A BUCKET,1669.0,959.46,74.0,63.0,0.0,959.46
85198,ASSORTED FARMYARD ANIMALS IN BUCKET,3859.0,1469.4999999999998,51.0,37.0,0.0,1469.4999999999998
85199L,LARGE HANGING IVORY & RED WOOD BIRD,3545.0,2344.15,272.0,136.0,-17.55,2326.6
85199S,SMALL HANGING IVORY/RED WOOD BIRD,6143.0,2849.99,486.0,188.0,-10.08,2839.91
85200,BUNNY EGG BOX,1045.0,1319.09,105.0,81.0,-15.0,1304.09
85202,HANGING WOOD AND FELT HEART,1217.0,577.65,208.0,79.0,-10.08,567.5699999999999
85203,HANGING WOOD AND FELT BUTTERFLY ,1467.0,669.27,224.0,94.0,0.0,669.27
85204,HANGING WOOD AND FELT FLOWER,2354.0,461.74,154.0,69.0,-0.12,461.62
85205A,IVORY FELT EASTER RABBIT GARLAND,66.0,168.29999999999998,21.0,21.0,0.0,168.29999999999998
85205B,PINK FELT EASTER RABBIT GARLAND,241.0,669.38,61.0,36.0,0.0,669.38
85206A,CREAM FELT EASTER EGG BASKET,2351.0,4022.5099999999998,318.0,234.0,-16.5,4006.0099999999998
85206B,PINK FELT EASTER EGG BASKET,1538.0,2477.2999999999997,183.0,138.0,-23.099999999999998,2454.2
85208,SET/12 FUNKY FELT FLOWER PEG IN BAG,424.0,845.34,87.0,56.0,0.0,845.34
85211,S/4 GROOVY CAT MAGNETS,306.0,467.4,75.0,43.0,-6.529999999999999,460.87
85212,MINI PAINTED GARDEN DECORATION ,2835.0,1103.1999999999998,121.0,82.0,0.0,1103.1999999999998
85213,MINI  ZINC GARDEN DECORATIONS ,1379.0,830.66,80.0,48.0,-0.85,829.81
85214,TUB 24 PINK FLOWER PEGS,531.0,914.2799999999999,169.0,94.0,0.0,914.2799999999999
85215,ASSORTED CHEESE FRIDGE MAGNETS,838.0,648.44,66.0,33.0,0.0,648.44
85216,ASSORTED CAKES FRIDGE MAGNETS,2861.0,2162.02,187.0,114.0,-31.85,2130.17
85217,ASSORTED ICE CREAM FRIDGE MAGNETS,2869.0,1981.8500000000001,164.0,96.0,-62.400000000000006,1919.45
85218,S/5 MINI ICE CREAM FRIDGE MAGNETS,1992.0,625.1999999999999,2.0,2.0,-4.35,620.8499999999999
85219,S/4 HEART CRYSTAL FRIDGE MAGNETS,0.0,0.0,0.0,0.0,-4.949999999999999,-4.949999999999999
85220,SMALL FAIRY CAKE FRIDGE MAGNETS,12236.0,6875.0,5.0,4.0,-3645.6499999999996,3229.3500000000004
85221,ASSORTED COLOUR SILK COIN PURSE,3558.0,1685.46,47.0,35.0,-155.92000000000002,1529.54
85222,ASSORTED COLOUR SILK COSMETIC PURSE,1406.0,1579.68,50.0,39.0,-2.75,1576.93
85224,ASSORTED COLOUR SILK GLASSES CASE,2004.0,1120.96,61.0,35.0,0.0,1120.96
85225,BLING KEY RING STAND,19.0,22.5,11.0,10.0,0.0,22.5
85226A,WHITE/BLUE PULL BACK RACING CAR,1714.0,933.07,144.0,95.0,-24.750000000000004,908.32
85226C,BLUE PULL BACK RACING CAR,989.0,522.3100000000001,83.0,54.0,0.0,522.3100000000001
85227,SET OF 6 3D KIT CARDS FOR KIDS,3520.0,3169.02,442.0,225.0,-25.5,3143.52
85230A,OPIUM SCENTED VOTIVE CANDLE,1992.0,497.03999999999996,48.0,31.0,0.0,497.03999999999996
85230B,CINNAMON SCENTED VOTIVE CANDLE,2192.0,581.92,68.0,49.0,0.0,581.92
85230C,ROSE SCENTED VOTIVE CANDLE,24.0,6.959999999999999,1.0,1.0,0.0,6.959999999999999
85230D,VANILLA SCENTED VOTIVE CANDLE,24.0,6.959999999999999,1.0,1.0,0.0,6.959999999999999
85230E,STRAWBRY SCENTED VOTIVE CANDLE,2445.0,628.41,66.0,44.0,0.0,628.41
85230F,JASMINE VOTIVE CANDLE,2970.0,732.66,62.0,48.0,0.0,732.66
85230G,ORANGE VOTIVE CANDLE,1728.0,439.67999999999995,46.0,32.0,-13.919999999999998,425.75999999999993
85231B,CINAMMON SET OF 9 T-LIGHTS,2153.0,1977.3799999999999,384.0,181.0,-9.35,1968.03
85231E,STRAWBERRY SCENTED SET/9 T-LIGHTS,835.0,695.23,106.0,77.0,-10.2,685.03
85231G,ORANGE SCENTED SET/9 T-LIGHTS,1496.0,1304.06,253.0,139.0,-18.7,1285.36
85231L,LAVENDER SCENTED SET/9 T-LIGHTS,1039.0,838.3499999999999,116.0,81.0,0.0,838.3499999999999
85231b,CINAMMON SET OF 9 T-LIGHTS,4.0,6.58,4.0,0.0,0.0,6.58
85231e,STRAWBERRY SCENTED SET/9 T-LIGHTS,1.0,1.66,1.0,0.0,0.0,1.66
85231g,ORANGE SCENTED SET/9 T-LIGHTS,6.0,9.78,6.0,0.0,0.0,9.78
85232A,SET/3 POLKA DOT STACKING TINS,375.0,1889.88,138.0,97.0,-158.4,1731.48
85232B,SET/3 RUSSIAN DOLL STACKING TINS,3082.0,15436.480000000001,539.0,208.0,-1502.75,13933.730000000001
85232C,RUSSIAN FOLKART STACKING TINS,1.0,4.95,1.0,1.0,0.0,4.95
85232D,SET/3 DECOUPAGE STACKING TINS,710.0,3696.8700000000003,223.0,120.0,-64.35000000000001,3632.5200000000004
85232a,SET/3 POLKA DOT STACKING TINS,2.0,20.34,2.0,0.0,0.0,20.34
85232b,SET/3 RUSSIAN DOLL STACKING TINS,25.0,254.47,22.0,0.0,0.0,254.47
85232d,SET/3 DECOUPAGE STACKING TINS,1.0,10.17,1.0,0.0,0.0,10.17
90000A,RASPBERRY ANT COPPER FLOWER NECKLAC,33.0,198.98000000000002,21.0,14.0,0.0,198.98000000000002
90000B,MIDNIGHT BLUE COPPER FLOWER NECKLAC,30.0,183.66,21.0,9.0,-5.95,177.71
90000C,OPAL WHITE/SILVER FLOWER NECKLACE,2.0,12.32,2.0,1.0,0.0,12.32
90000D,COPPER/OLIVE GREEN FLOWER NECKLACE,54.0,332.86,34.0,13.0,0.0,332.86
90001A,ANTIQUE RASPBERRY FLOWER EARRINGS,11.0,46.6,10.0,3.0,0.0,46.6
90001B,ANTIQUE MID BLUE FLOWER EARRINGS,13.0,55.120000000000005,10.0,4.0,-4.25,50.870000000000005
90001C,ANTIQUE OPAL WHITE FLOWER EARRINGS,12.0,50.94,10.0,5.0,0.0,50.94
90001D,ANTIQUE OLIVE GREEN FLOWER EARRINGS,21.0,89.2,11.0,7.0,0.0,89.2
90002A,FLOWER BURST SILVER RING OPAL,36.0,135.0,14.0,14.0,0.0,135.0
90002B,FLOWER BURST SILVER RING ROSE,22.0,82.74,11.0,7.0,0.0,82.74
90002C,FLOWER BURST SILVER RING MIDN'T BLU,33.0,124.38,19.0,8.0,-7.5,116.88
90002D,FLOWER BURST SILVER RING CRYSTAL,110.0,388.24,34.0,17.0,-7.5,380.74
90002E,FLOWER BURST SILVER RING GREEN,18.0,67.77,11.0,7.0,-11.25,56.519999999999996
90003B,ROSE COLOUR PAIR HEART HAIR SLIDES,45.0,169.62,25.0,9.0,-26.25,143.37
90003C,MIDNIGHT BLUE PAIR HEART HAIR SLIDE,53.0,199.16,35.0,10.0,-26.25,172.91
90003D,CRYSTAL PAIR HEART HAIR SLIDES,60.0,226.17,32.0,15.0,-26.25,199.92
90003E,GREEN PAIR HEART HAIR SLIDES,33.0,124.12,22.0,3.0,-15.0,109.12
90004A,JADE GREEN PAIR ENAMEL HAIR SLIDES,1.0,3.75,1.0,1.0,0.0,3.75
90005A,JADE GREEN ENAMEL HAIR COMB,108.0,221.09,57.0,5.0,0.0,221.09
90010A,MIDNIGHT BLUE GLASS/SILVER BRACELET,50.0,452.79999999999995,30.0,12.0,-53.699999999999996,399.09999999999997
90010B,BLACK/WHITE GLASS/SILVER BRACELET,65.0,596.74,34.0,16.0,-8.95,587.79
90010E,AMBER GLASS/SILVER BRACELET,60.0,539.01,35.0,16.0,-35.8,503.21
90011A,MIDNIGHT BLUE CRYSTAL DROP EARRINGS,15.0,44.28,15.0,2.0,0.0,44.28
90011B,BLACK CRYSTAL DROP EARRINGS,20.0,59.06,15.0,4.0,0.0,59.06
90011C,GREEN CRYSTAL DROP EARRINGS,12.0,35.33,7.0,1.0,0.0,35.33
90011D,PURPLE CRYSTAL DROP EARRINGS,5.0,14.75,5.0,0.0,0.0,14.75
90011E,AMBER CRYSTAL DROP EARRINGS,8.0,23.61,8.0,1.0,0.0,23.61
90012A,MIDNIGHT BLUE DROP CRYSTAL NECKLACE,13.0,74.38,7.0,2.0,0.0,74.38
90012B,BLACK DROP CRYSTAL NECKLACE,17.0,85.9,6.0,3.0,0.0,85.9
90013A,MIDNIGHT BLUE VINTAGE EARRINGS,118.0,445.7,77.0,8.0,-30.0,415.7
90013B,BLACK VINTAGE EARRINGS,108.0,445.88,79.0,5.0,0.0,445.88
90013C,GREEN VINTAGE EARRINGS ,92.0,370.51,56.0,10.0,-3.75,366.76
90013D,PURPLE VINTAGE EARRINGS,46.0,178.11,17.0,7.0,0.0,178.11
90013E,AMBER VINTAGE EARRINGS ,2.0,8.57,2.0,0.0,0.0,8.57
90014A,SILVER/MOP ORBIT NECKLACE,55.0,502.01,40.0,18.0,0.0,502.01
90014B,GOLD M PEARL  ORBIT NECKLACE,35.0,344.33,28.0,13.0,0.0,344.33
90014C,SILVER/BLACK ORBIT NECKLACE,29.0,284.67999999999995,20.0,13.0,0.0,284.67999999999995
90016A,SILVER/M.O.P PENDANT ORBIT NECKLACE,29.0,207.86,16.0,8.0,0.0,207.86
90016B,GOLD/M.O.P PENDANT ORBIT NECKLACE,37.0,312.14,30.0,14.0,0.0,312.14
90016C,SILVER/BLACK PENDANT ORBIT NECKLACE,17.0,144.07,14.0,4.0,0.0,144.07
90018A,SILVER M.O.P ORBIT DROP EARRINGS,77.0,325.47,56.0,15.0,-4.25,321.22
90018B,GOLD M.O.P ORBIT DROP EARRINGS,41.0,173.1,31.0,10.0,0.0,173.1
90018C,SILVER BLACK ORBIT DROP EARRINGS,28.0,118.51,20.0,7.0,-4.25,114.26
90019A,SILVER M.O.P ORBIT BRACELET,70.0,365.61,51.0,16.0,0.0,365.61
90019B,GOLD M.O.P ORBIT BRACELET,33.0,174.13,28.0,6.0,0.0,174.13
90019C,SILVER BLACK ORBIT BRACELET,42.0,224.4,34.0,7.0,0.0,224.4
90020,FILIGREE DIAMANTE CHAIN,6.0,76.23,4.0,2.0,0.0,76.23
90021,LASER CUT MULTI STRAND NECKLACE,5.0,59.75,4.0,4.0,0.0,59.75
90022,EDWARDIAN DROP EARRINGS JET BLACK,40.0,151.1,32.0,4.0,-18.75,132.35
90023,FILIGREE DIAMANTE EARRINGS,32.0,135.98,21.0,7.0,0.0,135.98
90024A,NEW BAROQUE B'FLY NECKLACE BLACK,5.0,42.5,4.0,4.0,0.0,42.5
90024B,NEW BAROQUE B'FLY NECKLACE RED,25.0,212.24,22.0,6.0,-17.0,195.24
90024C,NEW BAROQUE B'FLY NECKLACE GREEN,12.0,101.97,10.0,5.0,0.0,101.97
90024D,NEW BAROQUE B'FLY NECKLACE PINK,15.0,127.5,13.0,11.0,0.0,127.5
90024E,NEW BAROQUE B'FLY NECKLACE MONTANA,16.0,135.98,11.0,7.0,0.0,135.98
90024F,NEW BAROQUE B'FLY NECKLACE CRYSTAL,8.0,67.61,6.0,2.0,0.0,67.61
90025A,BAROQUE BUTTERFLY EARRINGS BLACK,2.0,7.5,2.0,2.0,0.0,7.5
90025B,BAROQUE BUTTERFLY EARRINGS RED,3.0,11.29,3.0,1.0,0.0,11.29
90025C,BAROQUE BUTTERFLY EARRINGS GREEN,6.0,22.56,6.0,2.0,0.0,22.56
90025D,BAROQUE BUTTERFLY EARRINGS PINK,5.0,18.69,5.0,2.0,0.0,18.69
90025E,BAROQUE BUTTERFLY EARRINGS MONTANA,7.0,26.5,7.0,3.0,0.0,26.5
90025F,BAROQUE BUTTERFLY EARRINGS CRYSTAL,8.0,30.23,8.0,2.0,0.0,30.23
90026A,GLASS BEAD HOOP NECKLACE BLACK,11.0,93.47,9.0,6.0,0.0,93.47
90026B,GLASS BEAD HOOP NECKLACE MONTANA,8.0,67.82,7.0,4.0,0.0,67.82
90026C,GLASS BEAD HOOP NECKLACE GREEN,8.0,67.82,6.0,5.0,0.0,67.82
90026D,GLASS BEAD HOOP NECKLACE AMETHYST,10.0,85.0,8.0,6.0,0.0,85.0
90027A,GLASS BEAD HOOP EARRINGS BLACK,10.0,29.48,6.0,3.0,0.0,29.48
90027B,GLASS BEAD HOOP EARRINGS MONTANA,13.0,38.28,10.0,3.0,0.0,38.28
90027C,GLASS BEAD HOOP EARRINGS GREEN,14.0,41.17,12.0,2.0,0.0,41.17
90027D,GLASS BEAD HOOP EARRINGS AMETHYST,23.0,72.18,16.0,6.0,0.0,72.18
90028,NEW BAROQUE LARGE NECKLACE BLK/WHIT,31.0,261.77,24.0,5.0,0.0,261.77
90029,NEW BAROQUE SMALL NECKLACE BLACK,23.0,195.14,12.0,10.0,-8.5,186.64
90030A,SPOTTED WHITE NATURAL SEED NECKLACE,79.0,113.76,10.0,8.0,0.0,113.76
90030B,RED KUKUI COCONUT SEED NECKLACE,140.0,298.02,36.0,17.0,0.0,298.02
90030C,BROWN KUKUI COCONUT SEED NECKLACE,88.0,157.24,16.0,10.0,0.0,157.24
90031,BILI NUT AND WOOD NECKLACE,52.0,71.9,9.0,5.0,0.0,71.9
90032,IVORY SHELL HEART NECKLACE,48.0,271.88,24.0,12.0,0.0,271.88
90033,IVORY SHELL HEART EARRINGS,23.0,58.43,18.0,2.0,0.0,58.43
90034,WHITE SILVER NECKLACE SHELL GLASS,6.0,60.67,5.0,2.0,0.0,60.67
90035A,"PEARL & SHELL 42""NECKL. GREEN",24.0,257.55,16.0,7.0,0.0,257.55
90035B,"PEARL & SHELL 42""NECKL. PINK",43.0,380.89,4.0,4.0,0.0,380.89
90035C,"PEARL & SHELL 42""NECKL. IVORY",28.0,301.0,5.0,5.0,0.0,301.0
90036A,FLOWER GARLAND NECKLACE RED,27.0,215.76000000000002,20.0,10.0,0.0,215.76000000000002
90036B,"FLOWER GLASS GARLAND NECKL.36""GREEN",18.0,143.1,10.0,8.0,0.0,143.1
90036C,"FLOWER GLASS GARLAND NECKL.36""BLUE",31.0,246.83,15.0,7.0,0.0,246.83
90036D,"FLOWER GLASS GARLAND NECKL.36""BLACK",39.0,310.24,16.0,11.0,0.0,310.24
90036E,"FLOWER GLASS GARLD NECKL36""AMETHYST",45.0,358.87,28.0,10.0,0.0,358.87
90036F,"FLOWER GLASS GARLD NECKL36""TURQUOIS",26.0,208.31,15.0,4.0,0.0,208.31
90037A,TINY CRYSTAL BRACELET RED,26.0,66.31,12.0,4.0,0.0,66.31
90037B,TINY CRYSTAL BRACELET GREEN,28.0,71.17,10.0,5.0,0.0,71.17
90037C,TINY CRYSTAL BRACELET BLUE,26.0,66.08,13.0,4.0,0.0,66.08
90037D,TINY CRYSTALS BRACELET BLACK,14.0,35.87,8.0,1.0,0.0,35.87
90038A,GLASS AND PAINTED BEADS BRACELET TO,36.0,135.8,22.0,4.0,0.0,135.8
90038B,GLASS AND PAINTED BEADS BRACELET OL,21.0,79.19,13.0,2.0,0.0,79.19
90038C,GLASS AND BEADS BRACELET IVORY,19.0,71.46000000000001,9.0,3.0,0.0,71.46000000000001
90039A,FIRE POLISHED GLASS BRACELET RED,10.0,37.61,5.0,2.0,0.0,37.61
90039B,FIRE POLISHED GLASS BRACELET MONTAN,22.0,82.8,11.0,3.0,0.0,82.8
90039C,FIRE POLISHED GLASS BRACELET BLACK,24.0,90.46000000000001,12.0,3.0,0.0,90.46000000000001
90039D,FIRE POLISHED GLASS BRACELET GREEN,44.0,166.47,24.0,4.0,0.0,166.47
90040A,MURANO STYLE GLASS BRACELET RED,53.0,207.05,34.0,10.0,-10.5,196.55
90040B,MURANO STYLE GLASS BRACELET BLACK,73.0,263.59,36.0,17.0,0.0,263.59
90040C,MURANO STYLE GLASS BRACELET GOLD,42.0,150.56,21.0,10.0,-10.5,140.06
90040D,MURANO STYLE GLASS BRACELET PINK,41.0,148.87,25.0,9.0,0.0,148.87
90041,PEARL AND CHERRY QUARTZ BRACLET,7.0,25.67,6.0,2.0,0.0,25.67
90042A,FRESHWATER PEARL BRACELET GOLD,63.0,160.79,33.0,6.0,0.0,160.79
90042B,FRESHWATER PEARL BRACELET PINK,17.0,43.349999999999994,6.0,4.0,0.0,43.349999999999994
90042C,FRESHWATER PEARL BRACELET IVORY,59.0,150.20999999999998,26.0,8.0,0.0,150.20999999999998
90043,COPPER AND BRASS BAG CHARM,10.0,54.510000000000005,6.0,5.0,0.0,54.510000000000005
90046,WHITE WITH METAL BAG CHARM,13.0,64.35000000000001,7.0,6.0,-9.9,54.45000000000001
90048,GREEN WITH METAL BAG CHARM,31.0,158.89000000000001,8.0,4.0,-49.5,109.39000000000001
90049,IVORY GOLD METAL BAG CHARM,20.0,114.24,6.0,3.0,-34.65,79.59
90050,CRACKED GLAZE NECKLACE IVORY,11.0,77.11,6.0,2.0,-13.9,63.21
90051,CRACKED GLAZE NECKLACE RED,17.0,119.89,11.0,4.0,0.0,119.89
90052,CRACKED GLAZE NECKLACE BROWN,7.0,49.58,5.0,1.0,0.0,49.58
90053,CRACKED GLAZE EARRINGS IVORY,11.0,27.78,10.0,0.0,0.0,27.78
90054,CRACKED GLAZE EARRINGS RED,19.0,48.11,17.0,2.0,0.0,48.11
90055,CRACKED GLAZE EARRINGS BROWN,10.0,25.28,10.0,1.0,0.0,25.28
90056,CHUNKY CRACKED GLAZE NECKLACE IVORY,20.0,218.99,14.0,1.0,0.0,218.99
90057,DIAMANTE RING ASSORTED IN BOX.,1804.0,2675.88,37.0,29.0,0.0,2675.88
90058A,CRYSTAL STUD EARRINGS CLEAR DISPLAY,576.0,218.88,13.0,12.0,-13.68,205.2
90058B,CRYSTAL STUD EARRINGS ASSORTED COL ,1082.0,509.08000000000004,29.0,27.0,-13.68,495.40000000000003
90059A,DIAMANTE HAIR GRIP PACK/2 CRYSTAL,96.0,160.35999999999999,48.0,3.0,-9.899999999999999,150.45999999999998
90059B,DIAMANTE HAIR GRIP PACK/2 BLACK DIA,31.0,51.55,16.0,4.0,-9.899999999999999,41.65
90059C,DIAMANTE HAIR GRIP PACK/2 MONTANA,42.0,69.83,23.0,6.0,-9.899999999999999,59.93
90059D,DIAMANTE HAIR GRIP PACK/2 PERIDOT,65.0,108.42999999999999,40.0,5.0,-9.899999999999999,98.53
90059E,DIAMANTE HAIR GRIP PACK/2 RUBY,57.0,94.94999999999999,33.0,5.0,-9.899999999999999,85.04999999999998
90059F,DIAMANTE HAIR GRIP PACK/2 LT ROSE,48.0,79.86999999999999,27.0,5.0,-9.899999999999999,69.97
90060B,FIRE POLISHED GLASS NECKL GOLD,6.0,35.7,4.0,4.0,0.0,35.7
90060C,FIRE POLISHED GLASS NECKL SILVER,7.0,41.65,3.0,3.0,0.0,41.65
90060D,FIRE POLISHED GLASS NECKL BRONZE,13.0,77.35,8.0,6.0,0.0,77.35
90060F,FIRE POLISHED GLASS NECKL GREEN,29.0,172.08,18.0,7.0,0.0,172.08
90062,CARNIVAL BRACELET,207.0,2629.67,109.0,33.0,-76.5,2553.17
90063A,WHITE VINT ART DECO CRYSTAL NECKLAC,21.0,178.48,13.0,10.0,0.0,178.48
90063B,BLACK VINT ART DEC CRYSTAL NECKLACE,20.0,170.17000000000002,14.0,8.0,0.0,170.17000000000002
90064A,WHITE VINTAGE CRYSTAL EARRINGS,20.0,79.14,12.0,4.0,0.0,79.14
90064B,BLACK VINTAGE  CRYSTAL EARRINGS,21.0,78.75,12.0,8.0,-3.75,75.0
90065A,WHITE VINTAGE CRYSTAL BRACELET,26.0,180.46,16.0,7.0,-7.22,173.24
90065B,BLACK VINT ART DEC CRYSTAL BRACELET,22.0,154.87,16.0,4.0,0.0,154.87
90066A,PINK VINTAGE VICTORIAN CHOKER,5.0,33.75,2.0,2.0,0.0,33.75
90067A,PINK VINTAGE VICTORIAN EARRINGS,33.0,97.24000000000001,16.0,8.0,0.0,97.24000000000001
90067B,BROWN VINTAGE VICTORIAN EARRINGS,16.0,47.120000000000005,6.0,2.0,0.0,47.120000000000005
90068,"RUBY GLASS NECKLACE 42""",2.0,15.0,2.0,0.0,0.0,15.0
90069,RUBY GLASS CLUSTER NECKLACE,11.0,82.5,5.0,5.0,0.0,82.5
90070,RUBY GLASS CLUSTER BRACELET,63.0,385.15000000000003,35.0,9.0,-53.550000000000004,331.6
90071,RUBY GLASS CLUSTER EARRINGS,92.0,115.29,73.0,2.0,0.0,115.29
90072,RUBY DROP CHANDELIER EARRINGS,44.0,176.31,30.0,4.0,0.0,176.31
90073,VINTAGE ENAMEL & CRYSTAL EARRINGS,52.0,260.52,34.0,7.0,0.0,260.52
90074,BLACK DIAMOND CLUSTER NECKLACE,8.0,73.86,6.0,4.0,0.0,73.86
90075,MONTANA DIAMOND CLUSTER NECKLACE,10.0,92.17999999999999,8.0,3.0,0.0,92.17999999999999
90076,MONTANA DIAMOND CLUSTER EARRINGS,12.0,33.0,7.0,1.0,-2.55,30.45
90077,BLACK DIAMOND CLUSTER EARRINGS,6.0,17.36,5.0,1.0,0.0,17.36
90078,PINK/WHITE GLASS DEMI CHOKER,9.0,67.64,5.0,4.0,0.0,67.64
90079,VINTAGE ENAMEL & CRYSTAL NECKLACE,21.0,104.77000000000001,13.0,5.0,0.0,104.77000000000001
90081A,LILY BROOCH AMETHYST COLOUR,50.0,247.75000000000003,24.0,15.0,0.0,247.75000000000003
90081B,LILY BROOCH WHITE/SILVER COLOUR,7.0,34.650000000000006,3.0,2.0,0.0,34.650000000000006
90081C,LILY BROOCH OLIVE COLOUR,51.0,255.56,36.0,13.0,0.0,255.56
90082A,DIAMANTE BOW BROOCH GREEN COLOUR,60.0,385.46,32.0,16.0,0.0,385.46
90082B,DIAMANTE BOW BROOCH RED COLOUR,64.0,406.4,25.0,18.0,0.0,406.4
90082C,DIAMANTE BOW BROOCH WHITE COLOUR,3.0,19.93,3.0,1.0,0.0,19.93
90082D,DIAMANTE BOW BROOCH BLACK COLOUR,108.0,696.0999999999999,51.0,28.0,-12.7,683.3999999999999
90083,CRYSTAL CZECH CROSS PHONE CHARM,52.0,48.08,15.0,6.0,0.0,48.08
90084,PINK CRYSTAL GUITAR PHONE CHARM,64.0,54.4,9.0,8.0,-10.2,44.2
90085,CRYSTAL STILETTO PHONE CHARM,313.0,278.84999999999997,29.0,14.0,-76.5,202.34999999999997
90086,CRYSTAL FROG PHONE CHARM,219.0,186.95999999999998,46.0,12.0,0.0,186.95999999999998
90087,CRYSTAL SEA HORSE PHONE CHARM,313.0,252.88,53.0,13.0,-42.5,210.38
90088,CRYSTAL KEY+LOCK PHONE CHARM,101.0,86.69999999999999,14.0,8.0,-21.25,65.44999999999999
90089,PINK CRYSTAL SKULL PHONE CHARM,105.0,93.55999999999999,26.0,11.0,0.0,93.55999999999999
90090,PINK CRYSTAL HEART PHONE CHARM,263.0,227.72,22.0,12.0,-31.45,196.27
90091,CRYSTAL DRAGONFLY PHONE CHARM,3.0,2.55,2.0,2.0,0.0,2.55
90092,BLUE CRYSTAL BOOT PHONE CHARM,102.0,87.50999999999999,10.0,6.0,-22.95,64.55999999999999
90093,CLEAR CRYSTAL STAR PHONE CHARM,210.0,167.0,25.0,15.0,-22.95,144.05
90094,NECKLACE+BRACELET SET FRUIT SALAD ,75.0,190.17,38.0,20.0,0.0,190.17
90095,NECKLACE+BRACELET SET PINK BLOSSOM,8.0,22.909999999999997,3.0,2.0,0.0,22.909999999999997
90096,NECKLACE+BRACELET SET BLUE BLOSSOM,113.0,266.44,49.0,10.0,0.0,266.44
90098,NECKLACE+BRACELET PINK BUTTERFLY,137.0,301.28,55.0,22.0,-15.299999999999999,285.97999999999996
90099,NECKLACE+BRACELET SET BLUE HIBISCUS,49.0,155.07,25.0,16.0,0.0,155.07
90100,NECKLACE+BRACELET SET PINK DAISY,30.0,76.5,12.0,7.0,0.0,76.5
90101,WHITE FRANGIPANI NECKLACE,53.0,133.7,29.0,4.0,-15.299999999999999,118.39999999999999
90102,WHITE FRANGIPANI HAIR CLIP,19.0,16.11,4.0,3.0,0.0,16.11
90103,PURPLE FRANGIPANI NECKLACE,44.0,110.85,30.0,5.0,0.0,110.85
90104,PURPLE FRANGIPANI HAIRCLIP,133.0,111.42999999999999,49.0,11.0,0.0,111.42999999999999
90108,BLUE BLOSSOM HAIR CLIP,109.0,125.83000000000001,21.0,12.0,-10.5,115.33000000000001
90111,BLUE HIBISCUS  HAIR CLIP,7.0,7.35,6.0,6.0,0.0,7.35
90112,PINK DOLLY HAIR CLIPS,84.0,91.25,20.0,13.0,0.0,91.25
90114,SUMMER DAISIES BAG CHARM,207.0,519.1999999999999,111.0,19.0,0.0,519.1999999999999
90115,SUMMER BUTTERFLIES BAG CHARM,115.0,296.53,60.0,11.0,0.0,296.53
90116,FRUIT SALAD BAG CHARM,108.0,230.54,63.0,11.0,0.0,230.54
90118,PINK DAISY BAG CHARM,42.0,107.39,29.0,3.0,-15.299999999999999,92.09
90119,METALIC LEAVES BAG CHARMS,97.0,243.07,42.0,6.0,0.0,243.07
90120A,PINK MURANO TWIST BRACELET,94.0,399.92,41.0,14.0,0.0,399.92
90120B,BLUE MURANO TWIST BRACELET,108.0,455.68,42.0,17.0,0.0,455.68
90120C,GREEN MURANO TWIST BRACELET,111.0,470.8,58.0,12.0,0.0,470.8
90120D,WHITE MURANO TWIST BRACELET,134.0,554.13,40.0,16.0,0.0,554.13
90121B,VINTAGE ROSE BEAD BRACELET BLUE,19.0,80.75,9.0,8.0,-12.75,68.0
90122A,PINK CRYSTAL+GLASS BRACELET,55.0,273.89,31.0,14.0,0.0,273.89
90122B,JADE CRYSTAL+GLASS BRACELET,46.0,228.99,26.0,14.0,0.0,228.99
90122C,TURQUOISE CRYSTAL+GLASS BRACELET,54.0,269.1,30.0,12.0,0.0,269.1
90123A,PINK HEART OF GLASS BRACELET,36.0,214.07,19.0,14.0,0.0,214.07
90123B,TURQUOISE HEART OF GLASS BRACELET,26.0,154.69,13.0,8.0,0.0,154.69
90123C,GREEN HEART OF GLASS BRACELET,27.0,160.75,12.0,7.0,0.0,160.75
90123D,WHITE HEART OF GLASS BRACELET,29.0,172.39,14.0,7.0,0.0,172.39
90124A,PINK MURANO TWIST NECKLACE,30.0,299.28,20.0,16.0,0.0,299.28
90124B,BLUE MURANO TWIST NECKLACE,40.0,401.34999999999997,30.0,11.0,0.0,401.34999999999997
90124C,GREEN MURANO TWIST NECKLACE,22.0,220.20999999999998,16.0,7.0,0.0,220.20999999999998
90125A,PINK BERTIE GLASS BEAD BAG CHARM,149.0,183.97,18.0,9.0,-25.200000000000003,158.76999999999998
90125B,AQUA BERTIE GLASS BEAD BAG CHARM,44.0,79.57,17.0,6.0,0.0,79.57
90125C,TURQUOISE BERTIE GLASS BEAD CHARM,92.0,101.35,10.0,5.0,0.0,101.35
90125D,PURPLE BERTIE GLASS BEAD BAG CHARM,136.0,223.74,36.0,9.0,0.0,223.74
90125E,AMBER BERTIE GLASS BEAD BAG CHARM,18.0,44.19,17.0,2.0,0.0,44.19
90126A,PINK BERTIE MOBILE PHONE CHARM,20.0,37.14,5.0,3.0,0.0,37.14
90126B,BLUE BERTIE MOBILE PHONE CHARM,3.0,8.48,3.0,0.0,0.0,8.48
90126C,AMBER BERTIE MOBILE PHONE CHARM,21.0,42.1,5.0,2.0,0.0,42.1
90127A,PINK BEADS+HAND PHONE CHARM,14.0,19.92,2.0,1.0,0.0,19.92
90127B,BLUE BEADS+HAND PHONE CHARM,2.0,2.5,2.0,2.0,0.0,2.5
90128A,PINK LEAVES AND BEADS PHONE CHARM,32.0,48.72,10.0,5.0,0.0,48.72
90128B,BLUE LEAVES AND BEADS PHONE CHARM,20.0,27.52,6.0,5.0,0.0,27.52
90128C,GREEN LEAVES AND BEADS PHONE CHARM,18.0,27.55,6.0,3.0,0.0,27.55
90128D,PURPLE LEAVES AND BEADS PHONE CHAR,14.0,23.75,7.0,2.0,0.0,23.75
90129A,PINK GLASS TASSLE BAG CHARM ,156.0,303.68,73.0,14.0,0.0,303.68
90129B,TURQUOISE GLASS TASSLE BAG CHARM ,150.0,336.59000000000003,62.0,17.0,0.0,336.59000000000003
90129C,GREEN GLASS TASSLE BAG CHARM,110.0,248.36,51.0,16.0,0.0,248.36
90129D,AMBER GLASS TASSLE BAG CHARM,68.0,163.23000000000002,34.0,12.0,0.0,163.23000000000002
90129E,PURPLE GLASS TASSLE BAG CHARM,133.0,269.78000000000003,59.0,10.0,0.0,269.78000000000003
90129F,RED GLASS TASSLE BAG CHARM,87.0,194.51000000000002,41.0,14.0,0.0,194.51000000000002
90130A,WHITE STONE/CRYSTAL EARRINGS,28.0,82.51,16.0,6.0,0.0,82.51
90130B,TURQ STONE/CRYSTAL EARRINGS,66.0,194.01,49.0,4.0,0.0,194.01
90130C,GREEN STONE/CRYSTAL EARRINGS,26.0,76.58,24.0,2.0,0.0,76.58
90130D,RED STONE/CRYSTAL EARRINGS,13.0,38.31,8.0,1.0,0.0,38.31
90131,PINK/AMETHYST/GOLD NECKLACE,10.0,69.62,5.0,4.0,0.0,69.62
90132,LIGHT TOPAZ TEAL/AQUA COL NECKLACE,8.0,40.72,7.0,0.0,0.0,40.72
90133,TEAL/FUSCHIA COL BEAD NECKLACE,47.0,236.46,36.0,7.0,0.0,236.46
90134,OLD ROSE COMBO BEAD NECKLACE,127.0,373.88,96.0,2.0,0.0,373.88
90135,ORANGE/WHT/FUSCHIA STONES NECKLACE,9.0,44.75,3.0,1.0,0.0,44.75
90135A,ORANGE/FUSCHIA STONES NECKLACE,11.0,54.620000000000005,4.0,2.0,0.0,54.620000000000005
90136,PALE PINK/AMETHYST STONE NECKLACE,4.0,40.47,3.0,2.0,0.0,40.47
90137,PINK COMBO MINI CRYSTALS NECKLACE,26.0,132.52,15.0,8.0,0.0,132.52
90138,WHITE/PINK MINI CRYSTALS NECKLACE,25.0,131.15,17.0,5.0,0.0,131.15
90139,FLOWER BROOCH 4 ASSORTED COLOURS,23.0,118.24000000000001,18.0,3.0,0.0,118.24000000000001
90140,PINK SWEETIE NECKLACE,10.0,75.54,7.0,2.0,0.0,75.54
90141A,GREEN PENDANT TRIPLE SHELL NECKLACE,21.0,110.46000000000001,17.0,4.0,0.0,110.46000000000001
90141B,IVORY PENDANT TRIPLE SHELL NECKLACE,14.0,70.03,9.0,2.0,0.0,70.03
90141C,TURQ PENDANT TRIPLE SHELL NECKLACE,16.0,83.69,13.0,4.0,0.0,83.69
90141D,ROSE PENDANT TRIPLE SHELL NECKLACE,7.0,36.33,5.0,1.0,0.0,36.33
90141E,ORANGE PENDANT TRIPLE SHELL NECKLAC,10.0,50.06,5.0,3.0,0.0,50.06
90142A,GREEN PENDANT SHELL NECKLACE,5.0,25.45,4.0,0.0,0.0,25.45
90142B,IVORY PENDANT SHELL NECKLACE,1.0,5.09,1.0,0.0,0.0,5.09
90142C,ROSE PINK PENDANT SHELL NECKLACE,1.0,5.09,1.0,0.0,0.0,5.09
90142D,MOP PENDANT SHELL NECKLACE,11.0,54.59,5.0,4.0,0.0,54.59
90143,SILVER BRACELET W PASTEL FLOWER,81.0,614.7,41.0,15.0,-52.5,562.2
90144,SILVER DROP EARRINGS WITH FLOWER,53.0,199.45,33.0,11.0,0.0,199.45
90145,SILVER HOOP EARRINGS WITH FLOWER,76.0,461.81,45.0,16.0,0.0,461.81
90146,FINE SILVER NECKLACE W PASTEL FLOWE,41.0,276.49,19.0,12.0,-15.0,261.49
90147,CHUNKY SILVER NECKLACE PASTEL FLOWE,93.0,937.4499999999999,58.0,24.0,-39.8,897.65
90148,LONG SILVER NECKLACE PASTEL FLOWER,27.0,343.98,18.0,15.0,-12.75,331.23
90149,SILVER FLOWR PINK SHELL NECKLACE,62.0,410.26000000000005,9.0,6.0,0.0,410.26000000000005
90150,BLUE SHELL+SILVER NECKLACE,13.0,97.5,8.0,7.0,0.0,97.5
90151,SILVER/NATURAL SHELL NECKLACE,21.0,178.67000000000002,9.0,5.0,0.0,178.67000000000002
90152A,SILVER/NAT SHELL NECKLACE W PENDANT,7.0,40.34,7.0,4.0,0.0,40.34
90152B,BLUE/GREEN SHELL NECKLACE W PENDANT,7.0,41.21,5.0,4.0,0.0,41.21
90152C,BLUE/NAT SHELL NECKLACE W PENDANT,7.0,41.650000000000006,4.0,4.0,0.0,41.650000000000006
90154,LAZER CUT NECKLACE W PASTEL BEADS,59.0,439.65,7.0,6.0,0.0,439.65
90155,RESIN NECKLACE W PASTEL BEADS,30.0,226.16,21.0,12.0,0.0,226.16
90156,RESIN BRACELET W PASTEL BEADS,25.0,137.37,14.0,7.0,0.0,137.37
90157,RIVIERA NECKLACE,53.0,263.28000000000003,24.0,14.0,0.0,263.28000000000003
90158,ST TROPEZ NECKLACE,79.0,396.5,63.0,11.0,0.0,396.5
90159,COTE D'AZURE NECKLACE,38.0,188.58,20.0,13.0,0.0,188.58
90160A,PURPLE BOUDICCA LARGE BRACELET,52.0,362.51,25.0,18.0,-48.65,313.86
90160B,RED BOUDICCA LARGE BRACELET,71.0,490.92,29.0,19.0,0.0,490.92
90160C,TURQ+RED BOUDICCA LARGE BRACELET,98.0,684.22,45.0,25.0,0.0,684.22
90160D,PINK BOUDICCA LARGE BRACELET,76.0,529.22,25.0,18.0,-6.95,522.27
90161A,ANT COPPER RED BOUDICCA BRACELET,73.0,365.23,43.0,14.0,0.0,365.23
90161B,ANT COPPER TURQ BOUDICCA BRACELET,150.0,749.4300000000001,76.0,21.0,0.0,749.4300000000001
90161C,ANT COPPER LIME BOUDICCA BRACELET,170.0,849.0,100.0,28.0,0.0,849.0
90161D,ANT COPPER PINK BOUDICCA BRACELET,141.0,702.7900000000001,75.0,18.0,0.0,702.7900000000001
90162A,ANT SILVER TURQUOISE BOUDICCA RING,30.0,88.5,11.0,8.0,0.0,88.5
90162B,ANT SILVER LIME GREEN BOUDICCA RING,56.0,165.20000000000002,20.0,14.0,-2.95,162.25000000000003
90162C,ANT SILVER FUSCHIA BOUDICCA RING,42.0,123.90000000000002,16.0,10.0,0.0,123.90000000000002
90162D,ANT SILVER PURPLE BOUDICCA RING,30.0,88.50000000000001,14.0,7.0,0.0,88.50000000000001
90163A,PINK ROSEBUD & PEARL NECKLACE,37.0,280.71,24.0,5.0,0.0,280.71
90163B,WHITE ROSEBUD & PEARL NECKLACE,13.0,98.45,9.0,2.0,0.0,98.45
90164A,PINK ROSEBUD PEARL BRACELET,40.0,230.39,25.0,7.0,0.0,230.39
90164B,WHITE  ROSEBUD PEARL BRACELET,67.0,362.94,35.0,8.0,0.0,362.94
90165A,PINK ROSEBUD PEARL EARRINGS,42.0,106.49,27.0,2.0,0.0,106.49
90165B,WHITE ROSEBUD  PEARL EARRINGS,52.0,131.65,35.0,5.0,0.0,131.65
90166,PINK & WHITE ROSEBUD RING,41.0,173.18,31.0,7.0,-4.25,168.93
90167,BEADED LOVE HEART JEWELLERY SET,2207.0,1809.6699999999998,111.0,53.0,-217.55999999999997,1592.11
90168,2 DAISIES HAIR COMB,43.0,126.72000000000001,24.0,3.0,-17.700000000000003,109.02000000000001
90169,DAISY HAIR COMB,42.0,106.49,23.0,3.0,-15.299999999999999,91.19
90170,DAISY HAIR BAND,151.0,251.26999999999998,73.0,10.0,-19.799999999999997,231.46999999999997
90171,DAISY RING,47.0,59.650000000000006,27.0,2.0,0.0,59.650000000000006
90173,PAIR BUTTERFLY HAIR CLIPS,89.0,336.88,51.0,7.0,-3.75,333.13
90174,BUTTERFLY HAIR BAND,51.0,128.66,32.0,4.0,-30.599999999999998,98.06
90175A,WHITE GLASS CHUNKY CHARM BRACELET,108.0,973.4,62.0,20.0,-71.6,901.8
90175B,PINK GLASS CHUNKY CHARM BRACELET,37.0,332.19,27.0,6.0,-17.9,314.29
90175C,BLUE GLASS CHUNKY CHARM BRACELET,39.0,350.84999999999997,20.0,15.0,0.0,350.84999999999997
90175D,TIGRIS EYE CHUNKY CHARM BRACELET,60.0,545.72,41.0,11.0,0.0,545.72
90176A,CLASSIC DIAMANTE NECKLACE JET,10.0,75.88,7.0,3.0,-7.5,68.38
90176B,DIAMANTE NECKLACE BLACK ,5.0,37.620000000000005,4.0,2.0,0.0,37.620000000000005
90176C,DIAMANTE NECKLACE,10.0,77.0,6.0,4.0,-15.0,62.0
90176D,DIAMANTE NECKLACE PURPLE,11.0,82.81,7.0,6.0,-7.5,75.31
90176E,DIAMANTE NECKLACE GREEN,4.0,29.98,3.0,2.0,0.0,29.98
90177A,CLASSIC DIAMANTE EARRINGS JET,19.0,55.690000000000005,14.0,2.0,-17.700000000000003,37.99
90177B,DROP DIAMANTE EARRINGS BLACK DIAMON,31.0,91.38000000000001,19.0,5.0,0.0,91.38000000000001
90177C,DROP DIAMANTE EARRINGS CRYSTAL,40.0,117.9,24.0,6.0,-17.700000000000003,100.2
90177D,DROP DIAMANTE EARRINGS PURPLE,48.0,141.68,25.0,9.0,-17.700000000000003,123.98
90177E,DROP DIAMANTE EARRINGS GREEN,29.0,85.67,22.0,3.0,-17.700000000000003,67.97
90178A,AMBER CHUNKY GLASS+BEAD NECKLACE,29.0,346.31,21.0,14.0,0.0,346.31
90178B,PURPLE CHUNKY GLASS+BEAD NECKLACE,16.0,191.40999999999997,11.0,9.0,0.0,191.40999999999997
90179A,AMBER FINE BEAD NECKLACE W TASSEL,12.0,71.0,9.0,5.0,0.0,71.0
90179B,PURPLE FINE BEAD NECKLACE W TASSEL,11.0,65.31,9.0,5.0,0.0,65.31
90179C,BLACK FINE BEAD NECKLACE W TASSEL,20.0,118.73,16.0,7.0,-5.95,112.78
90180A,BLACK+WHITE NECKLACE W TASSEL,45.0,406.59,28.0,18.0,-9.95,396.64
90180B,PURPLE AMETHYST NECKLACE W TASSEL,18.0,179.88,14.0,10.0,0.0,179.88
90181A,AMBER GLASS/SHELL/PEARL NECKLACE,14.0,128.64,14.0,2.0,0.0,128.64
90181B,AMETHYST GLASS/SHELL/PEARL NECKLACE,27.0,249.95000000000002,24.0,0.0,0.0,249.95000000000002
90181C,BLACK GLASS/SHELL/PEARL NECKLACE,5.0,46.93,5.0,0.0,0.0,46.93
90182A,AMBER 3 BEAD DROP EARRINGS,9.0,26.16,9.0,0.0,0.0,26.16
90182B,AMETHYST 3 BEAD DROP EARRINGS,6.0,17.53,6.0,0.0,0.0,17.53
90182C,BLACK 3 BEAD DROP EARRINGS,19.0,55.74,13.0,2.0,-17.700000000000003,38.04
90183A,AMBER DROP EARRINGS W LONG BEADS,54.0,158.61,31.0,6.0,-17.700000000000003,140.91000000000003
90183B,AMETHYST DROP EARRINGS W LONG BEADS,29.0,84.89,24.0,0.0,0.0,84.89
90183C,BLACK DROP EARRINGS W LONG BEADS,13.0,38.12,13.0,2.0,0.0,38.12
90183c,BLACK DROP EARRINGS W LONG BEADS,1.0,2.9,1.0,0.0,0.0,2.9
90184A,AMBER CHUNKY BEAD BRACELET W STRAP,47.0,425.57,25.0,11.0,0.0,425.57
90184B,AMETHYST CHUNKY BEAD BRACELET W STR,74.0,670.23,47.0,23.0,-26.849999999999998,643.38
90184C,BLACK CHUNKY BEAD BRACELET W STRAP,73.0,661.23,49.0,21.0,0.0,661.23
90184c,BLACK CHUNKY BEAD BRACELET W STRAP,1.0,9.15,1.0,0.0,0.0,9.15
90185A,AMBER DIAMANTE EXPANDABLE RING,56.0,237.53,26.0,8.0,-55.25,182.28
90185B,AMETHYST DIAMANTE EXPANDABLE RING,68.0,288.68,34.0,12.0,-80.75,207.93
90185C,BLACK DIAMANTE EXPANDABLE RING,68.0,288.95,32.0,17.0,-123.25,165.7
90185D,CRYSTAL DIAMANTE EXPANDABLE RING,72.0,306.08,35.0,14.0,-12.75,293.33
90186A,AMETHYST HOOP EARRING FLORAL LEAF,70.0,206.68,33.0,14.0,0.0,206.68
90186B,CRYSTAL HOOP EARRING FLORAL LEAF,58.0,171.22000000000003,31.0,13.0,0.0,171.22000000000003
90187A,BLUE DROP EARRINGS W BEAD CLUSTER,8.0,27.04,7.0,1.0,0.0,27.04
90187B,GREEN DROP EARRINGS W BEAD CLUSTER,22.0,73.99,15.0,2.0,0.0,73.99
90188,DROP EARRINGS W FLOWER & LEAF,24.0,61.04,20.0,3.0,0.0,61.04
90189A,SILVER 2 STRAND NECKLACE-LEAF CHARM,11.0,82.64,8.0,5.0,0.0,82.64
90189B,GOLD 2 STRAND NECKLACE-LEAF CHARMS,3.0,22.5,2.0,2.0,0.0,22.5
90190A,SILVER/CRYSTAL DROP EARRINGS W LEAF,44.0,129.59,31.0,8.0,0.0,129.59
90190B,GOLD/AMBER DROP EARRINGS W LEAF,45.0,132.58,15.0,6.0,0.0,132.58
90190C,SILVER/AMETHYST DROP EARRINGS LEAF,58.0,170.70000000000002,36.0,10.0,0.0,170.70000000000002
90191,SILVER LARIAT 40CM,40.0,342.6,21.0,13.0,0.0,342.6
90192,JADE DROP EARRINGS W FILIGREE,97.0,484.31,53.0,10.0,-9.9,474.41
90194,SILVER LARIAT BLACK STONE EARRINGS,33.0,140.08,21.0,14.0,0.0,140.08
90195A,PURPLE GEMSTONE BRACELET,75.0,629.9499999999999,44.0,24.0,-44.75,585.1999999999999
90195B,BLACK GEMSTONE BRACELET,54.0,478.59,26.0,19.0,-35.8,442.78999999999996
90196A,PURPLE GEMSTONE NECKLACE 45CM,24.0,306.0,11.0,9.0,-12.75,293.25
90196B,BLACK GEMSTONE NECKLACE 45CM,20.0,254.73,14.0,9.0,0.0,254.73
90197B,BLACK GLASS BRACELET W HEART CHARMS,64.0,322.52000000000004,51.0,2.0,0.0,322.52000000000004
90197D,AMBER GLASS BRACELET HEART CHARMS,9.0,44.550000000000004,4.0,4.0,0.0,44.550000000000004
90198A,VINTAGE ROSE BEAD BRACELET RASPBERR,145.0,613.6700000000001,84.0,21.0,0.0,613.6700000000001
90198B,VINTAGE ROSE BEAD BRACELET BLACK,105.0,446.15,49.0,22.0,0.0,446.15
90199A,5 STRAND GLASS NECKLACE BLACK,25.0,158.57,16.0,9.0,-6.35,152.22
90199B,5 STRAND GLASS NECKLACE AMETHYST,37.0,234.98,31.0,12.0,0.0,234.98
90199C,5 STRAND GLASS NECKLACE CRYSTAL,105.0,623.39,31.0,24.0,-6.35,617.04
90199D,5 STRAND GLASS NECKLACE AMBER,22.0,139.28,16.0,9.0,0.0,139.28
90200A,PURPLE SWEETHEART BRACELET,182.0,770.91,99.0,32.0,-17.0,753.91
90200B,BLACK SWEETHEART BRACELET,185.0,783.95,84.0,28.0,-17.0,766.95
90200C,BLUE SWEETHEART BRACELET,211.0,895.84,98.0,32.0,-17.0,878.84
90200D,PINK SWEETHEART BRACELET,335.0,1406.22,150.0,41.0,-12.75,1393.47
90200E,GREEN SWEETHEART BRACELET,213.0,890.95,91.0,36.0,-68.0,822.95
90201A,PURPLE ENAMEL FLOWER RING,130.0,382.84000000000003,54.0,16.0,-11.8,371.04
90201B,BLACK ENAMEL FLOWER RING,156.0,460.23,54.0,14.0,-38.35000000000001,421.88
90201C,RED ENAMEL FLOWER RING,119.0,350.94000000000005,46.0,16.0,-17.700000000000003,333.24000000000007
90201D,GREEN ENAMEL FLOWER RING,134.0,394.33000000000004,57.0,12.0,0.0,394.33000000000004
90202A,PURPLE ENAMEL FLOWER HAIR TIE,31.0,90.9,23.0,3.0,-17.700000000000003,73.2
90202B,WHITE ENAMEL FLOWER HAIR TIE,24.0,70.49,16.0,3.0,-17.700000000000003,52.78999999999999
90202C,GREEN ENAMEL FLOWER HAIR TIE,32.0,94.42,25.0,4.0,-17.700000000000003,76.72
90202D,PINK ENAMEL FLOWER HAIR TIE,48.0,141.49,24.0,5.0,-17.700000000000003,123.79
90203,SILVER CHARM NECKLACE 70CM,71.0,534.27,34.0,18.0,-7.5,526.77
90204,PAIR OF ENAMEL BUTTERFLY HAIRCLIP,51.0,171.81,37.0,9.0,-13.4,158.41
90205A,LARGE MINT DIAMANTE HAIRSLIDE,42.0,70.22,22.0,6.0,0.0,70.22
90205C,LARGE CRYSTAL DIAMANTE HAIRSLIDE,78.0,122.31,24.0,5.0,0.0,122.31
90206A,GOLD DIAMANTE STAR BROOCH,16.0,79.60000000000001,12.0,5.0,0.0,79.60000000000001
90206C,CRYSTAL DIAMANTE STAR BROOCH,81.0,407.70000000000005,57.0,9.0,0.0,407.70000000000005
90208,PAIR OF PINK FLOWER CLUSTER SLIDE,161.0,391.90999999999997,68.0,9.0,-15.299999999999999,376.60999999999996
90209A,PURPLE ENAMEL+GLASS HAIR COMB,173.0,325.5,10.0,7.0,-18.900000000000002,306.6
90209B,GREEN ENAMEL+GLASS HAIR COMB,389.0,749.65,97.0,9.0,0.0,749.65
90209C,PINK ENAMEL+GLASS HAIR COMB,402.0,760.79,66.0,15.0,-12.600000000000001,748.1899999999999
90210A,GREY ACRYLIC FACETED BANGLE,88.0,207.34,21.0,12.0,0.0,207.34
90210B,CLEAR ACRYLIC FACETED BANGLE,105.0,240.9,24.0,15.0,0.0,240.9
90210C,RED   ACRYLIC FACETED BANGLE,119.0,189.52,14.0,9.0,0.0,189.52
90210D,PURPLE ACRYLIC FACETED BANGLE,142.0,235.73000000000002,23.0,10.0,0.0,235.73000000000002
90211A,DIAMOND LAS VEGAS NECKLACE 45CM,31.0,184.39000000000001,21.0,5.0,0.0,184.39000000000001
90211B,JET BLACK LAS VEGAS NECKLACE 45CM,39.0,231.99,26.0,8.0,-11.9,220.09
90212B,JET BLACK LAS VEGAS BRACELET ROUND,41.0,155.13,28.0,7.0,0.0,155.13
90212C,PURPLE LAS VEGAS BRACELET ROUND,18.0,67.5,7.0,5.0,0.0,67.5
90214A,"LETTER ""A"" BLING KEY RING",219.0,218.75,104.0,27.0,-7.5,211.25
90214B,"LETTER ""B"" BLING KEY RING",80.0,76.98,40.0,13.0,0.0,76.98
90214C,"LETTER ""C"" BLING KEY RING",176.0,172.28,69.0,21.0,-7.5,164.78
90214D,"LETTER ""D"" BLING KEY RING",103.0,93.37,50.0,11.0,0.0,93.37
90214E,"LETTER ""E"" BLING KEY RING",148.0,144.38,67.0,25.0,-7.5,136.88
90214F,"LETTER ""F"" BLING KEY RING",46.0,37.98,27.0,11.0,0.0,37.98
90214G,"LETTER ""G"" BLING KEY RING",104.0,96.58,48.0,13.0,-8.75,87.83
90214H,"LETTER ""H"" BLING KEY RING",88.0,81.96,53.0,14.0,0.0,81.96
90214I,"LETTER ""I"" BLING KEY RING",64.0,62.699999999999996,27.0,10.0,-7.5,55.199999999999996
90214J,"LETTER ""J"" BLING KEY RING",162.0,166.52,88.0,19.0,-7.5,159.02
90214K,"LETTER ""K"" BLING KEY RING",157.0,161.35,83.0,23.0,-1.25,160.1
90214L,"LETTER ""L"" BLING KEY RING",179.0,168.60999999999999,68.0,20.0,-10.0,158.60999999999999
90214M,"LETTER ""M"" BLING KEY RING",145.0,146.17,64.0,19.0,0.0,146.17
90214N,"LETTER ""N"" BLING KEY RING",81.0,78.95,43.0,11.0,0.0,78.95
90214O,"LETTER ""O"" BLING KEY RING",37.0,32.269999999999996,18.0,11.0,0.0,32.269999999999996
90214P,"LETTER ""P"" BLING KEY RING",80.0,69.14,33.0,13.0,-7.5,61.64
90214R,"LETTER ""R"" BLING KEY RING",96.0,97.97999999999999,50.0,15.0,0.0,97.97999999999999
90214S,"LETTER ""S"" BLING KEY RING",190.0,187.64,86.0,26.0,-7.5,180.14
90214T,"LETTER ""T"" BLING KEY RING",57.0,55.57,24.0,9.0,0.0,55.57
90214U,"LETTER ""U"" BLING KEY RING",13.0,4.7299999999999995,2.0,2.0,0.0,4.7299999999999995
90214V,"LETTER ""V"" BLING KEY RING",40.0,31.08,24.0,7.0,0.0,31.08
90214W,"LETTER ""W"" BLING KEY RING",19.0,10.17,8.0,3.0,0.0,10.17
90214Y,"LETTER ""Y"" BLING KEY RING",69.0,26.189999999999998,10.0,4.0,0.0,26.189999999999998
90214Z,"LETTER ""Z"" BLING KEY RING",32.0,22.34,18.0,5.0,0.0,22.34
